MatchID,Date,BeyA,BeyB,ScoreA,ScoreB,PreA,PreB,PostA,PostB,arena,elo_arena_updated,MatchType,SeasonID,Tier,Matchday,KBaseA,KBaseB,KEffA,KEffB,ExpA,ExpB,ActA,ActB,FormEmaA,FormEmaB
M0001,2025-09-07,ViperTail,WizardArc,4,2,1000,1000,1013.8,986.2,Xtreme,Xtreme,tournament,,,,40.0,40.0,40.0,40.0,0.5,0.5,0.8449,0.1551,,
M0002,2025-09-07,SamuraiSaber,TuskMammoth,2,4,1000,1000,986.2,1013.8,Xtreme,Xtreme,tournament,,,,40.0,40.0,40.0,40.0,0.5,0.5,0.1551,0.8449,,
M0003,2025-09-07,BlackShell,GolemRock,0,4,1000,1000,980.0,1020.0,Xtreme,Xtreme,tournament,,,,40.0,40.0,40.0,40.0,0.5,0.5,0.0,1.0,,
M0004,2025-09-07,LeonCrest,ImpactDrake,3,4,1000,1000,986.91,1013.09,Xtreme,Xtreme,tournament,,,,40.0,40.0,40.0,40.0,0.5,0.5,0.1729,0.8271,,
M0005,2025-09-07,DranBrave,HellsReaper,4,2,1000,1000,1013.8,986.2,Xtreme,Xtreme,tournament,,,,40.0,40.0,40.0,40.0,0.5,0.5,0.8449,0.1551,,
M0006,2025-09-07,HellsHammer,DranSword,3,4,1000,1000,986.91,1013.09,Xtreme,Xtreme,tournament,,,,40.0,40.0,40.0,40.0,0.5,0.5,0.1729,0.8271,,
M0007,2025-09-07,DranDagger,CrimsonGaruda,4,0,1000,1000,1020.0,980.0,Xtreme,Xtreme,tournament,,,,40.0,40.0,40.0,40.0,0.5,0.5,1.0,0.0,,
M0008,2025-09-07,LeonClaw,UnicornSting,0,4,1000,1000,980.0,1020.0,Xtreme,Xtreme,tournament,,,,40.0,40.0,40.0,40.0,0.5,0.5,0.0,1.0,,
M0009,2025-09-07,FoxBrush,DranBuster,5,0,1000,1000,1024.12,975.88,Xtreme,Xtreme,tournament,,,,40.0,40.0,40.0,40.0,0.5,0.5,1.1029,-0.1029,,
M0010,2025-09-07,HellsChain,TyrannoBeat,2,4,1000,1000,986.2,1013.8,Xtreme,Xtreme,tournament,,,,40.0,40.0,40.0,40.0,0.5,0.5,0.1551,0.8449,,
M0011,2025-09-07,PhoenixWing,WizardArrow,4,3,1000,1000,1013.09,986.91,Xtreme,Xtreme,tournament,,,,40.0,40.0,40.0,40.0,0.5,0.5,0.8271,0.1729,,
M0012,2025-09-07,SharkEdge,CobaltDragoon,0,5,1000,1000,975.88,1024.12,Xtreme,Xtreme,tournament,,,,40.0,40.0,40.0,40.0,0.5,0.5,-0.1029,1.1029,,
M0013,2025-09-07,PerseusDark,WhaleWave,5,0,1000,1000,1024.12,975.88,Xtreme,Xtreme,tournament,,,,40.0,40.0,40.0,40.0,0.5,0.5,1.1029,-0.1029,,
M0014,2025-09-07,SilverWolf,WizardRod,3,4,1000,1000,986.91,1013.09,Xtreme,Xtreme,tournament,,,,40.0,40.0,40.0,40.0,0.5,0.5,0.1729,0.8271,,
M0015,2025-09-07,WeissTiger,RhinoReaper,4,0,1000,1000,1020.0,980.0,Xtreme,Xtreme,tournament,,,,40.0,40.0,40.0,40.0,0.5,0.5,1.0,0.0,,
M0016,2025-09-07,ScorpioSpear,PhoenixRudder,2,4,1000,1000,986.2,1013.8,Xtreme,Xtreme,tournament,,,,40.0,40.0,40.0,40.0,0.5,0.5,0.1551,0.8449,,
M0017,2025-09-07,ViperTail,TuskMammoth,2,5,1013.8,1013.8,996.54,1031.05,Xtreme,Xtreme,tournament_ro16,,,,38.1942,38.1942,43.4633,43.4633,0.5,0.5,0.1029,0.8971,0.046,0.046
M0018,2025-09-07,GolemRock,ImpactDrake,0,4,1020.0,1013.09,996.63,1035.11,Xtreme,Xtreme,tournament_ro16,,,,38.1942,38.1942,45.833,43.1922,0.5099,0.4901,0.0,1.0,0.0667,0.0436
M0019,2025-09-07,DranBrave,DranSword,3,5,1013.8,1013.09,998.76,1028.03,Xtreme,Xtreme,tournament_ro16,,,,38.1942,38.1942,43.4633,43.1922,0.501,0.499,0.1551,0.8449,0.046,0.0436
M0020,2025-09-07,DranDagger,UnicornSting,1,4,1020.0,1020.0,1001.8,1038.2,Xtreme,Xtreme,tournament_ro16,,,,38.1942,38.1942,45.833,45.833,0.5,0.5,0.1029,0.8971,0.0667,0.0667
M0021,2025-09-07,FoxBrush,TyrannoBeat,5,2,1024.12,1013.8,1042.24,997.18,Xtreme,Xtreme,tournament_ro16,,,,38.1942,38.1942,47.4051,43.4633,0.5148,0.4852,0.8971,0.1029,0.0804,0.046
M0022,2025-09-07,PhoenixWing,CobaltDragoon,4,2,1013.09,1024.12,1028.67,1007.01,Xtreme,Xtreme,tournament_ro16,,,,38.1942,38.1942,43.1922,47.4051,0.4841,0.5159,0.8449,0.1551,0.0436,0.0804
M0023,2025-09-07,PerseusDark,WizardRod,2,4,1024.12,1013.09,1007.01,1028.67,Xtreme,Xtreme,tournament_ro16,,,,38.1942,38.1942,47.4051,43.1922,0.5159,0.4841,0.1551,0.8449,0.0804,0.0436
M0024,2025-09-07,WeissTiger,PhoenixRudder,3,4,1020.0,1013.8,1004.6,1028.4,Xtreme,Xtreme,tournament_ro16,,,,38.1942,38.1942,45.833,43.4633,0.5089,0.4911,0.1729,0.8271,0.0667,0.046
M0025,2025-09-07,TuskMammoth,ImpactDrake,0,4,1031.05,1035.11,1007.99,1058.88,Xtreme,Xtreme,tournament_quarter,,,,36.5049,36.5049,46.6679,48.0911,0.4942,0.5058,0.0,1.0,0.0928,0.1058
M0026,2025-09-07,DranSword,UnicornSting,4,1,1028.03,1038.2,1046.84,1018.18,Xtreme,Xtreme,tournament_quarter,,,,36.5049,36.5049,45.6958,48.6308,0.4854,0.5146,0.8971,0.1029,0.0839,0.1107
M0027,2025-09-07,FoxBrush,PhoenixWing,4,0,1042.24,1028.67,1066.12,1006.61,Xtreme,Xtreme,tournament_quarter,,,,36.5049,36.5049,49.7162,45.9126,0.5195,0.4805,1.0,0.0,0.1206,0.0859
M0028,2025-09-07,WizardRod,PhoenixRudder,4,2,1028.67,1028.4,1044.48,1012.63,Xtreme,Xtreme,tournament_quarter,,,,36.5049,36.5049,45.9126,45.7767,0.5004,0.4996,0.8449,0.1551,0.0859,0.0847
M0029,2025-09-07,ImpactDrake,DranSword,4,2,1058.88,1046.84,1075.73,1031.02,Xtreme,Xtreme,tournament_semi,,,,34.9245,34.9245,51.4345,48.297,0.5173,0.4827,0.8449,0.1551,0.1576,0.1276
M0030,2025-09-07,FoxBrush,WizardRod,4,1,1066.12,1044.48,1085.37,1027.09,Xtreme,Xtreme,tournament_semi,,,,34.9245,34.9245,52.5908,47.5376,0.5311,0.4689,0.8971,0.1029,0.1686,0.1204
M0031,2025-09-07,ImpactDrake,FoxBrush,7,0,1075.73,1085.37,1111.11,1048.97,Xtreme,Xtreme,tournament_final,,,,33.446,33.446,51.5314,53.0051,0.4861,0.5139,1.1729,-0.1729,0.1802,0.1949
M0032,2025-11-12,WeissTiger,ImpactDrake,3,4,1004.6,1111.11,997.83,1121.09,Xtreme,Xtreme,tournament,,,,36.5049,32.0629,37.9251,55.8962,0.3513,0.6487,0.1729,0.8271,0.013,0.2478
M0033,2025-11-12,CobaltDragoon,WizardArc,5,3,1007.01,986.2,1019.26,972.51,Xtreme,Xtreme,tournament,,,,36.5049,38.1942,38.8668,43.4633,0.5299,0.4701,0.8449,0.1551,0.0216,-0.046
M0034,2025-11-12,HellsChain,PhoenixWing,6,3,986.2,1006.61,1004.74,991.25,Xtreme,Xtreme,tournament,,,,38.1942,34.9245,43.4633,36.0126,0.4707,0.5293,0.8971,0.1029,-0.046,0.0104
M0035,2025-11-12,UnicornSting,WizardRod,5,2,1018.18,1027.09,1034.26,1011.09,Xtreme,Xtreme,tournament,,,,34.9245,33.446,39.2268,39.0181,0.4872,0.5128,0.8971,0.1029,0.0411,0.0555
M0036,2025-11-12,PhoenixRudder,SilverWolf,1,4,1012.63,986.91,996.23,1005.66,Xtreme,Xtreme,tournament,,,,34.9245,38.1942,37.7995,43.1922,0.5369,0.4631,0.1029,0.8971,0.0274,-0.0436
M0037,2025-11-12,LeonCrest,GolemRock,2,4,986.91,996.63,972.62,1009.08,Xtreme,Xtreme,tournament,,,,38.1942,36.5049,43.1922,37.6236,0.486,0.514,0.1551,0.8449,-0.0436,-0.0102
M0038,2025-11-12,CerberusFlame,TyrannoBeat,4,1,1000,997.18,1015.72,982.36,Xtreme,Xtreme,tournament,,,,40.0,36.5049,40.0,37.7219,0.5041,0.4959,0.8971,0.1029,,-0.0111
M0039,2025-11-12,PerseusDark,KnightMail,0,5,1007.01,1000,983.19,1024.52,Xtreme,Xtreme,tournament,,,,36.5049,40.0,38.8668,40.0,0.5101,0.4899,-0.1029,1.1029,0.0216,
M0040,2025-11-12,DranSword,BlackShell,1,4,1031.02,980.0,1012.14,1001.54,Xtreme,Xtreme,tournament,,,,33.446,38.1942,40.1625,45.833,0.5729,0.4271,0.1029,0.8971,0.0669,-0.0667
M0041,2025-11-12,FoxBrush,PegasusBlast,4,0,1048.97,1000,1065.96,982.8,Xtreme,Xtreme,tournament,,,,32.0629,40.0,39.5056,40.0,0.57,0.43,1.0,0.0,0.0774,
M0042,2025-11-12,DranBrave,ViperTail,0,4,998.76,996.54,980.05,1015.63,Xtreme,Xtreme,tournament,,,,36.5049,36.5049,37.1912,37.9387,0.5032,0.4968,0.0,1.0,-0.0063,-0.0131
M0043,2025-11-12,HellsReaper,ScorpioSpear,2,4,986.2,986.2,971.21,1001.19,Xtreme,Xtreme,tournament,,,,38.1942,38.1942,43.4633,43.4633,0.5,0.5,0.1551,0.8449,-0.046,-0.046
M0044,2025-11-12,WhaleWave,WhaleFlame,4,2,975.88,1000,993.88,984.82,Xtreme,Xtreme,tournament,,,,38.1942,40.0,47.4051,40.0,0.4653,0.5347,0.8449,0.1551,-0.0804,
M0045,2025-11-12,DranBuster,SamuraiSaber,4,0,975.88,986.2,1000.29,963.83,Xtreme,Xtreme,tournament,,,,38.1942,38.1942,47.4051,43.4633,0.4852,0.5148,1.0,0.0,-0.0804,-0.046
M0046,2025-11-12,WizardArrow,RhinoReaper,3,4,986.91,980.0,972.35,995.45,Xtreme,Xtreme,tournament,,,,38.1942,38.1942,43.1922,45.833,0.5099,0.4901,0.1729,0.8271,-0.0436,-0.0667
M0047,2025-11-12,SharkEdge,CrimsonGaruda,4,1,975.88,980.0,994.99,961.53,Xtreme,Xtreme,tournament,,,,38.1942,38.1942,47.4051,45.833,0.4941,0.5059,0.8971,0.1029,-0.0804,-0.0667
M0048,2025-11-12,LeonClaw,ImpactDrake,2,4,980.0,1121.09,973.02,1129.13,Xtreme,Xtreme,tournament,,,,38.1942,30.769,45.833,52.7876,0.3074,0.6926,0.1551,0.8449,-0.0667,0.2385
M0049,2025-11-12,HellsHammer,CobaltDragoon,0,5,986.91,1019.26,962.88,1042.23,Xtreme,Xtreme,tournament,,,,38.1942,34.9245,43.1922,41.283,0.4536,0.5464,-0.1029,1.1029,-0.0436,0.0607
M0050,2025-11-12,TuskMammoth,HellsChain,5,3,1007.99,1004.74,1020.39,991.69,Xtreme,Xtreme,tournament,,,,34.9245,36.5049,36.4477,38.3669,0.5047,0.4953,0.8449,0.1551,0.0145,0.017
M0051,2025-11-12,DranDagger,UnicornSting,5,0,1001.8,1034.26,1025.85,1006.65,Xtreme,Xtreme,tournament,,,,36.5049,33.446,37.0339,42.5008,0.4534,0.5466,1.1029,-0.1029,0.0048,0.0902
M0052,2025-11-12,GolemRock,CerberusFlame,1,4,1009.08,1015.72,994.11,1032.85,Xtreme,Xtreme,tournament_ro16,,,,34.9245,38.1942,38.6197,44.199,0.4904,0.5096,0.1029,0.8971,0.0353,0.0524
M0053,2025-11-12,BlackShell,FoxBrush,0,4,1001.54,1065.96,986.42,1083.21,Xtreme,Xtreme,tournament_ro16,,,,36.5049,30.769,37.0403,42.2511,0.4083,0.5917,0.0,1.0,0.0049,0.1244
M0054,2025-11-12,ScorpioSpear,WhaleWave,4,1,1001.19,993.88,1015.57,978.96,Xtreme,Xtreme,tournament_ro16,,,,36.5049,36.5049,37.1763,38.5925,0.5105,0.4895,0.8971,0.1029,0.0061,-0.0191
M0055,2025-11-12,RhinoReaper,SharkEdge,4,2,995.45,994.99,1008.5,981.82,Xtreme,Xtreme,tournament_ro16,,,,36.5049,36.5049,37.9102,38.2497,0.5007,0.4993,0.8449,0.1551,-0.0128,-0.0159
M0056,2025-11-12,ImpactDrake,SilverWolf,2,4,1129.13,1005.66,1103.52,1025.61,Xtreme,Xtreme,tournament_ro16,,,,29.5585,36.5049,49.6915,38.7027,0.6706,0.3294,0.1551,0.8449,0.227,0.0201
M0057,2025-11-12,CobaltDragoon,KnightMail,3,5,1042.23,1024.52,1025.13,1042.13,Xtreme,Xtreme,tournament_ro16,,,,33.446,38.1942,46.1684,47.5593,0.5255,0.4745,0.1551,0.8449,0.1268,0.0817
M0058,2025-11-12,TuskMammoth,ViperTail,5,1,1020.39,1015.63,1039.75,995.52,Xtreme,Xtreme,tournament_ro16,,,,33.446,34.9245,39.2617,40.7652,0.5069,0.4931,1.0,0.0,0.058,0.0557
M0059,2025-11-12,DranDagger,DranBuster,4,2,1025.85,1000.29,1039.55,989.01,Xtreme,Xtreme,tournament_ro16,,,,34.9245,36.5049,44.4362,36.6168,0.5367,0.4633,0.8449,0.1551,0.0908,-0.001
M0060,2025-11-12,SilverWolf,CerberusFlame,0,4,1025.61,1032.85,1004.1,1055.93,Xtreme,Xtreme,tournament_quarter,,,,34.9245,36.5049,43.9476,47.1376,0.4896,0.5104,0.0,1.0,0.0861,0.0971
M0061,2025-11-12,KnightMail,FoxBrush,2,4,1042.13,1083.21,1027.93,1095.78,Xtreme,Xtreme,tournament_quarter,,,,36.5049,29.5585,49.6702,43.9462,0.4412,0.5588,0.1551,0.8449,0.1202,0.1623
M0062,2025-11-12,TuskMammoth,ScorpioSpear,6,0,1039.75,1015.57,1066.57,990.2,Xtreme,Xtreme,tournament_quarter,,,,32.0629,34.9245,43.2193,40.8815,0.5348,0.4652,1.1551,-0.1551,0.116,0.0569
M0063,2025-11-12,DranDagger,RhinoReaper,2,6,1039.55,1008.5,1014.79,1029.5,Xtreme,Xtreme,tournament_quarter,,,,33.446,34.9245,45.4633,38.568,0.5446,0.4554,0.0,1.0,0.1198,0.0348
M0064,2025-11-12,CerberusFlame,FoxBrush,1,4,1055.93,1095.78,1038.73,1110.63,Xtreme,Xtreme,tournament_semi,,,,34.9245,28.4261,50.58,43.6702,0.4429,0.5571,0.1029,0.8971,0.1494,0.1788
M0065,2025-11-12,TuskMammoth,RhinoReaper,0,4,1066.57,1029.5,1040.19,1053.71,Xtreme,Xtreme,tournament_semi,,,,30.769,33.446,47.6828,43.7554,0.5531,0.4469,0.0,1.0,0.1832,0.1027
M0066,2025-11-12,FoxBrush,RhinoReaper,8,4,1110.63,1053.71,1128.98,1033.72,Xtreme,Xtreme,tournament_final,,,,27.3667,32.0629,43.8078,47.7223,0.5812,0.4188,1.0,0.0,0.2003,0.1628
M0067,2025-12-02,FoxBrush,WhaleFlame,5,0,1128.98,984.82,1147.08,966.93,Xtreme,Xtreme,tournament,,,,26.3757,38.1942,44.5271,43.9927,0.6963,0.3037,1.1029,-0.1029,0.2294,-0.0506
M0068,2025-12-02,ImpactDrake,PerseusDark,5,0,1103.52,983.19,1120.68,965.07,Xtreme,Xtreme,tournament,,,,28.4261,34.9245,39.3453,41.5295,0.6666,0.3334,1.1029,-0.1029,0.128,-0.063
M0069,2025-12-02,CerberusFlame,ScorpioSpear,4,2,1038.73,990.2,1050.27,980.07,Xtreme,Xtreme,tournament,,,,33.446,33.446,41.8911,36.8011,0.5694,0.4306,0.8449,0.1551,0.0842,-0.0334
M0070,2025-12-02,CobaltDragoon,PhoenixRudder,4,1,1025.13,996.23,1038.6,983.12,Xtreme,Xtreme,tournament,,,,32.0629,33.446,37.8831,36.8666,0.5415,0.4585,0.8971,0.1029,0.0605,-0.0341
M0071,2025-12-02,DranDagger,LeonCrest,4,0,1014.79,972.62,1030.2,952.63,Xtreme,Xtreme,tournament,,,,32.0629,36.5049,35.0631,45.4768,0.5604,0.4396,1.0,0.0,0.0312,-0.0819
M0072,2025-12-02,KnightMail,WizardArc,4,0,1027.93,972.51,1045.54,953.38,Xtreme,Xtreme,tournament,,,,34.9245,36.5049,41.8444,45.4687,0.5791,0.4209,1.0,0.0,0.066,-0.0819
M0073,2025-12-02,RhinoReaper,TyrannoBeat,4,3,1033.72,982.36,1043.52,971.84,Xtreme,Xtreme,tournament,,,,30.769,34.9245,38.6383,41.4243,0.5734,0.4266,0.8271,0.1729,0.0853,-0.062
M0074,2025-12-02,WeissTiger,HellsReaper,4,1,997.83,971.21,1010.83,954.74,Xtreme,Xtreme,tournament,,,,34.9245,36.5049,36.2402,45.9055,0.5382,0.4618,0.8971,0.1029,-0.0126,-0.0858
M0075,2025-12-02,TuskMammoth,SharkEdge,4,3,1040.19,981.82,1049.24,971.78,Xtreme,Xtreme,tournament,,,,29.5585,34.9245,37.1005,41.1799,0.5832,0.4168,0.8271,0.1729,0.0851,-0.0597
M0076,2025-12-02,UnicornSting,PhoenixWing,2,5,1006.65,991.25,992.87,1007.29,Xtreme,Xtreme,tournament,,,,32.0629,33.446,32.8695,38.2478,0.5222,0.4778,0.1029,0.8971,-0.0084,-0.0479
M0077,2025-12-02,ViperTail,PegasusBlast,5,0,995.52,982.8,1016.1,956.63,Xtreme,Xtreme,tournament,,,,33.446,38.1942,35.1957,44.7634,0.5183,0.4817,1.1029,-0.1029,-0.0174,-0.0573
M0078,2025-12-02,DranSword,DranBrave,5,2,1012.14,980.05,1023.56,965.12,Xtreme,Xtreme,tournament,,,,32.0629,34.9245,32.5105,42.5232,0.5461,0.4539,0.8971,0.1029,-0.0047,-0.0725
M0079,2025-12-02,SilverWolf,HellsHammer,5,1,1004.1,962.88,1019.26,941.37,Xtreme,Xtreme,tournament,,,,33.446,36.5049,34.3852,48.7707,0.559,0.441,1.0,0.0,0.0094,-0.112
M0080,2025-12-02,WizardRod,LeonClaw,1,4,1011.09,973.02,996.33,993.37,Xtreme,Xtreme,tournament,,,,32.0629,36.5049,32.6906,45.0565,0.5546,0.4454,0.1029,0.8971,-0.0065,-0.0781
M0081,2025-12-02,DranBuster,BlackShell,0,4,989.01,986.42,969.2,1006.66,Xtreme,Xtreme,tournament,,,,34.9245,34.9245,39.3223,40.185,0.5037,0.4963,0.0,1.0,-0.042,-0.0502
M0082,2025-12-02,HellsChain,WhaleWave,3,4,991.69,978.96,978.51,993.49,Xtreme,Xtreme,tournament,,,,34.9245,34.9245,38.1331,42.0558,0.5183,0.4817,0.1729,0.8271,-0.0306,-0.0681
M0083,2025-12-02,GolemRock,SamuraiSaber,4,0,994.11,963.83,1010.35,941.74,Xtreme,Xtreme,tournament,,,,33.446,36.5049,35.5637,48.3872,0.5435,0.4565,1.0,0.0,-0.0211,-0.1085
M0084,2025-12-02,WizardArrow,CrimsonGaruda,0,4,972.35,961.53,948.86,986.65,Xtreme,Xtreme,tournament,,,,36.5049,36.5049,45.567,48.7173,0.5156,0.4844,0.0,1.0,-0.0827,-0.1115
M0085,2025-12-02,FoxBrush,ViperTail,2,5,1147.08,1016.1,1121.24,1038.09,Xtreme,Xtreme,tournament,,,,25.4485,32.0629,44.7655,38.1067,0.68,0.32,0.1029,0.8971,0.253,0.0628
M0086,2025-12-02,ImpactDrake,DranSword,2,4,1120.68,1023.56,1100.84,1040.26,Xtreme,Xtreme,tournament,,,,27.3667,30.769,41.2539,34.7171,0.6362,0.3638,0.1551,0.8449,0.1691,0.0428
M0087,2025-12-02,CerberusFlame,SilverWolf,4,0,1050.27,1019.26,1069.68,1001.72,Xtreme,Xtreme,tournament,,,,32.0629,32.0629,42.6127,38.4986,0.5445,0.4555,1.0,0.0,0.1097,0.0669
M0088,2025-12-02,CobaltDragoon,GolemRock,4,1,1038.6,1010.35,1052.86,997.46,Xtreme,Xtreme,tournament,,,,30.769,32.0629,39.9862,36.1585,0.5406,0.4594,0.8971,0.1029,0.0999,0.0426
M0089,2025-12-02,DranDagger,PhoenixWing,4,3,1030.2,1007.29,1041.58,997.44,Xtreme,Xtreme,tournament,,,,30.769,32.0629,38.6748,33.4504,0.5329,0.4671,0.8271,0.1729,0.0856,0.0144
M0090,2025-12-02,KnightMail,LeonClaw,2,4,1045.54,993.37,1026.74,1008.34,Xtreme,Xtreme,tournament,,,,33.446,34.9245,44.8207,35.7052,0.5745,0.4255,0.1551,0.8449,0.1134,-0.0075
M0091,2025-12-02,RhinoReaper,BlackShell,5,0,1043.52,1006.66,1065.04,986.96,Xtreme,Xtreme,tournament,,,,29.5585,33.446,39.1106,35.8189,0.5529,0.4471,1.1029,-0.1029,0.1077,0.0236
M0092,2025-12-02,WeissTiger,WhaleWave,4,0,1010.83,993.49,1028.48,976.98,Xtreme,Xtreme,tournament,,,,33.446,33.446,37.1551,34.7432,0.5249,0.4751,1.0,0.0,0.037,-0.0129
M0093,2025-12-02,TuskMammoth,CrimsonGaruda,5,3,1049.24,986.65,1058.83,976.97,Xtreme,Xtreme,tournament,,,,28.4261,34.9245,37.4856,37.8479,0.5891,0.4109,0.8449,0.1551,0.1062,-0.0279
M0094,2025-12-02,UnicornSting,LeonCrest,2,5,992.87,952.63,976.23,974.69,Xtreme,Xtreme,tournament,,,,30.769,34.9245,36.5998,48.5049,0.5577,0.4423,0.1029,0.8971,-0.0632,-0.1296
M0095,2025-12-02,WizardRod,WizardArc,2,4,996.33,953.38,981.35,972.98,Xtreme,Xtreme,tournament,,,,30.769,34.9245,36.8501,48.2371,0.5615,0.4385,0.1551,0.8449,-0.0659,-0.1271
M0096,2025-12-02,DranBuster,TyrannoBeat,4,0,969.2,971.84,991.28,950.57,Xtreme,Xtreme,tournament,,,,33.446,33.446,43.8352,42.2356,0.4962,0.5038,1.0,0.0,-0.1035,-0.0876
M0097,2025-12-02,HellsChain,HellsReaper,4,1,978.51,954.74,993.3,937.42,Xtreme,Xtreme,tournament,,,,33.446,34.9245,40.7307,47.7324,0.5342,0.4658,0.8971,0.1029,-0.0726,-0.1222
M0098,2025-12-02,WizardArrow,SharkEdge,1,4,948.86,971.78,930.78,987.04,Xtreme,Xtreme,tournament,,,,34.9245,33.446,49.6408,41.9012,0.4671,0.5329,0.1029,0.8971,-0.1405,-0.0843
M0099,2025-12-02,WhaleFlame,PegasusBlast,4,2,966.93,956.63,982.53,939.97,Xtreme,Xtreme,tournament,,,,36.5049,36.5049,47.2448,50.4826,0.5148,0.4852,0.8449,0.1551,-0.0981,-0.1276
M0100,2025-12-02,PerseusDark,DranBrave,4,1,965.07,965.12,982.85,947.47,Xtreme,Xtreme,tournament,,,,33.446,33.446,44.7655,44.4491,0.4999,0.5001,0.8971,0.1029,-0.1128,-0.1097
M0101,2025-12-02,ScorpioSpear,HellsHammer,5,1,980.07,941.37,997.13,918.59,Xtreme,Xtreme,tournament,,,,32.0629,34.9245,38.3838,51.2548,0.5555,0.4445,1.0,0.0,-0.0657,-0.1559
M0102,2025-12-02,PhoenixRudder,SamuraiSaber,4,1,983.12,941.74,996.45,924.46,Xtreme,Xtreme,tournament_ro16,,,,32.0629,34.9245,39.4654,51.1543,0.5593,0.4407,0.8971,0.1029,-0.077,-0.1549
M0103,2025-12-11,ViperTail,DranDagger,2,5,1038.09,1041.58,1021.27,1057.12,Xtreme,Xtreme,tournament_ro16,,,,30.769,29.5585,42.8988,39.6192,0.495,0.505,0.1029,0.8971,0.1314,0.1135
M0104,2025-12-11,TuskMammoth,LeonCrest,4,1,1058.83,974.69,1069.33,963.93,Xtreme,Xtreme,tournament_ro16,,,,27.3667,33.446,37.7255,38.6335,0.6188,0.3812,0.8971,0.1029,0.1262,-0.0517
M0105,2025-12-11,CerberusFlame,BlackShell,4,1,1069.68,986.96,1082.33,976.55,Xtreme,Xtreme,tournament_ro16,,,,30.769,32.0629,45.1491,37.1458,0.6169,0.3831,0.8971,0.1029,0.1558,-0.0528
M0106,2025-12-11,FoxBrush,DranBrave,0,4,1121.24,947.47,1095.6,981.32,Xtreme,Xtreme,tournament_ro16,,,,24.5812,32.0629,35.0772,46.2984,0.7311,0.2689,0.0,1.0,0.1423,-0.148
M0107,2025-12-11,PhoenixWing,CobaltDragoon,5,3,997.44,1052.86,1011.54,1035.29,Xtreme,Xtreme,tournament_ro16,,,,30.769,29.5585,33.236,41.4478,0.4209,0.5791,0.8449,0.1551,-0.0267,0.1341
M0108,2025-12-11,KnightMail,ScorpioSpear,2,4,1026.74,997.13,1012.74,1009.13,Xtreme,Xtreme,tournament_ro16,,,,32.0629,30.769,36.1343,30.9832,0.5425,0.4575,0.1551,0.8449,0.0423,0.0023
M0109,2025-12-11,ImpactDrake,PhoenixRudder,4,1,1100.84,996.45,1109.1,988.22,Xtreme,Xtreme,tournament_ro16,,,,26.3757,30.769,32.8992,32.7677,0.6459,0.3541,0.8971,0.1029,0.0824,-0.0217
M0110,2025-12-11,SharkEdge,SamuraiSaber,4,2,987.04,924.46,995.84,911.3,Xtreme,Xtreme,tournament_quarter,,,,32.0629,33.446,34.4172,51.436,0.5891,0.4109,0.8449,0.1551,-0.0245,-0.1793
M0111,2025-12-11,ImpactDrake,DranDagger,4,0,1109.1,1057.12,1123.35,1039.55,Xtreme,Xtreme,tournament_quarter,,,,25.4485,28.4261,33.461,41.2695,0.5743,0.4257,1.0,0.0,0.1049,0.1506
M0112,2025-12-11,PhoenixWing,KnightMail,2,6,1011.54,1012.74,995.33,1028.76,Xtreme,Xtreme,tournament_quarter,,,,29.5585,30.769,32.5173,32.1507,0.4983,0.5017,0.0,1.0,0.0334,-0.015
M0113,2025-12-11,DranBrave,TuskMammoth,3,5,981.32,1069.33,973.89,1077.71,Xtreme,Xtreme,tournament_quarter,,,,30.769,26.3757,33.6101,37.9646,0.376,0.624,0.1551,0.8449,-0.0308,0.1465
M0114,2025-12-11,SharkEdge,CerberusFlame,4,3,995.84,1082.33,1010.19,1062.19,Xtreme,Xtreme,tournament_semi,,,,30.769,29.5585,31.959,44.8445,0.378,0.622,0.8271,0.1729,0.0129,0.1724
M0115,2025-12-11,SharkEdge,KnightMail,5,2,1010.19,1028.76,1025.39,1014.23,Xtreme,Xtreme,tournament_semi,,,,29.5585,29.5585,35.8593,34.2992,0.4733,0.5267,0.8971,0.1029,0.0711,0.0535
M0116,2025-12-11,ImpactDrake,TuskMammoth,4,1,1123.35,1077.71,1135.12,1065.31,Xtreme,Xtreme,tournament_semi,,,,24.5812,25.4485,35.4747,37.3876,0.5653,0.4347,0.8971,0.1029,0.1477,0.1564
M0117,2025-12-11,KnightMail,TuskMammoth,4,2,1014.23,1065.31,1026.47,1052.22,Xtreme,Xtreme,tournament_semi,,,,28.4261,24.5812,29.2936,31.3133,0.427,0.573,0.8449,0.1551,-0.0102,0.0913
M0118,2025-12-11,ImpactDrake,SharkEdge,6,3,1135.12,1025.39,1143.92,1015.99,Xtreme,Xtreme,tournament_final,,,,23.7698,28.4261,36.054,38.4963,0.6529,0.3471,0.8971,0.1029,0.1723,0.1181
M0119,2025-12-27,CerberusFlame,WeissTiger,0,4,1062.19,1028.48,1042.42,1051.1,Xtreme,Xtreme,tournament,,,,28.4261,32.0629,36.0598,41.2371,0.5484,0.4516,0.0,1.0,0.0895,0.0954
M0120,2025-12-27,CobaltDragoon,TuskMammoth,4,0,1035.29,1052.22,1052.86,1038.88,Xtreme,Xtreme,tournament,,,,28.4261,23.7698,33.5147,25.4385,0.4756,0.5244,1.0,0.0,0.0597,0.0234
M0121,2025-12-27,DranDagger,ViperTail,0,4,1039.55,1021.27,1021.96,1039.7,Xtreme,Xtreme,tournament,,,,27.3667,29.5585,33.4224,35.0218,0.5263,0.4737,0.0,1.0,0.0738,0.0616
M0122,2025-12-27,RhinoReaper,DranSword,2,4,1065.04,1040.26,1048.81,1054.92,Xtreme,Xtreme,tournament,,,,28.4261,29.5585,42.6417,38.5343,0.5356,0.4644,0.1551,0.8449,0.1667,0.1012
M0123,2025-12-27,SamuraiSaber,HellsReaper,0,4,911.3,937.42,888.04,960.05,Xtreme,Xtreme,tournament,,,,32.0629,33.446,50.29,48.9318,0.4625,0.5375,0.0,1.0,-0.1895,-0.1543
M0124,2025-12-27,HellsHammer,TyrannoBeat,1,4,918.59,950.57,899.99,966.66,Xtreme,Xtreme,tournament,,,,33.446,32.0629,52.9471,45.8269,0.4541,0.5459,0.1029,0.8971,-0.1944,-0.1431
M0125,2025-12-27,DranBrave,WizardArrow,4,0,973.89,930.78,989.03,908.64,Xtreme,Xtreme,tournament,,,,29.5585,33.446,34.5354,50.5322,0.5617,0.4383,1.0,0.0,-0.0561,-0.1703
M0126,2025-12-27,PegasusBlast,WizardRod,2,5,939.97,981.35,922.7,994.67,Xtreme,Xtreme,tournament,,,,34.9245,29.5585,51.1251,39.4263,0.4407,0.5593,0.1029,0.8971,-0.1546,-0.1113
M0127,2025-12-27,LeonClaw,FoxBrush,1,5,1008.34,1095.6,993.86,1105.26,Xtreme,Xtreme,tournament,,,,33.446,23.7698,38.409,25.6146,0.377,0.623,0.0,1.0,0.0495,0.0259
M0128,2025-12-27,UnicornSting,CrimsonGaruda,4,0,976.23,976.97,996.17,957.28,Xtreme,Xtreme,tournament,,,,29.5585,33.446,39.7898,39.2942,0.4989,0.5011,1.0,0.0,-0.1154,-0.0583
M0129,2025-12-27,ImpactDrake,ScorpioSpear,0,4,1143.92,1009.13,1119.57,1032.63,Xtreme,Xtreme,tournament,,,,23.0107,29.5585,35.5651,34.3172,0.6848,0.3152,0.0,1.0,0.1819,0.0537
M0130,2025-12-27,KnightMail,PhoenixRudder,5,0,1026.47,988.22,1043.58,969.48,Xtreme,Xtreme,tournament,,,,27.3667,29.5585,31.2173,34.193,0.5548,0.4452,1.1029,-0.1029,0.0469,-0.0523
M0131,2025-12-27,BlackShell,LeonCrest,2,4,976.55,963.93,962.59,978.43,Xtreme,Xtreme,tournament,,,,30.769,32.0629,38.4456,39.9423,0.5181,0.4819,0.1551,0.8449,-0.0832,-0.0819
M0132,2025-12-27,WhaleWave,WizardArc,5,2,976.98,972.98,992.33,957.69,Xtreme,Xtreme,tournament,,,,32.0629,33.446,39.2333,39.0583,0.5058,0.4942,0.8971,0.1029,-0.0745,-0.0559
M0133,2025-12-27,SilverWolf,SharkEdge,2,4,1001.72,1015.99,991.66,1026.72,Xtreme,Xtreme,tournament,,,,30.769,27.3667,31.0224,33.0954,0.4795,0.5205,0.1551,0.8449,-0.0027,0.0698
M0134,2025-12-27,DranBuster,PhoenixWing,6,0,991.28,995.33,1013.91,974.43,Xtreme,Xtreme,tournament,,,,32.0629,28.4261,34.2331,31.6255,0.4942,0.5058,1.1551,-0.1551,-0.0226,-0.0375
M0135,2025-12-27,HellsChain,PerseusDark,2,6,993.3,982.85,976.06,1001.58,Xtreme,Xtreme,tournament,,,,32.0629,32.0629,33.4604,36.3737,0.515,0.485,0.0,1.0,-0.0145,-0.0448
M0136,2025-12-27,GolemRock,WhaleWave,4,0,997.46,992.33,1013.1,976.61,Xtreme,Xtreme,tournament,,,,30.769,30.769,31.7507,31.9161,0.5074,0.4926,1.0,0.0,-0.0106,-0.0124
M0137,2025-12-27,FoxBrush,DranBuster,6,0,1105.26,1013.91,1120.02,994.37,Xtreme,Xtreme,tournament,,,,23.0107,30.769,28.0286,37.0986,0.6285,0.3715,1.1551,-0.1551,0.0727,0.0686
M0138,2025-12-27,CerberusFlame,GolemRock,0,5,1042.42,1013.1,1024.53,1035.39,Xtreme,Xtreme,tournament,,,,27.3667,29.5585,27.7333,34.5657,0.5421,0.4579,-0.1029,1.1029,0.0045,0.0565
M0139,2025-12-27,DranDagger,PerseusDark,4,1,1021.96,1001.58,1031.84,989.25,Xtreme,Xtreme,tournament,,,,26.3757,30.769,26.8698,33.5225,0.5293,0.4707,0.8971,0.1029,-0.0062,0.0298
M0140,2025-12-27,TuskMammoth,ScorpioSpear,4,3,1038.88,1032.63,1047.3,1019.85,Xtreme,Xtreme,tournament,,,,23.0107,28.4261,26.437,40.1788,0.509,0.491,0.8271,0.1729,-0.0496,0.1378
M0141,2025-12-27,LeonClaw,LeonCrest,3,4,993.86,978.43,982.42,989.91,Xtreme,Xtreme,tournament,,,,32.0629,30.769,32.7747,32.8542,0.5222,0.4778,0.1729,0.8271,-0.0074,-0.0226
M0142,2025-12-27,KnightMail,SharkEdge,0,4,1043.58,1026.72,1025.03,1044.85,Xtreme,Xtreme,tournament,,,,26.3757,26.3757,35.3743,34.5829,0.5242,0.4758,0.0,1.0,0.1137,0.1037
M0143,2025-12-27,RhinoReaper,WhaleWave,3,5,1048.81,976.61,1033.13,992.87,Xtreme,Xtreme,tournament,,,,27.3667,29.5585,35.0627,36.3381,0.6024,0.3976,0.1551,0.8449,0.0937,-0.0765
M0144,2025-12-27,ImpactDrake,PhoenixWing,3,6,1119.57,974.43,1103.67,996.59,Xtreme,Xtreme,tournament,,,,22.3006,27.3667,26.7367,37.2713,0.6975,0.3025,0.1029,0.8971,0.0663,-0.1206
M0145,2025-12-27,SilverWolf,DranBrave,3,5,991.66,989.03,979.94,999.23,Xtreme,Xtreme,tournament,,,,29.5585,28.4261,33.6046,29.2615,0.5038,0.4962,0.1551,0.8449,-0.0456,0.0098
M0146,2025-12-27,HellsChain,BlackShell,4,0,976.06,962.59,994.46,943.25,Xtreme,Xtreme,tournament,,,,30.769,29.5585,38.2701,40.2421,0.5194,0.4806,1.0,0.0,-0.0813,-0.1205
M0147,2025-12-27,WhaleFlame,UnicornSting,0,4,982.53,996.17,963.69,1011.18,Xtreme,Xtreme,tournament,,,,34.9245,28.4261,39.2184,31.2563,0.4804,0.5196,0.0,1.0,-0.041,-0.0332
M0148,2025-12-27,PhoenixRudder,WizardRod,0,4,969.48,994.67,951.61,1009.89,Xtreme,Xtreme,tournament,,,,28.4261,28.4261,38.5207,32.8094,0.4638,0.5362,0.0,1.0,-0.1184,-0.0514
M0149,2025-12-27,WizardArc,HellsReaper,3,5,957.69,960.05,943.44,973.36,Xtreme,Xtreme,tournament,,,,32.0629,32.0629,41.7448,38.9975,0.4966,0.5034,0.1551,0.8449,-0.1007,-0.0721
M0150,2025-12-27,TyrannoBeat,CrimsonGaruda,2,4,966.66,957.28,953.08,972.81,Xtreme,Xtreme,tournament,,,,30.769,32.0629,37.8939,43.3479,0.5135,0.4865,0.1551,0.8449,-0.0772,-0.1173
M0151,2025-12-27,LeonClaw,WizardRod,4,2,982.42,1009.89,996.12,998.82,Xtreme,Xtreme,tournament,,,,30.769,27.3667,35.6604,28.7866,0.4605,0.5395,0.8449,0.1551,-0.053,0.0173
M0152,2025-12-27,CerberusFlame,CrimsonGaruda,5,3,1024.53,972.81,1033.44,963.13,Xtreme,Xtreme,tournament,,,,26.3757,30.769,32.8744,35.7437,0.5739,0.4261,0.8449,0.1551,-0.0821,-0.0539
M0153,2025-12-27,UnicornSting,DranBrave,1,4,1011.18,999.23,998.64,1012.44,Xtreme,Xtreme,tournament,,,,27.3667,27.3667,30.2639,31.8806,0.5172,0.4828,0.1029,0.8971,0.0353,0.055
M0154,2025-12-27,HellsChain,HellsReaper,0,4,994.46,973.36,978.48,990.51,Xtreme,Xtreme,tournament,,,,29.5585,30.769,30.1211,32.3333,0.5303,0.4697,0.0,1.0,-0.0063,-0.0169
M0155,2025-12-27,PhoenixWing,KnightMail,4,0,996.59,1025.03,1011.94,1010.09,Xtreme,Xtreme,tournament,,,,26.3757,25.4485,28.3755,27.6368,0.4592,0.5408,1.0,0.0,-0.0253,0.0287
M0156,2025-12-27,DranBuster,ScorpioSpear,2,5,994.37,1019.85,983.37,1032.0,Xtreme,Xtreme,tournament,,,,29.5585,27.3667,30.5148,33.6902,0.4634,0.5366,0.1029,0.8971,-0.0108,0.077
M0157,2025-12-27,PerseusDark,RhinoReaper,6,3,989.25,1033.13,1003.79,1020.21,Xtreme,Xtreme,tournament,,,,29.5585,26.3757,31.6148,28.0846,0.4372,0.5628,0.8971,0.1029,-0.0232,0.0216
M0158,2025-12-27,PhoenixWing,ScorpioSpear,1,5,1011.94,1032.0,998.14,1048.7,Xtreme,Xtreme,tournament,,,,25.4485,26.3757,29.2817,35.4609,0.4712,0.5288,0.0,1.0,0.0502,0.1148
M0159,2025-12-27,HellsReaper,PerseusDark,4,2,990.51,1003.79,1003.08,992.16,Xtreme,Xtreme,tournament,,,,29.5585,28.4261,34.5262,31.9416,0.4809,0.5191,0.8449,0.1551,0.056,0.0412
M0160,2025-12-27,LeonCrest,WhaleWave,4,3,989.91,992.87,1000.5,983.26,Xtreme,Xtreme,tournament_ro16,,,,29.5585,28.4261,31.9527,28.9904,0.4957,0.5043,0.8271,0.1729,0.027,-0.0066
M0161,2025-12-27,DranSword,CerberusFlame,5,0,1054.92,1033.44,1077.94,1017.35,Xtreme,Xtreme,tournament_ro16,,,,28.4261,25.4485,40.2334,28.1242,0.5309,0.4691,1.1029,-0.1029,0.1385,-0.035
M0162,2025-12-27,DranDagger,LeonClaw,0,5,1031.84,996.12,1013.01,1015.76,Xtreme,Xtreme,tournament_ro16,,,,25.4485,29.5585,28.7795,30.0303,0.5512,0.4488,-0.1029,1.1029,0.0436,0.0053
M0163,2025-12-27,FoxBrush,GolemRock,0,6,1120.02,1035.39,1095.84,1066.32,Xtreme,Xtreme,tournament_ro16,,,,22.3006,28.4261,31.2126,39.9334,0.6194,0.3806,-0.1551,1.1551,0.1332,0.1349
M0164,2025-12-27,WeissTiger,DranBrave,4,2,1051.1,1012.44,1064.17,1002.45,Xtreme,Xtreme,tournament_ro16,,,,30.769,26.3757,45.1481,34.5169,0.5554,0.4446,0.8449,0.1551,0.1558,0.1029
M0165,2025-12-27,TuskMammoth,SharkEdge,5,2,1047.3,1044.85,1056.09,1030.04,Xtreme,Xtreme,tournament_ro16,,,,22.3006,25.4485,22.3405,37.6479,0.5035,0.4965,0.8971,0.1029,-0.0006,0.1598
M0166,2025-12-27,ViperTail,ScorpioSpear,5,0,1039.7,1048.7,1063.7,1025.4,Xtreme,Xtreme,tournament_ro16,,,,28.4261,25.4485,38.9635,37.8419,0.4871,0.5129,1.1029,-0.1029,0.1236,0.1623
M0167,2025-12-27,CobaltDragoon,HellsReaper,1,5,1052.86,1003.08,1031.53,1024.04,Xtreme,Xtreme,tournament_ro16,,,,27.3667,28.4261,37.3525,36.7052,0.5712,0.4288,0.0,1.0,0.1216,0.0971
M0168,2025-12-27,DranSword,LeonClaw,6,3,1077.94,1015.76,1091.35,1004.58,Xtreme,Xtreme,tournament_quarter,,,,27.3667,28.4261,43.4802,36.257,0.5885,0.4115,0.8971,0.1029,0.1963,0.0918
M0169,2025-12-27,WeissTiger,TuskMammoth,0,4,1064.17,1056.09,1041.17,1068.88,Xtreme,Xtreme,tournament_quarter,,,,29.5585,21.6363,44.9529,25.0091,0.5116,0.4884,0.0,1.0,0.1736,0.052
M0170,2025-12-27,ViperTail,LeonCrest,0,4,1063.7,1000.5,1038.39,1020.67,Xtreme,Xtreme,tournament_quarter,,,,27.3667,28.4261,42.9003,34.1897,0.59,0.41,0.0,1.0,0.1892,0.0676
M0171,2025-12-27,HellsReaper,GolemRock,2,4,1024.04,1066.32,1012.52,1079.24,Xtreme,Xtreme,tournament_quarter,,,,27.3667,27.3667,40.5268,45.4467,0.4395,0.5605,0.1551,0.8449,0.1603,0.2202
M0172,2025-12-27,LeonCrest,DranSword,5,1,1020.67,1091.35,1043.86,1065.48,Xtreme,Xtreme,tournament_semi,,,,27.3667,26.3757,38.6338,43.0905,0.3997,0.6003,1.0,0.0,0.1372,0.2112
M0173,2025-12-27,GolemRock,TuskMammoth,3,6,1079.24,1068.88,1060.92,1080.48,Xtreme,Xtreme,tournament_semi,,,,26.3757,21.0148,44.4775,28.1546,0.5149,0.4851,0.1029,0.8971,0.2288,0.1132
M0174,2025-12-27,DranSword,GolemRock,4,0,1065.48,1060.92,1081.92,1042.96,Xtreme,Xtreme,tournament_semi,,,,25.4485,25.4485,33.3144,36.3913,0.5066,0.4934,1.0,0.0,0.103,0.1433
M0175,2025-12-27,LeonCrest,TuskMammoth,8,2,1043.86,1080.48,1073.67,1059.38,Xtreme,Xtreme,tournament_final,,,,26.3757,20.4334,42.1206,29.8175,0.4475,0.5525,1.1551,-0.1551,0.199,0.1531
M0176,2026-01-04,SolEclipse,CobaltDrake,5,2,1000,1000,1015.88,984.12,Xtreme,Xtreme,exhibition,,,,40.0,40.0,40.0,40.0,0.5,0.5,0.8971,0.1029,,
M0177,2026-01-04,SharkScale,SolEclipse,4,2,1000,1015.88,1014.71,999.61,Xtreme,Xtreme,exhibition,,,,40.0,38.1942,40.0,44.261,0.4772,0.5228,0.8449,0.1551,,0.0529
M0178,2026-01-04,FoxBrush,CobaltDrake,4,3,1095.84,984.12,1099.69,976.52,Xtreme,Xtreme,tournament,,,,21.6363,38.1942,22.4267,44.261,0.6555,0.3445,0.8271,0.1729,0.0122,-0.0529
M0179,2026-01-04,HellsChain,WeissTiger,5,0,978.48,1041.17,1002.66,1016.64,Xtreme,Xtreme,tournament,,,,28.4261,28.4261,34.925,35.4394,0.4108,0.5892,1.1029,-0.1029,-0.0762,0.0822
M0180,2026-01-04,HellsReaper,LeonCrest,6,1,1012.52,1073.67,1036.23,1042.06,Xtreme,Xtreme,tournament,,,,26.3757,25.4485,34.3682,45.8176,0.4129,0.5871,1.1029,-0.1029,0.101,0.2668
M0181,2026-01-04,DranBrave,DranBuster,4,3,1002.45,983.37,1011.23,973.38,Xtreme,Xtreme,tournament,,,,25.4485,28.4261,29.3095,33.3222,0.5274,0.4726,0.8271,0.1729,0.0506,-0.0574
M0182,2026-01-04,GolemRock,WizardRod,5,3,1042.96,998.82,1051.1,990.59,Xtreme,Xtreme,tournament,,,,24.5812,26.3757,28.8901,29.2446,0.5632,0.4368,0.8449,0.1551,0.0584,-0.0363
M0183,2026-01-04,SharkEdge,PerseusDark,0,4,1030.04,992.16,1012.89,1007.92,Xtreme,Xtreme,tournament,,,,24.5812,27.3667,30.9237,28.418,0.5543,0.4457,0.0,1.0,0.086,-0.0128
M0184,2026-01-04,SharkScale,LeonClaw,5,0,1014.71,1004.58,1040.49,986.62,Xtreme,Xtreme,tournament,,,,38.1942,27.3667,43.8123,30.5227,0.5146,0.4854,1.1029,-0.1029,0.049,0.0384
M0185,2026-01-04,TuskMammoth,SamuraiSaber,4,2,1059.38,888.04,1061.97,882.03,Xtreme,Xtreme,tournament,,,,19.8895,30.769,22.1763,51.6204,0.7284,0.2716,0.8449,0.1551,0.0383,-0.2259
M0186,2026-01-04,CerberusFlame,RhinoReaper,4,0,1017.35,1020.21,1033.71,1005.74,Xtreme,Xtreme,tournament,,,,24.5812,25.4485,32.4455,28.7011,0.4959,0.5041,1.0,0.0,-0.1066,-0.0426
M0187,2026-01-04,CobaltDragoon,KnightMail,4,0,1031.53,1010.09,1044.99,996.92,Xtreme,Xtreme,tournament,,,,26.3757,24.5812,28.6907,28.0671,0.5308,0.4692,1.0,0.0,0.0293,-0.0473
M0188,2026-01-04,DranSword,ImpactDrake,0,5,1081.92,1103.67,1061.33,1116.85,Xtreme,Xtreme,tournament,,,,24.5812,21.6363,36.0176,23.0523,0.4687,0.5313,-0.1029,1.1029,0.1551,-0.0218
M0189,2026-01-04,WhaleWave,TyrannoBeat,5,0,983.26,953.08,1000.87,930.85,Xtreme,Xtreme,tournament,,,,27.3667,29.5585,31.4652,39.7279,0.5433,0.4567,1.1029,-0.1029,-0.0499,-0.1147
M0190,2026-01-04,WizardArc,ViperTail,3,5,943.44,1038.39,934.34,1045.4,Xtreme,Xtreme,tournament,,,,30.769,26.3757,43.0244,33.1263,0.3667,0.6333,0.1551,0.8449,-0.1328,0.0853
M0191,2026-01-04,BlackShell,SolEclipse,0,6,943.25,999.61,918.65,1020.79,Xtreme,Xtreme,tournament,,,,28.4261,36.5049,42.7954,36.8492,0.4196,0.5804,-0.1551,1.1551,-0.1685,-0.0031
M0192,2026-01-04,UnicornSting,WhaleFlame,4,2,998.64,963.69,1006.99,950.88,Xtreme,Xtreme,tournament,,,,26.3757,33.446,28.3266,43.4366,0.5501,0.4499,0.8449,0.1551,-0.0247,-0.0996
M0193,2026-01-04,CrimsonGaruda,WizardArrow,4,0,963.13,908.64,978.71,886.73,Xtreme,Xtreme,tournament,,,,29.5585,32.0629,36.9045,51.8796,0.5778,0.4222,1.0,0.0,-0.0828,-0.206
M0194,2026-01-04,FoxBrush,HellsChain,0,4,1099.69,1002.66,1084.98,1021.43,Xtreme,Xtreme,tournament_ro16,,,,21.0148,27.3667,23.1233,29.521,0.6361,0.3639,0.0,1.0,0.0334,0.0262
M0195,2026-01-04,HellsReaper,DranBrave,0,4,1036.23,1011.23,1015.25,1027.72,Xtreme,Xtreme,tournament_ro16,,,,25.4485,24.5812,39.1557,30.7603,0.5359,0.4641,0.0,1.0,0.1795,0.0838
M0196,2026-01-04,GolemRock,PerseusDark,4,0,1051.1,1007.92,1064.27,994.18,Xtreme,Xtreme,tournament_ro16,,,,23.7698,26.3757,30.0593,31.3454,0.5618,0.4382,1.0,0.0,0.0882,0.0628
M0197,2026-01-04,SharkScale,TuskMammoth,2,5,1040.49,1061.97,1022.27,1070.1,Xtreme,Xtreme,tournament_ro16,,,,36.5049,19.3807,49.7492,22.2152,0.4691,0.5309,0.1029,0.8971,0.1209,0.0488
M0198,2026-01-04,CerberusFlame,CobaltDragoon,4,2,1033.71,1044.99,1042.94,1033.37,Xtreme,Xtreme,tournament_ro16,,,,23.7698,25.4485,25.5675,32.1604,0.4838,0.5162,0.8449,0.1551,-0.0252,0.0879
M0199,2026-01-04,ImpactDrake,WhaleWave,4,1,1116.85,1000.87,1122.66,994.05,Xtreme,Xtreme,tournament_ro16,,,,21.0148,26.3757,24.6281,28.856,0.661,0.339,0.8971,0.1029,0.0573,0.0313
M0200,2026-01-04,ViperTail,SolEclipse,2,5,1045.4,1020.79,1031.02,1039.24,Xtreme,Xtreme,tournament_ro16,,,,25.4485,34.9245,33.2469,42.6675,0.5354,0.4646,0.1029,0.8971,0.1021,0.0739
M0201,2026-01-04,UnicornSting,CrimsonGaruda,0,4,1006.99,978.71,992.49,994.79,Xtreme,Xtreme,tournament_ro16,,,,25.4485,28.4261,26.8176,29.7479,0.5406,0.4594,0.0,1.0,0.0179,-0.0155
M0202,2026-01-04,HellsChain,DranBrave,1,4,1021.43,1027.72,1007.9,1040.93,Xtreme,Xtreme,tournament_quarter,,,,26.3757,23.7698,34.8864,34.0437,0.491,0.509,0.1029,0.8971,0.1076,0.1441
M0203,2026-01-04,GolemRock,TuskMammoth,4,0,1064.27,1070.1,1080.7,1057.87,Xtreme,Xtreme,tournament_quarter,,,,23.0107,18.9047,32.3206,24.0703,0.4916,0.5084,1.0,0.0,0.1349,0.0911
M0204,2026-01-04,CerberusFlame,ImpactDrake,4,2,1042.94,1122.66,1054.3,1111.04,Xtreme,Xtreme,tournament_quarter,,,,23.0107,20.4334,24.8263,25.4082,0.3872,0.6128,0.8449,0.1551,0.0263,0.0812
M0205,2026-01-04,SolEclipse,CrimsonGaruda,3,4,1039.24,994.79,1021.4,1007.36,Xtreme,Xtreme,tournament_quarter,,,,33.446,27.3667,45.6582,32.1818,0.5636,0.4364,0.1729,0.8271,0.1217,0.0586
M0206,2026-01-04,HellsChain,TuskMammoth,3,4,1007.9,1057.87,1000.58,1062.74,Xtreme,Xtreme,tournament_quarter,,,,25.4485,18.4594,28.615,19.0769,0.4286,0.5714,0.1729,0.8271,0.0415,0.0112
M0207,2026-01-04,ImpactDrake,SolEclipse,6,3,1111.04,1021.4,1116.57,1011.32,Xtreme,Xtreme,tournament_quarter,,,,19.8895,32.0629,20.4453,37.1975,0.6262,0.3738,0.8971,0.1029,0.0093,0.0534
M0208,2026-01-04,TuskMammoth,ImpactDrake,5,3,1062.74,1116.57,1071.35,1107.32,Xtreme,Xtreme,tournament_quarter,,,,18.0428,19.3807,20.4115,21.95,0.4231,0.5769,0.8449,0.1551,0.0438,0.0442
M0209,2026-01-04,DranBrave,GolemRock,0,4,1040.93,1080.7,1025.33,1096.06,Xtreme,Xtreme,tournament_semi,,,,23.0107,22.3006,35.2023,34.6552,0.443,0.557,0.0,1.0,0.1766,0.1847
M0210,2026-01-04,CerberusFlame,CrimsonGaruda,0,4,1054.3,1007.36,1038.48,1026.94,Xtreme,Xtreme,tournament_semi,,,,22.3006,26.3757,27.9078,34.5203,0.5671,0.4329,0.0,1.0,0.0838,0.1029
M0211,2026-01-04,DranBrave,CerberusFlame,5,1,1025.33,1038.48,1040.17,1027.15,Xtreme,Xtreme,tournament_semi,,,,22.3006,21.6363,28.5888,21.8298,0.4811,0.5189,1.0,0.0,0.094,-0.003
M0212,2026-01-04,GolemRock,CrimsonGaruda,7,0,1096.06,1026.94,1116.66,1005.09,Xtreme,Xtreme,tournament_final,,,,21.6363,25.4485,35.8586,38.0323,0.5982,0.4018,1.1729,-0.1729,0.2191,0.1648
M0213,2026-01-04,SharkScale,SharkEdge,4,0,1022.27,1012.89,1042.11,1001.31,Xtreme,Xtreme,exhibition,,,,34.9245,23.7698,40.7899,23.8151,0.5135,0.4865,1.0,0.0,0.056,0.0006
M0214,2026-01-04,CobaltDrake,CobaltDragoon,2,4,976.52,1033.37,964.9,1040.4,Xtreme,Xtreme,exhibition,,,,36.5049,24.5812,44.037,26.6493,0.4189,0.5811,0.1551,0.8449,-0.0688,0.028
M0215,2026-01-04,SharkScale,CobaltDragoon,3,5,1042.11,1040.4,1026.54,1050.13,Xtreme,Xtreme,exhibition,,,,33.446,23.7698,44.823,28.0111,0.5025,0.4975,0.1551,0.8449,0.1134,0.0595
M0216,2026-01-04,PhoenixWing,CobaltDrake,5,0,998.14,964.9,1012.58,940.0,Xtreme,Xtreme,exhibition,,,,24.5812,34.9245,26.0051,44.8548,0.5477,0.4523,1.1029,-0.1029,-0.0193,-0.0948
M0217,2026-01-04,CobaltDrake,PegasusBlast,4,3,940.0,922.7,954.84,907.16,Xtreme,Xtreme,exhibition,,,,33.446,33.446,49.1158,51.4117,0.5249,0.4751,0.8271,0.1729,-0.1562,-0.1791
M0218,2026-01-04,PegasusBlast,SamuraiSaber,4,2,907.16,882.03,922.86,867.11,Xtreme,Xtreme,exhibition,,,,32.0629,29.5585,50.8659,48.2966,0.5361,0.4639,0.8449,0.1551,-0.1955,-0.2113
M0219,2026-01-04,GolemRock,PhoenixWing,0,5,1116.66,1012.58,1088.36,1033.43,Xtreme,Xtreme,exhibition,,,,21.0148,23.7698,37.8176,27.8553,0.6455,0.3545,-0.1029,1.1029,0.2665,0.0573
M0220,2026-01-04,GolemRock,DranBuster,5,3,1088.36,973.38,1093.64,966.95,Xtreme,Xtreme,exhibition,,,,20.4334,27.3667,28.4763,34.7329,0.6597,0.3403,0.8449,0.1551,0.1312,-0.0897
M0221,2026-01-04,GolemRock,DranSword,5,0,1093.64,1061.33,1109.3,1045.8,Xtreme,Xtreme,exhibition,,,,19.8895,23.7698,28.148,27.919,0.5464,0.4536,1.1029,-0.1029,0.1384,0.0582
M0222,2026-01-04,SolEclipse,ScorpioSpear,0,5,1011.32,1025.4,992.85,1042.24,Xtreme,Xtreme,exhibition,,,,30.769,24.5812,31.7054,28.9007,0.4798,0.5202,-0.1029,1.1029,0.0101,0.0586
M0223,2026-01-04,SilverWolf,SolEclipse,2,4,979.94,992.85,968.27,1004.49,Xtreme,Xtreme,exhibition,,,,28.4261,29.5585,35.763,35.6677,0.4814,0.5186,0.1551,0.8449,-0.086,-0.0689
M0224,2026-01-04,DranSword,TyrannoBeat,4,2,1045.8,930.85,1050.36,922.83,Xtreme,Xtreme,exhibition,,,,23.0107,28.4261,24.6522,43.2645,0.6596,0.3404,0.8449,0.1551,-0.0238,-0.174
M0225,2026-01-30,DranDagger,ValkyrieVolt,0,5,1000,1000,975.88,1024.12,Drop Attack,Drop Attack,tournament_ro16,,,,40.0,40.0,40.0,40.0,0.5,0.5,-0.1029,1.1029,,
M0226,2026-01-30,DranBrave,PegasusBlast,2,4,1000,1000,986.2,1013.8,Drop Attack,Drop Attack,tournament_ro16,,,,40.0,40.0,40.0,40.0,0.5,0.5,0.1551,0.8449,,
M0227,2026-01-30,ImpactDrake,TuskMammoth,0,4,1000,1000,980.0,1020.0,Drop Attack,Drop Attack,tournament_ro16,,,,40.0,40.0,40.0,40.0,0.5,0.5,0.0,1.0,,
M0228,2026-01-30,DranSword,SamuraiSaber,0,5,1000,1000,975.88,1024.12,Drop Attack,Drop Attack,tournament_ro16,,,,40.0,40.0,40.0,40.0,0.5,0.5,-0.1029,1.1029,,
M0229,2026-01-30,PhoenixWing,CobaltDragoon,4,1,1000,1000,1015.88,984.12,Drop Attack,Drop Attack,tournament_ro16,,,,40.0,40.0,40.0,40.0,0.5,0.5,0.8971,0.1029,,
M0230,2026-01-30,CobaltDrake,DranBuster,5,0,1000,1000,1024.12,975.88,Drop Attack,Drop Attack,tournament_ro16,,,,40.0,40.0,40.0,40.0,0.5,0.5,1.1029,-0.1029,,
M0231,2026-01-30,TyrannoBeat,FoxBrush,4,0,1000,1000,1020.0,980.0,Drop Attack,Drop Attack,tournament_ro16,,,,40.0,40.0,40.0,40.0,0.5,0.5,1.0,0.0,,
M0232,2026-01-30,SharkEdge,SharkScale,0,4,1000,1000,980.0,1020.0,Drop Attack,Drop Attack,tournament_ro16,,,,40.0,40.0,40.0,40.0,0.5,0.5,0.0,1.0,,
M0233,2026-01-30,ValkyrieVolt,PegasusBlast,4,0,1024.12,1013.8,1047.11,992.71,Drop Attack,Drop Attack,tournament_quarter,,,,38.1942,38.1942,47.4051,43.4633,0.5148,0.4852,1.0,0.0,0.0804,0.046
M0234,2026-01-30,TuskMammoth,SamuraiSaber,0,4,1020.0,1024.12,997.35,1047.54,Drop Attack,Drop Attack,tournament_quarter,,,,38.1942,38.1942,45.833,47.4051,0.4941,0.5059,0.0,1.0,0.0667,0.0804
M0235,2026-01-30,PhoenixWing,CobaltDrake,4,1,1015.88,1024.12,1033.98,1004.73,Drop Attack,Drop Attack,tournament_quarter,,,,38.1942,38.1942,44.261,47.4051,0.4882,0.5118,0.8971,0.1029,0.0529,0.0804
M0236,2026-01-30,TyrannoBeat,SharkScale,0,5,1020.0,1020.0,992.37,1047.63,Drop Attack,Drop Attack,tournament_quarter,,,,38.1942,38.1942,45.833,45.833,0.5,0.5,-0.1029,1.1029,0.0667,0.0667
M0237,2026-01-30,ValkyrieVolt,SamuraiSaber,5,0,1047.11,1047.54,1078.03,1016.55,Drop Attack,Drop Attack,tournament_semi,,,,36.5049,36.5049,51.2187,51.3491,0.4994,0.5006,1.1029,-0.1029,0.1344,0.1355
M0238,2026-01-30,PhoenixWing,SharkScale,0,4,1033.98,1047.63,1011.17,1072.44,Drop Attack,Drop Attack,tournament_semi,,,,36.5049,36.5049,47.5015,51.6359,0.4804,0.5196,0.0,1.0,0.1004,0.1382
M0239,2026-01-30,SamuraiSaber,PhoenixWing,4,0,1016.55,1011.17,1035.65,992.79,Drop Attack,Drop Attack,tournament_semi,,,,34.9245,34.9245,38.8016,37.3317,0.5077,0.4923,1.0,0.0,0.037,0.023
M0240,2026-01-30,ValkyrieVolt,SharkScale,8,4,1078.03,1072.44,1105.36,1045.78,Drop Attack,Drop Attack,tournament_final,,,,34.9245,34.9245,55.5553,54.1809,0.508,0.492,1.0,0.0,0.1969,0.1838
M0241,2026-01-30,WeissTiger,TuskMammoth,0,5,1000,997.35,975.73,1020.04,Drop Attack,Drop Attack,tournament_ro16,,,,40.0,36.5049,40.0,37.3918,0.5038,0.4962,-0.1029,1.1029,,-0.0081
M0242,2026-01-30,DranSword,DranDagger,2,5,975.88,975.88,957.06,994.71,Drop Attack,Drop Attack,tournament_ro16,,,,38.1942,38.1942,47.4051,47.4051,0.5,0.5,0.1029,0.8971,-0.0804,-0.0804
M0243,2026-01-30,SolEclipse,ScorpioSpear,0,5,1000,1000,975.88,1024.12,Drop Attack,Drop Attack,tournament_ro16,,,,40.0,40.0,40.0,40.0,0.5,0.5,-0.1029,1.1029,,
M0244,2026-01-30,WizardArrow,CrimsonGaruda,0,4,1000,1000,980.0,1020.0,Drop Attack,Drop Attack,tournament_ro16,,,,40.0,40.0,40.0,40.0,0.5,0.5,0.0,1.0,,
M0245,2026-01-30,TyrannoBeat,PerseusDark,0,4,992.37,1000,973.3,1019.56,Drop Attack,Drop Attack,tournament_ro16,,,,36.5049,40.0,38.9809,40.0,0.489,0.511,0.0,1.0,-0.0226,
M0246,2026-01-30,LeonClaw,WhaleWave,0,4,1000,1000,980.0,1020.0,Drop Attack,Drop Attack,tournament_ro16,,,,40.0,40.0,40.0,40.0,0.5,0.5,0.0,1.0,,
M0247,2026-01-30,WizardArc,GolemRock,5,0,1000,1000,1024.12,975.88,Drop Attack,Drop Attack,tournament_ro16,,,,40.0,40.0,40.0,40.0,0.5,0.5,1.1029,-0.1029,,
M0248,2026-01-30,LeonCrest,HellsChain,0,4,1000,1000,980.0,1020.0,Drop Attack,Drop Attack,tournament_ro16,,,,40.0,40.0,40.0,40.0,0.5,0.5,0.0,1.0,,
M0249,2026-01-30,TuskMammoth,DranDagger,3,5,1020.04,994.71,1003.77,1009.33,Drop Attack,Drop Attack,tournament_quarter,,,,34.9245,36.5049,42.6646,38.3361,0.5364,0.4636,0.1551,0.8449,0.0739,-0.0167
M0250,2026-01-30,ScorpioSpear,CrimsonGaruda,5,2,1024.12,1020.0,1042.66,1002.07,Drop Attack,Drop Attack,tournament_quarter,,,,38.1942,38.1942,47.4051,45.833,0.5059,0.4941,0.8971,0.1029,0.0804,0.0667
M0251,2026-01-30,PerseusDark,WhaleWave,3,4,1019.56,1020.0,1004.65,1034.96,Drop Attack,Drop Attack,tournament_quarter,,,,38.1942,38.1942,45.6652,45.833,0.4994,0.5006,0.1729,0.8271,0.0652,0.0667
M0252,2026-01-30,WizardArc,HellsChain,4,0,1024.12,1020.0,1047.54,997.35,Drop Attack,Drop Attack,tournament_quarter,,,,38.1942,38.1942,47.4051,45.833,0.5059,0.4941,1.0,0.0,0.0804,0.0667
M0253,2026-01-30,DranDagger,ScorpioSpear,2,4,1009.33,1042.66,997.82,1057.47,Drop Attack,Drop Attack,tournament_semi,,,,34.9245,36.5049,38.7325,49.8465,0.4522,0.5478,0.1551,0.8449,0.0363,0.1218
M0254,2026-01-30,WhaleWave,WizardArc,5,3,1034.96,1047.54,1052.24,1028.9,Drop Attack,Drop Attack,tournament_semi,,,,36.5049,36.5049,47.6,51.3491,0.4819,0.5181,0.8449,0.1551,0.1013,0.1355
M0255,2026-01-30,DranDagger,WizardArc,2,4,997.82,1028.9,987.53,1041.56,Drop Attack,Drop Attack,tournament_semi,,,,33.446,34.9245,34.2597,42.1618,0.4554,0.5446,0.1551,0.8449,-0.0081,0.0691
M0256,2026-01-30,ScorpioSpear,WhaleWave,7,2,1057.47,1052.24,1087.32,1022.95,Drop Attack,Drop Attack,tournament_final,,,,34.9245,34.9245,50.1366,49.1947,0.5075,0.4925,1.1029,-0.1029,0.1452,0.1362
M0257,2026-01-30,HellsChain,CrimsonGaruda,4,2,1000.58,1005.09,1009.26,994.73,Xtreme,Xtreme,season,S1,3,1,24.5812,24.5812,24.7176,29.4648,0.4935,0.5065,0.8449,0.1551,0.0018,0.0662
M0258,2026-01-30,SharkEdge,WizardRod,4,3,1001.31,990.59,1009.87,981.01,Xtreme,Xtreme,season,S1,3,1,23.0107,25.4485,27.4508,30.7152,0.5154,0.4846,0.8271,0.1729,-0.0643,-0.069
M0259,2026-01-30,WhaleWave,SilverWolf,3,4,994.05,968.27,984.66,981.77,Xtreme,Xtreme,season,S1,3,1,25.4485,27.3667,25.7781,37.0606,0.537,0.463,0.1729,0.8271,-0.0043,-0.1181
M0260,2026-01-30,RhinoReaper,UnicornSting,2,4,1005.74,992.49,994.0,1002.96,Xtreme,Xtreme,season,S1,3,1,24.5812,24.5812,32.2607,28.7508,0.5191,0.4809,0.1551,0.8449,-0.1041,-0.0565
M0261,2026-01-30,LeonClaw,ValkyrieVolt,4,2,986.62,1000,997.52,985.43,Xtreme,Xtreme,season,S1,3,1,26.3757,40.0,29.9465,40.0,0.4808,0.5192,0.8449,0.1551,-0.0451,
M0262,2026-01-30,DranBrave,HellsReaper,3,4,1040.17,1015.25,1028.77,1026.42,Xtreme,Xtreme,season,S1,2,1,21.6363,24.5812,31.4146,30.7865,0.5358,0.4642,0.1729,0.8271,0.1506,0.0841
M0263,2026-01-30,PhoenixWing,KnightMail,0,4,1033.43,996.92,1015.02,1014.12,Xtreme,Xtreme,season,S1,2,1,23.0107,23.7698,33.3266,31.1522,0.5524,0.4476,0.0,1.0,0.1494,-0.1035
M0264,2026-01-30,DranDagger,PerseusDark,3,5,1013.01,994.18,1002.52,1003.76,Xtreme,Xtreme,season,S1,2,1,24.5812,25.4485,28.2244,25.7531,0.5271,0.4729,0.1551,0.8449,-0.0494,-0.004
M0265,2026-01-30,SharkScale,SolEclipse,6,2,1026.54,1004.49,1043.9,990.53,Xtreme,Xtreme,season,S1,2,1,32.0629,28.4261,37.0604,29.8074,0.5317,0.4683,1.0,0.0,0.052,-0.0162
M0266,2026-01-30,WyvernHover,WeissTiger,4,2,1000,1016.64,1014.75,1005.91,Xtreme,Xtreme,season,S1,2,1,40.0,27.3667,40.0,29.0918,0.4761,0.5239,0.8449,0.1551,,-0.021
M0267,2026-01-30,DranSword,CobaltDragoon,1,4,1050.36,1050.13,1041.39,1061.96,Xtreme,Xtreme,season,S1,1,1,22.3006,23.0107,22.5744,29.7662,0.5003,0.4997,0.1029,0.8971,0.0041,0.0979
M0268,2026-01-30,FoxBrush,LeonCrest,0,4,1084.98,1042.06,1071.59,1061.62,Xtreme,Xtreme,season,S1,1,1,20.4334,24.5812,23.856,34.8482,0.5615,0.4385,0.0,1.0,-0.0558,0.1392
M0269,2026-01-30,TuskMammoth,ScorpioSpear,4,0,1071.35,1042.24,1081.73,1027.15,Xtreme,Xtreme,season,S1,1,1,17.6531,23.7698,22.6396,32.9296,0.5418,0.4582,1.0,0.0,0.0942,0.1285
M0270,2026-01-30,GolemRock,CerberusFlame,4,3,1109.3,1027.15,1115.78,1021.76,Xtreme,Xtreme,season,S1,1,1,19.3807,21.0148,30.6694,25.5396,0.6161,0.3839,0.8271,0.1729,0.1942,-0.0718
M0271,2026-01-30,ViperTail,ImpactDrake,0,4,1031.02,1107.32,1020.49,1115.12,Xtreme,Xtreme,season,S1,1,1,24.5812,18.9047,26.8573,19.9218,0.3919,0.6081,0.0,1.0,0.0309,-0.0179
M0272,2026-02-11,ValkyrieVolt,SharkEdge,4,0,985.43,1009.87,1008.85,997.42,Xtreme,Xtreme,season,S1,3,2,38.1942,22.3006,43.7574,23.2493,0.4649,0.5351,1.0,0.0,-0.0486,-0.0142
M0273,2026-02-11,UnicornSting,HellsChain,0,4,1002.96,1009.26,991.27,1022.63,Xtreme,Xtreme,season,S1,3,2,23.7698,23.7698,23.8038,27.2249,0.4909,0.5091,0.0,1.0,-0.0005,0.0485
M0274,2026-02-11,SilverWolf,RhinoReaper,2,4,981.77,994.0,971.74,1005.02,Xtreme,Xtreme,season,S1,3,2,26.3757,23.7698,30.6307,33.6661,0.4824,0.5176,0.1551,0.8449,-0.0538,-0.1388
M0275,2026-02-11,WizardRod,WhaleWave,4,2,981.01,984.66,992.23,974.71,Xtreme,Xtreme,season,S1,3,2,24.5812,24.5812,32.055,28.4379,0.4947,0.5053,0.8449,0.1551,-0.1013,-0.0523
M0276,2026-02-11,CrimsonGaruda,LeonClaw,2,5,994.73,997.52,985.09,1007.81,Xtreme,Xtreme,season,S1,3,2,23.7698,25.4485,24.5217,26.1693,0.496,0.504,0.1029,0.8971,0.0105,0.0094
M0277,2026-02-11,WeissTiger,PhoenixWing,4,0,1005.91,1015.02,1022.18,1001.66,Xtreme,Xtreme,season,S1,2,2,26.3757,22.3006,31.7077,26.038,0.4869,0.5131,1.0,0.0,-0.0674,0.0559
M0278,2026-02-11,SolEclipse,DranBrave,0,4,990.53,1028.77,975.55,1040.43,Xtreme,Xtreme,season,S1,2,2,27.3667,21.0148,33.6456,26.1951,0.4452,0.5548,0.0,1.0,-0.0765,0.0822
M0279,2026-02-11,PerseusDark,SharkScale,2,5,1003.76,1043.9,994.26,1057.71,Xtreme,Xtreme,season,S1,2,2,24.5812,30.769,27.9836,40.689,0.4425,0.5575,0.1029,0.8971,0.0461,0.1075
M0280,2026-02-11,KnightMail,DranDagger,6,2,1014.12,1002.52,1025.78,987.84,Xtreme,Xtreme,season,S1,2,2,23.0107,23.7698,24.1205,30.3597,0.5167,0.4833,1.0,0.0,-0.0161,-0.0924
M0281,2026-02-11,HellsReaper,WyvernHover,1,4,1026.42,1014.75,1013.0,1032.89,Xtreme,Xtreme,season,S1,2,2,23.7698,38.1942,32.421,43.8289,0.5168,0.4832,0.1029,0.8971,0.1213,0.0492
M0282,2026-02-11,ImpactDrake,FoxBrush,6,0,1115.12,1071.59,1127.27,1055.44,Xtreme,Xtreme,season,S1,1,2,18.4594,19.8895,20.4926,27.2437,0.5623,0.4377,1.1551,-0.1551,0.0367,-0.1232
M0283,2026-02-11,CerberusFlame,DranSword,1,4,1021.76,1041.39,1012.18,1050.56,Xtreme,Xtreme,season,S1,1,2,20.4334,21.6363,25.9716,24.8457,0.4718,0.5282,0.1029,0.8971,-0.0903,-0.0494
M0284,2026-02-11,ScorpioSpear,GolemRock,4,0,1027.15,1115.78,1043.69,1097.0,Xtreme,Xtreme,season,S1,1,2,23.0107,18.9047,26.4783,30.0441,0.3752,0.6248,1.0,0.0,0.0502,0.1964
M0285,2026-02-11,LeonCrest,TuskMammoth,0,4,1061.62,1081.73,1043.86,1093.36,Xtreme,Xtreme,season,S1,1,2,23.7698,17.2885,37.7125,24.6895,0.4711,0.5289,0.0,1.0,0.1955,0.1427
M0286,2026-02-11,CobaltDragoon,ViperTail,6,2,1061.96,1020.49,1075.85,1009.22,Xtreme,Xtreme,season,S1,1,2,22.3006,23.7698,31.5199,25.5888,0.5594,0.4406,1.0,0.0,0.1378,-0.0255
M0287,2026-02-11,DranSword,ScorpioSpear,0,5,1050.56,1043.69,1037.43,1062.56,Xtreme,Xtreme,season,S1,1,3,21.0148,22.3006,21.414,30.7869,0.5099,0.4901,-0.1029,1.1029,0.0063,0.1268
M0288,2026-02-11,TuskMammoth,ImpactDrake,5,2,1093.36,1127.27,1105.14,1116.55,Xtreme,Xtreme,season,S1,1,3,16.9474,18.0428,26.4287,24.0433,0.4513,0.5487,0.8971,0.1029,0.1865,0.1109
M0289,2026-02-11,GolemRock,LeonCrest,0,5,1097.0,1043.86,1081.21,1064.47,Xtreme,Xtreme,season,S1,1,3,18.4594,23.0107,23.2724,30.3724,0.5759,0.4241,-0.1029,1.1029,0.0869,0.1066
M0290,2026-02-11,ViperTail,FoxBrush,2,4,1009.22,1055.44,1001.25,1063.85,Xtreme,Xtreme,season,S1,1,3,23.0107,19.3807,28.5923,30.1866,0.4339,0.5661,0.1551,0.8449,-0.0809,-0.1859
M0291,2026-02-11,CobaltDragoon,CerberusFlame,4,0,1075.85,1012.18,1089.44,1000.92,Xtreme,Xtreme,season,S1,1,3,21.6363,19.8895,33.2015,27.4963,0.5906,0.4094,1.0,0.0,0.1782,-0.1275
M0292,2026-02-11,DranBrave,PerseusDark,0,4,1040.43,994.26,1024.33,1007.93,Xtreme,Xtreme,season,S1,2,3,20.4334,23.7698,28.4375,24.1473,0.5661,0.4339,0.0,1.0,0.1306,-0.0053
M0293,2026-02-11,DranDagger,WeissTiger,2,5,987.84,1022.18,976.37,1031.3,Xtreme,Xtreme,season,S1,2,3,23.0107,25.4485,32.988,26.213,0.4507,0.5493,0.1029,0.8971,-0.1445,0.01
M0294,2026-02-11,SharkScale,KnightMail,4,0,1057.71,1025.78,1076.71,1014.12,Xtreme,Xtreme,season,S1,2,3,29.5585,22.3006,41.8328,25.6797,0.5458,0.4542,1.0,0.0,0.1384,0.0505
M0295,2026-02-11,WyvernHover,PhoenixWing,4,0,1032.89,1001.66,1054.38,991.22,Xtreme,Xtreme,season,S1,2,3,36.5049,21.6363,47.2158,22.9344,0.5448,0.4552,1.0,0.0,0.0978,-0.02
M0296,2026-02-11,HellsReaper,SolEclipse,4,0,1013.0,975.55,1024.81,959.34,Xtreme,Xtreme,season,S1,2,3,23.0107,26.3757,26.4595,36.3172,0.5537,0.4463,1.0,0.0,0.05,-0.1256
M0297,2026-02-11,HellsChain,SilverWolf,2,5,1022.63,971.74,1008.33,986.94,Xtreme,Xtreme,season,S1,3,3,23.0107,25.4485,30.4282,32.3382,0.5727,0.4273,0.1029,0.8971,0.1074,-0.0902
M0298,2026-02-11,WhaleWave,ValkyrieVolt,0,4,974.71,1008.85,961.03,1026.76,Xtreme,Xtreme,season,S1,3,3,23.7698,36.5049,30.3311,39.7102,0.451,0.549,0.0,1.0,-0.092,0.0293
M0299,2026-02-11,RhinoReaper,WizardRod,5,1,1005.02,992.23,1018.65,979.37,Xtreme,Xtreme,season,S1,3,3,23.0107,23.7698,28.3011,26.7041,0.5184,0.4816,1.0,0.0,-0.0766,-0.0411
M0300,2026-02-11,LeonClaw,SharkEdge,4,3,1007.81,997.42,1016.88,988.97,Xtreme,Xtreme,season,S1,3,3,24.5812,21.6363,29.0496,27.0651,0.5149,0.4851,0.8271,0.1729,0.0606,-0.0836
M0301,2026-02-11,CrimsonGaruda,UnicornSting,0,4,985.09,991.27,972.33,1004.81,Xtreme,Xtreme,season,S1,3,3,23.0107,23.0107,25.998,27.5579,0.4911,0.5089,0.0,1.0,-0.0433,-0.0659
M0302,2026-02-11,EmperorMight,WolfHunt,0,4,1000,1000,980.0,1020.0,Xtreme,Xtreme,exhibition,,,,40.0,40.0,40.0,40.0,0.5,0.5,0.0,1.0,,
M0303,2026-02-11,TuskMammoth,EmperorMight,4,0,1105.14,980.0,1114.19,965.0,Xtreme,Xtreme,exhibition,,,,16.6284,38.1942,27.6556,45.833,0.6727,0.3273,1.0,0.0,0.2211,-0.0667
M0304,2026-02-11,TuskMammoth,WolfHunt,4,0,1114.19,1020.0,1124.43,1003.15,Xtreme,Xtreme,exhibition,,,,16.3299,38.1942,27.8532,45.833,0.6323,0.3677,1.0,0.0,0.2352,0.0667
M0305,2026-02-11,TuskMammoth,WyvernHover,4,0,1124.43,1054.38,1135.74,1034.29,Xtreme,Xtreme,exhibition,,,,16.0506,34.9245,28.2273,50.164,0.5995,0.4005,1.0,0.0,0.2529,0.1455
M0306,2026-02-11,TuskMammoth,ValkyrieVolt,0,5,1135.74,1026.76,1114.08,1059.88,Xtreme,Xtreme,exhibition,,,,15.7894,34.9245,28.7005,43.8829,0.6519,0.3481,-0.1029,1.1029,0.2726,0.0855
M0307,2026-02-11,SharkScale,CerberusFlame,4,1,1076.71,1000.92,1089.41,992.53,Xtreme,Xtreme,exhibition,,,,28.4261,19.3807,43.8204,28.9782,0.6074,0.3926,0.8971,0.1029,0.1805,-0.1651
M0308,2026-02-11,SolEclipse,SharkEdge,5,0,959.34,988.97,984.06,970.77,Xtreme,Xtreme,exhibition,,,,25.4485,21.0148,38.3048,28.209,0.4575,0.5425,1.1029,-0.1029,-0.1684,-0.1141
M0309,2026-02-11,EmperorMight,WolfHunt,4,2,1000,1000,1013.8,986.2,Drop Attack,Drop Attack,exhibition,,,,40.0,40.0,40.0,40.0,0.5,0.5,0.8449,0.1551,,
M0310,2026-02-11,PhoenixWing,CobaltDragoon,2,4,992.79,984.12,979.2,999.93,Drop Attack,Drop Attack,exhibition,,,,33.446,38.1942,38.0336,44.261,0.5125,0.4875,0.1551,0.8449,-0.0457,-0.0529
M0311,2026-02-11,ImpactDrake,CobaltDrake,5,2,980.0,1004.73,999.83,988.22,Drop Attack,Drop Attack,exhibition,,,,38.1942,36.5049,45.833,38.1632,0.4645,0.5355,0.8971,0.1029,-0.0667,0.0151
M0312,2026-02-13,WizardArc,LeonClaw,4,0,1041.56,980.0,1059.48,961.1,Drop Attack,Drop Attack,tournament_quarter,,,,33.446,38.1942,43.4701,45.833,0.5877,0.4123,1.0,0.0,0.0999,-0.0667
M0313,2026-02-13,SamuraiSaber,CobaltDrake,2,6,1035.65,988.22,1011.09,1010.7,Drop Attack,Drop Attack,tournament_quarter,,,,33.446,34.9245,43.2495,39.5932,0.5678,0.4322,0.0,1.0,0.0977,-0.0446
M0314,2026-02-13,PhoenixWing,ValkyrieVolt,0,5,979.2,1105.36,961.84,1129.87,Drop Attack,Drop Attack,tournament_quarter,,,,32.0629,33.446,40.4577,57.1508,0.326,0.674,-0.1029,1.1029,-0.0873,0.2362
M0315,2026-02-13,TuskMammoth,LeonCrest,0,4,1003.77,980.0,985.2,1004.48,Drop Attack,Drop Attack,tournament_quarter,,,,33.446,38.1942,34.7692,45.833,0.5342,0.4658,0.0,1.0,0.0132,-0.0667
M0316,2026-02-13,WizardArc,CobaltDrake,4,2,1059.48,1010.7,1072.05,1000.48,Drop Attack,Drop Attack,tournament_semi,,,,32.0629,33.446,45.6793,37.1678,0.5697,0.4303,0.8449,0.1551,0.1416,0.0371
M0317,2026-02-13,ValkyrieVolt,LeonCrest,5,2,1129.87,1004.48,1142.7,995.97,Drop Attack,Drop Attack,tournament_semi,,,,32.0629,36.5049,57.2584,37.9771,0.673,0.327,0.8971,0.1029,0.2619,0.0134
M0318,2026-02-13,CobaltDrake,LeonCrest,4,1,1000.48,995.97,1013.17,981.58,Drop Attack,Drop Attack,tournament_semi,,,,32.0629,34.9245,32.4995,36.8343,0.5065,0.4935,0.8971,0.1029,-0.0045,-0.0182
M0319,2026-02-13,WizardArc,ValkyrieVolt,3,8,1072.05,1142.7,1049.19,1170.08,Drop Attack,Drop Attack,tournament_final,,,,30.769,30.769,45.48,54.482,0.3997,0.6003,-0.1029,1.1029,0.1594,0.2569
M0320,2026-02-13,WizardRod,HellsChain,0,4,979.37,1008.33,965.66,1019.49,Xtreme,Xtreme,season,S1,3,4,23.0107,22.3006,29.9055,24.3399,0.4584,0.5416,0.0,1.0,-0.0999,0.0305
M0321,2026-02-13,SilverWolf,CrimsonGaruda,0,4,986.94,972.33,973.53,987.53,Xtreme,Xtreme,season,S1,3,4,24.5812,22.3006,25.7293,29.1905,0.521,0.479,0.0,1.0,-0.0156,-0.103
M0322,2026-02-13,UnicornSting,LeonClaw,0,4,1004.81,1016.88,993.77,1031.59,Xtreme,Xtreme,season,S1,3,4,22.3006,23.7698,22.8622,30.4829,0.4826,0.5174,0.0,1.0,0.0084,0.0941
M0323,2026-02-13,ValkyrieVolt,RhinoReaper,5,3,1059.88,1018.65,1074.45,1012.23,Xtreme,Xtreme,season,S1,3,4,33.446,22.3006,50.9791,22.448,0.5591,0.4409,0.8449,0.1551,0.1747,-0.0022
M0324,2026-02-13,SharkEdge,WhaleWave,4,1,970.77,961.03,982.94,948.51,Xtreme,Xtreme,season,S1,3,4,20.4334,23.0107,31.7713,32.667,0.514,0.486,0.8971,0.1029,-0.185,-0.1399
M0325,2026-02-13,KnightMail,DranBrave,2,4,1014.12,1024.33,1006.61,1031.64,Xtreme,Xtreme,season,S1,2,4,21.6363,19.8895,22.7256,22.1383,0.4853,0.5147,0.1551,0.8449,-0.0168,0.0377
M0326,2026-02-13,PerseusDark,HellsReaper,4,0,1007.93,1024.81,1022.56,1009.52,Xtreme,Xtreme,season,S1,2,4,23.0107,22.3006,27.9042,29.1784,0.4757,0.5243,1.0,0.0,0.0709,0.1028
M0327,2026-02-13,SolEclipse,WyvernHover,4,1,984.06,1034.29,997.66,1015.19,Xtreme,Xtreme,season,S1,2,4,24.5812,33.446,28.9972,40.736,0.4282,0.5718,0.8971,0.1029,-0.0599,0.0727
M0328,2026-02-13,WeissTiger,SharkScale,4,3,1031.3,1089.41,1043.04,1071.62,Xtreme,Xtreme,season,S1,2,4,24.5812,27.3667,28.6414,43.3828,0.4171,0.5829,0.8271,0.1729,0.0551,0.1951
M0329,2026-02-13,PhoenixWing,DranDagger,1,4,991.22,976.37,980.37,990.5,Xtreme,Xtreme,season,S1,2,4,21.0148,22.3006,25.9337,33.7836,0.5214,0.4786,0.1029,0.8971,-0.078,-0.1716
M0330,2026-02-13,LeonCrest,DranSword,4,0,1064.47,1037.43,1080.4,1025.86,Xtreme,Xtreme,season,S1,1,4,22.3006,20.4334,34.5389,25.1054,0.5388,0.4612,1.0,0.0,0.1829,-0.0762
M0331,2026-02-13,ScorpioSpear,CobaltDragoon,4,0,1062.56,1089.44,1080.91,1071.03,Xtreme,Xtreme,season,S1,1,4,21.6363,21.0148,34.0753,34.1913,0.4614,0.5386,1.0,0.0,0.1916,0.209
M0332,2026-02-13,CerberusFlame,ViperTail,4,0,992.53,1001.25,1007.5,986.14,Xtreme,Xtreme,season,S1,1,4,18.9047,22.3006,29.2091,29.4754,0.4875,0.5125,1.0,0.0,-0.1817,-0.1072
M0333,2026-02-13,ImpactDrake,GolemRock,4,0,1116.55,1081.21,1125.36,1072.73,Xtreme,Xtreme,season,S1,1,4,17.6531,18.0428,19.5937,18.8647,0.5507,0.4493,1.0,0.0,0.0366,-0.0152
M0334,2026-02-13,FoxBrush,TuskMammoth,2,6,1063.85,1114.08,1052.75,1123.44,Xtreme,Xtreme,season,S1,1,4,18.9047,15.545,25.9318,21.8682,0.4282,0.5718,0.0,1.0,-0.1239,0.1356
M0335,2026-02-26,RhinoReaper,SharkEdge,3,4,1012.23,982.94,1003.29,992.69,Xtreme,Xtreme,season,S1,3,5,21.6363,19.8895,24.234,26.4064,0.5421,0.4579,0.1729,0.8271,-0.04,-0.1092
M0336,2026-02-26,LeonClaw,WhaleWave,2,4,1031.59,948.51,1016.3,964.15,Xtreme,Xtreme,season,S1,3,5,23.0107,22.3006,33.0853,33.8283,0.6173,0.3827,0.1551,0.8449,0.1459,-0.1723
M0337,2026-02-26,HellsChain,ValkyrieVolt,0,5,1019.49,1074.45,1005.16,1100.83,Xtreme,Xtreme,season,S1,3,5,21.6363,32.0629,27.3184,50.2956,0.4216,0.5784,-0.1029,1.1029,0.0875,0.1896
M0338,2026-02-26,CrimsonGaruda,WizardRod,2,4,987.53,965.66,978.91,977.77,Xtreme,Xtreme,season,S1,3,5,21.6363,22.3006,22.9205,32.1809,0.5314,0.4686,0.1551,0.8449,-0.0198,-0.1477
M0339,2026-02-26,UnicornSting,SilverWolf,3,5,993.77,973.53,984.29,984.63,Xtreme,Xtreme,season,S1,3,5,21.6363,23.7698,25.341,29.6858,0.5291,0.4709,0.1551,0.8449,-0.0571,-0.083
M0340,2026-02-26,SharkScale,PhoenixWing,4,0,1071.62,980.37,1084.79,969.96,Xtreme,Xtreme,season,S1,2,5,26.3757,20.4334,35.428,27.9987,0.6284,0.3716,1.0,0.0,0.1144,-0.1234
M0341,2026-02-26,WyvernHover,DranDagger,5,2,1015.19,990.5,1026.8,980.5,Xtreme,Xtreme,season,S1,2,5,32.0629,21.6363,32.1061,27.6702,0.5355,0.4645,0.8971,0.1029,0.0004,-0.093
M0342,2026-02-26,DranBrave,WeissTiger,4,3,1031.64,1043.04,1039.83,1032.37,Xtreme,Xtreme,season,S1,2,5,19.3807,23.7698,23.8396,31.0707,0.4836,0.5164,0.8271,0.1729,0.0767,0.1024
M0343,2026-02-26,HellsReaper,KnightMail,3,4,1009.52,1006.61,1001.93,1014.8,Xtreme,Xtreme,season,S1,2,5,21.6363,21.0148,22.8821,24.7074,0.5042,0.4958,0.1729,0.8271,0.0192,-0.0586
M0344,2026-02-26,SolEclipse,PerseusDark,2,5,997.66,1022.56,988.8,1033.79,Xtreme,Xtreme,season,S1,2,5,23.7698,22.3006,24.5271,31.0875,0.4642,0.5358,0.1029,0.8971,0.0106,0.1313
M0345,2026-02-26,GolemRock,FoxBrush,3,4,1072.73,1052.75,1065.07,1062.56,Xtreme,Xtreme,season,S1,1,5,17.6531,18.4594,21.5226,27.568,0.5287,0.4713,0.1729,0.8271,-0.0731,-0.1645
M0346,2026-02-26,ViperTail,TuskMammoth,5,0,986.14,1123.44,1011.53,1104.98,Xtreme,Xtreme,season,S1,1,5,21.6363,15.3164,32.105,23.3394,0.3121,0.6879,1.1029,-0.1029,-0.1613,0.1746
M0347,2026-02-26,DranSword,ImpactDrake,2,4,1025.86,1125.36,1020.2,1129.89,Xtreme,Xtreme,season,S1,1,5,19.8895,17.2885,27.4998,22.0427,0.3606,0.6394,0.1551,0.8449,-0.1275,0.0917
M0348,2026-02-26,CobaltDragoon,LeonCrest,0,4,1071.03,1080.4,1057.83,1097.87,Xtreme,Xtreme,season,S1,1,5,20.4334,21.6363,27.1349,35.918,0.4865,0.5135,0.0,1.0,0.1093,0.22
M0349,2026-02-26,CerberusFlame,ScorpioSpear,3,4,1007.5,1080.91,1002.28,1088.94,Xtreme,Xtreme,season,S1,1,5,18.4594,21.0148,23.395,36.0131,0.3959,0.6041,0.1729,0.8271,-0.0891,0.2379
M0350,2026-02-26,ScorpioSpear,ViperTail,0,5,1088.94,1011.53,1064.08,1028.05,Xtreme,Xtreme,season,S1,1,6,20.4334,21.0148,34.8953,23.1797,0.6096,0.3904,-0.1029,1.1029,0.2359,-0.0343
M0351,2026-02-26,LeonCrest,CerberusFlame,4,1,1097.87,1002.28,1107.63,996.01,Xtreme,Xtreme,season,S1,1,6,21.0148,18.0428,37.1264,23.8334,0.6342,0.3658,0.8971,0.1029,0.2556,-0.107
M0352,2026-02-26,ImpactDrake,CobaltDragoon,2,4,1129.89,1057.83,1119.88,1067.52,Xtreme,Xtreme,season,S1,1,6,16.9474,19.8895,22.3794,21.6722,0.6022,0.3978,0.1551,0.8449,0.1068,0.0299
M0353,2026-02-26,FoxBrush,DranSword,1,5,1062.56,1020.2,1049.56,1035.57,Xtreme,Xtreme,season,S1,1,6,18.0428,19.3807,23.1905,27.4005,0.5607,0.4393,0.0,1.0,-0.0951,-0.1379
M0354,2026-02-26,TuskMammoth,GolemRock,0,4,1104.98,1065.07,1095.41,1077.9,Xtreme,Xtreme,season,S1,1,6,15.1025,17.2885,17.1814,23.0338,0.5572,0.4428,0.0,1.0,0.0459,-0.1108
M0355,2026-02-26,PerseusDark,WyvernHover,0,4,1033.79,1026.8,1017.39,1044.78,Xtreme,Xtreme,season,S1,2,6,21.6363,30.769,32.1519,35.2557,0.5101,0.4899,0.0,1.0,0.162,0.0486
M0356,2026-02-26,KnightMail,SolEclipse,4,0,1014.8,988.8,1024.44,976.91,Xtreme,Xtreme,season,S1,2,6,20.4334,23.0107,20.8372,25.7012,0.5374,0.4626,1.0,0.0,-0.0066,-0.039
M0357,2026-02-26,WeissTiger,HellsReaper,0,4,1032.37,1001.93,1018.24,1014.3,Xtreme,Xtreme,season,S1,2,6,23.0107,21.0148,25.9741,22.7512,0.5437,0.4563,0.0,1.0,0.0429,-0.0275
M0358,2026-02-26,PhoenixWing,DranBrave,0,5,969.96,1039.83,955.24,1052.56,Xtreme,Xtreme,season,S1,2,6,19.8895,18.9047,29.2281,25.272,0.4008,0.5992,-0.1029,1.1029,-0.1565,0.1123
M0359,2026-02-26,DranDagger,SharkScale,2,5,980.5,1084.79,973.17,1094.04,Xtreme,Xtreme,season,S1,2,6,21.0148,25.4485,29.1339,36.8009,0.3543,0.6457,0.1029,0.8971,-0.1288,0.1487
M0360,2026-02-26,SilverWolf,LeonClaw,2,5,984.63,1016.3,976.01,1025.67,Xtreme,Xtreme,season,S1,3,6,23.0107,22.3006,24.5319,26.6393,0.4546,0.5454,0.1029,0.8971,-0.022,0.0649
M0361,2026-02-26,WizardRod,UnicornSting,2,4,977.77,984.29,968.82,993.45,Xtreme,Xtreme,season,S1,3,6,21.6363,21.0148,26.6872,27.2771,0.4906,0.5094,0.1551,0.8449,-0.0778,-0.0993
M0362,2026-02-26,ValkyrieVolt,CrimsonGaruda,6,3,1100.83,978.91,1112.8,973.14,Xtreme,Xtreme,season,S1,3,6,30.769,21.0148,52.3878,25.2592,0.6686,0.3314,0.8971,0.1029,0.2342,-0.0673
M0363,2026-02-26,SharkEdge,HellsChain,4,0,992.69,1005.16,1004.09,994.09,Xtreme,Xtreme,season,S1,3,6,19.3807,21.0148,22.022,21.3893,0.4821,0.5179,1.0,0.0,-0.0454,0.0059
M0364,2026-02-26,WhaleWave,RhinoReaper,0,4,964.15,1003.29,952.02,1014.96,Xtreme,Xtreme,season,S1,3,6,21.6363,21.0148,27.329,26.305,0.4439,0.5561,0.0,1.0,-0.0877,-0.0839
M0365,2026-02-26,LeonClaw,RhinoReaper,1,5,1025.67,1014.96,1011.07,1025.92,Xtreme,Xtreme,season,S1,3,7,21.6363,20.4334,28.3279,21.2631,0.5154,0.4846,0.0,1.0,0.1031,-0.0135
M0366,2026-02-26,HellsChain,WhaleWave,5,0,994.09,952.02,1007.3,935.99,Xtreme,Xtreme,season,S1,3,7,20.4334,21.0148,24.3513,29.5383,0.5602,0.4398,1.1029,-0.1029,-0.0639,-0.1352
M0367,2026-02-26,CrimsonGaruda,SharkEdge,2,5,973.14,1004.09,964.01,1011.35,Xtreme,Xtreme,season,S1,3,7,20.4334,18.9047,25.8778,20.5885,0.4556,0.5444,0.1029,0.8971,-0.0888,0.0297
M0368,2026-02-26,UnicornSting,ValkyrieVolt,2,4,993.45,1112.8,989.32,1121.83,Xtreme,Xtreme,season,S1,3,7,20.4334,29.5585,22.9683,50.2594,0.3347,0.6653,0.1551,0.8449,-0.0414,0.2334
M0369,2026-02-26,SilverWolf,WizardRod,4,0,976.01,968.82,989.09,955.07,Xtreme,Xtreme,season,S1,3,7,22.3006,21.0148,26.7151,28.0868,0.5103,0.4897,1.0,0.0,-0.066,-0.1122
M0370,2026-02-26,WyvernHover,SharkScale,2,4,1044.78,1094.04,1033.99,1104.07,Xtreme,Xtreme,season,S1,2,7,29.5585,24.5812,39.3246,36.5561,0.4296,0.5704,0.1551,0.8449,0.1101,0.1624
M0371,2026-02-26,DranBrave,DranDagger,4,2,1052.56,973.17,1058.97,966.35,Xtreme,Xtreme,season,S1,2,7,18.4594,20.4334,27.5668,29.3298,0.6123,0.3877,0.8449,0.1551,0.1645,-0.1451
M0372,2026-02-26,HellsReaper,PhoenixWing,2,4,1014.3,955.24,1004.26,968.62,Xtreme,Xtreme,season,S1,2,7,20.4334,19.3807,23.4139,31.1718,0.5842,0.4158,0.1551,0.8449,0.0486,-0.2028
M0373,2026-02-26,SolEclipse,WeissTiger,0,4,976.91,1018.24,964.26,1029.11,Xtreme,Xtreme,season,S1,2,7,22.3006,22.3006,28.6874,24.6614,0.4408,0.5592,0.0,1.0,-0.0955,-0.0353
M0374,2026-02-26,PerseusDark,KnightMail,0,4,1017.39,1024.44,1004.86,1035.82,Xtreme,Xtreme,season,S1,2,7,21.0148,19.8895,25.5791,23.2297,0.4899,0.5101,0.0,1.0,0.0724,0.056
M0375,2026-02-26,ViperTail,GolemRock,2,5,1028.05,1077.9,1020.08,1083.79,Xtreme,Xtreme,season,S1,1,7,20.4334,16.9474,24.4327,18.0513,0.4287,0.5713,0.1029,0.8971,0.0652,-0.0217
M0376,2026-02-26,DranSword,TuskMammoth,5,0,1035.57,1095.41,1050.32,1084.09,Xtreme,Xtreme,season,S1,1,7,18.9047,14.9024,21.4449,16.4459,0.4147,0.5853,1.1029,-0.1029,-0.0448,-0.0345
M0377,2026-02-26,CobaltDragoon,FoxBrush,1,5,1067.52,1049.56,1054.71,1063.22,Xtreme,Xtreme,season,S1,1,7,19.3807,17.6531,24.3525,25.9769,0.5258,0.4742,0.0,1.0,0.0855,-0.1572
M0378,2026-02-26,CerberusFlame,ImpactDrake,3,5,996.01,1119.88,991.77,1123.06,Xtreme,Xtreme,season,S1,1,7,17.6531,16.6284,24.4196,18.2734,0.3289,0.6711,0.1551,0.8449,-0.1278,0.033
M0379,2026-02-26,ScorpioSpear,LeonCrest,5,2,1064.08,1107.63,1076.22,1091.02,Xtreme,Xtreme,season,S1,1,7,19.8895,20.4334,26.421,36.1592,0.4376,0.5624,0.8971,0.1029,0.1095,0.2565
M0380,2026-02-26,HellsBrave,TyrannoRoar,3,6,1000,1000,984.12,1015.88,Xtreme,Xtreme,exhibition,,,,40.0,40.0,40.0,40.0,0.5,0.5,0.1029,0.8971,,
M0381,2026-02-26,TyrannoRoar,ClockMirage,4,0,1015.88,1000,1037.0,980.91,Xtreme,Xtreme,exhibition,,,,38.1942,40.0,44.261,40.0,0.5228,0.4772,1.0,0.0,0.0529,
M0382,2026-02-26,ClockMirage,HellsBrave,0,5,980.91,984.12,953.7,1010.6,Xtreme,Xtreme,exhibition,,,,38.1942,38.1942,45.484,44.261,0.4954,0.5046,-0.1029,1.1029,-0.0636,-0.0529
M0383,2026-02-26,TyrannoBeat,TyrannoRoar,0,4,922.83,1037.0,908.57,1053.56,Xtreme,Xtreme,exhibition,,,,27.3667,36.5049,41.7753,48.4976,0.3414,0.6586,0.0,1.0,-0.1755,0.1095
M0384,2026-02-26,ClockMirage,EmperorMight,4,2,953.7,965.0,972.22,947.8,Xtreme,Xtreme,exhibition,,,,36.5049,36.5049,51.2795,47.6118,0.4837,0.5163,0.8449,0.1551,-0.1349,-0.1014
M0385,2026-02-26,ClockMirage,WizardRod,4,2,972.22,955.07,985.71,945.33,Xtreme,Xtreme,exhibition,,,,34.9245,20.4334,42.1297,30.3951,0.5247,0.4753,0.8449,0.1551,-0.0688,-0.1625
M0386,2026-02-26,WolfHunt,SilverWolf,0,5,1003.15,989.09,979.8,1002.9,Xtreme,Xtreme,exhibition,,,,36.5049,21.6363,37.4636,22.1622,0.5202,0.4798,-0.1029,1.1029,0.0088,0.0081
M0387,2026-02-26,TyrannoRoar,CobaltDrake,4,2,1053.56,954.84,1063.81,946.33,Xtreme,Xtreme,exhibition,,,,34.9245,32.0629,49.637,41.2051,0.6384,0.3616,0.8449,0.1551,0.1404,-0.095
M0388,2026-02-26,HellsBrave,EmperorMight,4,0,1010.6,947.8,1027.11,927.61,Xtreme,Xtreme,exhibition,,,,36.5049,34.9245,40.2158,49.1788,0.5894,0.4106,1.0,0.0,0.0339,-0.136
M0389,2026-02-26,PerseusDark,CerberusFlame,1,5,1004.86,991.77,994.18,1004.34,Xtreme,Xtreme,exhibition,,,,20.4334,17.2885,20.591,24.2337,0.5188,0.4812,0.0,1.0,-0.0026,-0.1339
M0390,2026-03-01,ValkyrieVolt,SilverWolf,0,4,1121.83,1002.9,1090.1,1020.64,Xtreme,Xtreme,season,S1,3,8,28.4261,21.0148,47.7215,26.6954,0.6648,0.3352,0.0,1.0,0.2263,0.0901
M0391,2026-03-01,WizardRod,LeonClaw,0,5,945.33,1011.07,929.62,1022.43,Xtreme,Xtreme,season,S1,3,8,19.8895,21.0148,30.8408,22.3152,0.4065,0.5935,-0.1029,1.1029,-0.1835,0.0206
M0392,2026-03-01,SharkEdge,UnicornSting,3,4,1011.35,989.32,1003.29,997.74,Xtreme,Xtreme,season,S1,3,8,18.4594,19.8895,22.4883,23.4567,0.5317,0.4683,0.1729,0.8271,0.0728,-0.0598
M0393,2026-03-01,WhaleWave,CrimsonGaruda,0,4,935.99,964.01,921.25,976.56,Xtreme,Xtreme,season,S1,3,8,20.4334,19.8895,32.0514,27.2881,0.4598,0.5402,0.0,1.0,-0.1895,-0.124
M0394,2026-03-01,RhinoReaper,HellsChain,3,4,1025.92,1007.3,1017.68,1014.7,Xtreme,Xtreme,season,S1,3,8,19.8895,19.8895,23.2901,20.9017,0.5268,0.4732,0.1729,0.8271,0.057,0.017
M0395,2026-03-01,UnicornSting,WhaleWave,3,5,997.74,921.25,988.85,936.37,Xtreme,Xtreme,season,S1,3,9,19.3807,19.8895,19.6115,33.3482,0.6083,0.3917,0.1551,0.8449,-0.004,-0.2256
M0396,2026-03-01,CrimsonGaruda,RhinoReaper,5,2,976.56,1017.68,986.62,1008.78,Xtreme,Xtreme,season,S1,3,9,19.3807,19.3807,22.0646,19.5088,0.4411,0.5589,0.8971,0.1029,-0.0462,0.0022
M0397,2026-03-01,LeonClaw,HellsChain,0,4,1022.43,1014.7,1009.3,1026.44,Xtreme,Xtreme,season,S1,3,9,20.4334,19.3807,25.6929,22.9792,0.5111,0.4889,0.0,1.0,0.0858,0.0619
M0398,2026-03-01,SilverWolf,SharkEdge,4,2,1020.64,1003.29,1030.45,997.25,Xtreme,Xtreme,season,S1,3,9,20.4334,18.0428,30.6538,18.8662,0.525,0.475,0.8449,0.1551,0.1667,0.0152
M0399,2026-03-01,WizardRod,ValkyrieVolt,0,4,929.62,1090.1,920.37,1100.39,Xtreme,Xtreme,season,S1,3,9,19.3807,27.3667,32.5782,36.1892,0.2842,0.7158,0.0,1.0,-0.227,0.1075
M0400,2026-03-01,WeissTiger,PerseusDark,4,0,1029.11,994.18,1039.67,983.31,Xtreme,Xtreme,season,S1,2,8,21.6363,19.8895,23.466,24.1502,0.5501,0.4499,1.0,0.0,0.0282,-0.0714
M0401,2026-03-01,KnightMail,WyvernHover,4,0,1035.82,1033.99,1048.75,1017.36,Xtreme,Xtreme,season,S1,2,8,19.3807,28.4261,25.999,33.4449,0.5026,0.4974,1.0,0.0,0.1138,0.0589
M0402,2026-03-01,PhoenixWing,SolEclipse,4,3,968.62,964.26,976.84,954.37,Xtreme,Xtreme,season,S1,2,8,18.9047,21.6363,25.628,30.8214,0.5063,0.4937,0.8271,0.1729,-0.1185,-0.1415
M0403,2026-03-01,DranDagger,HellsReaper,2,5,966.35,1004.26,956.33,1011.38,Xtreme,Xtreme,season,S1,2,8,19.8895,19.8895,29.2449,20.7889,0.4457,0.5543,0.1029,0.8971,-0.1568,-0.0151
M0404,2026-03-01,SharkScale,DranBrave,4,0,1104.07,1058.97,1119.93,1047.02,Xtreme,Xtreme,season,S1,2,8,23.7698,18.0428,36.4152,27.4365,0.5645,0.4355,1.0,0.0,0.1773,0.1735
M0405,2026-03-01,SolEclipse,DranDagger,3,4,954.37,956.33,944.17,966.04,Xtreme,Xtreme,season,S1,2,9,21.0148,19.3807,31.4439,29.9385,0.4972,0.5028,0.1729,0.8271,-0.1654,-0.1816
M0406,2026-03-01,HellsReaper,SharkScale,1,5,1011.38,1119.93,1003.96,1133.05,Xtreme,Xtreme,season,S1,2,9,19.3807,23.0107,21.2785,37.6282,0.3487,0.6513,0.0,1.0,0.0326,0.2117
M0407,2026-03-01,WyvernHover,DranBrave,2,4,1017.36,1047.02,1008.7,1053.84,Xtreme,Xtreme,season,S1,2,9,27.3667,17.6531,28.6238,22.5435,0.4574,0.5426,0.1551,0.8449,-0.0153,0.0923
M0408,2026-03-01,PerseusDark,PhoenixWing,4,2,983.31,976.84,992.19,969.53,Xtreme,Xtreme,season,S1,2,9,19.3807,18.4594,26.4665,21.7797,0.5093,0.4907,0.8449,0.1551,-0.1219,-0.06
M0409,2026-03-01,KnightMail,WeissTiger,2,4,1048.75,1039.67,1038.63,1049.1,Xtreme,Xtreme,season,S1,2,9,18.9047,21.0148,28.2607,26.3368,0.5131,0.4869,0.1551,0.8449,0.165,0.0844
M0410,2026-03-01,ImpactDrake,ScorpioSpear,4,1,1123.06,1076.22,1129.28,1066.83,Xtreme,Xtreme,season,S1,1,8,16.3299,19.3807,18.8653,28.4583,0.567,0.433,0.8971,0.1029,0.0518,0.1561
M0411,2026-03-01,LeonCrest,ViperTail,0,6,1091.02,1020.08,1068.73,1035.71,Xtreme,Xtreme,season,S1,1,8,19.8895,19.8895,29.5005,20.671,0.6007,0.3993,-0.1551,1.1551,0.1611,0.0131
M0412,2026-03-01,FoxBrush,CerberusFlame,5,0,1063.22,1004.34,1073.97,994.31,Xtreme,Xtreme,season,S1,1,8,17.2885,16.9474,20.7172,19.3307,0.5839,0.4161,1.1029,-0.1029,-0.0661,-0.0469
M0413,2026-03-01,TuskMammoth,CobaltDragoon,5,0,1084.09,1054.71,1095.35,1043.98,Xtreme,Xtreme,season,S1,1,8,14.7152,18.9047,20.0868,19.1316,0.5422,0.4578,1.1029,-0.1029,-0.1217,0.004
M0414,2026-03-01,GolemRock,DranSword,2,4,1083.79,1050.32,1076.77,1058.73,Xtreme,Xtreme,season,S1,1,8,16.6284,18.4594,17.8569,21.3911,0.548,0.452,0.1551,0.8449,0.0246,0.0529
M0415,2026-03-01,CerberusFlame,TuskMammoth,4,3,994.31,1095.35,1004.67,1087.91,Xtreme,Xtreme,season,S1,1,9,16.6284,14.5401,22.1069,15.8789,0.3586,0.6414,0.8271,0.1729,-0.1098,-0.0307
M0416,2026-03-01,CobaltDragoon,GolemRock,3,4,1043.98,1076.77,1037.71,1081.77,Xtreme,Xtreme,season,S1,1,9,18.4594,16.3299,22.4077,17.8506,0.453,0.547,0.1729,0.8271,-0.0713,-0.031
M0417,2026-03-01,ViperTail,DranSword,4,1,1035.71,1058.73,1046.85,1048.68,Xtreme,Xtreme,season,S1,1,9,19.3807,18.0428,25.8999,23.3619,0.4669,0.5331,0.8971,0.1029,0.1121,0.0983
M0418,2026-03-01,ScorpioSpear,FoxBrush,3,4,1066.83,1073.97,1059.2,1079.53,Xtreme,Xtreme,season,S1,1,9,18.9047,16.9474,24.0825,17.5527,0.4897,0.5103,0.1729,0.8271,0.0913,0.0119
M0419,2026-03-01,LeonCrest,ImpactDrake,4,3,1068.73,1129.28,1077.67,1120.88,Xtreme,Xtreme,season,S1,1,9,19.3807,16.0506,21.6379,20.3298,0.4137,0.5863,0.8271,0.1729,0.0388,0.0889
M0420,2026-03-20,LeonCrest,ValkyrieVolt,0,4,1077.67,1100.39,1066.48,1117.56,Xtreme,Xtreme,season_cup,S1,,,18.9047,26.3757,23.9392,36.7431,0.4674,0.5326,0.0,1.0,0.0888,0.131
M0421,2026-03-20,ScorpioSpear,SharkScale,3,5,1059.2,1133.05,1054.27,1142.1,Xtreme,Xtreme,season_cup,S1,,,18.4594,22.3006,20.5015,37.6884,0.3953,0.6047,0.1551,0.8449,0.0369,0.23
M0422,2026-03-20,ImpactDrake,WeissTiger,4,0,1120.88,1049.1,1127.58,1038.01,Xtreme,Xtreme,season_cup,S1,,,15.7894,20.4334,16.8266,27.8439,0.6019,0.3981,1.0,0.0,0.0219,0.1209
M0423,2026-03-20,TuskMammoth,KnightMail,6,0,1087.91,1038.63,1098.57,1024.76,Xtreme,Xtreme,season_cup,S1,,,14.3763,18.4594,18.2182,23.7339,0.5704,0.4296,1.1551,-0.1551,-0.0891,0.0952
M0424,2026-03-20,LeonCrest,ScorpioSpear,5,1,1066.48,1054.27,1075.78,1045.57,Xtreme,Xtreme,season_cup,S1,,,18.4594,18.0428,19.269,18.0464,0.5176,0.4824,1.0,0.0,0.0146,-0.0001
M0425,2026-03-20,WeissTiger,KnightMail,4,1,1038.01,1024.76,1046.7,1017.84,Xtreme,Xtreme,season_cup,S1,,,19.8895,18.0428,22.9734,18.2913,0.5191,0.4809,0.8971,0.1029,0.0517,0.0046
M0426,2026-03-20,ValkyrieVolt,SharkScale,5,1,1117.56,1142.1,1138.37,1122.48,Xtreme,Xtreme,season_cup_quarter,S1,,,25.4485,21.6363,38.8752,36.6537,0.4647,0.5353,1.0,0.0,0.1759,0.2314
M0427,2026-03-20,ImpactDrake,TuskMammoth,5,2,1127.58,1098.57,1134.3,1093.5,Xtreme,Xtreme,season_cup_quarter,S1,,,15.545,14.223,18.9056,14.2552,0.5417,0.4583,0.8971,0.1029,0.0721,0.0008
M0428,2026-03-20,SharkScale,WeissTiger,6,2,1122.48,1046.7,1133.93,1036.92,Xtreme,Xtreme,season_cup_quarter,S1,,,21.0148,19.3807,29.1567,24.9157,0.6074,0.3926,1.0,0.0,0.1291,0.0952
M0429,2026-03-20,TuskMammoth,LeonCrest,5,3,1093.5,1075.78,1098.63,1068.68,Xtreme,Xtreme,season_cup_quarter,S1,,,14.0797,18.0428,16.0539,22.2104,0.5255,0.4745,0.8449,0.1551,-0.0467,0.077
M0430,2026-03-20,TuskMammoth,SharkScale,6,2,1098.63,1133.93,1106.35,1117.13,Xtreme,Xtreme,season_cup_semi,S1,,,13.9455,20.4334,14.0326,30.5037,0.4494,0.5506,1.0,0.0,0.0021,0.1643
M0431,2026-03-20,ValkyrieVolt,ImpactDrake,2,5,1138.37,1134.3,1121.81,1142.5,Xtreme,Xtreme,season_cup_semi,S1,,,24.5812,15.3164,41.084,20.3637,0.5059,0.4941,0.1029,0.8971,0.2238,0.1098
M0432,2026-03-20,KnightMail,ScorpioSpear,5,0,1017.84,1045.57,1030.77,1032.03,Xtreme,Xtreme,season_cup,S1,,,17.6531,17.6531,20.1118,21.0627,0.4602,0.5398,1.1029,-0.1029,-0.0464,-0.0644
M0433,2026-03-20,LeonCrest,WeissTiger,4,3,1068.68,1036.92,1074.01,1031.11,Xtreme,Xtreme,season_cup,S1,,,17.6531,18.9047,18.9316,20.6148,0.5456,0.4544,0.8271,0.1729,0.0241,0.0302
M0434,2026-03-20,ValkyrieVolt,TuskMammoth,2,5,1121.81,1106.35,1107.65,1113.46,Xtreme,Xtreme,season_cup_semi,S1,,,23.7698,13.8201,33.7689,16.9387,0.5222,0.4778,0.1029,0.8971,0.1402,0.0752
M0435,2026-03-20,ImpactDrake,TuskMammoth,7,2,1142.5,1113.46,1154.77,1102.97,Xtreme,Xtreme,season_cup_final,S1,,,15.1025,13.7027,21.85,18.681,0.5417,0.4583,1.1029,-0.1029,0.1489,0.1211
M0436,2026-03-20,TyrannoRoar,CobaltDrake,2,5,1063.81,946.33,1036.69,969.25,Xtreme,Xtreme,qualification,S2,,,33.446,30.769,48.4201,40.9144,0.6629,0.3371,0.1029,0.8971,0.1492,-0.1099
M0437,2026-03-20,HellsBrave,WizardRod,5,0,1027.11,920.37,1046.96,905.74,Xtreme,Xtreme,qualification,S2,,,34.9245,18.9047,43.7374,32.2106,0.649,0.351,1.1029,-0.1029,0.0841,-0.2346
M0438,2026-03-20,ClockMirage,EmperorMight,0,4,985.71,927.61,965.23,957.2,Xtreme,Xtreme,qualification,S2,,,33.446,33.446,35.1421,50.77,0.5828,0.4172,0.0,1.0,-0.0169,-0.1727
M0439,2026-03-20,UnicornSting,BlackShell,2,4,988.85,918.65,978.84,938.95,Xtreme,Xtreme,qualification,S2,,,18.9047,27.3667,22.527,45.6471,0.5997,0.4003,0.1551,0.8449,-0.0639,-0.2227
M0440,2026-03-20,WolfHunt,TyrannoBeat,4,0,979.8,908.57,996.89,891.81,Xtreme,Xtreme,qualification,S2,,,34.9245,26.3757,42.8344,42.0124,0.6011,0.3989,1.0,0.0,-0.0755,-0.1976
M0441,2026-03-20,DranBuster,PegasusBlast,0,4,966.95,922.86,947.53,946.86,Xtreme,Xtreme,qualification,S2,,,26.3757,30.769,34.4825,42.6069,0.5631,0.4369,0.0,1.0,-0.1025,-0.1282
M0442,2026-03-20,PhoenixRudder,WizardArc,4,0,951.61,934.34,971.03,914.25,Xtreme,Xtreme,qualification,S2,,,27.3667,29.5585,40.8664,42.2632,0.5248,0.4752,1.0,0.0,-0.1644,-0.1433
M0443,2026-03-20,CrimsonGaruda,HellsHammer,5,0,986.62,899.99,996.27,874.62,Xtreme,Xtreme,qualification,S2,,,18.9047,32.0629,20.0841,52.7692,0.6221,0.3779,1.1029,-0.1029,0.0208,-0.2153
M0444,2026-03-20,WhaleWave,WizardArrow,4,2,936.37,886.73,943.83,872.36,Xtreme,Xtreme,qualification,S2,,,19.3807,30.769,27.233,52.4469,0.5709,0.4291,0.8449,0.1551,-0.1351,-0.2348
M0445,2026-03-20,WhaleFlame,SamuraiSaber,4,2,950.88,867.11,960.89,856.34,Xtreme,Xtreme,qualification,S2,,,32.0629,28.4261,44.1436,47.5546,0.6183,0.3817,0.8449,0.1551,-0.1256,-0.2243
M0446,2026-03-20,HellsBrave,WhaleFlame,4,1,1046.96,960.89,1059.88,950.4,Xtreme,Xtreme,qualification,S2,,,33.446,30.769,46.8336,38.0273,0.6214,0.3786,0.8971,0.1029,0.1334,-0.0786
M0447,2026-03-20,WolfHunt,CobaltDrake,4,2,996.89,969.25,1007.47,959.67,Xtreme,Xtreme,qualification,S2,,,33.446,29.5585,34.6744,31.3842,0.5397,0.4603,0.8449,0.1551,-0.0122,-0.0206
M0448,2026-03-20,PhoenixRudder,EmperorMight,4,2,971.03,957.2,981.64,944.53,Xtreme,Xtreme,qualification,S2,,,26.3757,32.0629,32.6387,38.9811,0.5199,0.4801,0.8449,0.1551,-0.0792,-0.0719
M0449,2026-03-20,CrimsonGaruda,BlackShell,4,2,996.27,938.95,1002.33,929.22,Xtreme,Xtreme,qualification,S2,,,18.4594,26.3757,23.0072,36.9547,0.5818,0.4182,0.8449,0.1551,0.0821,-0.1337
M0450,2026-03-20,WhaleWave,PegasusBlast,1,4,943.83,946.86,934.61,959.72,Xtreme,Xtreme,qualification,S2,,,18.9047,29.5585,23.4714,32.7566,0.4956,0.5044,0.1029,0.8971,-0.0805,-0.0361
M0451,2026-03-20,TyrannoRoar,TyrannoBeat,4,0,1036.69,891.81,1048.0,878.92,Xtreme,Xtreme,qualification,S2,,,32.0629,25.4485,37.3217,42.5846,0.6972,0.3028,1.0,0.0,0.0547,-0.2245
M0452,2026-03-20,ClockMirage,WizardArc,2,4,965.23,914.25,948.12,932.81,Xtreme,Xtreme,qualification,S2,,,32.0629,28.4261,40.9471,44.4178,0.5728,0.4272,0.1551,0.8449,-0.0924,-0.1875
M0453,2026-03-20,UnicornSting,HellsHammer,3,4,978.84,874.62,967.11,900.11,Xtreme,Xtreme,qualification,S2,,,18.4594,30.769,24.8073,53.9072,0.6456,0.3544,0.1729,0.8271,-0.1146,-0.2507
M0454,2026-03-20,DranBuster,WizardArrow,0,4,947.53,872.36,924.51,903.2,Xtreme,Xtreme,qualification,S2,,,25.4485,29.5585,37.9596,50.8458,0.6065,0.3935,0.0,1.0,-0.1639,-0.2401
M0455,2026-03-20,WizardRod,SamuraiSaber,5,0,905.74,856.34,923.35,831.95,Xtreme,Xtreme,qualification,S2,,,18.4594,27.3667,33.0713,45.8077,0.5706,0.4294,1.1029,-0.1029,-0.2639,-0.2246
M0456,2026-03-20,HellsBrave,PhoenixRudder,4,0,1059.88,981.64,1078.06,970.98,Xtreme,Xtreme,qualification,S2,,,32.0629,25.4485,46.7215,27.3773,0.6107,0.3893,1.0,0.0,0.1524,-0.0253
M0457,2026-03-20,WolfHunt,CrimsonGaruda,5,0,1007.47,1002.33,1028.29,988.16,Xtreme,Xtreme,qualification,S2,,,32.0629,18.0428,34.9564,23.7944,0.5074,0.4926,1.1029,-0.1029,0.0301,0.1063
M0458,2026-03-20,PegasusBlast,CobaltDrake,3,5,959.72,959.67,949.29,971.2,Xtreme,Xtreme,qualification,S2,,,28.4261,28.4261,30.2262,33.4178,0.5001,0.4999,0.1551,0.8449,0.0211,-0.0585
M0459,2026-03-20,WhaleWave,BlackShell,4,0,934.61,929.22,947.03,911.02,Xtreme,Xtreme,qualification,S2,,,18.4594,25.4485,25.2239,36.9733,0.5078,0.4922,1.0,0.0,-0.1222,-0.151
M0460,2026-03-20,TyrannoRoar,HellsHammer,0,4,1048.0,900.11,1020.75,930.41,Xtreme,Xtreme,qualification,S2,,,30.769,29.5585,38.8694,43.2329,0.7008,0.2992,0.0,1.0,0.0878,-0.1542
M0461,2026-03-20,WhaleFlame,WizardArc,0,4,950.4,932.81,929.99,951.79,Xtreme,Xtreme,qualification,S2,,,29.5585,27.3667,38.8612,36.137,0.5253,0.4747,0.0,1.0,-0.1049,-0.1068
M0462,2026-03-20,WizardRod,EmperorMight,0,4,923.35,944.53,910.87,963.56,Xtreme,Xtreme,qualification,S2,,,18.0428,30.769,26.5792,40.5228,0.4695,0.5305,0.0,1.0,-0.1577,-0.1057
M0463,2026-03-20,ClockMirage,WizardArrow,5,2,948.12,903.2,962.53,890.13,Xtreme,Xtreme,qualification,S2,,,30.769,28.4261,43.2991,39.2719,0.5643,0.4357,0.8971,0.1029,-0.1357,-0.1272
M0464,2026-03-20,CrimsonGaruda,HellsHammer,3,5,988.16,930.41,980.33,944.02,Xtreme,Xtreme,qualification,S2,,,17.6531,28.4261,18.3252,31.8544,0.5824,0.4176,0.1551,0.8449,0.0127,-0.0402
M0465,2026-03-20,CobaltDrake,PegasusBlast,5,0,971.2,949.29,987.06,932.36,Xtreme,Xtreme,qualification,S2,,,27.3667,27.3667,27.7554,29.641,0.5315,0.4685,1.1029,-0.1029,-0.0047,-0.0277
M0466,2026-03-20,PhoenixRudder,WhaleWave,4,2,970.98,947.03,980.3,940.75,Xtreme,Xtreme,qualification,S2,,,24.5812,18.0428,30.0233,20.2204,0.5344,0.4656,0.8449,0.1551,-0.0738,-0.0402
M0467,2026-03-20,EmperorMight,WizardArc,2,4,963.56,951.79,951.94,961.98,Xtreme,Xtreme,qualification,S2,,,29.5585,26.3757,32.1276,28.1593,0.5169,0.4831,0.1551,0.8449,-0.029,-0.0225
M0468,2026-04-03,WizardArc,DranDagger,4,0,961.98,966.04,975.96,953.2,Xtreme,Xtreme,season,S2,4,1,25.4485,18.9047,27.6402,25.3776,0.4942,0.5058,1.0,0.0,0.0287,-0.1141
M0469,2026-04-03,SolEclipse,PhoenixRudder,4,3,944.17,980.3,956.25,970.68,Xtreme,Xtreme,season,S2,4,1,20.4334,23.7698,31.8727,25.3787,0.4482,0.5518,0.8271,0.1729,-0.1866,-0.0226
M0470,2026-04-03,WolfHunt,CobaltDrake,4,2,1028.29,987.06,1039.87,977.89,Xtreme,Xtreme,season,S2,4,1,30.769,26.3757,40.5046,32.0797,0.5591,0.4409,0.8449,0.1551,0.1055,0.0721
M0471,2026-04-03,HellsBrave,HellsHammer,4,1,1078.06,944.02,1088.24,937.79,Xtreme,Xtreme,season,S2,4,1,30.769,27.3667,47.7514,29.1832,0.6839,0.3161,0.8971,0.1029,0.184,0.0221
M0472,2026-04-03,PhoenixWing,PerseusDark,0,5,969.53,992.19,956.25,1004.94,Xtreme,Xtreme,season,S2,3,1,18.0428,18.9047,23.2774,22.3573,0.4674,0.5326,-0.1029,1.1029,-0.0967,-0.0609
M0473,2026-04-03,HellsReaper,SharkEdge,4,0,1003.96,997.25,1013.74,987.83,Xtreme,Xtreme,season,S2,3,1,18.9047,17.6531,19.9371,19.2141,0.5097,0.4903,1.0,0.0,-0.0182,-0.0295
M0474,2026-04-03,SilverWolf,RhinoReaper,3,5,1030.45,1008.78,1018.77,1017.15,Xtreme,Xtreme,season,S2,3,1,19.8895,18.9047,31.0568,22.2447,0.5311,0.4689,0.1551,0.8449,0.1872,-0.0589
M0475,2026-04-03,LeonClaw,HellsChain,4,2,1009.3,1026.44,1016.79,1016.9,Xtreme,Xtreme,season,S2,3,1,19.8895,18.9047,20.2599,25.8119,0.4754,0.5246,0.8449,0.1551,0.0062,0.1218
M0476,2026-04-03,WyvernHover,CobaltDragoon,0,5,1008.7,1037.71,991.52,1050.85,Xtreme,Xtreme,season,S2,2,1,26.3757,18.0428,30.615,23.4089,0.4584,0.5416,-0.1029,1.1029,-0.0536,-0.0991
M0477,2026-04-03,DranSword,ViperTail,3,4,1048.68,1046.85,1042.37,1055.97,Xtreme,Xtreme,season,S2,2,1,17.6531,18.9047,19.1258,27.6689,0.5026,0.4974,0.1729,0.8271,0.0278,0.1545
M0478,2026-04-03,WeissTiger,CerberusFlame,0,5,1031.11,1004.67,1018.88,1016.16,Xtreme,Xtreme,season,S2,2,1,18.4594,16.3299,19.0912,17.9319,0.538,0.462,-0.1029,1.1029,-0.0114,-0.0327
M0479,2026-04-03,KnightMail,DranBrave,0,6,1030.77,1053.84,1018.55,1068.47,Xtreme,Xtreme,season,S2,2,1,17.2885,17.2885,19.6463,23.5299,0.4668,0.5332,-0.1551,1.1551,0.0455,0.1203
M0480,2026-04-03,ScorpioSpear,ImpactDrake,2,4,1032.03,1154.77,1027.71,1158.98,Xtreme,Xtreme,season,S2,1,1,17.2885,14.9024,24.6271,24.018,0.3304,0.6696,0.1551,0.8449,-0.1415,0.2039
M0481,2026-04-03,SharkScale,LeonCrest,5,2,1117.13,1074.01,1125.18,1067.2,Xtreme,Xtreme,season,S2,1,1,19.8895,17.2885,24.004,20.3207,0.5617,0.4383,0.8971,0.1029,0.069,0.0585
M0482,2026-04-03,ValkyrieVolt,GolemRock,4,3,1107.65,1081.77,1115.64,1076.97,Xtreme,Xtreme,season,S2,1,1,23.0107,16.0506,27.5402,16.5535,0.5372,0.4628,0.8271,0.1729,0.0656,0.0104
M0483,2026-04-03,TuskMammoth,FoxBrush,3,4,1102.97,1079.53,1097.62,1086.48,Xtreme,Xtreme,season,S2,1,1,13.5929,16.6284,14.8215,19.2506,0.5337,0.4663,0.1729,0.8271,0.0301,0.0526
M0484,2026-04-03,HellsHammer,WizardArc,3,4,937.79,975.96,930.41,984.51,Xtreme,Xtreme,season,S2,4,2,26.3757,24.5812,27.108,31.3896,0.4453,0.5547,0.1729,0.8271,-0.0093,0.0923
M0485,2026-04-03,PhoenixRudder,WolfHunt,4,2,970.68,1039.87,983.02,1021.68,Xtreme,Xtreme,season,S2,4,2,23.0107,29.5585,27.8485,41.0435,0.4017,0.5983,0.8449,0.1551,-0.0701,0.1295
M0486,2026-04-03,DranDagger,SolEclipse,2,5,953.2,956.25,942.33,966.67,Xtreme,Xtreme,season,S2,4,2,18.4594,19.8895,27.6721,26.5249,0.4956,0.5044,0.1029,0.8971,-0.1664,-0.1112
M0487,2026-04-03,RhinoReaper,LeonClaw,4,2,1017.15,1016.79,1023.52,1009.02,Xtreme,Xtreme,season,S2,3,2,18.4594,19.3807,18.5094,22.5583,0.5005,0.4995,0.8449,0.1551,-0.0009,0.0547
M0488,2026-04-03,HellsChain,PhoenixWing,5,0,1016.9,956.25,1028.05,942.76,Xtreme,Xtreme,season,S2,3,2,18.4594,17.6531,21.5761,26.119,0.5864,0.4136,1.1029,-0.1029,0.0563,-0.1599
M0489,2026-04-03,SharkEdge,SilverWolf,0,4,987.83,1018.77,977.8,1030.57,Xtreme,Xtreme,season,S2,3,2,17.2885,19.3807,22.0043,25.8963,0.4556,0.5444,0.0,1.0,-0.0909,0.1121
M0490,2026-04-03,PerseusDark,HellsReaper,5,2,1004.94,1013.74,1013.04,1005.05,Xtreme,Xtreme,season,S2,3,2,18.4594,18.4594,19.7489,21.2063,0.4873,0.5127,0.8971,0.1029,0.0233,0.0496
M0491,2026-04-03,CerberusFlame,KnightMail,4,2,1016.16,1018.55,1022.71,1011.88,Xtreme,Xtreme,season,S2,2,2,16.0506,16.9474,18.8006,19.1606,0.4966,0.5034,0.8449,0.1551,0.0571,-0.0435
M0492,2026-04-03,DranBrave,WyvernHover,5,0,1068.47,991.52,1081.55,974.38,Xtreme,Xtreme,season,S2,2,2,16.9474,25.4485,26.4662,34.7067,0.609,0.391,1.1029,-0.1029,0.1872,-0.1213
M0493,2026-04-03,ViperTail,WeissTiger,2,5,1055.97,1018.88,1043.23,1029.32,Xtreme,Xtreme,season,S2,2,2,18.4594,18.0428,28.3111,23.2033,0.5532,0.4468,0.1029,0.8971,0.1779,-0.0953
M0494,2026-04-03,CobaltDragoon,DranSword,2,4,1050.85,1042.37,1044.33,1048.91,Xtreme,Xtreme,season,S2,2,2,17.6531,17.2885,18.2401,18.3191,0.5122,0.4878,0.1551,0.8449,-0.0111,-0.0199
M0495,2026-04-03,GolemRock,TuskMammoth,1,5,1076.97,1097.62,1068.88,1104.39,Xtreme,Xtreme,season,S2,1,2,15.7894,13.4901,17.192,14.3804,0.4703,0.5297,0.0,1.0,-0.0296,-0.022
M0496,2026-04-03,FoxBrush,ScorpioSpear,6,1,1086.48,1027.71,1097.33,1015.06,Xtreme,Xtreme,season,S2,1,2,16.3299,16.9474,20.9186,24.3701,0.5838,0.4162,1.1029,-0.1029,0.0937,-0.146
M0497,2026-04-03,LeonCrest,ValkyrieVolt,0,4,1067.2,1115.64,1059.77,1128.0,Xtreme,Xtreme,season,S2,1,2,16.9474,22.3006,17.2501,28.6915,0.4307,0.5693,0.0,1.0,0.006,0.0955
M0498,2026-04-03,ImpactDrake,SharkScale,4,3,1158.98,1125.18,1165.54,1118.09,Xtreme,Xtreme,season,S2,1,2,14.7152,19.3807,23.5478,25.4552,0.5485,0.4515,0.8271,0.1729,0.2001,0.1045
M0499,2026-04-25,SamuraiSteel,SamuraiCalibur,4,1,1000,1000,1015.88,984.12,Double Xtreme,Double Xtreme,exhibition,,,,40.0,40.0,40.0,40.0,0.5,0.5,0.8971,0.1029,,
M0500,2026-04-25,SamuraiSteel,TriceraPress,0,4,1015.88,1000,992.74,1020.91,Double Xtreme,Double Xtreme,exhibition,,,,38.1942,40.0,44.261,40.0,0.5228,0.4772,0.0,1.0,0.0529,
M0501,2026-04-25,TriceraPress,CobaltDrake,3,4,1020.91,1000,1004.42,1014.29,Double Xtreme,Double Xtreme,exhibition,,,,38.1942,40.0,46.182,40.0,0.5301,0.4699,0.1729,0.8271,0.0697,
M0502,2026-04-25,CobaltDrake,SamuraiSteel,4,3,1014.29,992.74,1027.22,981.16,Double Xtreme,Double Xtreme,exhibition,,,,38.1942,36.5049,43.6514,39.1141,0.531,0.469,0.8271,0.1729,0.0476,-0.0238
M0503,2026-04-25,CobaltDrake,SamuraiCalibur,5,1,1027.22,984.12,1047.09,964.72,Double Xtreme,Double Xtreme,exhibition,,,,36.5049,38.1942,45.35,44.261,0.5617,0.4383,1.0,0.0,0.0808,-0.0529
M0504,2026-04-25,TriceraPress,SamuraiCalibur,5,1,1004.42,964.72,1021.21,943.48,Double Xtreme,Double Xtreme,exhibition,,,,36.5049,36.5049,37.9056,47.93,0.5569,0.4431,1.0,0.0,0.0128,-0.1043
M0505,2026-04-25,CobaltDrake,HellsBrave,0,5,977.89,1088.24,965.62,1109.01,Xtreme,Xtreme,season,S2,4,2,25.4485,29.5585,27.3087,46.2186,0.3463,0.6537,-0.1029,1.1029,0.0244,0.1879
M0506,2026-04-25,HellsBrave,PhoenixRudder,4,1,1109.01,983.02,1119.6,978.02,Xtreme,Xtreme,season,S2,4,3,28.4261,22.3006,47.4195,22.4109,0.6738,0.3262,0.8971,0.1029,0.2227,-0.0016
M0507,2026-04-25,WolfHunt,DranDagger,0,5,1021.68,942.33,998.11,962.85,Xtreme,Xtreme,season,S2,4,3,28.4261,18.0428,32.9596,28.6812,0.6122,0.3878,-0.1029,1.1029,0.0532,-0.1965
M0508,2026-04-25,WizardArc,SolEclipse,4,0,984.51,966.67,999.72,956.26,Xtreme,Xtreme,season,S2,4,3,23.7698,19.3807,32.066,21.9398,0.5257,0.4743,1.0,0.0,0.1163,-0.044
M0509,2026-04-25,HellsHammer,CobaltDrake,4,2,930.41,965.62,941.81,954.77,Xtreme,Xtreme,season,S2,4,3,25.4485,24.5812,28.8342,27.4409,0.4495,0.5505,0.8449,0.1551,-0.0443,-0.0388
M0510,2026-04-25,LeonClaw,SharkEdge,5,2,1009.02,977.8,1015.71,969.33,Xtreme,Xtreme,season,S2,3,3,18.9047,16.9474,18.9869,24.0422,0.5448,0.4552,0.8971,0.1029,0.0014,-0.1395
M0511,2026-04-25,SilverWolf,PerseusDark,4,0,1030.57,1013.04,1043.8,1002.55,Xtreme,Xtreme,season,S2,3,3,18.9047,18.0428,27.8579,22.0924,0.5252,0.4748,1.0,0.0,0.1579,0.0748
M0512,2026-04-25,PhoenixWing,HellsReaper,2,5,942.76,1005.05,934.11,1010.81,Xtreme,Xtreme,season,S2,3,3,17.2885,18.0428,28.0459,18.6731,0.4113,0.5887,0.1029,0.8971,-0.2074,-0.0116
M0513,2026-04-25,HellsChain,RhinoReaper,4,1,1028.05,1023.52,1037.58,1015.52,Xtreme,Xtreme,season,S2,3,3,18.0428,18.0428,24.4106,20.4859,0.5065,0.4935,0.8971,0.1029,0.1176,0.0451
M0514,2026-04-25,KnightMail,ViperTail,4,0,1011.88,1043.23,1023.23,1030.62,Xtreme,Xtreme,season,S2,2,3,16.6284,18.0428,20.8272,23.1385,0.455,0.545,1.0,0.0,-0.0842,0.0941
M0515,2026-04-25,WeissTiger,CobaltDragoon,5,2,1029.32,1044.33,1037.22,1035.85,Xtreme,Xtreme,season,S2,2,3,17.6531,17.2885,18.8493,20.2561,0.4784,0.5216,0.8971,0.1029,-0.0226,-0.0572
M0516,2026-04-25,WyvernHover,DranSword,3,4,974.38,1048.91,966.14,1053.01,Xtreme,Xtreme,season,S2,2,3,24.5812,16.9474,37.1881,18.4925,0.3943,0.6057,0.1729,0.8271,-0.171,0.0304
M0517,2026-04-25,DranBrave,CerberusFlame,4,3,1081.55,1022.71,1088.36,1017.76,Xtreme,Xtreme,season,S2,2,3,16.6284,15.7894,28.0079,20.3338,0.5839,0.4161,0.8271,0.1729,0.2281,0.0959
M0518,2026-04-25,TuskMammoth,LeonCrest,4,2,1104.39,1059.77,1108.64,1054.36,Xtreme,Xtreme,season,S2,1,3,13.394,16.6284,15.1477,19.236,0.5639,0.4361,0.8449,0.1551,0.0436,-0.0523
M0519,2026-04-25,ValkyrieVolt,ImpactDrake,4,1,1128.0,1165.54,1141.86,1154.84,Xtreme,Xtreme,season,S2,1,3,21.6363,14.5401,30.7379,23.7246,0.4462,0.5538,0.8971,0.1029,0.1402,0.2106
M0520,2026-04-25,ScorpioSpear,SharkScale,4,3,1015.06,1118.09,1027.5,1107.76,Xtreme,Xtreme,season,S2,1,3,16.6284,18.9047,26.3931,21.9328,0.3559,0.6441,0.8271,0.1729,-0.1957,0.0534
M0521,2026-04-25,FoxBrush,GolemRock,4,0,1097.33,1068.88,1108.03,1059.86,Xtreme,Xtreme,season,S2,1,3,16.0506,15.545,23.2925,19.6662,0.5409,0.4591,1.0,0.0,0.1504,-0.0884
M0522,2026-04-25,SolEclipse,WolfHunt,3,5,956.26,998.11,949.24,1007.06,Xtreme,Xtreme,season,S2,4,4,18.9047,27.3667,24.655,31.4126,0.4401,0.5599,0.1551,0.8449,-0.1014,-0.0493
M0523,2026-04-25,PhoenixRudder,HellsHammer,5,2,978.02,941.81,986.19,932.96,Xtreme,Xtreme,season,S2,4,4,21.6363,24.5812,23.6619,25.6346,0.5519,0.4481,0.8971,0.1029,-0.0312,0.0143
M0524,2026-04-25,DranDagger,HellsBrave,2,5,962.85,1119.6,958.83,1128.08,Xtreme,Xtreme,season,S2,4,4,17.6531,27.3667,21.6241,45.6591,0.2886,0.7114,0.1029,0.8971,-0.075,0.2228
M0525,2026-04-25,CobaltDrake,WizardArc,4,0,954.77,999.72,971.66,980.35,Xtreme,Xtreme,season,S2,4,4,23.7698,23.0107,29.9257,34.3371,0.4357,0.5643,1.0,0.0,-0.0863,0.1641
M0526,2026-04-25,HellsReaper,SilverWolf,2,4,1010.81,1043.8,1005.07,1052.59,Xtreme,Xtreme,season,S2,3,4,17.6531,18.4594,19.2964,29.5418,0.4527,0.5473,0.1551,0.8449,0.031,0.2001
M0527,2026-04-25,SharkEdge,HellsChain,3,4,969.33,1037.58,963.58,1043.52,Xtreme,Xtreme,season,S2,3,4,16.6284,17.6531,25.0047,25.8106,0.403,0.597,0.1729,0.8271,-0.1679,0.154
M0528,2026-04-25,PerseusDark,LeonClaw,4,2,1002.55,1015.71,1009.0,1008.02,Xtreme,Xtreme,season,S2,3,4,17.6531,18.4594,17.7343,21.1302,0.4811,0.5189,0.8449,0.1551,0.0015,0.0482
M0529,2026-04-25,RhinoReaper,PhoenixWing,0,5,1015.52,934.11,1002.35,954.34,Xtreme,Xtreme,season,S2,3,4,17.6531,16.9474,18.3395,28.1773,0.6151,0.3849,-0.1029,1.1029,-0.013,-0.2209
M0530,2026-04-25,DranSword,WeissTiger,5,1,1053.01,1037.22,1062.28,1028.07,Xtreme,Xtreme,season,S2,2,4,16.6284,17.2885,19.4155,19.1686,0.5227,0.4773,1.0,0.0,0.0559,0.0362
M0531,2026-04-25,ViperTail,DranBrave,4,0,1030.62,1088.36,1041.17,1072.28,Xtreme,Xtreme,season,S2,2,4,17.6531,16.3299,18.1256,27.6041,0.4177,0.5823,1.0,0.0,0.0089,0.2301
M0532,2026-04-25,CobaltDragoon,KnightMail,5,2,1035.85,1023.23,1044.3,1017.03,Xtreme,Xtreme,season,S2,2,4,16.9474,16.3299,22.3069,16.3437,0.5182,0.4818,0.8971,0.1029,-0.1054,-0.0003
M0533,2026-04-25,CerberusFlame,WyvernHover,4,1,1017.76,966.14,1023.55,954.36,Xtreme,Xtreme,season,S2,2,4,15.545,23.7698,17.9099,36.441,0.5737,0.4263,0.8971,0.1029,0.0507,-0.1777
M0534,2026-04-25,SharkScale,ValkyrieVolt,2,4,1107.76,1141.86,1102.02,1151.47,Xtreme,Xtreme,season,S2,1,4,18.4594,21.0148,19.3763,32.4667,0.4511,0.5489,0.1551,0.8449,-0.0166,0.1816
M0535,2026-04-25,LeonCrest,FoxBrush,6,1,1054.36,1108.03,1068.22,1091.13,Xtreme,Xtreme,season,S2,1,4,16.3299,15.7894,20.385,24.8634,0.4234,0.5766,1.1029,-0.1029,-0.0828,0.1916
M0536,2026-04-25,ImpactDrake,TuskMammoth,3,5,1154.84,1108.64,1146.76,1115.35,Xtreme,Xtreme,season,S2,1,4,14.3763,13.3041,19.6535,16.3093,0.5661,0.4339,0.1551,0.8449,0.1224,0.0753
M0537,2026-04-25,GolemRock,ScorpioSpear,2,4,1059.86,1027.5,1051.38,1035.94,Xtreme,Xtreme,season,S2,1,4,15.3164,16.3299,21.6485,21.5628,0.5464,0.4536,0.1551,0.8449,-0.1378,-0.1068
M0538,2026-05-02,CobaltDrake,PhoenixRudder,2,4,971.66,986.19,964.19,993.38,Xtreme,Xtreme,season,S2,4,5,23.0107,21.0148,23.0403,22.2113,0.4791,0.5209,0.1551,0.8449,0.0004,0.019
M0539,2026-05-02,HellsBrave,SolEclipse,5,2,1128.08,949.24,1135.07,945.16,Xtreme,Xtreme,season,S2,4,5,26.3757,18.4594,43.6138,25.4297,0.7368,0.2632,0.8971,0.1029,0.2179,-0.1259
M0540,2026-05-02,HellsHammer,DranDagger,4,0,932.96,958.83,947.02,947.04,Xtreme,Xtreme,season,S2,4,5,23.7698,17.2885,26.1689,21.943,0.4628,0.5372,1.0,0.0,-0.0336,-0.0897
M0541,2026-05-02,WizardArc,WolfHunt,4,0,980.35,1007.06,994.76,992.66,Xtreme,Xtreme,season,S2,4,5,22.3006,26.3757,26.7799,26.7487,0.4616,0.5384,1.0,0.0,0.067,-0.0047
M0542,2026-05-02,RhinoReaper,SharkEdge,2,4,1002.35,963.58,993.21,973.58,Xtreme,Xtreme,season,S2,3,5,17.2885,16.3299,22.8361,24.9625,0.5556,0.4444,0.1551,0.8449,-0.107,-0.1762
M0543,2026-05-02,LeonClaw,HellsReaper,4,3,1008.02,1005.07,1013.97,999.27,Xtreme,Xtreme,season,S2,3,5,18.0428,17.2885,18.4061,17.9515,0.5043,0.4957,0.8271,0.1729,-0.0067,-0.0128
M0544,2026-05-02,HellsChain,PerseusDark,1,4,1043.52,1009.0,1032.0,1017.88,Xtreme,Xtreme,season,S2,3,5,17.2885,17.2885,25.8041,19.8734,0.5495,0.4505,0.1029,0.8971,0.1642,0.0498
M0545,2026-05-02,PhoenixWing,SilverWolf,4,1,954.34,1052.59,965.79,1036.77,Xtreme,Xtreme,season,S2,3,5,16.6284,18.0428,21.4023,29.5783,0.3623,0.6377,0.8971,0.1029,-0.0957,0.2131
M0546,2026-05-02,CerberusFlame,ViperTail,4,1,1023.55,1041.17,1031.71,1032.0,Xtreme,Xtreme,season,S2,2,5,15.3164,17.2885,19.3168,21.7167,0.4747,0.5253,0.8971,0.1029,0.0871,0.0854
M0547,2026-05-02,KnightMail,DranSword,2,5,1017.03,1062.28,1010.89,1069.53,Xtreme,Xtreme,season,S2,2,5,16.0506,16.3299,18.4953,21.8196,0.4353,0.5647,0.1029,0.8971,-0.0508,0.1121
M0548,2026-05-02,DranBrave,CobaltDragoon,0,4,1072.28,1044.3,1060.45,1054.39,Xtreme,Xtreme,season,S2,2,5,16.0506,16.6284,21.9158,18.6653,0.5402,0.4598,0.0,1.0,0.1218,-0.0408
M0549,2026-05-02,WyvernHover,WeissTiger,3,4,954.36,1028.07,946.21,1032.2,Xtreme,Xtreme,season,S2,2,5,23.0107,16.9474,36.618,18.5857,0.3955,0.6045,0.1729,0.8271,-0.1971,-0.0322
M0550,2026-05-02,GolemRock,LeonCrest,0,5,1051.38,1068.22,1038.14,1078.03,Xtreme,Xtreme,season,S2,1,5,15.1025,16.0506,22.8777,16.959,0.4758,0.5242,-0.1029,1.1029,-0.1716,0.0189
M0551,2026-05-02,TuskMammoth,SharkScale,4,0,1115.35,1102.02,1123.99,1091.94,Xtreme,Xtreme,season,S2,1,5,13.22,18.0428,17.9813,20.9556,0.5192,0.4808,1.0,0.0,0.1201,-0.0538
M0552,2026-05-02,FoxBrush,ImpactDrake,4,2,1091.13,1146.76,1099.22,1139.8,Xtreme,Xtreme,season,S2,1,5,15.545,14.223,19.0621,16.4097,0.4206,0.5794,0.8449,0.1551,0.0754,0.0512
M0553,2026-05-02,ScorpioSpear,ValkyrieVolt,5,0,1035.94,1151.47,1049.67,1126.66,Xtreme,Xtreme,season,S2,1,5,16.0506,20.4334,17.9959,32.5029,0.3396,0.6604,1.1029,-0.1029,-0.0404,0.1969
M0554,2026-05-02,SolEclipse,HellsHammer,1,4,945.16,947.02,935.26,957.25,Xtreme,Xtreme,season,S2,4,6,18.0428,23.0107,25.1042,25.9421,0.4973,0.5027,0.1029,0.8971,-0.1305,0.0425
M0555,2026-05-02,DranDagger,CobaltDrake,3,4,947.04,964.19,939.62,971.8,Xtreme,Xtreme,season,S2,4,6,16.9474,22.3006,24.5431,25.1659,0.4753,0.5247,0.1729,0.8271,-0.1494,-0.0428
M0556,2026-05-02,PhoenixRudder,WizardArc,5,1,993.38,994.76,1005.48,979.67,Xtreme,Xtreme,season,S2,4,6,20.4334,21.6363,24.0898,30.062,0.498,0.502,1.0,0.0,0.0596,0.1298
M0557,2026-05-02,WolfHunt,HellsBrave,4,0,992.66,1135.07,1014.34,1106.26,Xtreme,Xtreme,season,S2,4,6,25.4485,25.4485,31.2407,41.4947,0.3058,0.6942,1.0,0.0,-0.0759,0.2102
M0558,2026-05-02,HellsReaper,HellsChain,5,0,999.27,1032.0,1012.07,1018.25,Xtreme,Xtreme,season,S2,3,6,16.9474,16.9474,19.6995,21.1544,0.453,0.547,1.1029,-0.1029,-0.0541,0.0827
M0559,2026-05-02,PerseusDark,RhinoReaper,2,4,1017.88,993.21,1009.44,1002.48,Xtreme,Xtreme,season,S2,3,6,16.9474,16.9474,22.1711,24.3752,0.5354,0.4646,0.1551,0.8449,0.1027,-0.1461
M0560,2026-05-02,SharkEdge,PhoenixWing,0,4,973.58,965.79,962.93,974.43,Xtreme,Xtreme,season,S2,3,6,16.0506,16.3299,20.8332,16.8995,0.5112,0.4888,0.0,1.0,-0.0993,-0.0116
M0561,2026-05-02,SilverWolf,LeonClaw,4,2,1036.77,1013.97,1044.15,1007.84,Xtreme,Xtreme,season,S2,3,6,17.6531,17.6531,23.658,19.625,0.5328,0.4672,0.8449,0.1551,0.1134,0.0372
M0562,2026-05-02,DranSword,DranBrave,5,3,1069.53,1060.45,1077.11,1054.68,Xtreme,Xtreme,season,S2,2,6,16.0506,15.7894,22.8608,17.3781,0.5131,0.4869,0.8449,0.1551,0.1414,0.0335
M0563,2026-05-02,CobaltDragoon,CerberusFlame,4,0,1054.39,1031.71,1062.86,1021.86,Xtreme,Xtreme,season,S2,2,6,16.3299,15.1025,18.1247,21.073,0.5326,0.4674,1.0,0.0,0.0366,0.1318
M0564,2026-05-02,ViperTail,WyvernHover,5,3,1032.0,946.21,1035.99,938.21,Xtreme,Xtreme,season,S2,2,6,16.9474,22.3006,17.8459,35.7156,0.621,0.379,0.8449,0.1551,0.0177,-0.2005
M0565,2026-05-02,WeissTiger,KnightMail,6,3,1032.2,1010.89,1038.33,1003.57,Xtreme,Xtreme,season,S2,2,6,16.6284,15.7894,16.716,19.9727,0.5306,0.4694,0.8971,0.1029,0.0018,-0.0883
M0566,2026-05-02,SharkScale,FoxBrush,4,0,1091.94,1099.22,1103.95,1088.54,Xtreme,Xtreme,season,S2,1,6,17.6531,15.3164,23.5182,20.919,0.4895,0.5105,1.0,0.0,-0.1107,0.1219
M0567,2026-05-02,ImpactDrake,GolemRock,4,1,1139.8,1038.14,1143.52,1031.77,Xtreme,Xtreme,season,S2,1,6,14.0797,14.9024,14.5931,25.0012,0.6423,0.3577,0.8971,0.1029,-0.0122,-0.2259
M0568,2026-05-02,LeonCrest,ScorpioSpear,4,2,1078.03,1049.67,1084.18,1043.91,Xtreme,Xtreme,season,S2,1,6,15.7894,15.7894,20.2188,18.9517,0.5407,0.4593,0.8449,0.1551,0.0935,0.0668
M0569,2026-05-02,ValkyrieVolt,TuskMammoth,0,4,1126.66,1123.99,1114.57,1133.95,Xtreme,Xtreme,season,S2,1,6,19.8895,13.1413,23.9987,19.7708,0.5038,0.4962,0.0,1.0,0.0689,0.1682
M0570,2026-05-02,HellsHammer,WolfHunt,4,1,957.25,1014.34,970.78,1001.64,Xtreme,Xtreme,season,S2,4,7,22.3006,24.5812,28.2811,26.558,0.4186,0.5814,0.8971,0.1029,0.0894,0.0268
M0571,2026-05-02,WizardArc,HellsBrave,0,5,979.67,1106.26,969.44,1119.62,Xtreme,Xtreme,season,S2,4,7,21.0148,24.5812,23.8877,31.1883,0.3255,0.6745,-0.1029,1.1029,0.0456,0.0896
M0572,2026-05-02,CobaltDrake,SolEclipse,2,5,971.8,935.26,961.99,947.14,Xtreme,Xtreme,season,S2,4,7,21.6363,17.6531,21.8449,26.4259,0.5524,0.4476,0.1029,0.8971,0.0032,-0.1657
M0573,2026-05-02,PhoenixRudder,DranDagger,0,4,1005.48,939.62,989.47,954.52,Xtreme,Xtreme,season,S2,4,7,19.8895,16.6284,26.9677,25.0993,0.5937,0.4063,0.0,1.0,0.1186,-0.1698
M0574,2026-05-02,HellsChain,SilverWolf,4,1,1018.25,1044.15,1025.8,1033.49,Xtreme,Xtreme,season,S2,3,7,16.6284,17.2885,17.3735,24.5438,0.4628,0.5372,0.8971,0.1029,-0.0149,0.1399
M0575,2026-05-02,PhoenixWing,LeonClaw,4,3,974.43,1007.84,981.5,1001.17,Xtreme,Xtreme,season,S2,3,7,16.0506,17.2885,18.8474,17.7732,0.4521,0.5479,0.8271,0.1729,0.0581,-0.0093
M0576,2026-05-02,RhinoReaper,HellsReaper,5,3,1002.48,1012.07,1009.8,1005.4,Xtreme,Xtreme,season,S2,3,7,16.6284,16.6284,20.4149,18.6106,0.4862,0.5138,0.8449,0.1551,-0.0759,0.0397
M0577,2026-05-02,SharkEdge,PerseusDark,4,1,962.93,1009.44,973.63,1000.85,Xtreme,Xtreme,season,S2,3,7,15.7894,16.6284,23.0954,18.5406,0.4335,0.5665,0.8971,0.1029,-0.1542,0.0383
M0578,2026-05-02,DranBrave,WeissTiger,4,0,1054.68,1038.33,1062.42,1029.37,Xtreme,Xtreme,season,S2,2,7,15.545,16.3299,16.2527,18.7982,0.5235,0.4765,1.0,0.0,-0.0152,0.0504
M0579,2026-05-02,WyvernHover,KnightMail,2,6,938.21,1003.57,924.02,1012.28,Xtreme,Xtreme,season,S2,2,7,21.6363,15.545,34.8538,21.393,0.407,0.593,0.0,1.0,-0.2036,-0.1254
M0580,2026-05-02,CerberusFlame,DranSword,2,4,1021.86,1077.11,1017.28,1083.42,Xtreme,Xtreme,season,S2,2,7,14.9024,15.7894,17.222,23.6912,0.4212,0.5788,0.1551,0.8449,0.0519,0.1668
M0581,2026-05-02,ViperTail,CobaltDragoon,4,0,1035.99,1062.86,1046.16,1051.77,Xtreme,Xtreme,season,S2,2,7,16.6284,16.0506,18.8814,20.5805,0.4614,0.5386,1.0,0.0,0.0452,0.0941
M0582,2026-05-02,FoxBrush,ValkyrieVolt,4,2,1088.54,1114.57,1094.97,1106.99,Xtreme,Xtreme,season,S2,1,7,15.1025,19.3807,16.8066,19.8164,0.4626,0.5374,0.8449,0.1551,0.0376,-0.0075
M0583,2026-05-02,ScorpioSpear,TuskMammoth,5,1,1043.91,1133.95,1054.16,1120.53,Xtreme,Xtreme,season,S2,1,7,15.545,13.0677,16.3519,21.4146,0.3732,0.6268,1.0,0.0,0.0173,0.2129
M0584,2026-05-02,GolemRock,SharkScale,2,4,1031.77,1103.95,1025.75,1108.49,Xtreme,Xtreme,season,S2,1,7,14.7152,17.2885,24.8576,18.7365,0.3976,0.6024,0.1551,0.8449,-0.2297,-0.0279
M0585,2026-05-02,LeonCrest,ImpactDrake,0,4,1084.18,1143.52,1075.37,1149.72,Xtreme,Xtreme,season,S2,1,7,15.545,13.9455,21.2157,14.9264,0.4154,0.5846,0.0,1.0,0.1216,0.0234
M0586,2026-05-02,HellsReaper,HellsHammer,8,5,1005.4,970.78,1011.3,960.08,Xtreme,Xtreme,relegation,S2,,,16.3299,21.6363,16.9857,30.8064,0.5496,0.4504,0.8971,0.1029,-0.0134,0.1413
M0587,2026-05-02,WeissTiger,PerseusDark,9,5,1029.37,1000.85,1037.18,992.71,Xtreme,Xtreme,relegation,S2,,,16.0506,16.3299,17.0072,17.7308,0.541,0.459,1.0,0.0,-0.0199,-0.0286
M0588,2026-05-02,LeonCrest,CobaltDragoon,3,7,1075.37,1051.77,1065.96,1060.45,Xtreme,Xtreme,relegation,S2,,,15.3164,15.7894,17.6136,16.2498,0.5339,0.4661,0.0,1.0,0.05,0.0097
M0589,2026-05-10,TuskMammoth,HellsBrave,4,0,1120.53,1119.62,1128.98,1102.98,Xtreme,Xtreme,season_cup,S3,,,12.9989,23.7698,16.9358,33.38,0.5013,0.4987,1.0,0.0,0.101,0.1348
M0590,2026-05-10,ImpactDrake,DranSword,2,4,1149.72,1083.42,1142.27,1093.93,Xtreme,Xtreme,season_cup,S3,,,13.8201,15.545,16.9589,23.9415,0.5943,0.4057,0.1551,0.8449,0.0757,0.18
M0591,2026-05-10,FoxBrush,SilverWolf,5,1,1094.97,1033.49,1102.66,1025.17,Xtreme,Xtreme,season_cup,S3,,,14.9024,16.9474,18.6384,20.1671,0.5876,0.4124,1.0,0.0,0.0836,0.0633
M0592,2026-05-10,ScorpioSpear,CobaltDragoon,1,4,1054.16,1060.45,1046.46,1067.92,Xtreme,Xtreme,season_cup,S3,,,15.3164,15.545,19.8453,19.2576,0.4909,0.5091,0.1029,0.8971,0.0986,0.0796
M0593,2026-05-10,HellsBrave,ImpactDrake,4,2,1102.98,1142.27,1113.6,1136.66,Xtreme,Xtreme,season_cup,S3,,,23.0107,13.7027,26.4835,13.9928,0.4437,0.5563,0.8449,0.1551,0.0503,0.0071
M0594,2026-05-10,SilverWolf,ScorpioSpear,1,4,1025.17,1046.46,1019.08,1052.55,Xtreme,Xtreme,season_cup,S3,,,16.6284,15.1025,16.6338,16.6286,0.4694,0.5306,0.1029,0.8971,-0.0001,0.0337
M0595,2026-05-10,TuskMammoth,DranSword,4,1,1128.98,1093.93,1135.54,1085.2,Xtreme,Xtreme,season_cup_quarter,S3,,,12.9345,15.3164,18.9097,25.1769,0.5503,0.4497,0.8971,0.1029,0.154,0.2146
M0596,2026-05-10,FoxBrush,CobaltDragoon,4,2,1102.66,1067.92,1108.66,1061.77,Xtreme,Xtreme,season_cup_quarter,S3,,,14.7152,15.3164,20.3401,20.864,0.5498,0.4502,0.8449,0.1551,0.1274,0.1207
M0597,2026-05-10,DranSword,ScorpioSpear,4,2,1085.2,1052.55,1091.59,1047.07,Xtreme,Xtreme,season_cup_quarter,S3,,,15.1025,14.9024,21.4337,18.3923,0.5468,0.4532,0.8449,0.1551,0.1397,0.0781
M0598,2026-05-10,CobaltDragoon,HellsBrave,4,0,1061.77,1113.6,1072.13,1097.07,Xtreme,Xtreme,season_cup_quarter,S3,,,15.1025,22.3006,18.0608,28.7963,0.426,0.574,1.0,0.0,0.0653,0.0971
M0599,2026-05-10,CobaltDragoon,DranSword,2,6,1072.13,1091.59,1062.29,1102.02,Xtreme,Xtreme,season_cup_semi,S3,,,14.9024,14.9024,20.8542,22.0934,0.472,0.528,0.0,1.0,0.1331,0.1608
M0600,2026-05-10,TuskMammoth,FoxBrush,0,4,1135.54,1108.66,1124.86,1120.01,Xtreme,Xtreme,season_cup_semi,S3,,,12.8742,14.5401,19.8147,21.0731,0.5386,0.4614,0.0,1.0,0.1797,0.1498
M0601,2026-05-10,SilverWolf,ImpactDrake,4,2,1019.08,1136.66,1028.59,1128.77,Xtreme,Xtreme,season_cup,S3,,,16.3299,13.5929,18.7285,15.5248,0.337,0.663,0.8449,0.1551,-0.049,-0.0474
M0602,2026-05-10,HellsBrave,ScorpioSpear,4,0,1097.07,1047.07,1106.55,1040.23,Xtreme,Xtreme,season_cup,S3,,,21.6363,14.7152,22.1301,15.9475,0.5715,0.4285,1.0,0.0,0.0076,0.0279
M0603,2026-05-10,TuskMammoth,DranSword,4,0,1124.86,1102.02,1132.36,1090.97,Xtreme,Xtreme,season_cup_semi,S3,,,12.8178,14.7152,16.0451,23.6476,0.5328,0.4672,1.0,0.0,0.0839,0.2023
M0604,2026-05-10,FoxBrush,TuskMammoth,5,7,1120.01,1132.36,1112.46,1138.23,Xtreme,Xtreme,season_cup_final,S3,,,14.3763,12.7651,23.0717,17.9359,0.4822,0.5178,0.1551,0.8449,0.2016,0.135
M0605,2026-05-10,TuskMammoth,FoxBrush,2,8,1138.23,1112.46,1125.19,1126.18,Xtreme,Xtreme,season_cup_final,S3,,,12.7157,14.223,18.8436,19.8177,0.537,0.463,-0.1551,1.1551,0.1606,0.1311
M0606,2026-05-10,DranDagger,CobaltDrake,6,2,1000,1047.09,1022.69,1019.64,Double Xtreme,Double Xtreme,qualification,S3,,,40.0,34.9245,40.0,48.3812,0.4326,0.5674,1.0,0.0,,0.1284
M0607,2026-05-10,WhaleFlame,TyrannoBeat,0,4,1000,1000,980.0,1020.0,Double Xtreme,Double Xtreme,qualification,S3,,,40.0,40.0,40.0,40.0,0.5,0.5,0.0,1.0,,
M0608,2026-05-10,TyrannoRoar,PhoenixFlare,4,3,1000,1000,1013.09,986.91,Double Xtreme,Double Xtreme,qualification,S3,,,40.0,40.0,40.0,40.0,0.5,0.5,0.8271,0.1729,,
M0609,2026-05-10,ClockMirage,CrimsonGaruda,5,0,1000,1000,1024.12,975.88,Double Xtreme,Double Xtreme,qualification,S3,,,40.0,40.0,40.0,40.0,0.5,0.5,1.1029,-0.1029,,
M0610,2026-05-10,WhaleWave,UnicornSting,4,2,1000,1000,1013.8,986.2,Double Xtreme,Double Xtreme,qualification,S3,,,40.0,40.0,40.0,40.0,0.5,0.5,0.8449,0.1551,,
M0611,2026-05-10,BlackShell,GhostCircle,4,0,1000,1000,1020.0,980.0,Double Xtreme,Double Xtreme,qualification,S3,,,40.0,40.0,40.0,40.0,0.5,0.5,1.0,0.0,,
M0612,2026-05-10,TriceraPress,DranBuster,5,0,1021.21,1000,1045.41,977.1,Double Xtreme,Double Xtreme,qualification,S3,,,34.9245,40.0,42.2761,40.0,0.5305,0.4695,1.1029,-0.1029,0.0702,
M0613,2026-05-10,SamuraiCalibur,SamuraiSteel,0,4,943.48,981.16,920.92,999.54,Double Xtreme,Double Xtreme,qualification,S3,,,34.9245,34.9245,50.5878,41.2254,0.446,0.554,0.0,1.0,-0.1495,-0.0601
M0614,2026-05-10,WolfHunt,SolEclipse,4,3,1000,1000,1013.09,986.91,Double Xtreme,Double Xtreme,qualification,S3,,,40.0,40.0,40.0,40.0,0.5,0.5,0.8271,0.1729,,
M0615,2026-05-10,PegasusBlast,DranDagger,0,4,1000,1022.69,981.3,1044.6,Double Xtreme,Double Xtreme,qualification,S3,,,40.0,38.1942,40.0,46.8621,0.4674,0.5326,0.0,1.0,,0.0756
M0616,2026-05-10,TyrannoBeat,TyrannoRoar,4,0,1020.0,1013.09,1042.46,991.92,Double Xtreme,Double Xtreme,qualification,S3,,,38.1942,38.1942,45.833,43.1922,0.5099,0.4901,1.0,0.0,0.0667,0.0436
M0617,2026-05-10,WizardRod,ClockMirage,2,4,1000,1024.12,987.59,1038.82,Double Xtreme,Double Xtreme,qualification,S3,,,40.0,38.1942,40.0,47.4051,0.4653,0.5347,0.1551,0.8449,,0.0804
M0618,2026-05-10,MeteorDragoon,WhaleWave,4,0,1000,1013.8,1020.79,991.2,Double Xtreme,Double Xtreme,qualification,S3,,,40.0,38.1942,40.0,43.4633,0.4802,0.5198,1.0,0.0,,0.046
M0619,2026-05-10,SamuraiSaber,BlackShell,5,2,1000,1020.0,1017.03,1000.48,Double Xtreme,Double Xtreme,qualification,S3,,,40.0,38.1942,40.0,45.833,0.4712,0.5288,0.8971,0.1029,,0.0667
M0620,2026-05-10,ShelterDrake,TriceraPress,0,4,1000,1045.41,982.6,1065.95,Double Xtreme,Double Xtreme,qualification,S3,,,40.0,33.446,40.0,47.2056,0.435,0.565,0.0,1.0,,0.1371
M0621,2026-05-10,EmperorMight,SamuraiSteel,0,4,1000,999.54,979.97,1016.66,Double Xtreme,Double Xtreme,qualification,S3,,,40.0,33.446,40.0,34.1829,0.5007,0.4993,0.0,1.0,,0.0073
M0622,2026-05-10,WizardArrow,WolfHunt,2,5,1000,1013.09,984.87,1029.42,Double Xtreme,Double Xtreme,qualification,S3,,,40.0,38.1942,40.0,43.1922,0.4812,0.5188,0.1029,0.8971,,0.0436
M0623,2026-05-10,DranDagger,TyrannoRoar,5,0,1044.6,991.92,1071.25,971.07,Double Xtreme,Double Xtreme,qualification,S3,,,36.5049,36.5049,50.5096,39.5206,0.5752,0.4248,1.1029,-0.1029,0.1279,-0.0275
M0624,2026-05-10,ClockMirage,MeteorDragoon,3,4,1038.82,1020.79,1021.64,1037.08,Double Xtreme,Double Xtreme,qualification,S3,,,36.5049,38.1942,48.6647,46.1362,0.5259,0.4741,0.1729,0.8271,0.111,0.0693
M0625,2026-05-10,SamuraiSaber,TriceraPress,0,4,1017.03,1065.95,997.81,1087.05,Double Xtreme,Double Xtreme,qualification,S3,,,38.1942,32.0629,44.7002,49.0738,0.4301,0.5699,0.0,1.0,0.0568,0.1769
M0626,2026-05-10,SamuraiSteel,WolfHunt,0,4,1016.66,1029.42,997.83,1051.66,Double Xtreme,Double Xtreme,qualification,S3,,,32.0629,36.5049,39.0961,46.1684,0.4816,0.5184,0.0,1.0,0.0731,0.0882
M0627,2026-05-10,DranDagger,MeteorDragoon,4,3,1071.25,1037.08,1086.24,1023.67,Double Xtreme,Double Xtreme,qualification,S3,,,34.9245,36.5049,53.9078,48.2389,0.549,0.451,0.8271,0.1729,0.1812,0.1071
M0628,2026-05-10,TriceraPress,WolfHunt,4,3,1087.05,1051.66,1100.93,1037.93,Double Xtreme,Double Xtreme,qualification,S3,,,30.769,34.9245,50.2099,49.6653,0.5508,0.4492,0.8271,0.1729,0.2106,0.1407
M0629,2026-05-10,MeteorDragoon,WolfHunt,2,4,1023.67,1037.93,1010.44,1051.55,Double Xtreme,Double Xtreme,qualification,S3,,,34.9245,33.446,40.7683,41.983,0.4795,0.5205,0.1551,0.8449,0.0558,0.0851
M0630,2026-05-10,DranDagger,TriceraPress,6,7,1086.24,1100.93,1070.05,1115.93,Double Xtreme,Double Xtreme,qualification,S3,,,33.446,29.5585,52.9227,49.0123,0.4789,0.5211,0.1729,0.8271,0.1941,0.2194
M0631,2026-05-22,WhaleWave,TyrannoRoar,2,4,940.75,1020.75,935.72,1027.96,Xtreme,Xtreme,qualification,S3,,,17.6531,29.5585,21.6919,31.1006,0.3869,0.6131,0.1551,0.8449,-0.0763,-0.0174
M0632,2026-05-22,GhostCircle,PegasusBlast,4,0,1000,932.36,1016.15,918.5,Xtreme,Xtreme,qualification,S3,,,40.0,26.3757,40.0,34.304,0.5961,0.4039,1.0,0.0,,-0.1002
M0633,2026-05-22,CrimsonGaruda,SamuraiSaber,3,4,980.33,831.95,969.93,857.0,Xtreme,Xtreme,qualification,S3,,,17.2885,26.3757,19.6727,47.3947,0.7014,0.2986,0.1729,0.8271,-0.046,-0.2656
M0634,2026-05-22,GhostCircle,TyrannoRoar,3,4,1016.15,1027.96,1002.39,1037.2,Xtreme,Xtreme,qualification,S3,,,38.1942,28.4261,44.3643,29.7758,0.483,0.517,0.1729,0.8271,0.0538,0.0158
M0635,2026-05-22,SamuraiSaber,PegasusBlast,4,2,857.0,918.5,873.29,902.85,Xtreme,Xtreme,qualification,S3,,,25.4485,25.4485,37.6441,36.1894,0.4124,0.5876,0.8449,0.1551,-0.1597,-0.1407
M0636,2026-05-22,WhaleWave,CrimsonGaruda,2,4,935.72,969.93,929.12,976.6,Xtreme,Xtreme,qualification,S3,,,17.2885,16.9474,22.3191,22.5561,0.4509,0.5491,0.1551,0.8449,-0.097,-0.1103
M0637,2026-05-22,WolfHunt,SolEclipse,5,3,1001.64,947.14,1008.76,941.36,Xtreme,Xtreme,qualification,S3,,,23.7698,17.2885,26.663,21.6261,0.5778,0.4222,0.8449,0.1551,-0.0406,-0.0836
M0638,2026-05-22,PhoenixFlare,WhaleFlame,4,0,1000,929.99,1016.02,913.1,Xtreme,Xtreme,qualification,S3,,,40.0,28.4261,40.0,42.1525,0.5994,0.4006,1.0,0.0,,-0.161
M0639,2026-05-22,UnicornSting,TyrannoBeat,4,0,967.11,878.92,977.19,863.17,Xtreme,Xtreme,qualification,S3,,,18.0428,24.5812,26.8323,41.9036,0.6243,0.3757,1.0,0.0,-0.1624,-0.2349
M0640,2026-05-22,WolfHunt,PhoenixFlare,2,6,1008.76,1016.02,997.48,1037.72,Xtreme,Xtreme,qualification,S3,,,23.0107,38.1942,23.0418,44.3143,0.4895,0.5105,0.0,1.0,0.0004,0.0534
M0641,2026-05-22,UnicornSting,SolEclipse,4,0,977.19,941.36,987.26,931.29,Xtreme,Xtreme,qualification,S3,,,17.6531,16.9474,22.4529,22.4432,0.5514,0.4486,1.0,0.0,-0.0906,-0.1081
M0642,2026-05-22,WhaleFlame,TyrannoBeat,4,2,913.1,863.17,924.92,851.72,Xtreme,Xtreme,qualification,S3,,,27.3667,23.7698,43.2047,41.8595,0.5714,0.4286,0.8449,0.1551,-0.1929,-0.2537
M0643,2026-05-22,ShelterDrake,EmperorMight,4,0,1000,951.94,1017.25,936.98,Xtreme,Xtreme,qualification,S3,,,40.0,28.4261,40.0,34.6814,0.5687,0.4313,1.0,0.0,,-0.0734
M0644,2026-05-22,MeteorDragoon,DranBuster,5,0,1000,924.51,1019.84,904.17,Xtreme,Xtreme,qualification,S3,,,40.0,24.5812,40.0,41.0182,0.607,0.393,1.1029,-0.1029,,-0.2229
M0645,2026-05-22,ClockMirage,WizardArrow,5,2,962.53,890.13,973.15,878.34,Xtreme,Xtreme,qualification,S3,,,29.5585,27.3667,36.0558,40.0593,0.6027,0.3973,0.8971,0.1029,-0.0733,-0.1546
M0646,2026-05-22,ShelterDrake,MeteorDragoon,4,2,1017.25,1019.84,1032.86,1003.88,Xtreme,Xtreme,qualification,S3,,,38.1942,38.1942,44.783,45.771,0.4963,0.5037,0.8449,0.1551,0.0575,0.0661
M0647,2026-05-22,ClockMirage,EmperorMight,4,0,973.15,936.98,986.81,920.26,Xtreme,Xtreme,qualification,S3,,,28.4261,27.3667,30.494,37.3069,0.5519,0.4481,1.0,0.0,-0.0242,-0.1211
M0648,2026-05-22,DranBuster,WizardArrow,5,2,904.17,878.34,919.38,863.91,Xtreme,Xtreme,qualification,S3,,,23.7698,26.3757,42.2603,40.0834,0.5371,0.4629,0.8971,0.1029,-0.2593,-0.1732
M0649,2026-05-22,SamuraiCalibur,DranDagger,1,5,1000,954.52,977.4,965.63,Xtreme,Xtreme,qualification,S3,,,40.0,16.3299,40.0,19.6618,0.5651,0.4349,0.0,1.0,,-0.068
M0650,2026-05-22,SamuraiSteel,WizardRod,5,0,1000,910.87,1019.09,897.4,Xtreme,Xtreme,qualification,S3,,,40.0,17.6531,40.0,28.2071,0.6255,0.3745,1.1029,-0.1029,,-0.1993
M0651,2026-05-22,CobaltDrake,BlackShell,3,4,961.99,911.02,952.14,926.65,Xtreme,Xtreme,qualification,S3,,,21.0148,24.5812,24.6177,39.0689,0.5728,0.4272,0.1729,0.8271,-0.0571,-0.1965
M0652,2026-05-22,SamuraiSteel,DranDagger,4,3,1019.09,965.63,1030.5,961.41,Xtreme,Xtreme,qualification,S3,,,38.1942,16.0506,45.4873,16.8403,0.5763,0.4237,0.8271,0.1729,0.0636,0.0164
M0653,2026-05-22,BlackShell,WizardRod,4,0,926.65,897.4,941.35,883.87,Xtreme,Xtreme,qualification,S3,,,23.7698,17.2885,32.1086,29.5476,0.542,0.458,1.0,0.0,-0.1169,-0.2364
M0654,2026-05-22,SamuraiCalibur,CobaltDrake,0,4,977.4,952.14,952.28,966.48,Xtreme,Xtreme,qualification,S3,,,38.1942,20.4334,46.8273,26.7386,0.5363,0.4637,0.0,1.0,-0.0753,-0.1029
M0655,2026-05-22,WhaleWave,EmperorMight,0,4,1022.95,1013.8,1003.8,1036.1,Drop Attack,Drop Attack,qualification,S3,,,33.446,38.1942,37.3247,43.4633,0.5132,0.4868,0.0,1.0,0.0387,0.046
M0656,2026-05-22,TyrannoBeat,SamuraiCalibur,4,0,973.3,1000,996.89,978.47,Drop Attack,Drop Attack,qualification,S3,,,34.9245,40.0,43.8089,40.0,0.4617,0.5383,1.0,0.0,-0.0848,
M0657,2026-05-22,WizardRod,WizardArrow,4,2,1000,980.0,1012.65,965.51,Drop Attack,Drop Attack,qualification,S3,,,40.0,38.1942,40.0,45.833,0.5288,0.4712,0.8449,0.1551,,-0.0667
M0658,2026-05-22,PegasusBlast,SolEclipse,4,2,992.71,975.88,1005.29,960.68,Drop Attack,Drop Attack,qualification,S3,,,36.5049,38.1942,39.2244,47.4051,0.5242,0.4758,0.8449,0.1551,-0.0248,-0.0804
M0659,2026-05-22,EmperorMight,TyrannoBeat,0,4,1036.1,996.89,1009.2,1015.59,Drop Attack,Drop Attack,qualification,S3,,,36.5049,33.446,48.3628,33.6177,0.5562,0.4438,0.0,1.0,0.1083,-0.0017
M0660,2026-05-22,WizardRod,PegasusBlast,4,2,1012.65,1005.29,1027.03,992.87,Drop Attack,Drop Attack,qualification,S3,,,38.1942,34.9245,43.0241,37.1496,0.5106,0.4894,0.8449,0.1551,0.0422,0.0212
M0661,2026-05-22,EmperorMight,PegasusBlast,2,4,1009.2,992.87,995.58,1006.16,Drop Attack,Drop Attack,qualification,S3,,,34.9245,33.446,36.9866,36.0716,0.5235,0.4765,0.1551,0.8449,0.0197,-0.0262
M0662,2026-05-22,TyrannoBeat,WizardRod,8,2,1015.59,1027.03,1041.81,996.55,Drop Attack,Drop Attack,qualification,S3,,,32.0629,36.5049,39.0534,45.3871,0.4835,0.5165,1.1551,-0.1551,0.0727,0.0811
M0663,2026-05-22,TyrannoRoar,DranDagger,1,5,1037.2,961.41,1017.83,971.55,Xtreme,Xtreme,qualification,S3,,,27.3667,15.7894,31.8881,16.7002,0.6074,0.3926,0.0,1.0,0.0551,-0.0192
M0664,2026-05-22,WhaleFlame,ShelterDrake,0,4,924.92,1032.86,912.09,1049.31,Xtreme,Xtreme,qualification,S3,,,26.3757,36.5049,36.7191,47.053,0.3495,0.6505,0.0,1.0,-0.1307,0.0963
M0665,2026-05-22,GhostCircle,BlackShell,0,4,1002.39,941.35,980.63,956.49,Xtreme,Xtreme,qualification,S3,,,36.5049,23.0107,37.0869,25.7912,0.587,0.413,0.0,1.0,0.0053,-0.0403
M0666,2026-05-22,UnicornSting,MeteorDragoon,0,5,987.26,1003.88,976.69,1025.7,Xtreme,Xtreme,qualification,S3,,,17.2885,36.5049,18.26,37.6906,0.4761,0.5239,-0.1029,1.1029,-0.0187,0.0108
M0667,2026-05-22,DranDagger,ShelterDrake,4,2,971.55,1049.31,979.99,1027.22,Xtreme,Xtreme,qualification,S3,,,15.545,34.9245,18.5445,48.5524,0.3899,0.6101,0.8449,0.1551,0.0643,0.1301
M0668,2026-05-22,BlackShell,MeteorDragoon,2,5,956.49,1025.7,948.96,1038.85,Xtreme,Xtreme,qualification,S3,,,22.3006,34.9245,25.201,43.9961,0.4017,0.5983,0.1029,0.8971,0.0434,0.0866
M0669,2026-05-22,DranDagger,MeteorDragoon,8,4,979.99,1038.85,992.05,1012.59,Xtreme,Xtreme,qualification,S3,,,15.3164,33.446,20.665,44.9727,0.4161,0.5839,1.0,0.0,0.1164,0.1149
M0670,2026-05-22,SamuraiSaber,CobaltDrake,2,4,873.29,966.48,866.75,970.96,Xtreme,Xtreme,qualification,S3,,,24.5812,19.8895,30.5381,20.942,0.369,0.631,0.1551,0.8449,-0.0808,-0.0176
M0671,2026-05-22,WolfHunt,ClockMirage,2,4,997.48,986.81,987.88,997.82,Xtreme,Xtreme,qualification,S3,,,22.3006,27.3667,26.6414,30.5469,0.5153,0.4847,0.1551,0.8449,-0.0649,0.0387
M0672,2026-05-22,CrimsonGaruda,SamuraiSteel,4,0,976.6,1030.5,987.81,1003.84,Xtreme,Xtreme,qualification,S3,,,16.6284,36.5049,19.4301,46.2082,0.423,0.577,1.0,0.0,-0.0562,0.0886
M0673,2026-05-22,PhoenixFlare,DranBuster,1,5,1037.72,919.38,1005.37,942.76,Xtreme,Xtreme,qualification,S3,,,36.5049,23.0107,48.7226,35.2106,0.664,0.336,0.0,1.0,0.1116,-0.1767
M0674,2026-05-22,CobaltDrake,ClockMirage,4,0,970.96,997.82,981.81,980.14,Xtreme,Xtreme,qualification,S3,,,19.3807,26.3757,20.1502,32.8325,0.4614,0.5386,1.0,0.0,0.0132,0.0816
M0675,2026-05-22,CrimsonGaruda,DranBuster,0,4,987.81,942.76,977.81,957.79,Xtreme,Xtreme,qualification,S3,,,16.3299,22.3006,17.7139,26.6245,0.5645,0.4355,0.0,1.0,0.0283,-0.0646
M0676,2026-05-22,CobaltDrake,DranBuster,3,8,981.81,957.79,966.75,972.38,Xtreme,Xtreme,qualification,S3,,,18.9047,21.6363,23.6279,22.8859,0.5345,0.4655,-0.1029,1.1029,0.0833,0.0193
M0677,2026-06-07,TyrannoBeat,LeonClaw,0,5,851.72,1001.17,835.44,1009.14,Xtreme,Xtreme,season,S3,4,1,23.0107,16.9474,40.7055,19.9019,0.2973,0.7027,-0.1029,1.1029,-0.2563,-0.0581
M0678,2026-06-07,TriceraPress,HellsHammer,3,4,1000,960.08,984.63,970.0,Xtreme,Xtreme,season,S3,4,1,40.0,21.0148,40.0,25.8133,0.5572,0.4428,0.1729,0.8271,,0.0761
M0679,2026-06-07,DranDagger,DranBuster,4,2,992.05,972.38,999.4,963.7,Xtreme,Xtreme,season,S3,4,1,15.1025,21.0148,23.2007,27.4247,0.5283,0.4717,0.8449,0.1551,0.1787,0.1017
M0680,2026-06-07,PhoenixRudder,SharkEdge,4,0,989.47,973.63,999.37,964.62,Xtreme,Xtreme,season,S3,4,1,19.3807,15.545,20.756,18.896,0.5228,0.4772,1.0,0.0,0.0237,-0.0719
M0681,2026-06-07,WyvernHover,HellsBrave,2,5,924.02,1106.55,918.47,1110.46,Xtreme,Xtreme,season,S3,3,1,21.0148,21.0148,35.5625,25.0327,0.2591,0.7409,0.1029,0.8971,-0.2308,0.0637
M0682,2026-06-07,HellsChain,WizardArc,4,0,1025.8,969.44,1033.57,960.41,Xtreme,Xtreme,season,S3,3,1,16.3299,20.4334,18.5326,21.5138,0.5804,0.4196,1.0,0.0,0.045,-0.0176
M0683,2026-06-07,KnightMail,PerseusDark,4,1,1012.28,992.71,1018.85,985.26,Xtreme,Xtreme,season,S3,3,1,15.3164,16.0506,17.8164,20.1912,0.5281,0.4719,0.8971,0.1029,-0.0544,-0.086
M0684,2026-06-07,HellsReaper,RhinoReaper,0,4,1011.3,1009.8,1002.4,1018.44,Xtreme,Xtreme,season,S3,3,1,16.0506,16.3299,17.7226,17.2096,0.5022,0.4978,0.0,1.0,0.0347,-0.018
M0685,2026-06-07,PhoenixWing,LeonCrest,0,4,981.5,1065.96,973.68,1072.19,Xtreme,Xtreme,season,S3,2,1,15.7894,15.1025,20.5427,16.3647,0.3808,0.6192,0.0,1.0,0.1003,-0.0279
M0686,2026-06-07,DranBrave,CerberusFlame,4,0,1062.42,1017.28,1070.1,1010.69,Xtreme,Xtreme,season,S3,2,1,15.3164,14.7152,17.6313,15.1344,0.5646,0.4354,1.0,0.0,0.0504,0.0095
M0687,2026-06-07,ViperTail,GolemRock,4,0,1046.16,1025.75,1056.41,1014.15,Xtreme,Xtreme,season,S3,2,1,16.3299,14.5401,21.7655,24.6359,0.5293,0.4707,1.0,0.0,0.111,-0.2314
M0688,2026-06-07,WeissTiger,SilverWolf,4,0,1037.18,1028.59,1045.9,1020.17,Xtreme,Xtreme,season,S3,2,1,15.7894,16.0506,17.873,17.2683,0.5124,0.4876,1.0,0.0,0.044,0.0253
M0689,2026-06-07,ScorpioSpear,ImpactDrake,0,6,1040.23,1128.77,1031.76,1138.26,Xtreme,Xtreme,season,S3,1,1,14.5401,13.4901,15.9772,17.8926,0.3753,0.6247,-0.1551,1.1551,-0.0329,-0.1088
M0690,2026-06-07,FoxBrush,CobaltDragoon,4,3,1126.18,1062.29,1131.56,1058.27,Xtreme,Xtreme,season,S3,1,1,14.0797,14.7152,22.7774,17.0302,0.5909,0.4091,0.8271,0.1729,0.2059,0.0524
M0691,2026-06-07,TuskMammoth,DranSword,4,2,1125.19,1090.97,1129.46,1085.21,Xtreme,Xtreme,season,S3,1,1,12.6696,14.5401,14.4535,19.4723,0.5491,0.4509,0.8449,0.1551,0.0469,0.1131
M0692,2026-06-07,SharkScale,ValkyrieVolt,2,4,1108.49,1106.99,1102.47,1114.68,Xtreme,Xtreme,season,S3,1,1,16.9474,18.9047,17.3611,22.1637,0.5022,0.4978,0.1551,0.8449,0.0081,-0.0575
M0693,2026-06-07,DranBuster,PhoenixRudder,4,2,963.7,999.37,972.9,989.99,Xtreme,Xtreme,season,S3,4,2,20.4334,18.9047,23.2472,23.6762,0.4488,0.5512,0.8449,0.1551,0.0459,0.0841
M0694,2026-06-07,SharkEdge,TyrannoBeat,5,0,964.62,835.44,973.59,818.12,Xtreme,Xtreme,season,S3,4,2,15.3164,22.3006,21.1016,40.7325,0.6778,0.3222,1.1029,-0.1029,-0.1259,-0.2755
M0695,2026-06-07,HellsHammer,DranDagger,2,5,970.0,999.4,960.2,1007.82,Xtreme,Xtreme,season,S3,4,2,20.4334,14.9024,27.6184,23.7151,0.4578,0.5422,0.1029,0.8971,0.1172,0.1971
M0696,2026-06-07,LeonClaw,TriceraPress,0,4,1009.14,984.63,1000.16,1008.21,Xtreme,Xtreme,season,S3,4,2,16.6284,38.1942,16.7778,44.066,0.5352,0.4648,0.0,1.0,0.003,-0.0512
M0697,2026-06-07,PerseusDark,HellsReaper,4,0,985.26,1002.4,996.62,993.2,Xtreme,Xtreme,season,S3,3,2,15.7894,15.7894,21.6498,17.5354,0.4754,0.5246,1.0,0.0,-0.1237,-0.0369
M0698,2026-06-07,RhinoReaper,WyvernHover,2,4,1018.44,918.47,1009.46,934.94,Xtreme,Xtreme,season,S3,3,2,16.0506,20.4334,18.5251,33.9691,0.64,0.36,0.1551,0.8449,0.0514,-0.2208
M0699,2026-06-07,WizardArc,KnightMail,2,4,960.41,1018.85,954.1,1022.82,Xtreme,Xtreme,season,S3,3,2,19.8895,15.1025,24.1392,15.195,0.4167,0.5833,0.1551,0.8449,-0.0712,0.002
M0700,2026-06-07,HellsBrave,HellsChain,3,4,1110.46,1033.57,1099.52,1042.56,Xtreme,Xtreme,season,S3,3,2,20.4334,16.0506,25.0958,20.6209,0.6089,0.3911,0.1729,0.8271,0.0761,0.0949
M0701,2026-06-07,GolemRock,WeissTiger,1,4,1014.15,1045.9,1005.1,1053.05,Xtreme,Xtreme,season,S3,2,2,14.3763,15.545,25.7339,20.355,0.4544,0.5456,0.1029,0.8971,-0.2633,0.1031
M0702,2026-06-07,SilverWolf,PhoenixWing,4,2,1020.17,973.68,1025.13,968.88,Xtreme,Xtreme,season,S3,2,2,15.7894,15.545,17.831,17.233,0.5665,0.4335,0.8449,0.1551,-0.0431,0.0362
M0703,2026-06-07,CerberusFlame,ViperTail,4,3,1010.69,1056.41,1017.25,1047.1,Xtreme,Xtreme,season,S3,2,2,14.5401,16.0506,16.7135,23.7026,0.4346,0.5654,0.8271,0.1729,-0.0498,0.1589
M0704,2026-06-07,LeonCrest,DranBrave,2,5,1072.19,1070.1,1065.75,1077.99,Xtreme,Xtreme,season,S3,2,2,14.9024,15.1025,16.0929,19.711,0.503,0.497,0.1029,0.8971,0.0266,0.1017
M0705,2026-06-07,DranSword,SharkScale,4,0,1085.21,1102.47,1094.08,1092.71,Xtreme,Xtreme,season,S3,1,2,14.3763,16.6284,16.9017,18.585,0.4752,0.5248,1.0,0.0,0.0586,-0.0392
M0706,2026-06-07,ValkyrieVolt,ScorpioSpear,1,5,1114.68,1031.76,1103.17,1043.27,Xtreme,Xtreme,season,S3,1,2,18.4594,14.3763,18.6548,18.6577,0.6171,0.3829,0.0,1.0,-0.0035,-0.0993
M0707,2026-06-07,CobaltDragoon,TuskMammoth,4,2,1058.27,1129.46,1065.02,1122.48,Xtreme,Xtreme,season,S3,1,2,14.5401,12.6264,15.1486,15.6612,0.399,0.601,0.8449,0.1551,0.014,0.0801
M0708,2026-06-07,ImpactDrake,FoxBrush,6,3,1138.26,1131.56,1143.82,1122.75,Xtreme,Xtreme,season,S3,1,2,13.394,13.9455,14.3408,22.7295,0.5097,0.4903,0.8971,0.1029,-0.0236,0.21
M0709,2026-06-07,PhoenixRudder,HellsHammer,0,4,989.99,960.2,979.37,972.75,Xtreme,Xtreme,season,S3,4,3,18.4594,19.8895,19.5729,23.1273,0.5428,0.4572,0.0,1.0,0.0201,0.0543
M0710,2026-06-07,DranDagger,LeonClaw,2,4,1007.82,1000.16,999.15,1007.17,Xtreme,Xtreme,season,S3,4,3,14.7152,16.3299,24.3459,19.6987,0.511,0.489,0.1551,0.8449,0.2182,-0.0688
M0711,2026-06-07,TyrannoBeat,TriceraPress,0,4,818.12,1008.21,807.88,1018.11,Xtreme,Xtreme,season,S3,4,3,21.6363,36.5049,40.8139,39.4562,0.2508,0.7492,0.0,1.0,-0.2955,0.0269
M0712,2026-06-07,SharkEdge,DranBuster,1,5,973.59,972.9,964.83,985.64,Xtreme,Xtreme,season,S3,4,3,15.1025,19.8895,17.4782,25.4142,0.501,0.499,0.0,1.0,-0.0524,0.0926
M0713,2026-06-07,HellsReaper,WizardArc,4,2,993.2,954.1,999.06,946.88,Xtreme,Xtreme,season,S3,3,3,15.545,19.3807,20.297,24.9974,0.556,0.444,0.8449,0.1551,-0.1019,-0.0966
M0714,2026-06-07,KnightMail,HellsBrave,4,2,1022.82,1099.52,1030.32,1090.29,Xtreme,Xtreme,season,S3,3,3,14.9024,19.8895,16.5408,20.3538,0.3914,0.6086,0.8449,0.1551,0.0366,0.0078
M0715,2026-06-07,WyvernHover,HellsChain,0,4,934.94,1042.56,925.34,1050.42,Xtreme,Xtreme,season,S3,3,3,19.8895,15.7894,27.4502,22.4397,0.3499,0.6501,0.0,1.0,-0.1267,0.1404
M0716,2026-06-07,RhinoReaper,PerseusDark,4,0,1009.46,996.62,1017.52,988.29,Xtreme,Xtreme,season,S3,3,3,15.7894,15.545,16.7424,17.2831,0.5185,0.4815,1.0,0.0,-0.0201,-0.0373
M0717,2026-06-07,WeissTiger,CerberusFlame,1,4,1053.05,1017.25,1043.38,1023.88,Xtreme,Xtreme,season,S3,2,3,15.3164,14.3763,21.5775,14.7713,0.5513,0.4487,0.1029,0.8971,0.1363,0.0092
M0718,2026-06-07,ViperTail,LeonCrest,0,4,1047.1,1065.75,1037.72,1073.35,Xtreme,Xtreme,season,S3,2,3,15.7894,14.7152,19.8339,16.0515,0.4732,0.5268,0.0,1.0,0.0854,-0.0303
M0719,2026-06-07,PhoenixWing,DranBrave,2,4,968.88,1077.99,965.88,1082.08,Xtreme,Xtreme,season,S3,2,3,15.3164,14.9024,15.5804,21.2286,0.3479,0.6521,0.1551,0.8449,-0.0057,0.1415
M0720,2026-06-07,SilverWolf,GolemRock,4,2,1025.13,1005.1,1030.05,996.9,Xtreme,Xtreme,season,S3,2,3,15.545,14.223,15.5561,25.9613,0.5288,0.4712,0.8449,0.1551,-0.0002,-0.2751
M0721,2026-06-07,SharkScale,CobaltDragoon,5,0,1092.71,1065.02,1104.78,1055.19,Xtreme,Xtreme,season,S3,1,3,16.3299,14.3763,21.4233,17.4621,0.5398,0.4602,1.1029,-0.1029,-0.104,0.0715
M0722,2026-06-07,TuskMammoth,ImpactDrake,1,4,1122.48,1143.82,1117.73,1149.15,Xtreme,Xtreme,season,S3,1,3,12.586,13.3041,12.9627,14.551,0.4693,0.5307,0.1029,0.8971,0.01,0.0312
M0723,2026-06-07,ScorpioSpear,FoxBrush,0,5,1043.27,1122.75,1036.22,1132.18,Xtreme,Xtreme,season,S3,1,3,14.223,13.8201,14.3831,19.2225,0.3876,0.6124,-0.1029,1.1029,-0.0038,0.1303
M0724,2026-06-07,ValkyrieVolt,DranSword,5,0,1103.17,1094.08,1116.54,1082.65,Xtreme,Xtreme,season,S3,1,3,18.0428,14.223,22.6622,19.3742,0.5131,0.4869,1.1029,-0.1029,-0.0853,0.1207
M0725,2026-06-25,TriceraPress,DranDagger,5,0,1018.11,999.15,1041.64,987.22,Xtreme,Xtreme,season,S3,4,4,34.9245,14.5401,40.8754,20.7174,0.5273,0.4727,1.1029,-0.1029,0.0568,0.1416
M0726,2026-06-25,HellsHammer,SharkEdge,4,0,972.75,964.83,985.61,955.1,Xtreme,Xtreme,season,S3,4,4,19.3807,14.9024,26.3227,19.9204,0.5114,0.4886,1.0,0.0,0.1194,-0.1122
M0727,2026-06-25,LeonClaw,PhoenixRudder,2,4,1007.17,979.37,1000.77,987.46,Xtreme,Xtreme,season,S3,4,4,16.0506,18.0428,16.6353,21.0168,0.5399,0.4601,0.1551,0.8449,-0.0121,-0.0549
M0728,2026-06-25,DranBuster,TyrannoBeat,1,5,985.64,807.88,965.09,836.77,Xtreme,Xtreme,season,S3,4,4,19.3807,21.0148,27.93,39.2663,0.7356,0.2644,0.0,1.0,0.147,-0.2895
M0729,2026-06-25,HellsChain,KnightMail,4,1,1050.42,1030.32,1059.03,1023.41,Xtreme,Xtreme,season,S3,3,4,15.545,14.7152,23.395,18.7867,0.5289,0.4711,0.8971,0.1029,0.1683,0.0922
M0730,2026-06-25,WizardArc,RhinoReaper,4,2,946.88,1017.52,958.38,1009.63,Xtreme,Xtreme,season,S3,3,4,18.9047,15.545,25.8372,17.726,0.3997,0.6003,0.8449,0.1551,-0.1222,0.0468
M0731,2026-06-25,HellsBrave,HellsReaper,2,5,1090.29,999.06,1078.47,1008.31,Xtreme,Xtreme,season,S3,3,4,19.3807,15.3164,22.5044,17.6045,0.6284,0.3716,0.1029,0.8971,-0.0537,-0.0498
M0732,2026-06-25,PerseusDark,WyvernHover,4,2,988.29,925.34,993.34,918.07,Xtreme,Xtreme,season,S3,3,4,15.3164,19.3807,19.7507,28.4781,0.5896,0.4104,0.8449,0.1551,-0.0965,-0.1565
M0733,2026-06-25,DranBrave,ViperTail,2,4,1082.08,1037.72,1073.4,1044.27,Xtreme,Xtreme,season,S3,2,4,14.7152,15.545,21.2641,16.0538,0.5635,0.4365,0.1551,0.8449,0.1483,0.0109
M0734,2026-06-25,CerberusFlame,SilverWolf,1,4,1023.88,1030.05,1017.23,1036.75,Xtreme,Xtreme,season,S3,2,4,14.223,15.3164,17.113,17.2435,0.4911,0.5089,0.1029,0.8971,0.0677,0.0419
M0735,2026-06-25,LeonCrest,WeissTiger,0,5,1073.35,1043.38,1062.92,1054.84,Xtreme,Xtreme,season,S3,2,4,14.5401,15.1025,16.1478,17.744,0.543,0.457,-0.1029,1.1029,0.0369,0.0583
M0736,2026-06-25,GolemRock,PhoenixWing,0,4,996.9,965.88,982.78,974.86,Xtreme,Xtreme,season,S3,2,4,14.0797,15.1025,25.9305,16.4931,0.5445,0.4555,0.0,1.0,-0.2806,-0.0307
M0737,2026-06-25,FoxBrush,TuskMammoth,5,0,1132.18,1117.73,1144.42,1109.54,Xtreme,Xtreme,season,S3,1,4,13.7027,12.5482,21.0334,14.0618,0.5208,0.4792,1.1029,-0.1029,0.1783,-0.0402
M0738,2026-06-25,CobaltDragoon,ValkyrieVolt,3,4,1055.19,1116.54,1051.65,1120.83,Xtreme,Xtreme,season,S3,1,4,14.223,17.6531,14.781,17.901,0.4126,0.5874,0.1729,0.8271,-0.0131,0.0047
M0739,2026-06-25,ImpactDrake,SharkScale,3,4,1149.15,1104.78,1142.81,1111.33,Xtreme,Xtreme,season,S3,1,4,13.22,16.0506,16.2315,16.774,0.5635,0.4365,0.1729,0.8271,0.0759,-0.015
M0740,2026-06-25,DranSword,ScorpioSpear,4,0,1082.65,1036.22,1089.23,1028.86,Xtreme,Xtreme,season,S3,1,4,14.0797,14.0797,15.1772,16.9793,0.5664,0.4336,1.0,0.0,0.026,-0.0686
M0741,2026-08-07,DranBuster,HellsHammer,4,0,965.09,985.61,975.98,970.54,Xtreme,Xtreme,season,S3,4,5,18.9047,18.9047,20.5696,28.4681,0.4705,0.5295,1.0,0.0,0.0294,0.1686
M0742,2026-08-07,PhoenixRudder,TriceraPress,5,0,987.46,1041.64,999.6,1010.29,Xtreme,Xtreme,season,S3,4,5,17.6531,33.446,17.8485,46.0864,0.4227,0.5773,1.1029,-0.1029,0.0037,0.126
M0743,2026-08-07,SharkEdge,LeonClaw,0,4,955.1,1000.77,945.58,1008.9,Xtreme,Xtreme,season,S3,4,5,14.7152,15.7894,21.8855,18.7182,0.4347,0.5653,0.0,1.0,-0.1624,-0.0618
M0744,2026-08-07,TyrannoBeat,DranDagger,2,5,836.77,987.22,831.01,990.38,Xtreme,Xtreme,season,S3,4,5,20.4334,14.3763,29.8015,16.3593,0.2961,0.7039,0.1029,0.8971,-0.1528,0.046
M0745,2026-08-07,PerseusDark,WizardArc,0,4,993.34,958.38,983.79,969.95,Xtreme,Xtreme,season,S3,3,5,15.1025,18.4594,17.3498,21.0389,0.5501,0.4499,0.0,1.0,-0.0496,-0.0466
M0746,2026-08-07,HellsReaper,HellsChain,5,2,1008.31,1059.03,1015.98,1047.63,Xtreme,Xtreme,season,S3,3,5,15.1025,15.3164,16.3213,24.2755,0.4275,0.5725,0.8971,0.1029,0.0269,0.195
M0747,2026-08-07,RhinoReaper,HellsBrave,3,4,1009.63,1078.47,1005.92,1084.32,Xtreme,Xtreme,season,S3,3,5,15.3164,18.9047,16.1814,25.5188,0.4022,0.5978,0.1729,0.8271,-0.0188,-0.1166
M0748,2026-08-07,GolemRock,CerberusFlame,4,0,982.78,1017.23,997.7,1009.34,Xtreme,Xtreme,season,S3,2,5,13.9455,14.0797,27.1559,14.3726,0.4506,0.5494,1.0,0.0,-0.3158,0.0069
M0749,2026-08-07,WeissTiger,DranBrave,6,0,1054.84,1073.4,1069.16,1061.28,Xtreme,Xtreme,season,S3,2,5,14.9024,14.5401,21.0118,17.7731,0.4733,0.5267,1.1551,-0.1551,0.1367,0.0741
M0750,2026-08-07,SilverWolf,LeonCrest,4,0,1036.75,1062.92,1047.01,1053.93,Xtreme,Xtreme,season,S3,2,5,15.1025,14.3763,19.0945,16.7131,0.4624,0.5376,1.0,0.0,0.0881,-0.0542
M0751,2026-08-07,PhoenixWing,ViperTail,0,5,974.86,1044.27,966.3,1053.48,Xtreme,Xtreme,season,S3,2,5,14.9024,15.3164,16.9591,18.2529,0.4014,0.5986,-0.1029,1.1029,0.046,0.0639
M0752,2026-08-07,DranSword,CobaltDragoon,4,2,1089.23,1051.65,1094.27,1047.02,Xtreme,Xtreme,season,S3,1,5,13.9455,14.0797,17.3062,15.9086,0.5539,0.4461,0.8449,0.1551,0.0803,-0.0433
M0753,2026-08-07,SharkScale,FoxBrush,0,5,1111.33,1144.42,1101.53,1157.23,Xtreme,Xtreme,season,S3,1,5,15.7894,13.5929,17.64,23.0603,0.4525,0.5475,-0.1029,1.1029,0.0391,0.2322
M0754,2026-08-07,ValkyrieVolt,ImpactDrake,2,5,1120.83,1142.81,1113.83,1147.81,Xtreme,Xtreme,season,S3,1,5,17.2885,13.1413,19.157,13.6822,0.4684,0.5316,0.1029,0.8971,0.036,0.0137
M0755,2026-08-07,ScorpioSpear,TuskMammoth,0,4,1028.86,1109.54,1021.58,1116.0,Xtreme,Xtreme,season,S3,1,5,13.9455,12.5128,18.8532,16.7345,0.3859,0.6141,0.0,1.0,-0.1173,-0.1125
M0756,2026-08-07,TriceraPress,SharkEdge,5,0,1010.29,945.58,1027.57,933.73,Xtreme,Xtreme,season,S3,4,6,32.0629,14.5401,33.8406,23.2083,0.5921,0.4079,1.1029,-0.1029,0.0185,-0.1987
M0757,2026-08-07,LeonClaw,DranBuster,4,2,1008.9,975.98,1013.59,968.9,Xtreme,Xtreme,season,S3,4,6,15.545,18.4594,15.7486,23.778,0.5472,0.4528,0.8449,0.1551,0.0044,0.096
M0758,2026-08-07,HellsHammer,TyrannoBeat,0,5,970.54,831.01,952.57,854.28,Xtreme,Xtreme,season,S3,4,6,18.4594,19.8895,22.6427,29.3292,0.6907,0.3093,-0.1029,1.1029,0.0755,-0.1582
M0759,2026-08-07,DranDagger,PhoenixRudder,4,1,990.38,999.6,997.37,990.51,Xtreme,Xtreme,season,S3,4,6,14.223,17.2885,17.0223,22.1586,0.4867,0.5133,0.8971,0.1029,0.0656,0.0939
M0760,2026-08-07,HellsChain,RhinoReaper,4,2,1047.63,1005.92,1053.31,1001.01,Xtreme,Xtreme,season,S3,3,6,15.1025,15.1025,19.922,17.2273,0.5597,0.4403,0.8449,0.1551,0.1064,-0.0469
M0761,2026-08-07,HellsBrave,PerseusDark,5,2,1084.32,983.79,1090.05,978.64,Xtreme,Xtreme,season,S3,3,6,18.4594,14.9024,22.3631,20.1036,0.6408,0.3592,0.8971,0.1029,-0.0705,-0.1163
M0762,2026-08-07,WizardArc,WyvernHover,4,0,969.95,918.07,978.4,905.92,Xtreme,Xtreme,season,S3,3,6,18.0428,18.9047,19.8281,28.5258,0.5741,0.4259,1.0,0.0,0.033,-0.1696
M0763,2026-08-07,DranBrave,SilverWolf,3,4,1061.28,1047.01,1055.88,1054.49,Xtreme,Xtreme,season,S3,2,6,14.3763,14.9024,15.5266,21.5209,0.5205,0.4795,0.1729,0.8271,-0.0267,0.148
M0764,2026-08-07,LeonCrest,GolemRock,0,4,1053.93,997.7,1042.74,1010.54,Xtreme,Xtreme,season,S3,2,6,14.223,13.8201,19.2852,22.1288,0.5802,0.4198,0.0,1.0,-0.1186,-0.2004
M0765,2026-08-07,CerberusFlame,PhoenixWing,4,2,1009.34,966.3,1014.09,961.79,Xtreme,Xtreme,season,S3,2,6,13.9455,14.7152,16.7589,15.9236,0.5616,0.4384,0.8449,0.1551,-0.0672,-0.0274
M0766,2026-08-07,ViperTail,WeissTiger,2,4,1053.48,1069.16,1046.82,1076.88,Xtreme,Xtreme,season,S3,2,6,15.1025,14.7152,20.6585,23.9566,0.4774,0.5226,0.1551,0.8449,0.1226,0.2093
M0767,2026-08-07,FoxBrush,ValkyrieVolt,4,2,1157.23,1113.83,1164.19,1108.78,Xtreme,Xtreme,season,S3,1,6,13.4901,16.9474,24.6303,17.8378,0.5621,0.4379,0.8449,0.1551,0.2753,-0.0175
M0768,2026-08-07,ImpactDrake,DranSword,3,4,1147.81,1094.27,1141.58,1101.66,Xtreme,Xtreme,season,S3,1,6,13.0677,13.8201,15.4444,18.3152,0.5765,0.4235,0.1729,0.8271,0.0606,0.1084
M0769,2026-08-07,CobaltDragoon,ScorpioSpear,1,4,1047.02,1021.58,1039.58,1030.33,Xtreme,Xtreme,season,S3,1,6,13.9455,13.8201,17.1388,20.1686,0.5365,0.4635,0.1029,0.8971,-0.0763,-0.1531
M0770,2026-08-07,TuskMammoth,SharkScale,5,2,1116.0,1101.53,1121.34,1094.98,Xtreme,Xtreme,season,S3,1,6,12.4798,15.545,14.2024,17.4196,0.5208,0.4792,0.8971,0.1029,-0.046,-0.0402
