Event,MatchIndex,Played,PassiveChange,Date,Bey,ELO,Position,Spiele,Siege,Niederlagen,Winrate
1,1,1,0,2025-09-07,WizardArc,986,2,1,0,1,0.0
1,1,1,0,2025-09-07,ViperTail,1014,1,1,1,0,1.0
2,1,0,1,2025-09-07,WizardArc,986,3,1,0,1,0.0
2,1,1,0,2025-09-07,TuskMammoth,1014,2,1,1,0,1.0
2,1,1,0,2025-09-07,SamuraiSaber,986,4,1,0,1,0.0
3,1,0,1,2025-09-07,TuskMammoth,1014,3,1,1,0,1.0
3,1,0,1,2025-09-07,SamuraiSaber,986,5,1,0,1,0.0
3,1,1,0,2025-09-07,GolemRock,1020,1,1,1,0,1.0
3,1,0,1,2025-09-07,ViperTail,1014,2,1,1,0,1.0
3,1,0,1,2025-09-07,WizardArc,986,4,1,0,1,0.0
3,1,1,0,2025-09-07,BlackShell,980,6,1,0,1,0.0
4,1,0,1,2025-09-07,SamuraiSaber,986,7,1,0,1,0.0
4,1,1,0,2025-09-07,ImpactDrake,1013,4,1,1,0,1.0
4,1,0,1,2025-09-07,BlackShell,980,8,1,0,1,0.0
4,1,0,1,2025-09-07,WizardArc,986,6,1,0,1,0.0
4,1,1,0,2025-09-07,LeonCrest,987,5,1,0,1,0.0
5,1,1,0,2025-09-07,HellsReaper,986,9,1,0,1,0.0
5,1,0,1,2025-09-07,SamuraiSaber,986,8,1,0,1,0.0
5,1,0,1,2025-09-07,ImpactDrake,1013,5,1,1,0,1.0
5,1,1,0,2025-09-07,DranBrave,1014,4,1,1,0,1.0
5,1,0,1,2025-09-07,BlackShell,980,10,1,0,1,0.0
5,1,0,1,2025-09-07,WizardArc,986,7,1,0,1,0.0
5,1,0,1,2025-09-07,LeonCrest,987,6,1,0,1,0.0
6,1,0,1,2025-09-07,HellsReaper,986,11,1,0,1,0.0
6,1,0,1,2025-09-07,SamuraiSaber,986,10,1,0,1,0.0
6,1,1,0,2025-09-07,HellsHammer,987,8,1,0,1,0.0
6,1,1,0,2025-09-07,DranSword,1013,6,1,1,0,1.0
6,1,0,1,2025-09-07,WizardArc,986,9,1,0,1,0.0
6,1,0,1,2025-09-07,BlackShell,980,12,1,0,1,0.0
6,1,0,1,2025-09-07,LeonCrest,987,7,1,0,1,0.0
7,1,0,1,2025-09-07,HellsReaper,986,12,1,0,1,0.0
7,1,0,1,2025-09-07,TuskMammoth,1014,4,1,1,0,1.0
7,1,0,1,2025-09-07,SamuraiSaber,986,11,1,0,1,0.0
7,1,1,0,2025-09-07,DranDagger,1020,2,1,1,0,1.0
7,1,0,1,2025-09-07,HellsHammer,987,9,1,0,1,0.0
7,1,1,0,2025-09-07,CrimsonGaruda,980,14,1,0,1,0.0
7,1,0,1,2025-09-07,ViperTail,1014,3,1,1,0,1.0
7,1,0,1,2025-09-07,DranSword,1013,7,1,1,0,1.0
7,1,0,1,2025-09-07,ImpactDrake,1013,6,1,1,0,1.0
7,1,0,1,2025-09-07,DranBrave,1014,5,1,1,0,1.0
7,1,0,1,2025-09-07,BlackShell,980,13,1,0,1,0.0
7,1,0,1,2025-09-07,WizardArc,986,10,1,0,1,0.0
7,1,0,1,2025-09-07,LeonCrest,987,8,1,0,1,0.0
8,1,0,1,2025-09-07,HellsReaper,986,13,1,0,1,0.0
8,1,0,1,2025-09-07,TuskMammoth,1014,5,1,1,0,1.0
8,1,0,1,2025-09-07,SamuraiSaber,986,12,1,0,1,0.0
8,1,0,1,2025-09-07,HellsHammer,987,10,1,0,1,0.0
8,1,1,0,2025-09-07,UnicornSting,1020,3,1,1,0,1.0
8,1,0,1,2025-09-07,ViperTail,1014,4,1,1,0,1.0
8,1,0,1,2025-09-07,DranSword,1013,8,1,1,0,1.0
8,1,0,1,2025-09-07,LeonCrest,987,9,1,0,1,0.0
8,1,0,1,2025-09-07,CrimsonGaruda,980,15,1,0,1,0.0
8,1,0,1,2025-09-07,ImpactDrake,1013,7,1,1,0,1.0
8,1,0,1,2025-09-07,DranBrave,1014,6,1,1,0,1.0
8,1,0,1,2025-09-07,BlackShell,980,14,1,0,1,0.0
8,1,0,1,2025-09-07,WizardArc,986,11,1,0,1,0.0
8,1,1,0,2025-09-07,LeonClaw,980,16,1,0,1,0.0
9,1,0,1,2025-09-07,HellsReaper,986,14,1,0,1,0.0
9,1,0,1,2025-09-07,TuskMammoth,1014,6,1,1,0,1.0
9,1,0,1,2025-09-07,SamuraiSaber,986,13,1,0,1,0.0
9,1,1,0,2025-09-07,DranBuster,976,18,1,0,1,0.0
9,1,0,1,2025-09-07,GolemRock,1020,2,1,1,0,1.0
9,1,0,1,2025-09-07,DranDagger,1020,3,1,1,0,1.0
9,1,0,1,2025-09-07,HellsHammer,987,11,1,0,1,0.0
9,1,0,1,2025-09-07,UnicornSting,1020,4,1,1,0,1.0
9,1,0,1,2025-09-07,ViperTail,1014,5,1,1,0,1.0
9,1,0,1,2025-09-07,DranSword,1013,9,1,1,0,1.0
9,1,0,1,2025-09-07,LeonCrest,987,10,1,0,1,0.0
9,1,0,1,2025-09-07,CrimsonGaruda,980,16,1,0,1,0.0
9,1,0,1,2025-09-07,LeonClaw,980,17,1,0,1,0.0
9,1,0,1,2025-09-07,ImpactDrake,1013,8,1,1,0,1.0
9,1,0,1,2025-09-07,DranBrave,1014,7,1,1,0,1.0
9,1,0,1,2025-09-07,BlackShell,980,15,1,0,1,0.0
9,1,0,1,2025-09-07,WizardArc,986,12,1,0,1,0.0
9,1,1,0,2025-09-07,FoxBrush,1024,1,1,1,0,1.0
10,1,0,1,2025-09-07,HellsReaper,986,15,1,0,1,0.0
10,1,1,0,2025-09-07,HellsChain,986,16,1,0,1,0.0
10,1,0,1,2025-09-07,SamuraiSaber,986,14,1,0,1,0.0
10,1,0,1,2025-09-07,DranBuster,976,20,1,0,1,0.0
10,1,0,1,2025-09-07,HellsHammer,987,12,1,0,1,0.0
10,1,0,1,2025-09-07,CrimsonGaruda,980,18,1,0,1,0.0
10,1,0,1,2025-09-07,DranSword,1013,10,1,1,0,1.0
10,1,0,1,2025-09-07,LeonClaw,980,19,1,0,1,0.0
10,1,0,1,2025-09-07,ImpactDrake,1013,9,1,1,0,1.0
10,1,1,0,2025-09-07,TyrannoBeat,1014,8,1,1,0,1.0
10,1,0,1,2025-09-07,BlackShell,980,17,1,0,1,0.0
10,1,0,1,2025-09-07,WizardArc,986,13,1,0,1,0.0
10,1,0,1,2025-09-07,LeonCrest,987,11,1,0,1,0.0
11,1,0,1,2025-09-07,HellsReaper,986,17,1,0,1,0.0
11,1,0,1,2025-09-07,HellsChain,986,18,1,0,1,0.0
11,1,0,1,2025-09-07,SamuraiSaber,986,16,1,0,1,0.0
11,1,0,1,2025-09-07,DranBuster,976,22,1,0,1,0.0
11,1,1,0,2025-09-07,PhoenixWing,1013,11,1,1,0,1.0
11,1,0,1,2025-09-07,HellsHammer,987,13,1,0,1,0.0
11,1,0,1,2025-09-07,CrimsonGaruda,980,20,1,0,1,0.0
11,1,0,1,2025-09-07,LeonClaw,980,21,1,0,1,0.0
11,1,0,1,2025-09-07,WizardArc,986,15,1,0,1,0.0
11,1,0,1,2025-09-07,BlackShell,980,19,1,0,1,0.0
11,1,0,1,2025-09-07,LeonCrest,987,12,1,0,1,0.0
11,1,1,0,2025-09-07,WizardArrow,987,14,1,0,1,0.0
12,1,0,1,2025-09-07,TuskMammoth,1014,7,1,1,0,1.0
12,1,0,1,2025-09-07,PhoenixWing,1013,12,1,1,0,1.0
12,1,0,1,2025-09-07,DranDagger,1020,4,1,1,0,1.0
12,1,0,1,2025-09-07,HellsHammer,987,14,1,0,1,0.0
12,1,0,1,2025-09-07,UnicornSting,1020,5,1,1,0,1.0
12,1,0,1,2025-09-07,CrimsonGaruda,980,21,1,0,1,0.0
12,1,0,1,2025-09-07,WizardArrow,987,15,1,0,1,0.0
12,1,1,0,2025-09-07,SharkEdge,976,24,1,0,1,0.0
12,1,0,1,2025-09-07,DranBuster,976,23,1,0,1,0.0
12,1,0,1,2025-09-07,GolemRock,1020,3,1,1,0,1.0
12,1,0,1,2025-09-07,DranBrave,1014,8,1,1,0,1.0
12,1,0,1,2025-09-07,LeonClaw,980,22,1,0,1,0.0
12,1,0,1,2025-09-07,HellsChain,986,19,1,0,1,0.0
12,1,0,1,2025-09-07,SamuraiSaber,986,17,1,0,1,0.0
12,1,0,1,2025-09-07,TyrannoBeat,1014,9,1,1,0,1.0
12,1,0,1,2025-09-07,BlackShell,980,20,1,0,1,0.0
12,1,0,1,2025-09-07,LeonCrest,987,13,1,0,1,0.0
12,1,0,1,2025-09-07,ImpactDrake,1013,10,1,1,0,1.0
12,1,0,1,2025-09-07,HellsReaper,986,18,1,0,1,0.0
12,1,0,1,2025-09-07,ViperTail,1014,6,1,1,0,1.0
12,1,0,1,2025-09-07,DranSword,1013,11,1,1,0,1.0
12,1,0,1,2025-09-07,WizardArc,986,16,1,0,1,0.0
12,1,1,0,2025-09-07,CobaltDragoon,1024,2,1,1,0,1.0
13,1,0,1,2025-09-07,TuskMammoth,1014,8,1,1,0,1.0
13,1,0,1,2025-09-07,PhoenixWing,1013,13,1,1,0,1.0
13,1,0,1,2025-09-07,DranDagger,1020,5,1,1,0,1.0
13,1,0,1,2025-09-07,HellsHammer,987,15,1,0,1,0.0
13,1,0,1,2025-09-07,UnicornSting,1020,6,1,1,0,1.0
13,1,0,1,2025-09-07,CrimsonGaruda,980,22,1,0,1,0.0
13,1,0,1,2025-09-07,WizardArrow,987,16,1,0,1,0.0
13,1,0,1,2025-09-07,SharkEdge,976,25,1,0,1,0.0
13,1,0,1,2025-09-07,DranBuster,976,24,1,0,1,0.0
13,1,0,1,2025-09-07,GolemRock,1020,4,1,1,0,1.0
13,1,0,1,2025-09-07,DranBrave,1014,9,1,1,0,1.0
13,1,0,1,2025-09-07,LeonClaw,980,23,1,0,1,0.0
13,1,0,1,2025-09-07,HellsChain,986,20,1,0,1,0.0
13,1,1,0,2025-09-07,WhaleWave,976,26,1,0,1,0.0
13,1,0,1,2025-09-07,SamuraiSaber,986,18,1,0,1,0.0
13,1,1,0,2025-09-07,PerseusDark,1024,3,1,1,0,1.0
13,1,0,1,2025-09-07,WizardArc,986,17,1,0,1,0.0
13,1,0,1,2025-09-07,TyrannoBeat,1014,10,1,1,0,1.0
13,1,0,1,2025-09-07,BlackShell,980,21,1,0,1,0.0
13,1,0,1,2025-09-07,LeonCrest,987,14,1,0,1,0.0
13,1,0,1,2025-09-07,HellsReaper,986,19,1,0,1,0.0
13,1,0,1,2025-09-07,ViperTail,1014,7,1,1,0,1.0
13,1,0,1,2025-09-07,DranSword,1013,12,1,1,0,1.0
13,1,0,1,2025-09-07,ImpactDrake,1013,11,1,1,0,1.0
14,1,0,1,2025-09-07,HellsReaper,986,21,1,0,1,0.0
14,1,0,1,2025-09-07,HellsChain,986,22,1,0,1,0.0
14,1,0,1,2025-09-07,WhaleWave,976,28,1,0,1,0.0
14,1,0,1,2025-09-07,SamuraiSaber,986,20,1,0,1,0.0
14,1,0,1,2025-09-07,SharkEdge,976,27,1,0,1,0.0
14,1,0,1,2025-09-07,DranBuster,976,26,1,0,1,0.0
14,1,1,0,2025-09-07,SilverWolf,987,18,1,0,1,0.0
14,1,0,1,2025-09-07,HellsHammer,987,16,1,0,1,0.0
14,1,0,1,2025-09-07,CrimsonGaruda,980,24,1,0,1,0.0
14,1,1,0,2025-09-07,WizardRod,1013,14,1,1,0,1.0
14,1,0,1,2025-09-07,LeonClaw,980,25,1,0,1,0.0
14,1,0,1,2025-09-07,WizardArc,986,19,1,0,1,0.0
14,1,0,1,2025-09-07,BlackShell,980,23,1,0,1,0.0
14,1,0,1,2025-09-07,LeonCrest,987,15,1,0,1,0.0
14,1,0,1,2025-09-07,WizardArrow,987,17,1,0,1,0.0
15,1,0,1,2025-09-07,TuskMammoth,1014,9,1,1,0,1.0
15,1,0,1,2025-09-07,PhoenixWing,1013,14,1,1,0,1.0
15,1,0,1,2025-09-07,SilverWolf,987,19,1,0,1,0.0
15,1,1,0,2025-09-07,RhinoReaper,980,27,1,0,1,0.0
15,1,0,1,2025-09-07,HellsHammer,987,17,1,0,1,0.0
15,1,0,1,2025-09-07,CrimsonGaruda,980,25,1,0,1,0.0
15,1,0,1,2025-09-07,WizardArrow,987,18,1,0,1,0.0
15,1,0,1,2025-09-07,SharkEdge,976,29,1,0,1,0.0
15,1,1,0,2025-09-07,WeissTiger,1020,7,1,1,0,1.0
15,1,0,1,2025-09-07,DranBuster,976,28,1,0,1,0.0
15,1,0,1,2025-09-07,DranBrave,1014,10,1,1,0,1.0
15,1,0,1,2025-09-07,LeonClaw,980,26,1,0,1,0.0
15,1,0,1,2025-09-07,HellsChain,986,23,1,0,1,0.0
15,1,0,1,2025-09-07,WhaleWave,976,30,1,0,1,0.0
15,1,0,1,2025-09-07,SamuraiSaber,986,21,1,0,1,0.0
15,1,0,1,2025-09-07,WizardRod,1013,15,1,1,0,1.0
15,1,0,1,2025-09-07,WizardArc,986,20,1,0,1,0.0
15,1,0,1,2025-09-07,TyrannoBeat,1014,11,1,1,0,1.0
15,1,0,1,2025-09-07,BlackShell,980,24,1,0,1,0.0
15,1,0,1,2025-09-07,LeonCrest,987,16,1,0,1,0.0
15,1,0,1,2025-09-07,HellsReaper,986,22,1,0,1,0.0
15,1,0,1,2025-09-07,ViperTail,1014,8,1,1,0,1.0
15,1,0,1,2025-09-07,DranSword,1013,13,1,1,0,1.0
15,1,0,1,2025-09-07,ImpactDrake,1013,12,1,1,0,1.0
16,1,0,1,2025-09-07,PhoenixWing,1013,15,1,1,0,1.0
16,1,0,1,2025-09-07,SilverWolf,987,20,1,0,1,0.0
16,1,0,1,2025-09-07,RhinoReaper,980,29,1,0,1,0.0
16,1,0,1,2025-09-07,HellsHammer,987,18,1,0,1,0.0
16,1,0,1,2025-09-07,CrimsonGaruda,980,27,1,0,1,0.0
16,1,0,1,2025-09-07,WizardArrow,987,19,1,0,1,0.0
16,1,1,0,2025-09-07,PhoenixRudder,1014,12,1,1,0,1.0
16,1,0,1,2025-09-07,SharkEdge,976,31,1,0,1,0.0
16,1,0,1,2025-09-07,DranBuster,976,30,1,0,1,0.0
16,1,0,1,2025-09-07,LeonClaw,980,28,1,0,1,0.0
16,1,0,1,2025-09-07,HellsChain,986,24,1,0,1,0.0
16,1,0,1,2025-09-07,WhaleWave,976,32,1,0,1,0.0
16,1,0,1,2025-09-07,SamuraiSaber,986,22,1,0,1,0.0
16,1,0,1,2025-09-07,WizardRod,1013,16,1,1,0,1.0
16,1,0,1,2025-09-07,WizardArc,986,21,1,0,1,0.0
16,1,0,1,2025-09-07,BlackShell,980,26,1,0,1,0.0
16,1,0,1,2025-09-07,LeonCrest,987,17,1,0,1,0.0
16,1,0,1,2025-09-07,HellsReaper,986,23,1,0,1,0.0
16,1,1,0,2025-09-07,ScorpioSpear,986,25,1,0,1,0.0
16,1,0,1,2025-09-07,DranSword,1013,14,1,1,0,1.0
16,1,0,1,2025-09-07,ImpactDrake,1013,13,1,1,0,1.0
17,2,1,0,2025-09-07,TuskMammoth,1031,1,2,2,0,1.0
17,1,0,1,2025-09-07,WeissTiger,1020,8,1,1,0,1.0
17,1,0,1,2025-09-07,PhoenixWing,1013,14,1,1,0,1.0
17,1,0,1,2025-09-07,GolemRock,1020,5,1,1,0,1.0
17,1,0,1,2025-09-07,TyrannoBeat,1014,10,1,1,0,1.0
17,1,0,1,2025-09-07,PerseusDark,1024,4,1,1,0,1.0
17,1,0,1,2025-09-07,DranDagger,1020,6,1,1,0,1.0
17,1,0,1,2025-09-07,UnicornSting,1020,7,1,1,0,1.0
17,2,1,0,2025-09-07,ViperTail,997,16,2,1,1,0.5
17,1,0,1,2025-09-07,DranSword,1013,13,1,1,0,1.0
17,1,0,1,2025-09-07,WizardRod,1013,15,1,1,0,1.0
17,1,0,1,2025-09-07,ImpactDrake,1013,12,1,1,0,1.0
17,1,0,1,2025-09-07,DranBrave,1014,9,1,1,0,1.0
17,1,0,1,2025-09-07,CobaltDragoon,1024,3,1,1,0,1.0
17,1,0,1,2025-09-07,FoxBrush,1024,2,1,1,0,1.0
17,1,0,1,2025-09-07,PhoenixRudder,1014,11,1,1,0,1.0
18,2,0,1,2025-09-07,TuskMammoth,1031,2,2,2,0,1.0
18,1,0,1,2025-09-07,PhoenixWing,1013,13,1,1,0,1.0
18,2,1,0,2025-09-07,GolemRock,997,15,2,1,1,0.5
18,1,0,1,2025-09-07,PerseusDark,1024,5,1,1,0,1.0
18,1,0,1,2025-09-07,DranSword,1013,12,1,1,0,1.0
18,1,0,1,2025-09-07,WizardRod,1013,14,1,1,0,1.0
18,2,1,0,2025-09-07,ImpactDrake,1035,1,2,2,0,1.0
18,1,0,1,2025-09-07,CobaltDragoon,1024,4,1,1,0,1.0
18,1,0,1,2025-09-07,FoxBrush,1024,3,1,1,0,1.0
19,1,0,1,2025-09-07,WeissTiger,1020,9,1,1,0,1.0
19,1,0,1,2025-09-07,PhoenixWing,1013,12,1,1,0,1.0
19,1,0,1,2025-09-07,PerseusDark,1024,6,1,1,0,1.0
19,1,0,1,2025-09-07,DranDagger,1020,7,1,1,0,1.0
19,1,0,1,2025-09-07,UnicornSting,1020,8,1,1,0,1.0
19,2,1,0,2025-09-07,DranSword,1028,3,2,2,0,1.0
19,1,0,1,2025-09-07,WizardRod,1013,13,1,1,0,1.0
19,2,1,0,2025-09-07,DranBrave,999,14,2,1,1,0.5
19,1,0,1,2025-09-07,CobaltDragoon,1024,5,1,1,0,1.0
19,1,0,1,2025-09-07,FoxBrush,1024,4,1,1,0,1.0
20,2,0,1,2025-09-07,TuskMammoth,1031,3,2,2,0,1.0
20,1,0,1,2025-09-07,WeissTiger,1020,8,1,1,0,1.0
20,1,0,1,2025-09-07,PhoenixWing,1013,11,1,1,0,1.0
20,1,0,1,2025-09-07,PerseusDark,1024,7,1,1,0,1.0
20,2,1,0,2025-09-07,DranDagger,1002,13,2,1,1,0.5
20,2,1,0,2025-09-07,UnicornSting,1038,1,2,2,0,1.0
20,2,0,1,2025-09-07,DranSword,1028,4,2,2,0,1.0
20,1,0,1,2025-09-07,WizardRod,1013,12,1,1,0,1.0
20,2,0,1,2025-09-07,ImpactDrake,1035,2,2,2,0,1.0
20,1,0,1,2025-09-07,TyrannoBeat,1014,9,1,1,0,1.0
20,1,0,1,2025-09-07,CobaltDragoon,1024,6,1,1,0,1.0
20,1,0,1,2025-09-07,FoxBrush,1024,5,1,1,0,1.0
20,1,0,1,2025-09-07,PhoenixRudder,1014,10,1,1,0,1.0
21,2,0,1,2025-09-07,TuskMammoth,1031,4,2,2,0,1.0
21,1,0,1,2025-09-07,PhoenixWing,1013,10,1,1,0,1.0
21,2,0,1,2025-09-07,DranBrave,999,13,2,1,1,0.5
21,2,0,1,2025-09-07,DranDagger,1002,12,2,1,1,0.5
21,2,0,1,2025-09-07,UnicornSting,1038,2,2,2,0,1.0
21,2,0,1,2025-09-07,DranSword,1028,5,2,2,0,1.0
21,1,0,1,2025-09-07,WizardRod,1013,11,1,1,0,1.0
21,2,0,1,2025-09-07,ImpactDrake,1035,3,2,2,0,1.0
21,2,1,0,2025-09-07,TyrannoBeat,997,14,2,1,1,0.5
21,2,1,0,2025-09-07,FoxBrush,1042,1,2,2,0,1.0
21,1,0,1,2025-09-07,PhoenixRudder,1014,9,1,1,0,1.0
22,2,1,0,2025-09-07,PhoenixWing,1029,5,2,2,0,1.0
22,2,0,1,2025-09-07,DranSword,1028,6,2,2,0,1.0
22,2,1,0,2025-09-07,CobaltDragoon,1007,11,2,1,1,0.5
22,1,0,1,2025-09-07,WizardRod,1013,10,1,1,0,1.0
23,2,1,0,2025-09-07,WizardRod,1029,6,2,2,0,1.0
23,2,0,1,2025-09-07,CobaltDragoon,1007,10,2,1,1,0.5
23,2,1,0,2025-09-07,PerseusDark,1007,11,2,1,1,0.5
23,2,0,1,2025-09-07,DranSword,1028,7,2,2,0,1.0
24,2,1,0,2025-09-07,WeissTiger,1005,11,2,1,1,0.5
24,2,0,1,2025-09-07,PerseusDark,1007,10,2,1,1,0.5
24,2,0,1,2025-09-07,DranSword,1028,8,2,2,0,1.0
24,2,0,1,2025-09-07,CobaltDragoon,1007,9,2,1,1,0.5
24,2,1,0,2025-09-07,PhoenixRudder,1028,7,2,2,0,1.0
25,3,1,0,2025-09-07,TuskMammoth,1008,8,3,2,1,0.6666666666666666
25,2,0,1,2025-09-07,PhoenixWing,1029,4,2,2,0,1.0
25,2,0,1,2025-09-07,UnicornSting,1038,3,2,2,0,1.0
25,2,0,1,2025-09-07,WizardRod,1029,5,2,2,0,1.0
25,2,0,1,2025-09-07,DranSword,1028,7,2,2,0,1.0
25,3,1,0,2025-09-07,ImpactDrake,1059,1,3,3,0,1.0
25,2,0,1,2025-09-07,FoxBrush,1042,2,2,2,0,1.0
25,2,0,1,2025-09-07,PhoenixRudder,1028,6,2,2,0,1.0
26,3,1,0,2025-09-07,UnicornSting,1018,7,3,2,1,0.6666666666666666
26,3,1,0,2025-09-07,DranSword,1047,2,3,3,0,1.0
26,2,0,1,2025-09-07,FoxBrush,1042,3,2,2,0,1.0
27,3,0,1,2025-09-07,TuskMammoth,1008,7,3,2,1,0.6666666666666666
27,3,1,0,2025-09-07,PhoenixWing,1007,10,3,2,1,0.6666666666666666
27,2,0,1,2025-09-07,PerseusDark,1007,9,2,1,1,0.5
27,3,0,1,2025-09-07,UnicornSting,1018,6,3,2,1,0.6666666666666666
27,3,0,1,2025-09-07,DranSword,1047,3,3,3,0,1.0
27,2,0,1,2025-09-07,WizardRod,1029,4,2,2,0,1.0
27,3,0,1,2025-09-07,ImpactDrake,1059,2,3,3,0,1.0
27,2,0,1,2025-09-07,CobaltDragoon,1007,8,2,1,1,0.5
27,3,1,0,2025-09-07,FoxBrush,1066,1,3,3,0,1.0
27,2,0,1,2025-09-07,PhoenixRudder,1028,5,2,2,0,1.0
28,3,0,1,2025-09-07,UnicornSting,1018,5,3,2,1,0.6666666666666666
28,3,1,0,2025-09-07,WizardRod,1044,4,3,3,0,1.0
28,3,1,0,2025-09-07,PhoenixRudder,1013,6,3,2,1,0.6666666666666666
29,4,1,0,2025-09-07,ImpactDrake,1076,1,4,4,0,1.0
29,4,1,0,2025-09-07,DranSword,1031,4,4,3,1,0.75
29,3,0,1,2025-09-07,WizardRod,1044,3,3,3,0,1.0
29,3,0,1,2025-09-07,FoxBrush,1066,2,3,3,0,1.0
30,4,0,1,2025-09-07,ImpactDrake,1076,2,4,4,0,1.0
30,4,1,0,2025-09-07,WizardRod,1027,4,4,3,1,0.75
30,4,1,0,2025-09-07,FoxBrush,1085,1,4,4,0,1.0
30,4,0,1,2025-09-07,DranSword,1031,3,4,3,1,0.75
31,5,1,0,2025-09-07,ImpactDrake,1111,1,5,5,0,1.0
31,5,1,0,2025-09-07,FoxBrush,1049,2,5,4,1,0.8
32,6,1,0,2025-11-12,ImpactDrake,1121,1,6,6,0,1.0
32,2,0,1,2025-11-12,DranBrave,999,12,2,1,1,0.5
32,2,0,1,2025-11-12,DranDagger,1002,11,2,1,1,0.5
32,3,1,0,2025-11-12,WeissTiger,998,13,3,1,2,0.3333333333333333
33,1,0,1,2025-11-12,HellsReaper,986,22,1,0,1,0.0
33,3,0,1,2025-11-12,TuskMammoth,1008,8,3,2,1,0.6666666666666666
33,1,0,1,2025-11-12,HellsChain,986,23,1,0,1,0.0
33,1,0,1,2025-11-12,SamuraiSaber,986,21,1,0,1,0.0
33,1,0,1,2025-11-12,SharkEdge,976,30,1,0,1,0.0
33,1,0,1,2025-11-12,DranBuster,976,29,1,0,1,0.0
33,1,0,1,2025-11-12,WhaleWave,976,31,1,0,1,0.0
33,1,0,1,2025-11-12,RhinoReaper,980,28,1,0,1,0.0
33,3,0,1,2025-11-12,UnicornSting,1018,6,3,2,1,0.6666666666666666
33,1,0,1,2025-11-12,ScorpioSpear,986,24,1,0,1,0.0
33,1,0,1,2025-11-12,CrimsonGaruda,980,26,1,0,1,0.0
33,2,1,0,2025-11-12,WizardArc,973,32,2,0,2,0.0
33,1,0,1,2025-11-12,BlackShell,980,25,1,0,1,0.0
33,3,1,0,2025-11-12,CobaltDragoon,1019,5,3,2,1,0.6666666666666666
33,1,0,1,2025-11-12,LeonClaw,980,27,1,0,1,0.0
33,3,0,1,2025-11-12,PhoenixRudder,1013,7,3,2,1,0.6666666666666666
34,1,0,1,2025-11-12,HellsReaper,986,23,1,0,1,0.0
34,2,1,0,2025-11-12,HellsChain,1005,10,2,1,1,0.5
34,1,0,1,2025-11-12,SamuraiSaber,986,22,1,0,1,0.0
34,4,1,0,2025-11-12,PhoenixWing,991,17,4,2,2,0.5
34,1,0,1,2025-11-12,SilverWolf,987,21,1,0,1,0.0
34,1,0,1,2025-11-12,HellsHammer,987,19,1,0,1,0.0
34,1,0,1,2025-11-12,LeonCrest,987,18,1,0,1,0.0
34,1,0,1,2025-11-12,WizardArrow,987,20,1,0,1,0.0
35,4,1,0,2025-11-12,UnicornSting,1034,3,4,3,1,0.75
35,5,1,0,2025-11-12,WizardRod,1011,7,5,3,2,0.6
35,3,0,1,2025-11-12,PhoenixRudder,1013,6,3,2,1,0.6666666666666666
35,4,0,1,2025-11-12,DranSword,1031,4,4,3,1,0.75
36,3,0,1,2025-11-12,TuskMammoth,1008,7,3,2,1,0.6666666666666666
36,4,0,1,2025-11-12,PhoenixWing,991,18,4,2,2,0.5
36,2,1,0,2025-11-12,SilverWolf,1006,9,2,1,1,0.5
36,2,0,1,2025-11-12,PerseusDark,1007,8,2,1,1,0.5
36,1,0,1,2025-11-12,HellsHammer,987,20,1,0,1,0.0
36,1,0,1,2025-11-12,WizardArrow,987,21,1,0,1,0.0
36,5,0,1,2025-11-12,WizardRod,1011,6,5,3,2,0.6
36,1,0,1,2025-11-12,LeonCrest,987,19,1,0,1,0.0
36,4,1,0,2025-11-12,PhoenixRudder,996,17,4,2,2,0.5
37,3,0,1,2025-11-12,TuskMammoth,1008,8,3,2,1,0.6666666666666666
37,2,0,1,2025-11-12,SilverWolf,1006,10,2,1,1,0.5
37,1,0,1,2025-11-12,RhinoReaper,980,27,1,0,1,0.0
37,2,0,1,2025-11-12,DranDagger,1002,12,2,1,1,0.5
37,1,0,1,2025-11-12,HellsHammer,987,19,1,0,1,0.0
37,1,0,1,2025-11-12,CrimsonGaruda,980,25,1,0,1,0.0
37,1,0,1,2025-11-12,WizardArrow,987,20,1,0,1,0.0
37,1,0,1,2025-11-12,SharkEdge,976,29,1,0,1,0.0
37,3,0,1,2025-11-12,WeissTiger,998,14,3,1,2,0.3333333333333333
37,1,0,1,2025-11-12,DranBuster,976,28,1,0,1,0.0
37,3,1,0,2025-11-12,GolemRock,1009,7,3,2,1,0.6666666666666666
37,2,0,1,2025-11-12,DranBrave,999,13,2,1,1,0.5
37,1,0,1,2025-11-12,LeonClaw,980,26,1,0,1,0.0
37,2,0,1,2025-11-12,HellsChain,1005,11,2,1,1,0.5
37,1,0,1,2025-11-12,WhaleWave,976,30,1,0,1,0.0
37,1,0,1,2025-11-12,SamuraiSaber,986,21,1,0,1,0.0
37,2,0,1,2025-11-12,PerseusDark,1007,9,2,1,1,0.5
37,2,0,1,2025-11-12,TyrannoBeat,997,15,2,1,1,0.5
37,1,0,1,2025-11-12,BlackShell,980,24,1,0,1,0.0
37,2,1,0,2025-11-12,LeonCrest,973,31,2,0,2,0.0
37,1,0,1,2025-11-12,HellsReaper,986,22,1,0,1,0.0
37,1,0,1,2025-11-12,ScorpioSpear,986,23,1,0,1,0.0
38,3,0,1,2025-11-12,TuskMammoth,1008,9,3,2,1,0.6666666666666666
38,2,0,1,2025-11-12,SilverWolf,1006,11,2,1,1,0.5
38,1,1,0,2025-11-12,CerberusFlame,1016,6,1,1,0,1.0
38,1,0,1,2025-11-12,RhinoReaper,980,28,1,0,1,0.0
38,2,0,1,2025-11-12,DranDagger,1002,13,2,1,1,0.5
38,1,0,1,2025-11-12,CrimsonGaruda,980,26,1,0,1,0.0
38,1,0,1,2025-11-12,SharkEdge,976,30,1,0,1,0.0
38,3,0,1,2025-11-12,WeissTiger,998,15,3,1,2,0.3333333333333333
38,1,0,1,2025-11-12,DranBuster,976,29,1,0,1,0.0
38,3,0,1,2025-11-12,GolemRock,1009,8,3,2,1,0.6666666666666666
38,2,0,1,2025-11-12,DranBrave,999,14,2,1,1,0.5
38,1,0,1,2025-11-12,LeonClaw,980,27,1,0,1,0.0
38,2,0,1,2025-11-12,HellsChain,1005,12,2,1,1,0.5
38,1,0,1,2025-11-12,WhaleWave,976,31,1,0,1,0.0
38,2,0,1,2025-11-12,PerseusDark,1007,10,2,1,1,0.5
38,5,0,1,2025-11-12,WizardRod,1011,7,5,3,2,0.6
38,3,1,0,2025-11-12,TyrannoBeat,982,24,3,1,2,0.3333333333333333
38,1,0,1,2025-11-12,BlackShell,980,25,1,0,1,0.0
38,2,0,1,2025-11-12,LeonCrest,973,32,2,0,2,0.0
38,2,0,1,2025-11-12,WizardArc,973,33,2,0,2,0.0
39,3,0,1,2025-11-12,TuskMammoth,1008,10,3,2,1,0.6666666666666666
39,1,0,1,2025-11-12,WhaleWave,976,32,1,0,1,0.0
39,1,0,1,2025-11-12,SharkEdge,976,31,1,0,1,0.0
39,1,0,1,2025-11-12,DranBuster,976,30,1,0,1,0.0
39,1,1,0,2025-11-12,KnightMail,1025,5,1,1,0,1.0
39,1,0,1,2025-11-12,CerberusFlame,1016,7,1,1,0,1.0
39,3,0,1,2025-11-12,GolemRock,1009,9,3,2,1,0.6666666666666666
39,3,1,0,2025-11-12,PerseusDark,983,24,3,1,2,0.3333333333333333
39,1,0,1,2025-11-12,RhinoReaper,980,29,1,0,1,0.0
39,1,0,1,2025-11-12,CrimsonGaruda,980,27,1,0,1,0.0
39,2,0,1,2025-11-12,LeonCrest,973,33,2,0,2,0.0
39,5,0,1,2025-11-12,WizardRod,1011,8,5,3,2,0.6
39,2,0,1,2025-11-12,WizardArc,973,34,2,0,2,0.0
39,3,0,1,2025-11-12,TyrannoBeat,982,25,3,1,2,0.3333333333333333
39,1,0,1,2025-11-12,BlackShell,980,26,1,0,1,0.0
39,3,0,1,2025-11-12,CobaltDragoon,1019,6,3,2,1,0.6666666666666666
39,1,0,1,2025-11-12,LeonClaw,980,28,1,0,1,0.0
40,1,0,1,2025-11-12,HellsReaper,986,23,1,0,1,0.0
40,1,0,1,2025-11-12,SamuraiSaber,986,22,1,0,1,0.0
40,3,0,1,2025-11-12,WeissTiger,998,16,3,1,2,0.3333333333333333
40,1,0,1,2025-11-12,KnightMail,1025,4,1,1,0,1.0
40,4,0,1,2025-11-12,PhoenixWing,991,19,4,2,2,0.5
40,1,0,1,2025-11-12,CerberusFlame,1016,6,1,1,0,1.0
40,3,0,1,2025-11-12,TyrannoBeat,982,26,3,1,2,0.3333333333333333
40,3,0,1,2025-11-12,PerseusDark,983,25,3,1,2,0.3333333333333333
40,1,0,1,2025-11-12,HellsHammer,987,20,1,0,1,0.0
40,1,0,1,2025-11-12,WizardArrow,987,21,1,0,1,0.0
40,2,0,1,2025-11-12,ViperTail,997,17,2,1,1,0.5
40,5,1,0,2025-11-12,DranSword,1012,7,5,3,2,0.6
40,1,0,1,2025-11-12,ScorpioSpear,986,24,1,0,1,0.0
40,2,0,1,2025-11-12,DranBrave,999,15,2,1,1,0.5
40,2,1,0,2025-11-12,BlackShell,1002,14,2,1,1,0.5
40,3,0,1,2025-11-12,CobaltDragoon,1019,5,3,2,1,0.6666666666666666
40,4,0,1,2025-11-12,PhoenixRudder,996,18,4,2,2,0.5
41,1,0,1,2025-11-12,WhaleWave,976,33,1,0,1,0.0
41,6,1,0,2025-11-12,FoxBrush,1066,2,6,5,1,0.8333333333333334
41,1,0,1,2025-11-12,SharkEdge,976,32,1,0,1,0.0
41,1,0,1,2025-11-12,DranBuster,976,31,1,0,1,0.0
41,1,1,0,2025-11-12,PegasusBlast,983,26,1,0,1,0.0
41,1,0,1,2025-11-12,RhinoReaper,980,30,1,0,1,0.0
41,1,0,1,2025-11-12,CrimsonGaruda,980,28,1,0,1,0.0
41,2,0,1,2025-11-12,LeonCrest,973,34,2,0,2,0.0
41,2,0,1,2025-11-12,WizardArc,973,35,2,0,2,0.0
41,3,0,1,2025-11-12,TyrannoBeat,982,27,3,1,2,0.3333333333333333
41,1,0,1,2025-11-12,LeonClaw,980,29,1,0,1,0.0
42,3,0,1,2025-11-12,TuskMammoth,1008,11,3,2,1,0.6666666666666666
42,4,0,1,2025-11-12,PhoenixWing,991,18,4,2,2,0.5
42,2,0,1,2025-11-12,SilverWolf,1006,12,2,1,1,0.5
42,2,0,1,2025-11-12,DranDagger,1002,14,2,1,1,0.5
42,1,0,1,2025-11-12,HellsHammer,987,19,1,0,1,0.0
42,1,0,1,2025-11-12,WizardArrow,987,20,1,0,1,0.0
42,4,0,1,2025-11-12,PhoenixRudder,996,17,4,2,2,0.5
42,3,0,1,2025-11-12,GolemRock,1009,10,3,2,1,0.6666666666666666
42,1,0,1,2025-11-12,PegasusBlast,983,25,1,0,1,0.0
42,3,1,0,2025-11-12,DranBrave,980,27,3,1,2,0.3333333333333333
42,2,0,1,2025-11-12,HellsChain,1005,13,2,1,1,0.5
42,1,0,1,2025-11-12,SamuraiSaber,986,21,1,0,1,0.0
42,3,0,1,2025-11-12,PerseusDark,983,24,3,1,2,0.3333333333333333
42,5,0,1,2025-11-12,WizardRod,1011,9,5,3,2,0.6
42,3,0,1,2025-11-12,TyrannoBeat,982,26,3,1,2,0.3333333333333333
42,2,0,1,2025-11-12,BlackShell,1002,15,2,1,1,0.5
42,1,0,1,2025-11-12,HellsReaper,986,22,1,0,1,0.0
42,3,1,0,2025-11-12,ViperTail,1016,7,3,2,1,0.6666666666666666
42,5,0,1,2025-11-12,DranSword,1012,8,5,3,2,0.6
42,1,0,1,2025-11-12,ScorpioSpear,986,23,1,0,1,0.0
43,4,0,1,2025-11-12,PhoenixWing,991,19,4,2,2,0.5
43,1,0,1,2025-11-12,RhinoReaper,980,29,1,0,1,0.0
43,1,0,1,2025-11-12,HellsHammer,987,20,1,0,1,0.0
43,1,0,1,2025-11-12,CrimsonGaruda,980,27,1,0,1,0.0
43,1,0,1,2025-11-12,WizardArrow,987,21,1,0,1,0.0
43,4,0,1,2025-11-12,PhoenixRudder,996,18,4,2,2,0.5
43,1,0,1,2025-11-12,SharkEdge,976,31,1,0,1,0.0
43,3,0,1,2025-11-12,WeissTiger,998,17,3,1,2,0.3333333333333333
43,1,0,1,2025-11-12,DranBuster,976,30,1,0,1,0.0
43,1,0,1,2025-11-12,PegasusBlast,983,24,1,0,1,0.0
43,3,0,1,2025-11-12,DranBrave,980,26,3,1,2,0.3333333333333333
43,1,0,1,2025-11-12,LeonClaw,980,28,1,0,1,0.0
43,1,0,1,2025-11-12,WhaleWave,976,32,1,0,1,0.0
43,1,0,1,2025-11-12,SamuraiSaber,986,22,1,0,1,0.0
43,3,0,1,2025-11-12,PerseusDark,983,23,3,1,2,0.3333333333333333
43,3,0,1,2025-11-12,TyrannoBeat,982,25,3,1,2,0.3333333333333333
43,2,0,1,2025-11-12,LeonCrest,973,33,2,0,2,0.0
43,2,1,0,2025-11-12,HellsReaper,971,35,2,0,2,0.0
43,2,1,0,2025-11-12,ScorpioSpear,1001,16,2,1,1,0.5
43,2,0,1,2025-11-12,WizardArc,973,34,2,0,2,0.0
44,2,0,1,2025-11-12,HellsReaper,971,36,2,0,2,0.0
44,2,1,0,2025-11-12,WhaleWave,994,19,2,1,1,0.5
44,1,0,1,2025-11-12,SamuraiSaber,986,23,1,0,1,0.0
44,1,1,0,2025-11-12,WhaleFlame,985,24,1,0,1,0.0
44,1,0,1,2025-11-12,DranBuster,976,32,1,0,1,0.0
44,4,0,1,2025-11-12,PhoenixWing,991,20,4,2,2,0.5
44,1,0,1,2025-11-12,SharkEdge,976,33,1,0,1,0.0
44,3,0,1,2025-11-12,DranBrave,980,28,3,1,2,0.3333333333333333
44,3,0,1,2025-11-12,PerseusDark,983,25,3,1,2,0.3333333333333333
44,1,0,1,2025-11-12,PegasusBlast,983,26,1,0,1,0.0
44,1,0,1,2025-11-12,HellsHammer,987,21,1,0,1,0.0
44,1,0,1,2025-11-12,RhinoReaper,980,31,1,0,1,0.0
44,1,0,1,2025-11-12,CrimsonGaruda,980,29,1,0,1,0.0
44,2,0,1,2025-11-12,LeonCrest,973,34,2,0,2,0.0
44,2,0,1,2025-11-12,WizardArc,973,35,2,0,2,0.0
44,3,0,1,2025-11-12,TyrannoBeat,982,27,3,1,2,0.3333333333333333
44,1,0,1,2025-11-12,LeonClaw,980,30,1,0,1,0.0
44,1,0,1,2025-11-12,WizardArrow,987,22,1,0,1,0.0
45,2,0,1,2025-11-12,HellsReaper,971,35,2,0,2,0.0
45,2,0,1,2025-11-12,WhaleWave,994,20,2,1,1,0.5
45,2,1,0,2025-11-12,SamuraiSaber,964,36,2,0,2,0.0
45,3,0,1,2025-11-12,WeissTiger,998,18,3,1,2,0.3333333333333333
45,2,1,0,2025-11-12,DranBuster,1000,17,2,1,1,0.5
45,4,0,1,2025-11-12,PhoenixWing,991,21,4,2,2,0.5
45,1,0,1,2025-11-12,SharkEdge,976,32,1,0,1,0.0
45,1,0,1,2025-11-12,HellsHammer,987,22,1,0,1,0.0
45,1,0,1,2025-11-12,WizardArrow,987,23,1,0,1,0.0
45,2,0,1,2025-11-12,WizardArc,973,34,2,0,2,0.0
45,2,0,1,2025-11-12,LeonCrest,973,33,2,0,2,0.0
45,4,0,1,2025-11-12,PhoenixRudder,996,19,4,2,2,0.5
46,2,0,1,2025-11-12,WhaleWave,994,21,2,1,1,0.5
46,1,0,1,2025-11-12,SharkEdge,976,31,1,0,1,0.0
46,4,0,1,2025-11-12,PhoenixWing,991,22,4,2,2,0.5
46,2,1,0,2025-11-12,RhinoReaper,995,20,2,1,1,0.5
46,1,0,1,2025-11-12,HellsHammer,987,23,1,0,1,0.0
46,2,0,1,2025-11-12,WizardArc,973,33,2,0,2,0.0
46,2,0,1,2025-11-12,LeonCrest,973,32,2,0,2,0.0
46,2,1,0,2025-11-12,WizardArrow,972,34,2,0,2,0.0
47,2,0,1,2025-11-12,HellsReaper,971,34,2,0,2,0.0
47,2,0,1,2025-11-12,WhaleWave,994,22,2,1,1,0.5
47,2,1,0,2025-11-12,SharkEdge,995,21,2,1,1,0.5
47,1,0,1,2025-11-12,WhaleFlame,985,25,1,0,1,0.0
47,2,0,1,2025-11-12,SamuraiSaber,964,35,2,0,2,0.0
47,4,0,1,2025-11-12,PhoenixWing,991,23,4,2,2,0.5
47,3,0,1,2025-11-12,DranBrave,980,29,3,1,2,0.3333333333333333
47,3,0,1,2025-11-12,PerseusDark,983,26,3,1,2,0.3333333333333333
47,1,0,1,2025-11-12,PegasusBlast,983,27,1,0,1,0.0
47,1,0,1,2025-11-12,HellsHammer,987,24,1,0,1,0.0
47,2,1,0,2025-11-12,CrimsonGaruda,962,36,2,0,2,0.0
47,2,0,1,2025-11-12,WizardArc,973,32,2,0,2,0.0
47,3,0,1,2025-11-12,TyrannoBeat,982,28,3,1,2,0.3333333333333333
47,2,0,1,2025-11-12,LeonCrest,973,31,2,0,2,0.0
47,2,0,1,2025-11-12,WizardArrow,972,33,2,0,2,0.0
48,7,1,0,2025-11-12,ImpactDrake,1129,1,7,7,0,1.0
48,2,1,0,2025-11-12,LeonClaw,973,30,2,0,2,0.0
49,2,0,1,2025-11-12,HellsReaper,971,33,2,0,2,0.0
49,2,0,1,2025-11-12,SamuraiSaber,964,34,2,0,2,0.0
49,1,0,1,2025-11-12,WhaleFlame,985,24,1,0,1,0.0
49,1,0,1,2025-11-12,KnightMail,1025,5,1,1,0,1.0
49,3,0,1,2025-11-12,DranBrave,980,28,3,1,2,0.3333333333333333
49,3,0,1,2025-11-12,PerseusDark,983,25,3,1,2,0.3333333333333333
49,1,0,1,2025-11-12,PegasusBlast,983,26,1,0,1,0.0
49,2,1,0,2025-11-12,HellsHammer,963,35,2,0,2,0.0
49,4,0,1,2025-11-12,UnicornSting,1034,4,4,3,1,0.75
49,2,0,1,2025-11-12,LeonCrest,973,30,2,0,2,0.0
49,2,0,1,2025-11-12,WizardArc,973,31,2,0,2,0.0
49,3,0,1,2025-11-12,TyrannoBeat,982,27,3,1,2,0.3333333333333333
49,4,1,0,2025-11-12,CobaltDragoon,1042,3,4,3,1,0.75
49,2,0,1,2025-11-12,LeonClaw,973,29,2,0,2,0.0
49,2,0,1,2025-11-12,WizardArrow,972,32,2,0,2,0.0
50,4,1,0,2025-11-12,TuskMammoth,1020,6,4,3,1,0.75
50,3,1,0,2025-11-12,HellsChain,992,22,3,1,2,0.3333333333333333
50,2,0,1,2025-11-12,SharkEdge,995,20,2,1,1,0.5
50,3,0,1,2025-11-12,WeissTiger,998,17,3,1,2,0.3333333333333333
50,2,0,1,2025-11-12,DranBuster,1000,16,2,1,1,0.5
50,2,0,1,2025-11-12,WhaleWave,994,21,2,1,1,0.5
50,1,0,1,2025-11-12,CerberusFlame,1016,7,1,1,0,1.0
50,3,0,1,2025-11-12,GolemRock,1009,11,3,2,1,0.6666666666666666
50,2,0,1,2025-11-12,RhinoReaper,995,19,2,1,1,0.5
50,2,0,1,2025-11-12,DranDagger,1002,13,2,1,1,0.5
50,3,0,1,2025-11-12,ViperTail,1016,8,3,2,1,0.6666666666666666
50,5,0,1,2025-11-12,DranSword,1012,9,5,3,2,0.6
50,5,0,1,2025-11-12,WizardRod,1011,10,5,3,2,0.6
50,2,0,1,2025-11-12,ScorpioSpear,1001,15,2,1,1,0.5
50,2,0,1,2025-11-12,BlackShell,1002,14,2,1,1,0.5
50,4,0,1,2025-11-12,PhoenixRudder,996,18,4,2,2,0.5
51,5,1,0,2025-11-12,UnicornSting,1007,12,5,3,2,0.6
51,2,0,1,2025-11-12,SilverWolf,1006,13,2,1,1,0.5
51,3,1,0,2025-11-12,DranDagger,1026,4,3,2,1,0.6666666666666666
52,4,0,1,2025-11-12,TuskMammoth,1020,7,4,3,1,0.75
52,2,0,1,2025-11-12,SharkEdge,995,19,2,1,1,0.5
52,3,0,1,2025-11-12,WeissTiger,998,16,3,1,2,0.3333333333333333
52,2,0,1,2025-11-12,DranBuster,1000,15,2,1,1,0.5
52,1,0,1,2025-11-12,KnightMail,1025,6,1,1,0,1.0
52,2,0,1,2025-11-12,SilverWolf,1006,12,2,1,1,0.5
52,4,1,0,2025-11-12,GolemRock,994,20,4,2,2,0.5
52,2,1,0,2025-11-12,CerberusFlame,1033,4,2,2,0,1.0
52,2,0,1,2025-11-12,RhinoReaper,995,18,2,1,1,0.5
52,3,0,1,2025-11-12,DranDagger,1026,5,3,2,1,0.6666666666666666
52,5,0,1,2025-11-12,UnicornSting,1007,11,5,3,2,0.6
52,2,0,1,2025-11-12,ScorpioSpear,1001,14,2,1,1,0.5
52,2,0,1,2025-11-12,BlackShell,1002,13,2,1,1,0.5
52,4,0,1,2025-11-12,PhoenixRudder,996,17,4,2,2,0.5
53,3,0,1,2025-11-12,HellsChain,992,21,3,1,2,0.3333333333333333
53,2,0,1,2025-11-12,WhaleWave,994,20,2,1,1,0.5
53,2,0,1,2025-11-12,SharkEdge,995,18,2,1,1,0.5
53,3,0,1,2025-11-12,WeissTiger,998,15,3,1,2,0.3333333333333333
53,2,0,1,2025-11-12,DranBuster,1000,14,2,1,1,0.5
53,4,0,1,2025-11-12,PhoenixWing,991,22,4,2,2,0.5
53,4,0,1,2025-11-12,GolemRock,994,19,4,2,2,0.5
53,2,0,1,2025-11-12,RhinoReaper,995,17,2,1,1,0.5
53,2,0,1,2025-11-12,ScorpioSpear,1001,13,2,1,1,0.5
53,3,1,0,2025-11-12,BlackShell,986,23,3,1,2,0.3333333333333333
53,7,1,0,2025-11-12,FoxBrush,1083,2,7,6,1,0.8571428571428571
53,4,0,1,2025-11-12,PhoenixRudder,996,16,4,2,2,0.5
54,3,0,1,2025-11-12,HellsChain,992,20,3,1,2,0.3333333333333333
54,3,1,0,2025-11-12,WhaleWave,979,28,3,1,2,0.3333333333333333
54,1,0,1,2025-11-12,WhaleFlame,985,23,1,0,1,0.0
54,4,0,1,2025-11-12,PhoenixWing,991,21,4,2,2,0.5
54,2,0,1,2025-11-12,SilverWolf,1006,13,2,1,1,0.5
54,3,0,1,2025-11-12,DranBrave,980,27,3,1,2,0.3333333333333333
54,3,0,1,2025-11-12,PerseusDark,983,24,3,1,2,0.3333333333333333
54,1,0,1,2025-11-12,PegasusBlast,983,25,1,0,1,0.0
54,5,0,1,2025-11-12,UnicornSting,1007,12,5,3,2,0.6
54,3,1,0,2025-11-12,ScorpioSpear,1016,9,3,2,1,0.6666666666666666
54,5,0,1,2025-11-12,DranSword,1012,10,5,3,2,0.6
54,5,0,1,2025-11-12,WizardRod,1011,11,5,3,2,0.6
54,3,0,1,2025-11-12,TyrannoBeat,982,26,3,1,2,0.3333333333333333
54,3,0,1,2025-11-12,BlackShell,986,22,3,1,2,0.3333333333333333
55,3,0,1,2025-11-12,HellsChain,992,19,3,1,2,0.3333333333333333
55,3,1,0,2025-11-12,SharkEdge,982,26,3,1,2,0.3333333333333333
55,3,0,1,2025-11-12,WeissTiger,998,16,3,1,2,0.3333333333333333
55,2,0,1,2025-11-12,DranBuster,1000,15,2,1,1,0.5
55,4,0,1,2025-11-12,PhoenixWing,991,20,4,2,2,0.5
55,2,0,1,2025-11-12,SilverWolf,1006,14,2,1,1,0.5
55,4,0,1,2025-11-12,GolemRock,994,18,4,2,2,0.5
55,1,0,1,2025-11-12,WhaleFlame,985,22,1,0,1,0.0
55,3,0,1,2025-11-12,PerseusDark,983,23,3,1,2,0.3333333333333333
55,3,1,0,2025-11-12,RhinoReaper,1008,12,3,2,1,0.6666666666666666
55,1,0,1,2025-11-12,PegasusBlast,983,24,1,0,1,0.0
55,5,0,1,2025-11-12,UnicornSting,1007,13,5,3,2,0.6
55,3,0,1,2025-11-12,TyrannoBeat,982,25,3,1,2,0.3333333333333333
55,3,0,1,2025-11-12,BlackShell,986,21,3,1,2,0.3333333333333333
55,4,0,1,2025-11-12,PhoenixRudder,996,17,4,2,2,0.5
56,4,0,1,2025-11-12,TuskMammoth,1020,8,4,3,1,0.75
56,1,0,1,2025-11-12,KnightMail,1025,7,1,1,0,1.0
56,3,1,0,2025-11-12,SilverWolf,1026,6,3,2,1,0.6666666666666666
56,3,0,1,2025-11-12,RhinoReaper,1008,13,3,2,1,0.6666666666666666
56,5,0,1,2025-11-12,UnicornSting,1007,14,5,3,2,0.6
56,3,0,1,2025-11-12,ViperTail,1016,9,3,2,1,0.6666666666666666
56,3,0,1,2025-11-12,ScorpioSpear,1016,10,3,2,1,0.6666666666666666
56,5,0,1,2025-11-12,DranSword,1012,11,5,3,2,0.6
56,5,0,1,2025-11-12,WizardRod,1011,12,5,3,2,0.6
56,8,1,0,2025-11-12,ImpactDrake,1104,1,8,7,1,0.875
57,2,1,0,2025-11-12,KnightMail,1042,3,2,2,0,1.0
57,5,1,0,2025-11-12,CobaltDragoon,1025,7,5,3,2,0.6
58,5,1,0,2025-11-12,TuskMammoth,1040,4,5,4,1,0.8
58,3,0,1,2025-11-12,WeissTiger,998,15,3,1,2,0.3333333333333333
58,2,0,1,2025-11-12,DranBuster,1000,14,2,1,1,0.5
58,3,0,1,2025-11-12,SilverWolf,1026,7,3,2,1,0.6666666666666666
58,2,0,1,2025-11-12,CerberusFlame,1033,5,2,2,0,1.0
58,3,0,1,2025-11-12,RhinoReaper,1008,12,3,2,1,0.6666666666666666
58,3,0,1,2025-11-12,DranDagger,1026,6,3,2,1,0.6666666666666666
58,5,0,1,2025-11-12,UnicornSting,1007,13,5,3,2,0.6
58,4,1,0,2025-11-12,ViperTail,996,17,4,2,2,0.5
58,3,0,1,2025-11-12,ScorpioSpear,1016,9,3,2,1,0.6666666666666666
58,5,0,1,2025-11-12,DranSword,1012,10,5,3,2,0.6
58,5,0,1,2025-11-12,WizardRod,1011,11,5,3,2,0.6
58,5,0,1,2025-11-12,CobaltDragoon,1025,8,5,3,2,0.6
58,4,0,1,2025-11-12,PhoenixRudder,996,16,4,2,2,0.5
59,3,0,1,2025-11-12,HellsChain,992,18,3,1,2,0.3333333333333333
59,3,0,1,2025-11-12,WeissTiger,998,14,3,1,2,0.3333333333333333
59,3,1,0,2025-11-12,DranBuster,989,20,3,1,2,0.3333333333333333
59,4,0,1,2025-11-12,PhoenixWing,991,19,4,2,2,0.5
59,2,0,1,2025-11-12,CerberusFlame,1033,6,2,2,0,1.0
59,4,0,1,2025-11-12,GolemRock,994,17,4,2,2,0.5
59,4,1,0,2025-11-12,DranDagger,1040,5,4,3,1,0.75
59,4,0,1,2025-11-12,ViperTail,996,16,4,2,2,0.5
59,4,0,1,2025-11-12,PhoenixRudder,996,15,4,2,2,0.5
60,5,0,1,2025-11-12,TuskMammoth,1040,5,5,4,1,0.8
60,2,0,1,2025-11-12,KnightMail,1042,4,2,2,0,1.0
60,4,1,0,2025-11-12,SilverWolf,1004,13,4,2,2,0.5
60,3,1,0,2025-11-12,CerberusFlame,1056,3,3,3,0,1.0
60,3,0,1,2025-11-12,RhinoReaper,1008,11,3,2,1,0.6666666666666666
60,4,0,1,2025-11-12,DranDagger,1040,6,4,3,1,0.75
60,5,0,1,2025-11-12,UnicornSting,1007,12,5,3,2,0.6
60,3,0,1,2025-11-12,ScorpioSpear,1016,8,3,2,1,0.6666666666666666
60,5,0,1,2025-11-12,DranSword,1012,9,5,3,2,0.6
60,5,0,1,2025-11-12,WizardRod,1011,10,5,3,2,0.6
60,5,0,1,2025-11-12,CobaltDragoon,1025,7,5,3,2,0.6
61,3,1,0,2025-11-12,KnightMail,1028,6,3,2,1,0.6666666666666666
61,5,0,1,2025-11-12,TuskMammoth,1040,4,5,4,1,0.8
61,8,1,0,2025-11-12,FoxBrush,1096,2,8,7,1,0.875
61,4,0,1,2025-11-12,DranDagger,1040,5,4,3,1,0.75
62,6,1,0,2025-11-12,TuskMammoth,1067,3,6,5,1,0.8333333333333334
62,3,0,1,2025-11-12,HellsChain,992,17,3,1,2,0.3333333333333333
62,3,0,1,2025-11-12,WeissTiger,998,13,3,1,2,0.3333333333333333
62,4,0,1,2025-11-12,PhoenixWing,991,18,4,2,2,0.5
62,4,0,1,2025-11-12,SilverWolf,1004,12,4,2,2,0.5
62,3,0,1,2025-11-12,CerberusFlame,1056,4,3,3,0,1.0
62,4,0,1,2025-11-12,GolemRock,994,16,4,2,2,0.5
62,3,0,1,2025-11-12,RhinoReaper,1008,10,3,2,1,0.6666666666666666
62,5,0,1,2025-11-12,UnicornSting,1007,11,5,3,2,0.6
62,4,1,0,2025-11-12,ScorpioSpear,990,19,4,2,2,0.5
62,5,0,1,2025-11-12,WizardRod,1011,9,5,3,2,0.6
62,5,0,1,2025-11-12,DranSword,1012,8,5,3,2,0.6
62,4,0,1,2025-11-12,ViperTail,996,15,4,2,2,0.5
62,4,0,1,2025-11-12,PhoenixRudder,996,14,4,2,2,0.5
63,5,0,1,2025-11-12,DranSword,1012,9,5,3,2,0.6
63,5,0,1,2025-11-12,WizardRod,1011,10,5,3,2,0.6
63,4,1,0,2025-11-12,RhinoReaper,1030,5,4,3,1,0.75
63,5,1,0,2025-11-12,DranDagger,1015,8,5,3,2,0.6
64,8,0,1,2025-11-12,ImpactDrake,1104,2,8,7,1,0.875
64,4,1,0,2025-11-12,CerberusFlame,1039,4,4,3,1,0.75
64,9,1,0,2025-11-12,FoxBrush,1111,1,9,8,1,0.8888888888888888
65,4,0,1,2025-11-12,CerberusFlame,1039,5,4,3,1,0.75
65,7,1,0,2025-11-12,TuskMammoth,1040,4,7,5,2,0.7142857142857143
65,5,1,0,2025-11-12,RhinoReaper,1054,3,5,4,1,0.8
66,6,1,0,2025-11-12,RhinoReaper,1034,5,6,4,2,0.6666666666666666
66,7,0,1,2025-11-12,TuskMammoth,1040,3,7,5,2,0.7142857142857143
66,4,0,1,2025-11-12,CerberusFlame,1039,4,4,3,1,0.75
66,10,1,0,2025-11-12,FoxBrush,1129,1,10,9,1,0.9
67,2,0,1,2025-12-02,HellsReaper,971,32,2,0,2,0.0
67,3,0,1,2025-12-02,WhaleWave,979,27,3,1,2,0.3333333333333333
67,3,0,1,2025-12-02,SharkEdge,982,25,3,1,2,0.3333333333333333
67,2,1,0,2025-12-02,WhaleFlame,967,33,2,0,2,0.0
67,3,0,1,2025-12-02,DranBrave,980,26,3,1,2,0.3333333333333333
67,3,0,1,2025-12-02,PerseusDark,983,22,3,1,2,0.3333333333333333
67,1,0,1,2025-12-02,PegasusBlast,983,23,1,0,1,0.0
67,2,0,1,2025-12-02,LeonCrest,973,29,2,0,2,0.0
67,2,0,1,2025-12-02,LeonClaw,973,28,2,0,2,0.0
67,2,0,1,2025-12-02,WizardArc,973,30,2,0,2,0.0
67,3,0,1,2025-12-02,TyrannoBeat,982,24,3,1,2,0.3333333333333333
67,11,1,0,2025-12-02,FoxBrush,1147,1,11,10,1,0.9090909090909091
67,2,0,1,2025-12-02,WizardArrow,972,31,2,0,2,0.0
68,2,0,1,2025-12-02,HellsReaper,971,31,2,0,2,0.0
68,3,0,1,2025-12-02,WhaleWave,979,26,3,1,2,0.3333333333333333
68,3,0,1,2025-12-02,SharkEdge,982,24,3,1,2,0.3333333333333333
68,2,0,1,2025-12-02,WhaleFlame,967,32,2,0,2,0.0
68,3,0,1,2025-12-02,DranBrave,980,25,3,1,2,0.3333333333333333
68,4,1,0,2025-12-02,PerseusDark,965,33,4,1,3,0.25
68,1,0,1,2025-12-02,PegasusBlast,983,22,1,0,1,0.0
68,2,0,1,2025-12-02,LeonCrest,973,28,2,0,2,0.0
68,9,1,0,2025-12-02,ImpactDrake,1121,2,9,8,1,0.8888888888888888
68,3,0,1,2025-12-02,TyrannoBeat,982,23,3,1,2,0.3333333333333333
68,2,0,1,2025-12-02,WizardArc,973,29,2,0,2,0.0
68,2,0,1,2025-12-02,LeonClaw,973,27,2,0,2,0.0
68,2,0,1,2025-12-02,WizardArrow,972,30,2,0,2,0.0
69,7,0,1,2025-12-02,TuskMammoth,1040,4,7,5,2,0.7142857142857143
69,3,0,1,2025-12-02,SharkEdge,982,23,3,1,2,0.3333333333333333
69,3,0,1,2025-12-02,DranBuster,989,19,3,1,2,0.3333333333333333
69,5,1,0,2025-12-02,CerberusFlame,1050,3,5,4,1,0.8
69,1,0,1,2025-12-02,PegasusBlast,983,21,1,0,1,0.0
69,5,1,0,2025-12-02,ScorpioSpear,980,24,5,2,3,0.4
69,3,0,1,2025-12-02,TyrannoBeat,982,22,3,1,2,0.3333333333333333
69,3,0,1,2025-12-02,BlackShell,986,20,3,1,2,0.3333333333333333
70,3,0,1,2025-12-02,HellsChain,992,16,3,1,2,0.3333333333333333
70,3,0,1,2025-12-02,DranBuster,989,18,3,1,2,0.3333333333333333
70,3,0,1,2025-12-02,KnightMail,1028,7,3,2,1,0.6666666666666666
70,4,0,1,2025-12-02,PhoenixWing,991,17,4,2,2,0.5
70,4,0,1,2025-12-02,GolemRock,994,15,4,2,2,0.5
70,6,0,1,2025-12-02,RhinoReaper,1034,6,6,4,2,0.6666666666666666
70,4,0,1,2025-12-02,ViperTail,996,14,4,2,2,0.5
70,3,0,1,2025-12-02,BlackShell,986,19,3,1,2,0.3333333333333333
70,6,1,0,2025-12-02,CobaltDragoon,1039,5,6,4,2,0.6666666666666666
70,5,1,0,2025-12-02,PhoenixRudder,983,20,5,2,3,0.4
71,2,0,1,2025-12-02,HellsReaper,971,30,2,0,2,0.0
71,2,0,1,2025-12-02,SamuraiSaber,964,33,2,0,2,0.0
71,2,0,1,2025-12-02,WhaleFlame,967,31,2,0,2,0.0
71,3,0,1,2025-12-02,KnightMail,1028,8,3,2,1,0.6666666666666666
71,4,0,1,2025-12-02,PerseusDark,965,32,4,1,3,0.25
71,6,1,0,2025-12-02,DranDagger,1030,7,6,4,2,0.6666666666666666
71,2,0,1,2025-12-02,HellsHammer,963,34,2,0,2,0.0
71,2,0,1,2025-12-02,CrimsonGaruda,962,35,2,0,2,0.0
71,2,0,1,2025-12-02,WizardArc,973,28,2,0,2,0.0
71,3,1,0,2025-12-02,LeonCrest,953,36,3,0,3,0.0
71,2,0,1,2025-12-02,WizardArrow,972,29,2,0,2,0.0
72,2,0,1,2025-12-02,HellsReaper,971,29,2,0,2,0.0
72,7,0,1,2025-12-02,TuskMammoth,1040,5,7,5,2,0.7142857142857143
72,2,0,1,2025-12-02,SamuraiSaber,964,32,2,0,2,0.0
72,2,0,1,2025-12-02,WhaleFlame,967,30,2,0,2,0.0
72,4,1,0,2025-12-02,KnightMail,1046,4,4,3,1,0.75
72,4,0,1,2025-12-02,PerseusDark,965,31,4,1,3,0.25
72,6,0,1,2025-12-02,RhinoReaper,1034,7,6,4,2,0.6666666666666666
72,6,0,1,2025-12-02,DranDagger,1030,8,6,4,2,0.6666666666666666
72,2,0,1,2025-12-02,HellsHammer,963,33,2,0,2,0.0
72,2,0,1,2025-12-02,CrimsonGaruda,962,34,2,0,2,0.0
72,3,1,0,2025-12-02,WizardArc,953,35,3,0,3,0.0
72,6,0,1,2025-12-02,CobaltDragoon,1039,6,6,4,2,0.6666666666666666
72,2,0,1,2025-12-02,WizardArrow,972,28,2,0,2,0.0
73,7,0,1,2025-12-02,TuskMammoth,1040,6,7,5,2,0.7142857142857143
73,3,0,1,2025-12-02,WhaleWave,979,25,3,1,2,0.3333333333333333
73,3,0,1,2025-12-02,SharkEdge,982,22,3,1,2,0.3333333333333333
73,3,0,1,2025-12-02,DranBrave,980,24,3,1,2,0.3333333333333333
73,7,1,0,2025-12-02,RhinoReaper,1044,5,7,5,2,0.7142857142857143
73,5,0,1,2025-12-02,ScorpioSpear,980,23,5,2,3,0.4
73,4,1,0,2025-12-02,TyrannoBeat,972,28,4,1,3,0.25
73,6,0,1,2025-12-02,CobaltDragoon,1039,7,6,4,2,0.6666666666666666
73,2,0,1,2025-12-02,LeonClaw,973,26,2,0,2,0.0
73,2,0,1,2025-12-02,WizardArrow,972,27,2,0,2,0.0
74,3,1,0,2025-12-02,HellsReaper,955,34,3,0,3,0.0
74,2,0,1,2025-12-02,SamuraiSaber,964,31,2,0,2,0.0
74,2,0,1,2025-12-02,WhaleFlame,967,29,2,0,2,0.0
74,4,1,0,2025-12-02,WeissTiger,1011,11,4,2,2,0.5
74,4,0,1,2025-12-02,SilverWolf,1004,13,4,2,2,0.5
74,4,0,1,2025-12-02,PerseusDark,965,30,4,1,3,0.25
74,2,0,1,2025-12-02,HellsHammer,963,32,2,0,2,0.0
74,5,0,1,2025-12-02,UnicornSting,1007,12,5,3,2,0.6
74,2,0,1,2025-12-02,CrimsonGaruda,962,33,2,0,2,0.0
75,8,1,0,2025-12-02,TuskMammoth,1049,4,8,6,2,0.75
75,3,0,1,2025-12-02,WhaleWave,979,24,3,1,2,0.3333333333333333
75,4,1,0,2025-12-02,SharkEdge,972,28,4,1,3,0.25
75,4,0,1,2025-12-02,KnightMail,1046,5,4,3,1,0.75
75,4,0,1,2025-12-02,TyrannoBeat,972,27,4,1,3,0.25
75,7,0,1,2025-12-02,RhinoReaper,1044,6,7,5,2,0.7142857142857143
75,5,0,1,2025-12-02,ScorpioSpear,980,22,5,2,3,0.4
75,3,0,1,2025-12-02,DranBrave,980,23,3,1,2,0.3333333333333333
75,2,0,1,2025-12-02,LeonClaw,973,25,2,0,2,0.0
75,2,0,1,2025-12-02,WizardArrow,972,26,2,0,2,0.0
76,6,1,0,2025-12-02,UnicornSting,993,16,6,3,3,0.5
76,5,1,0,2025-12-02,PhoenixWing,1007,12,5,3,2,0.6
76,3,0,1,2025-12-02,HellsChain,992,17,3,1,2,0.3333333333333333
77,5,0,1,2025-12-02,PhoenixWing,1007,13,5,3,2,0.6
77,4,0,1,2025-12-02,SilverWolf,1004,14,4,2,2,0.5
77,2,0,1,2025-12-02,HellsHammer,963,31,2,0,2,0.0
77,2,0,1,2025-12-02,CrimsonGaruda,962,32,2,0,2,0.0
77,2,0,1,2025-12-02,WizardArrow,972,25,2,0,2,0.0
77,4,0,1,2025-12-02,SharkEdge,972,27,4,1,3,0.25
77,4,0,1,2025-12-02,WeissTiger,1011,12,4,2,2,0.5
77,2,0,1,2025-12-02,WhaleFlame,967,28,2,0,2,0.0
77,2,1,0,2025-12-02,PegasusBlast,957,33,2,0,2,0.0
77,3,0,1,2025-12-02,DranBrave,980,22,3,1,2,0.3333333333333333
77,2,0,1,2025-12-02,LeonClaw,973,24,2,0,2,0.0
77,3,0,1,2025-12-02,WhaleWave,979,23,3,1,2,0.3333333333333333
77,2,0,1,2025-12-02,SamuraiSaber,964,30,2,0,2,0.0
77,4,0,1,2025-12-02,PerseusDark,965,29,4,1,3,0.25
77,5,0,1,2025-12-02,WizardRod,1011,11,5,3,2,0.6
77,4,0,1,2025-12-02,TyrannoBeat,972,26,4,1,3,0.25
77,5,1,0,2025-12-02,ViperTail,1016,9,5,3,2,0.6
77,5,0,1,2025-12-02,DranSword,1012,10,5,3,2,0.6
77,5,0,1,2025-12-02,ScorpioSpear,980,21,5,2,3,0.4
78,3,0,1,2025-12-02,WhaleWave,979,22,3,1,2,0.3333333333333333
78,4,0,1,2025-12-02,SharkEdge,972,26,4,1,3,0.25
78,2,0,1,2025-12-02,WhaleFlame,967,27,2,0,2,0.0
78,4,0,1,2025-12-02,TyrannoBeat,972,25,4,1,3,0.25
78,5,0,1,2025-12-02,ViperTail,1016,10,5,3,2,0.6
78,6,1,0,2025-12-02,DranSword,1024,9,6,4,2,0.6666666666666666
78,4,1,0,2025-12-02,DranBrave,965,28,4,1,3,0.25
78,2,0,1,2025-12-02,LeonClaw,973,23,2,0,2,0.0
78,2,0,1,2025-12-02,WizardArrow,972,24,2,0,2,0.0
79,3,0,1,2025-12-02,HellsReaper,955,33,3,0,3,0.0
79,4,0,1,2025-12-02,WeissTiger,1011,13,4,2,2,0.5
79,5,0,1,2025-12-02,PhoenixWing,1007,14,5,3,2,0.6
79,5,1,0,2025-12-02,SilverWolf,1019,10,5,3,2,0.6
79,2,0,1,2025-12-02,PegasusBlast,957,32,2,0,2,0.0
79,3,1,0,2025-12-02,HellsHammer,941,36,3,0,3,0.0
79,2,0,1,2025-12-02,CrimsonGaruda,962,31,2,0,2,0.0
79,5,0,1,2025-12-02,ViperTail,1016,11,5,3,2,0.6
79,5,0,1,2025-12-02,WizardRod,1011,12,5,3,2,0.6
79,3,0,1,2025-12-02,WizardArc,953,34,3,0,3,0.0
79,3,0,1,2025-12-02,LeonCrest,953,35,3,0,3,0.0
80,3,0,1,2025-12-02,HellsChain,992,18,3,1,2,0.3333333333333333
80,3,0,1,2025-12-02,WhaleWave,979,23,3,1,2,0.3333333333333333
80,4,0,1,2025-12-02,WeissTiger,1011,12,4,2,2,0.5
80,3,0,1,2025-12-02,DranBuster,989,19,3,1,2,0.3333333333333333
80,5,0,1,2025-12-02,PhoenixWing,1007,13,5,3,2,0.6
80,6,0,1,2025-12-02,UnicornSting,993,17,6,3,3,0.5
80,5,0,1,2025-12-02,ScorpioSpear,980,22,5,2,3,0.4
80,6,1,0,2025-12-02,WizardRod,996,14,6,3,3,0.5
80,3,0,1,2025-12-02,BlackShell,986,20,3,1,2,0.3333333333333333
80,3,1,0,2025-12-02,LeonClaw,993,16,3,1,2,0.3333333333333333
80,5,0,1,2025-12-02,PhoenixRudder,983,21,5,2,3,0.4
81,3,0,1,2025-12-02,HellsChain,992,19,3,1,2,0.3333333333333333
81,3,0,1,2025-12-02,WhaleWave,979,22,3,1,2,0.3333333333333333
81,4,0,1,2025-12-02,SharkEdge,972,25,4,1,3,0.25
81,4,1,0,2025-12-02,DranBuster,969,26,4,1,3,0.25
81,4,0,1,2025-12-02,GolemRock,994,16,4,2,2,0.5
81,2,0,1,2025-12-02,WizardArrow,972,23,2,0,2,0.0
81,6,0,1,2025-12-02,UnicornSting,993,18,6,3,3,0.5
81,5,0,1,2025-12-02,ScorpioSpear,980,21,5,2,3,0.4
81,6,0,1,2025-12-02,WizardRod,996,15,6,3,3,0.5
81,4,0,1,2025-12-02,TyrannoBeat,972,24,4,1,3,0.25
81,4,1,0,2025-12-02,BlackShell,1007,14,4,2,2,0.5
81,3,0,1,2025-12-02,LeonClaw,993,17,3,1,2,0.3333333333333333
81,5,0,1,2025-12-02,PhoenixRudder,983,20,5,2,3,0.4
82,6,0,1,2025-12-02,UnicornSting,993,19,6,3,3,0.5
82,4,1,0,2025-12-02,HellsChain,979,22,4,1,3,0.25
82,4,1,0,2025-12-02,WhaleWave,993,17,4,2,2,0.5
82,3,0,1,2025-12-02,LeonClaw,993,18,3,1,2,0.3333333333333333
83,3,0,1,2025-12-02,HellsReaper,955,32,3,0,3,0.0
83,3,1,0,2025-12-02,SamuraiSaber,942,35,3,0,3,0.0
83,5,0,1,2025-12-02,PhoenixWing,1007,14,5,3,2,0.6
83,5,1,0,2025-12-02,GolemRock,1010,13,5,3,2,0.6
83,2,0,1,2025-12-02,PegasusBlast,957,31,2,0,2,0.0
83,2,0,1,2025-12-02,CrimsonGaruda,962,30,2,0,2,0.0
83,6,0,1,2025-12-02,WizardRod,996,16,6,3,3,0.5
83,3,0,1,2025-12-02,WizardArc,953,33,3,0,3,0.0
83,4,0,1,2025-12-02,BlackShell,1007,15,4,2,2,0.5
83,3,0,1,2025-12-02,LeonCrest,953,34,3,0,3,0.0
84,3,0,1,2025-12-02,HellsReaper,955,31,3,0,3,0.0
84,4,0,1,2025-12-02,HellsChain,979,23,4,1,3,0.25
84,2,0,1,2025-12-02,PegasusBlast,957,30,2,0,2,0.0
84,3,1,0,2025-12-02,WizardArrow,949,34,3,0,3,0.0
84,3,1,0,2025-12-02,CrimsonGaruda,987,20,3,1,2,0.3333333333333333
84,5,0,1,2025-12-02,ScorpioSpear,980,22,5,2,3,0.4
84,3,0,1,2025-12-02,WizardArc,953,32,3,0,3,0.0
84,3,0,1,2025-12-02,LeonCrest,953,33,3,0,3,0.0
84,5,0,1,2025-12-02,PhoenixRudder,983,21,5,2,3,0.4
85,5,0,1,2025-12-02,SilverWolf,1019,11,5,3,2,0.6
85,6,0,1,2025-12-02,DranDagger,1030,9,6,4,2,0.6666666666666666
85,6,1,0,2025-12-02,ViperTail,1038,8,6,4,2,0.6666666666666666
85,6,0,1,2025-12-02,DranSword,1024,10,6,4,2,0.6666666666666666
85,12,1,0,2025-12-02,FoxBrush,1121,1,12,10,2,0.8333333333333334
86,6,0,1,2025-12-02,DranDagger,1030,10,6,4,2,0.6666666666666666
86,6,0,1,2025-12-02,ViperTail,1038,9,6,4,2,0.6666666666666666
86,7,1,0,2025-12-02,DranSword,1040,7,7,5,2,0.7142857142857143
86,10,1,0,2025-12-02,ImpactDrake,1101,2,10,8,2,0.8
86,6,0,1,2025-12-02,CobaltDragoon,1039,8,6,4,2,0.6666666666666666
87,4,0,1,2025-12-02,WeissTiger,1011,11,4,2,2,0.5
87,5,0,1,2025-12-02,PhoenixWing,1007,13,5,3,2,0.6
87,6,1,0,2025-12-02,SilverWolf,1002,15,6,3,3,0.5
87,6,1,0,2025-12-02,CerberusFlame,1070,3,6,5,1,0.8333333333333334
87,5,0,1,2025-12-02,GolemRock,1010,12,5,3,2,0.6
87,4,0,1,2025-12-02,BlackShell,1007,14,4,2,2,0.5
88,8,0,1,2025-12-02,TuskMammoth,1049,5,8,6,2,0.75
88,4,0,1,2025-12-02,KnightMail,1046,6,4,3,1,0.75
88,5,0,1,2025-12-02,PhoenixWing,1007,12,5,3,2,0.6
88,6,1,0,2025-12-02,GolemRock,997,15,6,3,3,0.5
88,6,0,1,2025-12-02,SilverWolf,1002,14,6,3,3,0.5
88,7,0,1,2025-12-02,RhinoReaper,1044,7,7,5,2,0.7142857142857143
88,7,0,1,2025-12-02,DranSword,1040,8,7,5,2,0.7142857142857143
88,4,0,1,2025-12-02,BlackShell,1007,13,4,2,2,0.5
88,7,1,0,2025-12-02,CobaltDragoon,1053,4,7,5,2,0.7142857142857143
89,6,1,0,2025-12-02,PhoenixWing,997,15,6,3,3,0.5
89,6,0,1,2025-12-02,SilverWolf,1002,13,6,3,3,0.5
89,6,0,1,2025-12-02,GolemRock,997,14,6,3,3,0.5
89,7,1,0,2025-12-02,DranDagger,1042,8,7,5,2,0.7142857142857143
89,6,0,1,2025-12-02,ViperTail,1038,10,6,4,2,0.6666666666666666
89,7,0,1,2025-12-02,DranSword,1040,9,7,5,2,0.7142857142857143
89,4,0,1,2025-12-02,BlackShell,1007,12,4,2,2,0.5
90,4,0,1,2025-12-02,WhaleWave,993,18,4,2,2,0.5
90,5,1,0,2025-12-02,KnightMail,1027,10,5,3,2,0.6
90,6,0,1,2025-12-02,SilverWolf,1002,14,6,3,3,0.5
90,6,0,1,2025-12-02,GolemRock,997,15,6,3,3,0.5
90,6,0,1,2025-12-02,PhoenixWing,997,16,6,3,3,0.5
90,7,0,1,2025-12-02,RhinoReaper,1044,6,7,5,2,0.7142857142857143
90,7,0,1,2025-12-02,DranDagger,1042,7,7,5,2,0.7142857142857143
90,6,0,1,2025-12-02,ViperTail,1038,9,6,4,2,0.6666666666666666
90,7,0,1,2025-12-02,DranSword,1040,8,7,5,2,0.7142857142857143
90,6,0,1,2025-12-02,WizardRod,996,17,6,3,3,0.5
90,4,0,1,2025-12-02,BlackShell,1007,13,4,2,2,0.5
90,4,1,0,2025-12-02,LeonClaw,1008,12,4,2,2,0.5
91,8,0,1,2025-12-02,TuskMammoth,1049,6,8,6,2,0.75
91,4,0,1,2025-12-02,WhaleWave,993,17,4,2,2,0.5
91,6,0,1,2025-12-02,PhoenixWing,997,15,6,3,3,0.5
91,6,0,1,2025-12-02,SilverWolf,1002,13,6,3,3,0.5
91,6,0,1,2025-12-02,GolemRock,997,14,6,3,3,0.5
91,8,1,0,2025-12-02,RhinoReaper,1065,4,8,6,2,0.75
91,6,0,1,2025-12-02,UnicornSting,993,18,6,3,3,0.5
91,6,0,1,2025-12-02,WizardRod,996,16,6,3,3,0.5
91,5,1,0,2025-12-02,BlackShell,987,19,5,2,3,0.4
91,7,0,1,2025-12-02,CobaltDragoon,1053,5,7,5,2,0.7142857142857143
92,4,0,1,2025-12-02,HellsChain,979,22,4,1,3,0.25
92,5,1,0,2025-12-02,WhaleWave,977,23,5,2,3,0.4
92,5,1,0,2025-12-02,WeissTiger,1028,10,5,3,2,0.6
92,5,0,1,2025-12-02,KnightMail,1027,11,5,3,2,0.6
92,6,0,1,2025-12-02,UnicornSting,993,17,6,3,3,0.5
92,3,0,1,2025-12-02,CrimsonGaruda,987,19,3,1,2,0.3333333333333333
92,5,0,1,2025-12-02,ScorpioSpear,980,21,5,2,3,0.4
92,5,0,1,2025-12-02,BlackShell,987,18,5,2,3,0.4
92,5,0,1,2025-12-02,PhoenixRudder,983,20,5,2,3,0.4
93,9,1,0,2025-12-02,TuskMammoth,1059,5,9,7,2,0.7777777777777778
93,4,0,1,2025-12-02,HellsChain,979,21,4,1,3,0.25
93,5,0,1,2025-12-02,WhaleWave,977,22,5,2,3,0.4
93,4,1,0,2025-12-02,CrimsonGaruda,977,23,4,1,3,0.25
93,5,0,1,2025-12-02,ScorpioSpear,980,20,5,2,3,0.4
93,7,0,1,2025-12-02,CobaltDragoon,1053,6,7,5,2,0.7142857142857143
93,5,0,1,2025-12-02,PhoenixRudder,983,19,5,2,3,0.4
94,3,0,1,2025-12-02,HellsReaper,955,32,3,0,3,0.0
94,4,0,1,2025-12-02,HellsChain,979,20,4,1,3,0.25
94,5,0,1,2025-12-02,WhaleWave,977,21,5,2,3,0.4
94,4,0,1,2025-12-02,SharkEdge,972,26,4,1,3,0.25
94,2,0,1,2025-12-02,WhaleFlame,967,28,2,0,2,0.0
94,4,0,1,2025-12-02,DranBuster,969,27,4,1,3,0.25
94,4,0,1,2025-12-02,DranBrave,965,29,4,1,3,0.25
94,4,0,1,2025-12-02,PerseusDark,965,30,4,1,3,0.25
94,2,0,1,2025-12-02,PegasusBlast,957,31,2,0,2,0.0
94,7,1,0,2025-12-02,UnicornSting,976,23,7,3,4,0.42857142857142855
94,5,0,1,2025-12-02,ScorpioSpear,980,19,5,2,3,0.4
94,4,0,1,2025-12-02,CrimsonGaruda,977,22,4,1,3,0.25
94,3,0,1,2025-12-02,WizardArc,953,33,3,0,3,0.0
94,4,0,1,2025-12-02,TyrannoBeat,972,25,4,1,3,0.25
94,5,0,1,2025-12-02,BlackShell,987,17,5,2,3,0.4
94,4,1,0,2025-12-02,LeonCrest,975,24,4,1,3,0.25
94,5,0,1,2025-12-02,PhoenixRudder,983,18,5,2,3,0.4
95,3,0,1,2025-12-02,HellsReaper,955,33,3,0,3,0.0
95,4,0,1,2025-12-02,SharkEdge,972,27,4,1,3,0.25
95,2,0,1,2025-12-02,WhaleFlame,967,29,2,0,2,0.0
95,4,0,1,2025-12-02,DranBuster,969,28,4,1,3,0.25
95,4,0,1,2025-12-02,DranBrave,965,30,4,1,3,0.25
95,4,0,1,2025-12-02,PerseusDark,965,31,4,1,3,0.25
95,2,0,1,2025-12-02,PegasusBlast,957,32,2,0,2,0.0
95,7,1,0,2025-12-02,WizardRod,981,18,7,3,4,0.42857142857142855
95,4,1,0,2025-12-02,WizardArc,973,25,4,1,3,0.25
95,4,0,1,2025-12-02,TyrannoBeat,972,26,4,1,3,0.25
95,5,0,1,2025-12-02,BlackShell,987,16,5,2,3,0.4
95,5,0,1,2025-12-02,PhoenixRudder,983,17,5,2,3,0.4
96,3,0,1,2025-12-02,HellsReaper,955,32,3,0,3,0.0
96,4,0,1,2025-12-02,HellsChain,979,21,4,1,3,0.25
96,5,0,1,2025-12-02,WhaleWave,977,22,5,2,3,0.4
96,2,0,1,2025-12-02,WhaleFlame,967,28,2,0,2,0.0
96,5,1,0,2025-12-02,DranBuster,991,16,5,2,3,0.4
96,4,0,1,2025-12-02,DranBrave,965,29,4,1,3,0.25
96,4,0,1,2025-12-02,PerseusDark,965,30,4,1,3,0.25
96,2,0,1,2025-12-02,PegasusBlast,957,31,2,0,2,0.0
96,4,0,1,2025-12-02,CrimsonGaruda,977,23,4,1,3,0.25
96,5,0,1,2025-12-02,ScorpioSpear,980,20,5,2,3,0.4
96,7,0,1,2025-12-02,WizardRod,981,19,7,3,4,0.42857142857142855
96,7,0,1,2025-12-02,UnicornSting,976,24,7,3,4,0.42857142857142855
96,4,0,1,2025-12-02,WizardArc,973,26,4,1,3,0.25
96,5,1,0,2025-12-02,TyrannoBeat,951,33,5,1,4,0.2
96,5,0,1,2025-12-02,BlackShell,987,17,5,2,3,0.4
96,4,0,1,2025-12-02,LeonCrest,975,25,4,1,3,0.25
96,5,0,1,2025-12-02,PhoenixRudder,983,18,5,2,3,0.4
97,4,1,0,2025-12-02,HellsReaper,937,36,4,0,4,0.0
97,5,1,0,2025-12-02,HellsChain,993,16,5,2,3,0.4
97,3,0,1,2025-12-02,SamuraiSaber,942,34,3,0,3,0.0
97,5,0,1,2025-12-02,DranBuster,991,17,5,2,3,0.4
97,3,0,1,2025-12-02,HellsHammer,941,35,3,0,3,0.0
97,3,0,1,2025-12-02,WizardArrow,949,33,3,0,3,0.0
97,5,0,1,2025-12-02,ScorpioSpear,980,21,5,2,3,0.4
97,7,0,1,2025-12-02,WizardRod,981,20,7,3,4,0.42857142857142855
97,5,0,1,2025-12-02,TyrannoBeat,951,32,5,1,4,0.2
97,5,0,1,2025-12-02,BlackShell,987,18,5,2,3,0.4
97,5,0,1,2025-12-02,PhoenixRudder,983,19,5,2,3,0.4
98,4,0,1,2025-12-02,HellsReaper,937,35,4,0,4,0.0
98,5,0,1,2025-12-02,WhaleWave,977,23,5,2,3,0.4
98,5,1,0,2025-12-02,SharkEdge,987,18,5,2,3,0.4
98,3,0,1,2025-12-02,SamuraiSaber,942,33,3,0,3,0.0
98,3,0,1,2025-12-02,HellsHammer,941,34,3,0,3,0.0
98,4,1,0,2025-12-02,WizardArrow,931,36,4,0,4,0.0
98,4,0,1,2025-12-02,CrimsonGaruda,977,24,4,1,3,0.25
98,5,0,1,2025-12-02,ScorpioSpear,980,22,5,2,3,0.4
98,7,0,1,2025-12-02,WizardRod,981,21,7,3,4,0.42857142857142855
98,7,0,1,2025-12-02,UnicornSting,976,25,7,3,4,0.42857142857142855
98,4,0,1,2025-12-02,WizardArc,973,27,4,1,3,0.25
98,5,0,1,2025-12-02,BlackShell,987,19,5,2,3,0.4
98,4,0,1,2025-12-02,LeonCrest,975,26,4,1,3,0.25
98,5,0,1,2025-12-02,PhoenixRudder,983,20,5,2,3,0.4
99,5,0,1,2025-12-02,WhaleWave,977,24,5,2,3,0.4
99,3,0,1,2025-12-02,SamuraiSaber,942,32,3,0,3,0.0
99,3,1,0,2025-12-02,WhaleFlame,983,21,3,1,2,0.3333333333333333
99,3,1,0,2025-12-02,PegasusBlast,940,34,3,0,3,0.0
99,3,0,1,2025-12-02,HellsHammer,941,33,3,0,3,0.0
99,4,0,1,2025-12-02,CrimsonGaruda,977,25,4,1,3,0.25
99,5,0,1,2025-12-02,ScorpioSpear,980,23,5,2,3,0.4
99,7,0,1,2025-12-02,WizardRod,981,22,7,3,4,0.42857142857142855
99,7,0,1,2025-12-02,UnicornSting,976,26,7,3,4,0.42857142857142855
99,4,0,1,2025-12-02,WizardArc,973,28,4,1,3,0.25
99,5,0,1,2025-12-02,TyrannoBeat,951,31,5,1,4,0.2
99,4,0,1,2025-12-02,LeonCrest,975,27,4,1,3,0.25
100,5,0,1,2025-12-02,WhaleWave,977,25,5,2,3,0.4
100,3,0,1,2025-12-02,WhaleFlame,983,22,3,1,2,0.3333333333333333
100,5,0,1,2025-12-02,TyrannoBeat,951,30,5,1,4,0.2
100,5,1,0,2025-12-02,PerseusDark,983,21,5,2,3,0.4
100,4,0,1,2025-12-02,CrimsonGaruda,977,26,4,1,3,0.25
100,5,0,1,2025-12-02,ScorpioSpear,980,24,5,2,3,0.4
100,7,0,1,2025-12-02,WizardRod,981,23,7,3,4,0.42857142857142855
100,7,0,1,2025-12-02,UnicornSting,976,27,7,3,4,0.42857142857142855
100,4,0,1,2025-12-02,WizardArc,973,29,4,1,3,0.25
100,5,1,0,2025-12-02,DranBrave,947,31,5,1,4,0.2
100,4,0,1,2025-12-02,LeonCrest,975,28,4,1,3,0.25
101,4,0,1,2025-12-02,HellsReaper,937,34,4,0,4,0.0
101,5,0,1,2025-12-02,HellsChain,993,17,5,2,3,0.4
101,5,0,1,2025-12-02,SharkEdge,987,19,5,2,3,0.4
101,3,0,1,2025-12-02,WhaleFlame,983,23,3,1,2,0.3333333333333333
101,5,0,1,2025-12-02,DranBuster,991,18,5,2,3,0.4
101,5,0,1,2025-12-02,PerseusDark,983,22,5,2,3,0.4
101,3,0,1,2025-12-02,PegasusBlast,940,33,3,0,3,0.0
101,4,1,0,2025-12-02,HellsHammer,919,36,4,0,4,0.0
101,4,0,1,2025-12-02,WizardArrow,931,35,4,0,4,0.0
101,6,1,0,2025-12-02,ScorpioSpear,997,16,6,3,3,0.5
101,7,0,1,2025-12-02,WizardRod,981,24,7,3,4,0.42857142857142855
101,5,0,1,2025-12-02,BlackShell,987,20,5,2,3,0.4
101,5,0,1,2025-12-02,PhoenixRudder,983,21,5,2,3,0.4
102,4,0,1,2025-12-02,HellsReaper,937,33,4,0,4,0.0
102,5,0,1,2025-12-02,HellsChain,993,18,5,2,3,0.4
102,5,0,1,2025-12-02,SharkEdge,987,20,5,2,3,0.4
102,4,1,0,2025-12-02,SamuraiSaber,924,35,4,0,4,0.0
102,5,0,1,2025-12-02,DranBuster,991,19,5,2,3,0.4
102,3,0,1,2025-12-02,PegasusBlast,940,32,3,0,3,0.0
102,4,0,1,2025-12-02,WizardArrow,931,34,4,0,4,0.0
102,5,0,1,2025-12-02,BlackShell,987,21,5,2,3,0.4
102,6,1,0,2025-12-02,PhoenixRudder,996,17,6,3,3,0.5
103,5,0,1,2025-12-11,WeissTiger,1028,9,5,3,2,0.6
103,5,0,1,2025-12-11,KnightMail,1027,10,5,3,2,0.6
103,8,1,0,2025-12-11,DranDagger,1057,6,8,6,2,0.75
103,7,1,0,2025-12-11,ViperTail,1021,11,7,4,3,0.5714285714285714
103,7,0,1,2025-12-11,CobaltDragoon,1053,7,7,5,2,0.7142857142857143
104,4,0,1,2025-12-11,WizardArc,973,28,4,1,3,0.25
104,8,0,1,2025-12-11,RhinoReaper,1065,5,8,6,2,0.75
104,10,1,0,2025-12-11,TuskMammoth,1069,4,10,8,2,0.8
104,5,1,0,2025-12-11,LeonCrest,964,29,5,1,4,0.2
105,5,0,1,2025-12-11,WhaleWave,977,24,5,2,3,0.4
105,3,0,1,2025-12-11,WhaleFlame,983,22,3,1,2,0.3333333333333333
105,7,1,0,2025-12-11,CerberusFlame,1082,3,7,6,1,0.8571428571428571
105,5,0,1,2025-12-11,PerseusDark,983,21,5,2,3,0.4
105,4,0,1,2025-12-11,CrimsonGaruda,977,25,4,1,3,0.25
105,7,0,1,2025-12-11,WizardRod,981,23,7,3,4,0.42857142857142855
105,6,1,0,2025-12-11,BlackShell,977,26,6,2,4,0.3333333333333333
106,5,0,1,2025-12-11,WhaleWave,977,25,5,2,3,0.4
106,5,0,1,2025-12-11,TyrannoBeat,951,31,5,1,4,0.2
106,4,0,1,2025-12-11,CrimsonGaruda,977,26,4,1,3,0.25
106,7,0,1,2025-12-11,UnicornSting,976,28,7,3,4,0.42857142857142855
106,5,0,1,2025-12-11,LeonCrest,964,30,5,1,4,0.2
106,10,0,1,2025-12-11,ImpactDrake,1101,1,10,8,2,0.8
106,6,1,0,2025-12-11,DranBrave,981,24,6,2,4,0.3333333333333333
106,6,0,1,2025-12-11,BlackShell,977,27,6,2,4,0.3333333333333333
106,4,0,1,2025-12-11,WizardArc,973,29,4,1,3,0.25
106,13,1,0,2025-12-11,FoxBrush,1096,2,13,10,3,0.7692307692307693
107,7,1,0,2025-12-11,PhoenixWing,1012,12,7,4,3,0.5714285714285714
107,6,0,1,2025-12-11,SilverWolf,1002,14,6,3,3,0.5
107,6,0,1,2025-12-11,GolemRock,997,15,6,3,3,0.5
107,7,0,1,2025-12-11,DranSword,1040,7,7,5,2,0.7142857142857143
107,8,1,0,2025-12-11,CobaltDragoon,1035,8,8,5,3,0.625
107,4,0,1,2025-12-11,LeonClaw,1008,13,4,2,2,0.5
108,6,1,0,2025-12-11,KnightMail,1013,11,6,3,3,0.5
108,6,0,1,2025-12-11,SilverWolf,1002,15,6,3,3,0.5
108,6,0,1,2025-12-11,GolemRock,997,16,6,3,3,0.5
108,7,1,0,2025-12-11,ScorpioSpear,1009,13,7,4,3,0.5714285714285714
108,7,0,1,2025-12-11,ViperTail,1021,10,7,4,3,0.5714285714285714
108,4,0,1,2025-12-11,LeonClaw,1008,14,4,2,2,0.5
109,11,1,0,2025-12-11,ImpactDrake,1109,1,11,9,2,0.8181818181818182
109,5,0,1,2025-12-11,HellsChain,993,17,5,2,3,0.4
109,5,0,1,2025-12-11,DranBuster,991,18,5,2,3,0.4
109,7,1,0,2025-12-11,PhoenixRudder,988,19,7,3,4,0.42857142857142855
110,5,0,1,2025-12-11,HellsChain,993,18,5,2,3,0.4
110,5,1,0,2025-12-11,SamuraiSaber,911,36,5,0,5,0.0
110,6,1,0,2025-12-11,SharkEdge,996,17,6,3,3,0.5
110,5,0,1,2025-12-11,DranBuster,991,19,5,2,3,0.4
110,4,0,1,2025-12-11,HellsHammer,919,35,4,0,4,0.0
110,7,0,1,2025-12-11,PhoenixRudder,988,20,7,3,4,0.42857142857142855
111,12,1,0,2025-12-11,ImpactDrake,1123,1,12,10,2,0.8333333333333334
111,7,0,1,2025-12-11,DranSword,1040,6,7,5,2,0.7142857142857143
111,9,1,0,2025-12-11,DranDagger,1040,7,9,6,3,0.6666666666666666
112,6,0,1,2025-12-11,SharkEdge,996,16,6,3,3,0.5
112,5,0,1,2025-12-11,WeissTiger,1028,10,5,3,2,0.6
112,8,1,0,2025-12-11,PhoenixWing,995,17,8,4,4,0.5
112,7,1,0,2025-12-11,KnightMail,1029,9,7,4,3,0.5714285714285714
112,6,0,1,2025-12-11,SilverWolf,1002,14,6,3,3,0.5
112,6,0,1,2025-12-11,GolemRock,997,15,6,3,3,0.5
112,7,0,1,2025-12-11,ViperTail,1021,11,7,4,3,0.5714285714285714
112,7,0,1,2025-12-11,ScorpioSpear,1009,12,7,4,3,0.5714285714285714
112,4,0,1,2025-12-11,LeonClaw,1008,13,4,2,2,0.5
113,11,1,0,2025-12-11,TuskMammoth,1078,4,11,9,2,0.8181818181818182
113,5,0,1,2025-12-11,WhaleWave,977,24,5,2,3,0.4
113,4,0,1,2025-12-11,CrimsonGaruda,977,25,4,1,3,0.25
113,7,0,1,2025-12-11,UnicornSting,976,27,7,3,4,0.42857142857142855
113,7,1,0,2025-12-11,DranBrave,974,28,7,2,5,0.2857142857142857
113,6,0,1,2025-12-11,BlackShell,977,26,6,2,4,0.3333333333333333
114,11,0,1,2025-12-11,TuskMammoth,1078,3,11,9,2,0.8181818181818182
114,7,1,0,2025-12-11,SharkEdge,1010,12,7,4,3,0.5714285714285714
114,6,0,1,2025-12-11,SilverWolf,1002,15,6,3,3,0.5
114,8,1,0,2025-12-11,CerberusFlame,1062,5,8,6,2,0.75
114,6,0,1,2025-12-11,GolemRock,997,16,6,3,3,0.5
114,8,0,1,2025-12-11,RhinoReaper,1065,4,8,6,2,0.75
114,7,0,1,2025-12-11,ScorpioSpear,1009,13,7,4,3,0.5714285714285714
114,4,0,1,2025-12-11,LeonClaw,1008,14,4,2,2,0.5
115,8,1,0,2025-12-11,KnightMail,1014,12,8,4,4,0.5
115,8,1,0,2025-12-11,SharkEdge,1025,10,8,5,3,0.625
115,5,0,1,2025-12-11,WeissTiger,1028,9,5,3,2,0.6
116,13,1,0,2025-12-11,ImpactDrake,1135,1,13,11,2,0.8461538461538461
116,12,1,0,2025-12-11,TuskMammoth,1065,3,12,9,3,0.75
117,13,1,0,2025-12-11,TuskMammoth,1052,5,13,9,4,0.6923076923076923
117,8,0,1,2025-12-11,SharkEdge,1025,11,8,5,3,0.625
117,9,1,0,2025-12-11,KnightMail,1026,10,9,5,4,0.5555555555555556
117,8,0,1,2025-12-11,CerberusFlame,1062,4,8,6,2,0.75
117,8,0,1,2025-12-11,RhinoReaper,1065,3,8,6,2,0.75
117,7,0,1,2025-12-11,ViperTail,1021,12,7,4,3,0.5714285714285714
118,14,1,0,2025-12-11,ImpactDrake,1144,1,14,12,2,0.8571428571428571
118,7,0,1,2025-12-11,ViperTail,1021,11,7,4,3,0.5714285714285714
118,9,1,0,2025-12-11,SharkEdge,1016,12,9,5,4,0.5555555555555556
119,13,0,1,2025-12-27,TuskMammoth,1052,4,13,9,4,0.6923076923076923
119,6,1,0,2025-12-27,WeissTiger,1051,5,6,4,2,0.6666666666666666
119,9,1,0,2025-12-27,CerberusFlame,1042,6,9,6,3,0.6666666666666666
119,9,0,1,2025-12-27,DranDagger,1040,8,9,6,3,0.6666666666666666
119,7,0,1,2025-12-27,DranSword,1040,7,7,5,2,0.7142857142857143
119,8,0,1,2025-12-27,CobaltDragoon,1035,9,8,5,3,0.625
120,14,1,0,2025-12-27,TuskMammoth,1039,9,14,9,5,0.6428571428571429
120,9,1,0,2025-12-27,CobaltDragoon,1053,4,9,6,3,0.6666666666666666
121,8,1,0,2025-12-27,ViperTail,1040,8,8,5,3,0.625
121,10,1,0,2025-12-27,DranDagger,1022,11,10,6,4,0.6
122,8,1,0,2025-12-27,DranSword,1055,3,8,6,2,0.75
122,9,0,1,2025-12-27,CerberusFlame,1042,7,9,6,3,0.6666666666666666
122,9,1,0,2025-12-27,RhinoReaper,1049,6,9,6,3,0.6666666666666666
123,5,1,0,2025-12-27,HellsReaper,960,31,5,1,4,0.2
123,5,0,1,2025-12-27,TyrannoBeat,951,32,5,1,4,0.2
123,3,0,1,2025-12-27,PegasusBlast,940,33,3,0,3,0.0
123,6,1,0,2025-12-27,SamuraiSaber,888,36,6,0,6,0.0
124,6,1,0,2025-12-27,TyrannoBeat,967,30,6,2,4,0.3333333333333333
124,5,0,1,2025-12-27,HellsReaper,960,32,5,1,4,0.2
124,5,0,1,2025-12-27,LeonCrest,964,31,5,1,4,0.2
124,5,1,0,2025-12-27,HellsHammer,900,35,5,0,5,0.0
125,5,0,1,2025-12-27,WhaleWave,977,25,5,2,3,0.4
125,3,0,1,2025-12-27,WhaleFlame,983,23,3,1,2,0.3333333333333333
125,5,0,1,2025-12-27,PerseusDark,983,22,5,2,3,0.4
125,5,1,0,2025-12-27,WizardArrow,909,34,5,0,5,0.0
125,4,0,1,2025-12-27,CrimsonGaruda,977,26,4,1,3,0.25
125,7,0,1,2025-12-27,UnicornSting,976,28,7,3,4,0.42857142857142855
125,7,0,1,2025-12-27,WizardRod,981,24,7,3,4,0.42857142857142855
125,8,1,0,2025-12-27,DranBrave,989,20,8,3,5,0.375
125,6,0,1,2025-12-27,BlackShell,977,27,6,2,4,0.3333333333333333
125,7,0,1,2025-12-27,PhoenixRudder,988,21,7,3,4,0.42857142857142855
126,5,0,1,2025-12-27,HellsChain,993,19,5,2,3,0.4
126,3,0,1,2025-12-27,WhaleFlame,983,24,3,1,2,0.3333333333333333
126,5,0,1,2025-12-27,DranBuster,991,20,5,2,3,0.4
126,5,0,1,2025-12-27,PerseusDark,983,23,5,2,3,0.4
126,4,1,0,2025-12-27,PegasusBlast,923,33,4,0,4,0.0
126,8,1,0,2025-12-27,WizardRod,995,18,8,4,4,0.5
126,8,0,1,2025-12-27,DranBrave,989,21,8,3,5,0.375
126,7,0,1,2025-12-27,PhoenixRudder,988,22,7,3,4,0.42857142857142855
127,8,0,1,2025-12-27,PhoenixWing,995,16,8,4,4,0.5
127,6,0,1,2025-12-27,SilverWolf,1002,14,6,3,3,0.5
127,6,0,1,2025-12-27,GolemRock,997,15,6,3,3,0.5
127,8,0,1,2025-12-27,WizardRod,995,17,8,4,4,0.5
127,5,1,0,2025-12-27,LeonClaw,994,18,5,2,3,0.4
127,14,1,0,2025-12-27,FoxBrush,1105,2,14,11,3,0.7857142857142857
128,5,0,1,2025-12-27,HellsReaper,960,31,5,1,4,0.2
128,5,0,1,2025-12-27,HellsChain,993,20,5,2,3,0.4
128,5,0,1,2025-12-27,WhaleWave,977,26,5,2,3,0.4
128,3,0,1,2025-12-27,WhaleFlame,983,25,3,1,2,0.3333333333333333
128,5,0,1,2025-12-27,DranBuster,991,21,5,2,3,0.4
128,8,0,1,2025-12-27,PhoenixWing,995,17,8,4,4,0.5
128,6,0,1,2025-12-27,TyrannoBeat,967,29,6,2,4,0.3333333333333333
128,5,0,1,2025-12-27,PerseusDark,983,24,5,2,3,0.4
128,8,1,0,2025-12-27,UnicornSting,996,16,8,4,4,0.5
128,5,1,0,2025-12-27,CrimsonGaruda,957,32,5,1,4,0.2
128,8,0,1,2025-12-27,WizardRod,995,18,8,4,4,0.5
128,5,0,1,2025-12-27,LeonCrest,964,30,5,1,4,0.2
128,4,0,1,2025-12-27,WizardArc,973,28,4,1,3,0.25
128,8,0,1,2025-12-27,DranBrave,989,22,8,3,5,0.375
128,5,0,1,2025-12-27,LeonClaw,994,19,5,2,3,0.4
128,7,0,1,2025-12-27,PhoenixRudder,988,23,7,3,4,0.42857142857142855
129,9,0,1,2025-12-27,SharkEdge,1016,13,9,5,4,0.5555555555555556
129,9,0,1,2025-12-27,KnightMail,1026,11,9,5,4,0.5555555555555556
129,10,0,1,2025-12-27,DranDagger,1022,12,10,6,4,0.6
129,8,1,0,2025-12-27,ScorpioSpear,1033,10,8,5,3,0.625
129,15,1,0,2025-12-27,ImpactDrake,1120,1,15,12,3,0.8
130,14,0,1,2025-12-27,TuskMammoth,1039,10,14,9,5,0.6428571428571429
130,5,0,1,2025-12-27,WhaleWave,977,25,5,2,3,0.4
130,3,0,1,2025-12-27,WhaleFlame,983,24,3,1,2,0.3333333333333333
130,10,1,0,2025-12-27,KnightMail,1044,7,10,6,4,0.6
130,9,0,1,2025-12-27,CerberusFlame,1042,8,9,6,3,0.6666666666666666
130,5,0,1,2025-12-27,PerseusDark,983,23,5,2,3,0.4
130,8,0,1,2025-12-27,ViperTail,1040,9,8,5,3,0.625
130,8,0,1,2025-12-27,ScorpioSpear,1033,11,8,5,3,0.625
130,4,0,1,2025-12-27,WizardArc,973,27,4,1,3,0.25
130,6,0,1,2025-12-27,BlackShell,977,26,6,2,4,0.3333333333333333
130,8,1,0,2025-12-27,PhoenixRudder,969,28,8,3,5,0.375
131,7,1,0,2025-12-27,BlackShell,963,30,7,2,5,0.2857142857142857
131,5,0,1,2025-12-27,WhaleWave,977,26,5,2,3,0.4
131,6,1,0,2025-12-27,LeonCrest,978,25,6,2,4,0.3333333333333333
132,5,0,1,2025-12-27,HellsReaper,960,30,5,1,4,0.2
132,6,1,0,2025-12-27,WhaleWave,992,21,6,3,3,0.5
132,3,0,1,2025-12-27,WhaleFlame,983,25,3,1,2,0.3333333333333333
132,5,0,1,2025-12-27,DranBuster,991,22,5,2,3,0.4
132,6,0,1,2025-12-27,TyrannoBeat,967,28,6,2,4,0.3333333333333333
132,5,0,1,2025-12-27,PerseusDark,983,24,5,2,3,0.4
132,5,1,0,2025-12-27,WizardArc,958,31,5,1,4,0.2
132,8,0,1,2025-12-27,DranBrave,989,23,8,3,5,0.375
132,7,0,1,2025-12-27,BlackShell,963,29,7,2,5,0.2857142857142857
132,6,0,1,2025-12-27,LeonCrest,978,26,6,2,4,0.3333333333333333
132,8,0,1,2025-12-27,PhoenixRudder,969,27,8,3,5,0.375
133,5,0,1,2025-12-27,HellsChain,993,19,5,2,3,0.4
133,6,0,1,2025-12-27,WhaleWave,992,20,6,3,3,0.5
133,10,1,0,2025-12-27,SharkEdge,1027,12,10,6,4,0.6
133,8,0,1,2025-12-27,PhoenixWing,995,16,8,4,4,0.5
133,7,1,0,2025-12-27,SilverWolf,992,21,7,3,4,0.42857142857142855
133,6,0,1,2025-12-27,GolemRock,997,14,6,3,3,0.5
133,10,0,1,2025-12-27,DranDagger,1022,13,10,6,4,0.6
133,8,0,1,2025-12-27,UnicornSting,996,15,8,4,4,0.5
133,8,0,1,2025-12-27,WizardRod,995,17,8,4,4,0.5
133,5,0,1,2025-12-27,LeonClaw,994,18,5,2,3,0.4
134,3,0,1,2025-12-27,WhaleFlame,983,24,3,1,2,0.3333333333333333
134,6,1,0,2025-12-27,DranBuster,1014,14,6,3,3,0.5
134,9,1,0,2025-12-27,PhoenixWing,974,26,9,4,5,0.4444444444444444
134,6,0,1,2025-12-27,GolemRock,997,15,6,3,3,0.5
134,5,0,1,2025-12-27,PerseusDark,983,23,5,2,3,0.4
134,8,0,1,2025-12-27,UnicornSting,996,16,8,4,4,0.5
134,8,0,1,2025-12-27,DranBrave,989,22,8,3,5,0.375
134,6,0,1,2025-12-27,LeonCrest,978,25,6,2,4,0.3333333333333333
135,6,1,0,2025-12-27,HellsChain,976,25,6,2,4,0.3333333333333333
135,3,0,1,2025-12-27,WhaleFlame,983,23,3,1,2,0.3333333333333333
135,6,0,1,2025-12-27,GolemRock,997,16,6,3,3,0.5
135,6,1,0,2025-12-27,PerseusDark,1002,15,6,3,3,0.5
135,8,0,1,2025-12-27,UnicornSting,996,17,8,4,4,0.5
135,6,0,1,2025-12-27,LeonCrest,978,24,6,2,4,0.3333333333333333
135,8,0,1,2025-12-27,WizardRod,995,18,8,4,4,0.5
135,5,0,1,2025-12-27,LeonClaw,994,19,5,2,3,0.4
136,7,1,0,2025-12-27,WhaleWave,977,24,7,3,4,0.42857142857142855
136,3,0,1,2025-12-27,WhaleFlame,983,22,3,1,2,0.3333333333333333
136,7,0,1,2025-12-27,SilverWolf,992,20,7,3,4,0.42857142857142855
136,7,1,0,2025-12-27,GolemRock,1013,15,7,4,3,0.5714285714285714
136,6,0,1,2025-12-27,PerseusDark,1002,16,6,3,3,0.5
136,8,0,1,2025-12-27,DranBrave,989,21,8,3,5,0.375
136,6,0,1,2025-12-27,LeonCrest,978,23,6,2,4,0.3333333333333333
137,7,1,0,2025-12-27,DranBuster,994,18,7,3,4,0.42857142857142855
137,7,0,1,2025-12-27,GolemRock,1013,14,7,4,3,0.5714285714285714
137,6,0,1,2025-12-27,PerseusDark,1002,15,6,3,3,0.5
137,8,0,1,2025-12-27,UnicornSting,996,16,8,4,4,0.5
137,8,0,1,2025-12-27,WizardRod,995,17,8,4,4,0.5
137,15,0,1,2025-12-27,ImpactDrake,1120,2,15,12,3,0.8
137,15,1,0,2025-12-27,FoxBrush,1120,1,15,12,3,0.8
138,14,0,1,2025-12-27,TuskMammoth,1039,9,14,9,5,0.6428571428571429
138,10,1,0,2025-12-27,CerberusFlame,1025,13,10,6,4,0.6
138,8,1,0,2025-12-27,GolemRock,1035,10,8,5,3,0.625
138,10,0,1,2025-12-27,DranDagger,1022,14,10,6,4,0.6
138,8,0,1,2025-12-27,ViperTail,1040,8,8,5,3,0.625
139,10,0,1,2025-12-27,SharkEdge,1027,13,10,6,4,0.6
139,7,0,1,2025-12-27,DranBuster,994,17,7,3,4,0.42857142857142855
139,7,0,1,2025-12-27,SilverWolf,992,19,7,3,4,0.42857142857142855
139,10,0,1,2025-12-27,CerberusFlame,1025,14,10,6,4,0.6
139,7,1,0,2025-12-27,PerseusDark,989,20,7,3,4,0.42857142857142855
139,11,1,0,2025-12-27,DranDagger,1032,12,11,7,4,0.6363636363636364
139,8,0,1,2025-12-27,UnicornSting,996,15,8,4,4,0.5
139,8,0,1,2025-12-27,WizardRod,995,16,8,4,4,0.5
139,5,0,1,2025-12-27,LeonClaw,994,18,5,2,3,0.4
140,15,1,0,2025-12-27,TuskMammoth,1047,7,15,10,5,0.6666666666666666
140,10,0,1,2025-12-27,SharkEdge,1027,12,10,6,4,0.6
140,10,0,1,2025-12-27,KnightMail,1044,8,10,6,4,0.6
140,10,0,1,2025-12-27,CerberusFlame,1025,13,10,6,4,0.6
140,11,0,1,2025-12-27,DranDagger,1032,11,11,7,4,0.6363636363636364
140,9,1,0,2025-12-27,ScorpioSpear,1020,14,9,5,4,0.5555555555555556
140,8,0,1,2025-12-27,ViperTail,1040,9,8,5,3,0.625
141,7,1,0,2025-12-27,LeonCrest,990,19,7,3,4,0.42857142857142855
141,7,0,1,2025-12-27,SilverWolf,992,18,7,3,4,0.42857142857142855
141,6,1,0,2025-12-27,LeonClaw,982,23,6,2,4,0.3333333333333333
142,11,1,0,2025-12-27,KnightMail,1025,12,11,6,5,0.5454545454545454
142,11,1,0,2025-12-27,SharkEdge,1045,8,11,7,4,0.6363636363636364
143,15,0,1,2025-12-27,TuskMammoth,1047,6,15,10,5,0.6666666666666666
143,8,1,0,2025-12-27,WhaleWave,993,18,8,4,4,0.5
143,11,0,1,2025-12-27,SharkEdge,1045,7,11,7,4,0.6363636363636364
143,3,0,1,2025-12-27,WhaleFlame,983,23,3,1,2,0.3333333333333333
143,7,0,1,2025-12-27,SilverWolf,992,19,7,3,4,0.42857142857142855
143,8,0,1,2025-12-27,GolemRock,1035,9,8,5,3,0.625
143,7,0,1,2025-12-27,PerseusDark,989,21,7,3,4,0.42857142857142855
143,10,1,0,2025-12-27,RhinoReaper,1033,10,10,6,4,0.6
143,8,0,1,2025-12-27,ViperTail,1040,8,8,5,3,0.625
143,6,0,1,2025-12-27,LeonClaw,982,24,6,2,4,0.3333333333333333
143,8,0,1,2025-12-27,DranBrave,989,22,8,3,5,0.375
143,7,0,1,2025-12-27,LeonCrest,990,20,7,3,4,0.42857142857142855
144,6,0,1,2025-12-27,HellsChain,976,26,6,2,4,0.3333333333333333
144,8,0,1,2025-12-27,WhaleWave,993,19,8,4,4,0.5
144,3,0,1,2025-12-27,WhaleFlame,983,24,3,1,2,0.3333333333333333
144,7,0,1,2025-12-27,DranBuster,994,18,7,3,4,0.42857142857142855
144,10,1,0,2025-12-27,PhoenixWing,997,15,10,5,5,0.5
144,7,0,1,2025-12-27,SilverWolf,992,20,7,3,4,0.42857142857142855
144,7,0,1,2025-12-27,PerseusDark,989,22,7,3,4,0.42857142857142855
144,8,0,1,2025-12-27,UnicornSting,996,16,8,4,4,0.5
144,8,0,1,2025-12-27,WizardRod,995,17,8,4,4,0.5
144,6,0,1,2025-12-27,LeonClaw,982,25,6,2,4,0.3333333333333333
144,16,1,0,2025-12-27,ImpactDrake,1104,2,16,12,4,0.75
144,8,0,1,2025-12-27,DranBrave,989,23,8,3,5,0.375
144,7,0,1,2025-12-27,LeonCrest,990,21,7,3,4,0.42857142857142855
145,8,0,1,2025-12-27,WhaleWave,993,20,8,4,4,0.5
145,3,0,1,2025-12-27,WhaleFlame,983,23,3,1,2,0.3333333333333333
145,7,0,1,2025-12-27,DranBuster,994,19,7,3,4,0.42857142857142855
145,10,0,1,2025-12-27,PhoenixWing,997,16,10,5,5,0.5
145,8,1,0,2025-12-27,SilverWolf,980,25,8,3,5,0.375
145,8,0,1,2025-12-27,UnicornSting,996,17,8,4,4,0.5
145,8,0,1,2025-12-27,WizardRod,995,18,8,4,4,0.5
145,9,1,0,2025-12-27,DranBrave,999,15,9,4,5,0.4444444444444444
145,6,0,1,2025-12-27,LeonClaw,982,24,6,2,4,0.3333333333333333
146,5,0,1,2025-12-27,HellsReaper,960,29,5,1,4,0.2
146,7,1,0,2025-12-27,HellsChain,994,19,7,3,4,0.42857142857142855
146,8,0,1,2025-12-27,WhaleWave,993,21,8,4,4,0.5
146,3,0,1,2025-12-27,WhaleFlame,983,24,3,1,2,0.3333333333333333
146,7,0,1,2025-12-27,DranBuster,994,20,7,3,4,0.42857142857142855
146,8,0,1,2025-12-27,SilverWolf,980,26,8,3,5,0.375
146,7,0,1,2025-12-27,PerseusDark,989,23,7,3,4,0.42857142857142855
146,5,0,1,2025-12-27,CrimsonGaruda,957,31,5,1,4,0.2
146,6,0,1,2025-12-27,LeonClaw,982,25,6,2,4,0.3333333333333333
146,5,0,1,2025-12-27,WizardArc,958,30,5,1,4,0.2
146,8,1,0,2025-12-27,BlackShell,943,32,8,2,6,0.25
146,7,0,1,2025-12-27,LeonCrest,990,22,7,3,4,0.42857142857142855
147,4,1,0,2025-12-27,WhaleFlame,964,28,4,1,3,0.25
147,10,0,1,2025-12-27,PhoenixWing,997,17,10,5,5,0.5
147,8,0,1,2025-12-27,SilverWolf,980,25,8,3,5,0.375
147,6,0,1,2025-12-27,TyrannoBeat,967,27,6,2,4,0.3333333333333333
147,9,1,0,2025-12-27,UnicornSting,1011,15,9,5,4,0.5555555555555556
147,9,0,1,2025-12-27,DranBrave,999,16,9,4,5,0.4444444444444444
147,6,0,1,2025-12-27,LeonClaw,982,24,6,2,4,0.3333333333333333
147,8,0,1,2025-12-27,PhoenixRudder,969,26,8,3,5,0.375
148,5,0,1,2025-12-27,HellsReaper,960,28,5,1,4,0.2
148,4,0,1,2025-12-27,WhaleFlame,964,27,4,1,3,0.25
148,10,0,1,2025-12-27,PhoenixWing,997,18,10,5,5,0.5
148,6,0,1,2025-12-27,TyrannoBeat,967,26,6,2,4,0.3333333333333333
148,5,0,1,2025-12-27,CrimsonGaruda,957,30,5,1,4,0.2
148,9,1,0,2025-12-27,WizardRod,1010,16,9,5,4,0.5555555555555556
148,5,0,1,2025-12-27,WizardArc,958,29,5,1,4,0.2
148,9,0,1,2025-12-27,DranBrave,999,17,9,4,5,0.4444444444444444
148,9,1,0,2025-12-27,PhoenixRudder,952,31,9,3,6,0.3333333333333333
149,6,1,0,2025-12-27,HellsReaper,973,26,6,2,4,0.3333333333333333
149,4,0,1,2025-12-27,WhaleFlame,964,28,4,1,3,0.25
149,5,0,1,2025-12-27,CrimsonGaruda,957,29,5,1,4,0.2
149,6,1,0,2025-12-27,WizardArc,943,31,6,1,5,0.16666666666666666
149,6,0,1,2025-12-27,TyrannoBeat,967,27,6,2,4,0.3333333333333333
149,9,0,1,2025-12-27,PhoenixRudder,952,30,9,3,6,0.3333333333333333
150,7,1,0,2025-12-27,TyrannoBeat,953,29,7,2,5,0.2857142857142857
150,6,1,0,2025-12-27,CrimsonGaruda,973,27,6,2,4,0.3333333333333333
151,7,0,1,2025-12-27,HellsChain,994,20,7,3,4,0.42857142857142855
151,8,0,1,2025-12-27,WhaleWave,993,22,8,4,4,0.5
151,7,0,1,2025-12-27,DranBuster,994,21,7,3,4,0.42857142857142855
151,7,0,1,2025-12-27,PerseusDark,989,24,7,3,4,0.42857142857142855
151,7,0,1,2025-12-27,LeonCrest,990,23,7,3,4,0.42857142857142855
151,10,1,0,2025-12-27,WizardRod,999,17,10,5,5,0.5
151,9,0,1,2025-12-27,DranBrave,999,16,9,4,5,0.4444444444444444
151,7,1,0,2025-12-27,LeonClaw,996,19,7,3,4,0.42857142857142855
152,4,0,1,2025-12-27,WhaleFlame,964,27,4,1,3,0.25
152,11,0,1,2025-12-27,KnightMail,1025,13,11,6,5,0.5454545454545454
152,11,1,0,2025-12-27,CerberusFlame,1033,10,11,7,4,0.6363636363636364
152,10,0,1,2025-12-27,RhinoReaper,1033,11,10,6,4,0.6
152,11,0,1,2025-12-27,DranDagger,1032,12,11,7,4,0.6363636363636364
152,7,1,0,2025-12-27,CrimsonGaruda,963,28,7,2,5,0.2857142857142857
153,10,1,0,2025-12-27,UnicornSting,999,17,10,5,5,0.5
153,10,1,0,2025-12-27,DranBrave,1012,15,10,5,5,0.5
153,10,0,1,2025-12-27,WizardRod,999,16,10,5,5,0.5
154,7,0,1,2025-12-27,DranBuster,994,20,7,3,4,0.42857142857142855
154,7,1,0,2025-12-27,HellsReaper,991,22,7,3,4,0.42857142857142855
154,8,1,0,2025-12-27,HellsChain,978,26,8,3,5,0.375
154,8,0,1,2025-12-27,WhaleWave,993,21,8,4,4,0.5
155,11,1,0,2025-12-27,PhoenixWing,1012,15,11,6,5,0.5454545454545454
155,12,1,0,2025-12-27,KnightMail,1010,16,12,6,6,0.5
155,10,0,1,2025-12-27,UnicornSting,999,18,10,5,5,0.5
155,9,0,1,2025-12-27,ScorpioSpear,1020,13,9,5,4,0.5555555555555556
155,10,0,1,2025-12-27,WizardRod,999,17,10,5,5,0.5
155,10,0,1,2025-12-27,DranBrave,1012,14,10,5,5,0.5
156,7,0,1,2025-12-27,HellsReaper,991,21,7,3,4,0.42857142857142855
156,8,0,1,2025-12-27,WhaleWave,993,20,8,4,4,0.5
156,8,1,0,2025-12-27,DranBuster,983,24,8,3,5,0.375
156,7,0,1,2025-12-27,PerseusDark,989,23,7,3,4,0.42857142857142855
156,11,0,1,2025-12-27,DranDagger,1032,13,11,7,4,0.6363636363636364
156,10,1,0,2025-12-27,ScorpioSpear,1032,12,10,6,4,0.6
156,7,0,1,2025-12-27,LeonCrest,990,22,7,3,4,0.42857142857142855
157,7,0,1,2025-12-27,HellsReaper,991,22,7,3,4,0.42857142857142855
157,8,0,1,2025-12-27,WhaleWave,993,21,8,4,4,0.5
157,8,1,0,2025-12-27,PerseusDark,1004,17,8,4,4,0.5
157,11,1,0,2025-12-27,RhinoReaper,1020,13,11,6,5,0.5454545454545454
157,11,0,1,2025-12-27,DranDagger,1032,12,11,7,4,0.6363636363636364
157,10,0,1,2025-12-27,UnicornSting,999,19,10,5,5,0.5
157,10,0,1,2025-12-27,ScorpioSpear,1032,11,10,6,4,0.6
157,10,0,1,2025-12-27,WizardRod,999,18,10,5,5,0.5
157,7,0,1,2025-12-27,LeonCrest,990,23,7,3,4,0.42857142857142855
157,7,0,1,2025-12-27,LeonClaw,996,20,7,3,4,0.42857142857142855
158,15,0,1,2025-12-27,TuskMammoth,1047,7,15,10,5,0.6666666666666666
158,11,0,1,2025-12-27,SharkEdge,1045,8,11,7,4,0.6363636363636364
158,12,1,0,2025-12-27,PhoenixWing,998,19,12,6,6,0.5
158,12,0,1,2025-12-27,KnightMail,1010,15,12,6,6,0.5
158,8,0,1,2025-12-27,GolemRock,1035,10,8,5,3,0.625
158,11,0,1,2025-12-27,CerberusFlame,1033,11,11,7,4,0.6363636363636364
158,8,0,1,2025-12-27,PerseusDark,1004,16,8,4,4,0.5
158,10,0,1,2025-12-27,UnicornSting,999,18,10,5,5,0.5
158,11,1,0,2025-12-27,ScorpioSpear,1049,6,11,7,4,0.6363636363636364
158,8,0,1,2025-12-27,ViperTail,1040,9,8,5,3,0.625
158,10,0,1,2025-12-27,WizardRod,999,17,10,5,5,0.5
159,8,1,0,2025-12-27,HellsReaper,1003,16,8,4,4,0.5
159,9,1,0,2025-12-27,PerseusDark,992,22,9,4,5,0.4444444444444444
160,9,1,0,2025-12-27,WhaleWave,983,24,9,4,5,0.4444444444444444
160,8,0,1,2025-12-27,DranBuster,983,23,8,3,5,0.375
160,12,0,1,2025-12-27,PhoenixWing,998,20,12,6,6,0.5
160,10,0,1,2025-12-27,UnicornSting,999,19,10,5,5,0.5
160,10,0,1,2025-12-27,WizardRod,999,18,10,5,5,0.5
160,7,0,1,2025-12-27,LeonClaw,996,21,7,3,4,0.42857142857142855
160,8,1,0,2025-12-27,LeonCrest,1000,17,8,4,4,0.5
161,9,1,0,2025-12-27,DranSword,1078,3,9,7,2,0.7777777777777778
161,12,1,0,2025-12-27,CerberusFlame,1017,13,12,7,5,0.5833333333333334
161,11,0,1,2025-12-27,RhinoReaper,1020,12,11,6,5,0.5454545454545454
161,11,0,1,2025-12-27,DranDagger,1032,11,11,7,4,0.6363636363636364
162,8,0,1,2025-12-27,HellsReaper,1003,17,8,4,4,0.5
162,12,0,1,2025-12-27,KnightMail,1010,16,12,6,6,0.5
162,12,0,1,2025-12-27,PhoenixWing,998,21,12,6,6,0.5
162,12,0,1,2025-12-27,CerberusFlame,1017,12,12,7,5,0.5833333333333334
162,11,0,1,2025-12-27,RhinoReaper,1020,11,11,6,5,0.5454545454545454
162,12,1,0,2025-12-27,DranDagger,1013,14,12,7,5,0.5833333333333334
162,8,0,1,2025-12-27,LeonCrest,1000,18,8,4,4,0.5
162,10,0,1,2025-12-27,UnicornSting,999,20,10,5,5,0.5
162,10,0,1,2025-12-27,WizardRod,999,19,10,5,5,0.5
162,10,0,1,2025-12-27,DranBrave,1012,15,10,5,5,0.5
162,8,1,0,2025-12-27,LeonClaw,1016,13,8,4,4,0.5
163,15,0,1,2025-12-27,TuskMammoth,1047,8,15,10,5,0.6666666666666666
163,11,0,1,2025-12-27,SharkEdge,1045,9,11,7,4,0.6363636363636364
163,6,0,1,2025-12-27,WeissTiger,1051,6,6,4,2,0.6666666666666666
163,9,1,0,2025-12-27,GolemRock,1066,4,9,6,3,0.6666666666666666
163,11,0,1,2025-12-27,ScorpioSpear,1049,7,11,7,4,0.6363636363636364
163,8,0,1,2025-12-27,ViperTail,1040,10,8,5,3,0.625
163,16,0,1,2025-12-27,ImpactDrake,1104,1,16,12,4,0.75
163,9,0,1,2025-12-27,CobaltDragoon,1053,5,9,6,3,0.6666666666666666
163,16,1,0,2025-12-27,FoxBrush,1096,2,16,12,4,0.75
164,8,0,1,2025-12-27,HellsReaper,1003,16,8,4,4,0.5
164,7,1,0,2025-12-27,WeissTiger,1064,5,7,5,2,0.7142857142857143
164,12,0,1,2025-12-27,KnightMail,1010,15,12,6,6,0.5
164,11,1,0,2025-12-27,DranBrave,1002,17,11,5,6,0.45454545454545453
164,9,0,1,2025-12-27,CobaltDragoon,1053,6,9,6,3,0.6666666666666666
165,16,1,0,2025-12-27,TuskMammoth,1056,6,16,11,5,0.6875
165,12,1,0,2025-12-27,SharkEdge,1030,10,12,7,5,0.5833333333333334
165,8,0,1,2025-12-27,ViperTail,1040,9,8,5,3,0.625
165,11,0,1,2025-12-27,ScorpioSpear,1049,8,11,7,4,0.6363636363636364
165,9,0,1,2025-12-27,CobaltDragoon,1053,7,9,6,3,0.6666666666666666
166,16,0,1,2025-12-27,TuskMammoth,1056,7,16,11,5,0.6875
166,12,0,1,2025-12-27,SharkEdge,1030,9,12,7,5,0.5833333333333334
166,9,1,0,2025-12-27,ViperTail,1064,6,9,6,3,0.6666666666666666
166,12,1,0,2025-12-27,ScorpioSpear,1025,10,12,7,5,0.5833333333333334
166,9,0,1,2025-12-27,CobaltDragoon,1053,8,9,6,3,0.6666666666666666
167,9,1,0,2025-12-27,HellsReaper,1024,11,9,5,4,0.5555555555555556
167,12,0,1,2025-12-27,KnightMail,1010,16,12,6,6,0.5
167,12,0,1,2025-12-27,CerberusFlame,1017,13,12,7,5,0.5833333333333334
167,11,0,1,2025-12-27,RhinoReaper,1020,12,11,6,5,0.5454545454545454
167,12,0,1,2025-12-27,DranDagger,1013,15,12,7,5,0.5833333333333334
167,10,1,0,2025-12-27,CobaltDragoon,1032,8,10,6,4,0.6
167,8,0,1,2025-12-27,LeonClaw,1016,14,8,4,4,0.5
168,12,0,1,2025-12-27,KnightMail,1010,15,12,6,6,0.5
168,10,1,0,2025-12-27,DranSword,1091,3,10,8,2,0.8
168,9,1,0,2025-12-27,LeonClaw,1005,16,9,4,5,0.4444444444444444
168,12,0,1,2025-12-27,DranDagger,1013,14,12,7,5,0.5833333333333334
169,9,0,1,2025-12-27,GolemRock,1066,5,9,6,3,0.6666666666666666
169,17,1,0,2025-12-27,TuskMammoth,1069,4,17,12,5,0.7058823529411765
169,8,1,0,2025-12-27,WeissTiger,1041,7,8,5,3,0.625
170,8,0,1,2025-12-27,WeissTiger,1041,6,8,5,3,0.625
170,12,0,1,2025-12-27,KnightMail,1010,16,12,6,6,0.5
170,12,0,1,2025-12-27,CerberusFlame,1017,14,12,7,5,0.5833333333333334
170,11,0,1,2025-12-27,RhinoReaper,1020,13,11,6,5,0.5454545454545454
170,12,0,1,2025-12-27,DranDagger,1013,15,12,7,5,0.5833333333333334
170,10,1,0,2025-12-27,ViperTail,1038,7,10,6,4,0.6
170,9,0,1,2025-12-27,LeonClaw,1005,17,9,4,5,0.4444444444444444
170,11,0,1,2025-12-27,DranBrave,1002,18,11,5,6,0.45454545454545453
170,9,1,0,2025-12-27,LeonCrest,1021,12,9,5,4,0.5555555555555556
171,10,1,0,2025-12-27,HellsReaper,1013,15,10,5,5,0.5
171,17,0,1,2025-12-27,TuskMammoth,1069,5,17,12,5,0.7058823529411765
171,10,1,0,2025-12-27,GolemRock,1079,4,10,7,3,0.7
171,12,0,1,2025-12-27,CerberusFlame,1017,13,12,7,5,0.5833333333333334
171,11,0,1,2025-12-27,RhinoReaper,1020,12,11,6,5,0.5454545454545454
171,12,0,1,2025-12-27,DranDagger,1013,14,12,7,5,0.5833333333333334
171,9,0,1,2025-12-27,LeonCrest,1021,11,9,5,4,0.5555555555555556
172,17,0,1,2025-12-27,TuskMammoth,1069,4,17,12,5,0.7058823529411765
172,12,0,1,2025-12-27,SharkEdge,1030,10,12,7,5,0.5833333333333334
172,8,0,1,2025-12-27,WeissTiger,1041,7,8,5,3,0.625
172,10,0,1,2025-12-27,GolemRock,1079,3,10,7,3,0.7
172,10,0,1,2025-12-27,ViperTail,1038,8,10,6,4,0.6
172,11,1,0,2025-12-27,DranSword,1065,5,11,8,3,0.7272727272727273
172,12,0,1,2025-12-27,ScorpioSpear,1025,11,12,7,5,0.5833333333333334
172,10,0,1,2025-12-27,CobaltDragoon,1032,9,10,6,4,0.6
172,10,1,0,2025-12-27,LeonCrest,1044,6,10,6,4,0.6
173,11,1,0,2025-12-27,GolemRock,1061,5,11,7,4,0.6363636363636364
173,18,1,0,2025-12-27,TuskMammoth,1080,3,18,13,5,0.7222222222222222
173,11,0,1,2025-12-27,DranSword,1065,4,11,8,3,0.7272727272727273
174,12,1,0,2025-12-27,DranSword,1082,3,12,9,3,0.75
174,18,0,1,2025-12-27,TuskMammoth,1080,4,18,13,5,0.7222222222222222
174,12,1,0,2025-12-27,GolemRock,1043,6,12,7,5,0.5833333333333334
174,10,0,1,2025-12-27,LeonCrest,1044,5,10,6,4,0.6
175,19,1,0,2025-12-27,TuskMammoth,1059,5,19,13,6,0.6842105263157895
175,11,1,0,2025-12-27,LeonCrest,1074,4,11,7,4,0.6363636363636364
176,12,0,1,2026-01-04,PhoenixWing,998,22,12,6,6,0.5
176,8,0,1,2026-01-04,SilverWolf,980,27,8,3,5,0.375
176,12,0,1,2026-01-04,DranDagger,1013,15,12,7,5,0.5833333333333334
176,5,0,1,2026-01-04,HellsHammer,900,37,5,0,5,0.0
176,10,0,1,2026-01-04,UnicornSting,999,21,10,5,5,0.5
176,7,0,1,2026-01-04,CrimsonGaruda,963,30,7,2,5,0.2857142857142857
176,1,1,0,2026-01-04,CobaltDrake,984,24,1,0,1,0.0
176,9,0,1,2026-01-04,PhoenixRudder,952,32,9,3,6,0.3333333333333333
176,5,0,1,2026-01-04,WizardArrow,909,36,5,0,5,0.0
176,4,0,1,2026-01-04,WhaleFlame,964,29,4,1,3,0.25
176,8,0,1,2026-01-04,DranBuster,983,25,8,3,5,0.375
176,4,0,1,2026-01-04,PegasusBlast,923,35,4,0,4,0.0
176,1,1,0,2026-01-04,SolEclipse,1016,14,1,1,0,1.0
176,11,0,1,2026-01-04,DranBrave,1002,19,11,5,6,0.45454545454545453
176,9,0,1,2026-01-04,LeonClaw,1005,18,9,4,5,0.4444444444444444
176,8,0,1,2026-01-04,HellsChain,978,28,8,3,5,0.375
176,9,0,1,2026-01-04,WhaleWave,983,26,9,4,5,0.4444444444444444
176,6,0,1,2026-01-04,SamuraiSaber,888,38,6,0,6,0.0
176,9,0,1,2026-01-04,PerseusDark,992,23,9,4,5,0.4444444444444444
176,10,0,1,2026-01-04,WizardRod,999,20,10,5,5,0.5
176,7,0,1,2026-01-04,TyrannoBeat,953,31,7,2,5,0.2857142857142857
176,8,0,1,2026-01-04,BlackShell,943,34,8,2,6,0.25
176,10,0,1,2026-01-04,HellsReaper,1013,16,10,5,5,0.5
176,12,0,1,2026-01-04,KnightMail,1010,17,12,6,6,0.5
176,6,0,1,2026-01-04,WizardArc,943,33,6,1,5,0.16666666666666666
177,12,0,1,2026-01-04,PhoenixWing,998,23,12,6,6,0.5
177,8,0,1,2026-01-04,SilverWolf,980,28,8,3,5,0.375
177,1,1,0,2026-01-04,SharkScale,1015,14,1,1,0,1.0
177,5,0,1,2026-01-04,HellsHammer,900,38,5,0,5,0.0
177,10,0,1,2026-01-04,UnicornSting,999,22,10,5,5,0.5
177,7,0,1,2026-01-04,CrimsonGaruda,963,31,7,2,5,0.2857142857142857
177,1,0,1,2026-01-04,CobaltDrake,984,25,1,0,1,0.0
177,5,0,1,2026-01-04,WizardArrow,909,37,5,0,5,0.0
177,9,0,1,2026-01-04,PhoenixRudder,952,33,9,3,6,0.3333333333333333
177,4,0,1,2026-01-04,WhaleFlame,964,30,4,1,3,0.25
177,8,0,1,2026-01-04,DranBuster,983,26,8,3,5,0.375
177,4,0,1,2026-01-04,PegasusBlast,923,36,4,0,4,0.0
177,2,1,0,2026-01-04,SolEclipse,1000,20,2,1,1,0.5
177,8,0,1,2026-01-04,HellsChain,978,29,8,3,5,0.375
177,9,0,1,2026-01-04,WhaleWave,983,27,9,4,5,0.4444444444444444
177,6,0,1,2026-01-04,SamuraiSaber,888,39,6,0,6,0.0
177,9,0,1,2026-01-04,PerseusDark,992,24,9,4,5,0.4444444444444444
177,10,0,1,2026-01-04,WizardRod,999,21,10,5,5,0.5
177,7,0,1,2026-01-04,TyrannoBeat,953,32,7,2,5,0.2857142857142857
177,8,0,1,2026-01-04,BlackShell,943,35,8,2,6,0.25
177,6,0,1,2026-01-04,WizardArc,943,34,6,1,5,0.16666666666666666
178,8,0,1,2026-01-04,HellsChain,978,28,8,3,5,0.375
178,9,0,1,2026-01-04,WhaleWave,983,26,9,4,5,0.4444444444444444
178,8,0,1,2026-01-04,DranBuster,983,25,8,3,5,0.375
178,8,0,1,2026-01-04,SilverWolf,980,27,8,3,5,0.375
178,2,1,0,2026-01-04,CobaltDrake,977,29,2,0,2,0.0
178,17,1,0,2026-01-04,FoxBrush,1100,2,17,13,4,0.7647058823529411
179,9,1,0,2026-01-04,HellsChain,1003,19,9,4,5,0.4444444444444444
179,9,0,1,2026-01-04,WhaleWave,983,27,9,4,5,0.4444444444444444
179,12,0,1,2026-01-04,SharkEdge,1030,9,12,7,5,0.5833333333333334
179,9,1,0,2026-01-04,WeissTiger,1017,13,9,5,4,0.5555555555555556
179,8,0,1,2026-01-04,DranBuster,983,26,8,3,5,0.375
179,12,0,1,2026-01-04,PhoenixWing,998,24,12,6,6,0.5
179,8,0,1,2026-01-04,SilverWolf,980,28,8,3,5,0.375
179,12,0,1,2026-01-04,CerberusFlame,1017,12,12,7,5,0.5833333333333334
179,9,0,1,2026-01-04,PerseusDark,992,25,9,4,5,0.4444444444444444
179,11,0,1,2026-01-04,RhinoReaper,1020,11,11,6,5,0.5454545454545454
179,2,0,1,2026-01-04,SolEclipse,1000,21,2,1,1,0.5
179,10,0,1,2026-01-04,UnicornSting,999,23,10,5,5,0.5
179,10,0,1,2026-01-04,ViperTail,1038,7,10,6,4,0.6
179,12,0,1,2026-01-04,ScorpioSpear,1025,10,12,7,5,0.5833333333333334
179,10,0,1,2026-01-04,WizardRod,999,22,10,5,5,0.5
179,11,0,1,2026-01-04,DranBrave,1002,20,11,5,6,0.45454545454545453
179,10,0,1,2026-01-04,CobaltDragoon,1032,8,10,6,4,0.6
180,11,1,0,2026-01-04,HellsReaper,1036,8,11,6,5,0.5454545454545454
180,19,0,1,2026-01-04,TuskMammoth,1059,4,19,13,6,0.6842105263157895
180,12,0,1,2026-01-04,SharkEdge,1030,10,12,7,5,0.5833333333333334
180,9,0,1,2026-01-04,WeissTiger,1017,14,9,5,4,0.5555555555555556
180,12,0,1,2026-01-04,GolemRock,1043,5,12,7,5,0.5833333333333334
180,12,0,1,2026-01-04,CerberusFlame,1017,13,12,7,5,0.5833333333333334
180,11,0,1,2026-01-04,RhinoReaper,1020,12,11,6,5,0.5454545454545454
180,1,0,1,2026-01-04,SharkScale,1015,15,1,1,0,1.0
180,12,0,1,2026-01-04,DranDagger,1013,16,12,7,5,0.5833333333333334
180,12,0,1,2026-01-04,ScorpioSpear,1025,11,12,7,5,0.5833333333333334
180,10,0,1,2026-01-04,CobaltDragoon,1032,9,10,6,4,0.6
180,12,1,0,2026-01-04,LeonCrest,1042,6,12,7,5,0.5833333333333334
181,9,0,1,2026-01-04,HellsChain,1003,20,9,4,5,0.4444444444444444
181,9,0,1,2026-01-04,WhaleWave,983,26,9,4,5,0.4444444444444444
181,9,1,0,2026-01-04,DranBuster,973,29,9,3,6,0.3333333333333333
181,12,0,1,2026-01-04,KnightMail,1010,18,12,6,6,0.5
181,8,0,1,2026-01-04,SilverWolf,980,27,8,3,5,0.375
181,2,0,1,2026-01-04,CobaltDrake,977,28,2,0,2,0.0
181,12,1,0,2026-01-04,DranBrave,1011,17,12,6,6,0.5
181,9,0,1,2026-01-04,LeonClaw,1005,19,9,4,5,0.4444444444444444
182,12,0,1,2026-01-04,PhoenixWing,998,23,12,6,6,0.5
182,13,1,0,2026-01-04,GolemRock,1051,5,13,8,5,0.6153846153846154
182,9,0,1,2026-01-04,PerseusDark,992,24,9,4,5,0.4444444444444444
182,10,0,1,2026-01-04,UnicornSting,999,22,10,5,5,0.5
182,11,1,0,2026-01-04,WizardRod,991,25,11,5,6,0.45454545454545453
183,9,0,1,2026-01-04,HellsChain,1003,21,9,4,5,0.4444444444444444
183,13,1,0,2026-01-04,SharkEdge,1013,16,13,7,6,0.5384615384615384
183,9,0,1,2026-01-04,WeissTiger,1017,13,9,5,4,0.5555555555555556
183,12,0,1,2026-01-04,PhoenixWing,998,24,12,6,6,0.5
183,12,0,1,2026-01-04,CerberusFlame,1017,12,12,7,5,0.5833333333333334
183,10,1,0,2026-01-04,PerseusDark,1008,19,10,5,5,0.5
183,11,0,1,2026-01-04,RhinoReaper,1020,11,11,6,5,0.5454545454545454
183,1,0,1,2026-01-04,SharkScale,1015,14,1,1,0,1.0
183,12,0,1,2026-01-04,DranDagger,1013,15,12,7,5,0.5833333333333334
183,2,0,1,2026-01-04,SolEclipse,1000,22,2,1,1,0.5
183,12,0,1,2026-01-04,ScorpioSpear,1025,10,12,7,5,0.5833333333333334
183,10,0,1,2026-01-04,UnicornSting,999,23,10,5,5,0.5
183,9,0,1,2026-01-04,LeonClaw,1005,20,9,4,5,0.4444444444444444
184,11,0,1,2026-01-04,HellsReaper,1036,9,11,6,5,0.5454545454545454
184,9,0,1,2026-01-04,HellsChain,1003,20,9,4,5,0.4444444444444444
184,9,0,1,2026-01-04,WeissTiger,1017,14,9,5,4,0.5555555555555556
184,12,0,1,2026-01-04,PhoenixWing,998,23,12,6,6,0.5
184,12,0,1,2026-01-04,CerberusFlame,1017,13,12,7,5,0.5833333333333334
184,11,0,1,2026-01-04,RhinoReaper,1020,12,11,6,5,0.5454545454545454
184,2,1,0,2026-01-04,SharkScale,1040,7,2,2,0,1.0
184,2,0,1,2026-01-04,SolEclipse,1000,21,2,1,1,0.5
184,10,0,1,2026-01-04,UnicornSting,999,22,10,5,5,0.5
184,10,0,1,2026-01-04,ViperTail,1038,8,10,6,4,0.6
184,12,0,1,2026-01-04,ScorpioSpear,1025,11,12,7,5,0.5833333333333334
184,11,0,1,2026-01-04,WizardRod,991,24,11,5,6,0.45454545454545453
184,10,0,1,2026-01-04,CobaltDragoon,1032,10,10,6,4,0.6
184,10,1,0,2026-01-04,LeonClaw,987,25,10,4,6,0.4
185,20,1,0,2026-01-04,TuskMammoth,1062,4,20,14,6,0.7
185,7,1,0,2026-01-04,SamuraiSaber,882,39,7,0,7,0.0
186,13,0,1,2026-01-04,SharkEdge,1013,15,13,7,6,0.5384615384615384
186,9,0,1,2026-01-04,WeissTiger,1017,13,9,5,4,0.5555555555555556
186,12,0,1,2026-01-04,KnightMail,1010,17,12,6,6,0.5
186,13,1,0,2026-01-04,CerberusFlame,1034,10,13,8,5,0.6153846153846154
186,10,0,1,2026-01-04,PerseusDark,1008,18,10,5,5,0.5
186,12,1,0,2026-01-04,RhinoReaper,1006,19,12,6,6,0.5
186,12,0,1,2026-01-04,DranDagger,1013,14,12,7,5,0.5833333333333334
186,12,0,1,2026-01-04,ScorpioSpear,1025,12,12,7,5,0.5833333333333334
186,12,0,1,2026-01-04,DranBrave,1011,16,12,6,6,0.5
186,10,0,1,2026-01-04,CobaltDragoon,1032,11,10,6,4,0.6
187,11,0,1,2026-01-04,HellsReaper,1036,10,11,6,5,0.5454545454545454
187,9,0,1,2026-01-04,HellsChain,1003,19,9,4,5,0.4444444444444444
187,13,1,0,2026-01-04,KnightMail,997,23,13,6,7,0.46153846153846156
187,12,0,1,2026-01-04,PhoenixWing,998,22,12,6,6,0.5
187,13,0,1,2026-01-04,CerberusFlame,1034,11,13,8,5,0.6153846153846154
187,10,0,1,2026-01-04,PerseusDark,1008,17,10,5,5,0.5
187,12,0,1,2026-01-04,RhinoReaper,1006,18,12,6,6,0.5
187,2,0,1,2026-01-04,SharkScale,1040,8,2,2,0,1.0
187,2,0,1,2026-01-04,SolEclipse,1000,20,2,1,1,0.5
187,10,0,1,2026-01-04,UnicornSting,999,21,10,5,5,0.5
187,10,0,1,2026-01-04,ViperTail,1038,9,10,6,4,0.6
187,11,1,0,2026-01-04,CobaltDragoon,1045,6,11,7,4,0.6363636363636364
187,12,0,1,2026-01-04,LeonCrest,1042,7,12,7,5,0.5833333333333334
188,17,1,0,2026-01-04,ImpactDrake,1117,1,17,13,4,0.7647058823529411
188,13,1,0,2026-01-04,DranSword,1061,4,13,9,4,0.6923076923076923
188,20,0,1,2026-01-04,TuskMammoth,1062,3,20,14,6,0.7
189,10,1,0,2026-01-04,WhaleWave,1001,20,10,5,5,0.5
189,12,0,1,2026-01-04,PhoenixWing,998,23,12,6,6,0.5
189,13,0,1,2026-01-04,KnightMail,997,24,13,6,7,0.46153846153846156
189,2,0,1,2026-01-04,SolEclipse,1000,21,2,1,1,0.5
189,10,0,1,2026-01-04,UnicornSting,999,22,10,5,5,0.5
189,11,0,1,2026-01-04,WizardRod,991,25,11,5,6,0.45454545454545453
189,6,0,1,2026-01-04,WizardArc,943,33,6,1,5,0.16666666666666666
189,8,1,0,2026-01-04,TyrannoBeat,931,35,8,2,6,0.25
189,8,0,1,2026-01-04,BlackShell,943,34,8,2,6,0.25
189,10,0,1,2026-01-04,LeonClaw,987,26,10,4,6,0.4
189,9,0,1,2026-01-04,PhoenixRudder,952,32,9,3,6,0.3333333333333333
190,2,0,1,2026-01-04,SharkScale,1040,9,2,2,0,1.0
190,11,1,0,2026-01-04,ViperTail,1045,6,11,7,4,0.6363636363636364
190,7,1,0,2026-01-04,WizardArc,934,34,7,1,6,0.14285714285714285
190,8,0,1,2026-01-04,BlackShell,943,33,8,2,6,0.25
190,11,0,1,2026-01-04,CobaltDragoon,1045,7,11,7,4,0.6363636363636364
190,12,0,1,2026-01-04,LeonCrest,1042,8,12,7,5,0.5833333333333334
191,9,0,1,2026-01-04,HellsChain,1003,20,9,4,5,0.4444444444444444
191,10,0,1,2026-01-04,WhaleWave,1001,21,10,5,5,0.5
191,13,0,1,2026-01-04,SharkEdge,1013,16,13,7,6,0.5384615384615384
191,9,0,1,2026-01-04,WeissTiger,1017,14,9,5,4,0.5555555555555556
191,8,0,1,2026-01-04,TyrannoBeat,931,34,8,2,6,0.25
191,10,0,1,2026-01-04,PerseusDark,1008,18,10,5,5,0.5
191,12,0,1,2026-01-04,RhinoReaper,1006,19,12,6,6,0.5
191,12,0,1,2026-01-04,DranDagger,1013,15,12,7,5,0.5833333333333334
191,3,1,0,2026-01-04,SolEclipse,1021,13,3,2,1,0.6666666666666666
191,4,0,1,2026-01-04,PegasusBlast,923,35,4,0,4,0.0
191,7,0,1,2026-01-04,WizardArc,934,33,7,1,6,0.14285714285714285
191,12,0,1,2026-01-04,DranBrave,1011,17,12,6,6,0.5
191,9,1,0,2026-01-04,BlackShell,919,36,9,2,7,0.2222222222222222
192,9,0,1,2026-01-04,HellsChain,1003,21,9,4,5,0.4444444444444444
192,10,0,1,2026-01-04,WhaleWave,1001,22,10,5,5,0.5
192,5,1,0,2026-01-04,WhaleFlame,951,32,5,1,4,0.2
192,12,0,1,2026-01-04,RhinoReaper,1006,20,12,6,6,0.5
192,11,1,0,2026-01-04,UnicornSting,1007,19,11,6,5,0.5454545454545454
192,7,0,1,2026-01-04,CrimsonGaruda,963,30,7,2,5,0.2857142857142857
192,9,0,1,2026-01-04,PhoenixRudder,952,31,9,3,6,0.3333333333333333
193,9,0,1,2026-01-04,DranBuster,973,30,9,3,6,0.3333333333333333
193,5,0,1,2026-01-04,HellsHammer,900,37,5,0,5,0.0
193,8,1,0,2026-01-04,CrimsonGaruda,979,28,8,3,5,0.375
193,2,0,1,2026-01-04,CobaltDrake,977,29,2,0,2,0.0
193,6,1,0,2026-01-04,WizardArrow,887,38,6,0,6,0.0
194,10,1,0,2026-01-04,HellsChain,1021,13,10,5,5,0.5
194,13,0,1,2026-01-04,SharkEdge,1013,17,13,7,6,0.5384615384615384
194,9,0,1,2026-01-04,WeissTiger,1017,15,9,5,4,0.5555555555555556
194,10,0,1,2026-01-04,PerseusDark,1008,19,10,5,5,0.5
194,12,0,1,2026-01-04,RhinoReaper,1006,21,12,6,6,0.5
194,12,0,1,2026-01-04,DranDagger,1013,16,12,7,5,0.5833333333333334
194,3,0,1,2026-01-04,SolEclipse,1021,14,3,2,1,0.6666666666666666
194,11,0,1,2026-01-04,UnicornSting,1007,20,11,6,5,0.5454545454545454
194,12,0,1,2026-01-04,DranBrave,1011,18,12,6,6,0.5
194,18,1,0,2026-01-04,FoxBrush,1085,2,18,13,5,0.7222222222222222
195,12,1,0,2026-01-04,HellsReaper,1015,16,12,6,6,0.5
195,13,0,1,2026-01-04,SharkEdge,1013,18,13,7,6,0.5384615384615384
195,13,0,1,2026-01-04,CerberusFlame,1034,10,13,8,5,0.6153846153846154
195,12,0,1,2026-01-04,DranDagger,1013,17,12,7,5,0.5833333333333334
195,13,1,0,2026-01-04,DranBrave,1028,11,13,7,6,0.5384615384615384
196,20,0,1,2026-01-04,TuskMammoth,1062,4,20,14,6,0.7
196,10,0,1,2026-01-04,WhaleWave,1001,21,10,5,5,0.5
196,12,0,1,2026-01-04,PhoenixWing,998,22,12,6,6,0.5
196,13,0,1,2026-01-04,KnightMail,997,23,13,6,7,0.46153846153846156
196,14,1,0,2026-01-04,GolemRock,1064,3,14,9,5,0.6428571428571429
196,11,1,0,2026-01-04,PerseusDark,994,24,11,5,6,0.45454545454545453
196,12,0,1,2026-01-04,RhinoReaper,1006,20,12,6,6,0.5
196,11,0,1,2026-01-04,UnicornSting,1007,19,11,6,5,0.5454545454545454
196,13,0,1,2026-01-04,DranSword,1061,5,13,9,4,0.6923076923076923
197,21,1,0,2026-01-04,TuskMammoth,1070,3,21,15,6,0.7142857142857143
197,14,0,1,2026-01-04,GolemRock,1064,4,14,9,5,0.6428571428571429
197,13,0,1,2026-01-04,CerberusFlame,1034,9,13,8,5,0.6153846153846154
197,3,1,0,2026-01-04,SharkScale,1022,12,3,2,1,0.6666666666666666
197,12,0,1,2026-01-04,ScorpioSpear,1025,11,12,7,5,0.5833333333333334
197,13,0,1,2026-01-04,DranBrave,1028,10,13,7,6,0.5384615384615384
198,14,1,0,2026-01-04,CerberusFlame,1043,7,14,9,5,0.6428571428571429
198,12,1,0,2026-01-04,CobaltDragoon,1033,9,12,7,5,0.5833333333333334
199,11,1,0,2026-01-04,WhaleWave,994,24,11,5,6,0.45454545454545453
199,12,0,1,2026-01-04,PhoenixWing,998,21,12,6,6,0.5
199,13,0,1,2026-01-04,KnightMail,997,22,13,6,7,0.46153846153846156
199,11,0,1,2026-01-04,PerseusDark,994,23,11,5,6,0.45454545454545453
199,18,1,0,2026-01-04,ImpactDrake,1123,1,18,14,4,0.7777777777777778
200,10,0,1,2026-01-04,HellsChain,1021,14,10,5,5,0.5
200,14,0,1,2026-01-04,CerberusFlame,1043,6,14,9,5,0.6428571428571429
200,3,0,1,2026-01-04,SharkScale,1022,13,3,2,1,0.6666666666666666
200,4,1,0,2026-01-04,SolEclipse,1039,8,4,3,1,0.75
200,12,1,0,2026-01-04,ViperTail,1031,10,12,7,5,0.5833333333333334
200,12,0,1,2026-01-04,ScorpioSpear,1025,12,12,7,5,0.5833333333333334
200,13,0,1,2026-01-04,DranBrave,1028,11,13,7,6,0.5384615384615384
200,12,0,1,2026-01-04,LeonCrest,1042,7,12,7,5,0.5833333333333334
201,13,0,1,2026-01-04,KnightMail,997,21,13,6,7,0.46153846153846156
201,12,0,1,2026-01-04,PhoenixWing,998,20,12,6,6,0.5
201,8,0,1,2026-01-04,SilverWolf,980,28,8,3,5,0.375
201,12,0,1,2026-01-04,RhinoReaper,1006,19,12,6,6,0.5
201,12,1,0,2026-01-04,UnicornSting,992,25,12,6,6,0.5
201,9,1,0,2026-01-04,CrimsonGaruda,995,22,9,4,5,0.4444444444444444
201,11,0,1,2026-01-04,WizardRod,991,26,11,5,6,0.45454545454545453
201,10,0,1,2026-01-04,LeonClaw,987,27,10,4,6,0.4
202,12,0,1,2026-01-04,HellsReaper,1015,15,12,6,6,0.5
202,11,1,0,2026-01-04,HellsChain,1008,18,11,5,6,0.45454545454545453
202,13,0,1,2026-01-04,SharkEdge,1013,17,13,7,6,0.5384615384615384
202,9,0,1,2026-01-04,WeissTiger,1017,14,9,5,4,0.5555555555555556
202,12,0,1,2026-01-04,DranDagger,1013,16,12,7,5,0.5833333333333334
202,4,0,1,2026-01-04,SolEclipse,1039,9,4,3,1,0.75
202,12,0,1,2026-01-04,ViperTail,1031,11,12,7,5,0.5833333333333334
202,14,1,0,2026-01-04,DranBrave,1041,8,14,8,6,0.5714285714285714
202,12,0,1,2026-01-04,CobaltDragoon,1033,10,12,7,5,0.5833333333333334
203,15,1,0,2026-01-04,GolemRock,1081,3,15,10,5,0.6666666666666666
203,22,1,0,2026-01-04,TuskMammoth,1058,5,22,15,7,0.6818181818181818
203,13,0,1,2026-01-04,DranSword,1061,4,13,9,4,0.6923076923076923
204,19,1,0,2026-01-04,ImpactDrake,1111,1,19,14,5,0.7368421052631579
204,15,1,0,2026-01-04,CerberusFlame,1054,6,15,10,5,0.6666666666666666
205,12,0,1,2026-01-04,PhoenixWing,998,21,12,6,6,0.5
205,13,0,1,2026-01-04,KnightMail,997,22,13,6,7,0.46153846153846156
205,12,0,1,2026-01-04,RhinoReaper,1006,20,12,6,6,0.5
205,3,0,1,2026-01-04,SharkScale,1022,12,3,2,1,0.6666666666666666
205,5,1,0,2026-01-04,SolEclipse,1021,13,5,3,2,0.6
205,10,1,0,2026-01-04,CrimsonGaruda,1007,19,10,5,5,0.5
205,12,0,1,2026-01-04,ViperTail,1031,10,12,7,5,0.5833333333333334
205,12,0,1,2026-01-04,ScorpioSpear,1025,11,12,7,5,0.5833333333333334
205,12,0,1,2026-01-04,CobaltDragoon,1033,9,12,7,5,0.5833333333333334
206,23,1,0,2026-01-04,TuskMammoth,1063,4,23,16,7,0.6956521739130435
206,12,1,0,2026-01-04,HellsChain,1001,20,12,5,7,0.4166666666666667
206,12,0,1,2026-01-04,RhinoReaper,1006,19,12,6,6,0.5
206,10,0,1,2026-01-04,CrimsonGaruda,1007,18,10,5,5,0.5
206,13,0,1,2026-01-04,DranSword,1061,5,13,9,4,0.6923076923076923
207,12,0,1,2026-01-04,HellsReaper,1015,14,12,6,6,0.5
207,13,0,1,2026-01-04,SharkEdge,1013,16,13,7,6,0.5384615384615384
207,9,0,1,2026-01-04,WeissTiger,1017,13,9,5,4,0.5555555555555556
207,12,0,1,2026-01-04,DranDagger,1013,15,12,7,5,0.5833333333333334
207,6,1,0,2026-01-04,SolEclipse,1011,17,6,3,3,0.5
207,20,1,0,2026-01-04,ImpactDrake,1117,1,20,15,5,0.75
208,21,1,0,2026-01-04,ImpactDrake,1107,1,21,15,6,0.7142857142857143
208,24,1,0,2026-01-04,TuskMammoth,1071,4,24,17,7,0.7083333333333334
209,16,1,0,2026-01-04,GolemRock,1096,2,16,11,5,0.6875
209,12,0,1,2026-01-04,ViperTail,1031,9,12,7,5,0.5833333333333334
209,12,0,1,2026-01-04,ScorpioSpear,1025,10,12,7,5,0.5833333333333334
209,15,1,0,2026-01-04,DranBrave,1025,11,15,8,7,0.5333333333333333
209,12,0,1,2026-01-04,CobaltDragoon,1033,8,12,7,5,0.5833333333333334
209,18,0,1,2026-01-04,FoxBrush,1085,3,18,13,5,0.7222222222222222
210,12,0,1,2026-01-04,HellsReaper,1015,15,12,6,6,0.5
210,13,0,1,2026-01-04,SharkEdge,1013,17,13,7,6,0.5384615384615384
210,9,0,1,2026-01-04,WeissTiger,1017,14,9,5,4,0.5555555555555556
210,16,1,0,2026-01-04,CerberusFlame,1038,7,16,10,6,0.625
210,3,0,1,2026-01-04,SharkScale,1022,13,3,2,1,0.6666666666666666
210,12,0,1,2026-01-04,DranDagger,1013,16,12,7,5,0.5833333333333334
210,11,1,0,2026-01-04,CrimsonGaruda,1027,10,11,6,5,0.5454545454545454
210,12,0,1,2026-01-04,ScorpioSpear,1025,11,12,7,5,0.5833333333333334
210,6,0,1,2026-01-04,SolEclipse,1011,18,6,3,3,0.5
210,15,0,1,2026-01-04,DranBrave,1025,12,15,8,7,0.5333333333333333
210,12,0,1,2026-01-04,LeonCrest,1042,6,12,7,5,0.5833333333333334
211,16,1,0,2026-01-04,DranBrave,1040,7,16,9,7,0.5625
211,11,0,1,2026-01-04,CrimsonGaruda,1027,11,11,6,5,0.5454545454545454
211,17,1,0,2026-01-04,CerberusFlame,1027,10,17,10,7,0.5882352941176471
211,12,0,1,2026-01-04,ScorpioSpear,1025,12,12,7,5,0.5833333333333334
212,12,0,1,2026-01-04,HellsReaper,1015,14,12,6,6,0.5
212,13,0,1,2026-01-04,SharkEdge,1013,16,13,7,6,0.5384615384615384
212,9,0,1,2026-01-04,WeissTiger,1017,13,9,5,4,0.5555555555555556
212,17,1,0,2026-01-04,GolemRock,1117,1,17,12,5,0.7058823529411765
212,12,0,1,2026-01-04,RhinoReaper,1006,18,12,6,6,0.5
212,3,0,1,2026-01-04,SharkScale,1022,12,3,2,1,0.6666666666666666
212,12,0,1,2026-01-04,DranDagger,1013,15,12,7,5,0.5833333333333334
212,12,1,0,2026-01-04,CrimsonGaruda,1005,19,12,6,6,0.5
212,12,0,1,2026-01-04,ScorpioSpear,1025,11,12,7,5,0.5833333333333334
212,6,0,1,2026-01-04,SolEclipse,1011,17,6,3,3,0.5
212,21,0,1,2026-01-04,ImpactDrake,1107,2,21,15,6,0.7142857142857143
213,14,1,0,2026-01-04,SharkEdge,1001,19,14,7,7,0.5
213,17,0,1,2026-01-04,CerberusFlame,1027,11,17,10,7,0.5882352941176471
213,12,0,1,2026-01-04,RhinoReaper,1006,17,12,6,6,0.5
213,4,1,0,2026-01-04,SharkScale,1042,6,4,3,1,0.75
213,6,0,1,2026-01-04,SolEclipse,1011,16,6,3,3,0.5
213,12,0,1,2026-01-04,CrimsonGaruda,1005,18,12,6,6,0.5
213,12,0,1,2026-01-04,ViperTail,1031,10,12,7,5,0.5833333333333334
213,12,0,1,2026-01-04,ScorpioSpear,1025,12,12,7,5,0.5833333333333334
213,16,0,1,2026-01-04,DranBrave,1040,8,16,9,7,0.5625
213,12,0,1,2026-01-04,CobaltDragoon,1033,9,12,7,5,0.5833333333333334
213,12,0,1,2026-01-04,LeonCrest,1042,7,12,7,5,0.5833333333333334
214,9,0,1,2026-01-04,DranBuster,973,29,9,3,6,0.3333333333333333
214,16,0,1,2026-01-04,DranBrave,1040,9,16,9,7,0.5625
214,13,1,0,2026-01-04,CobaltDragoon,1040,8,13,8,5,0.6153846153846154
214,3,1,0,2026-01-04,CobaltDrake,965,30,3,0,3,0.0
215,17,0,1,2026-01-04,CerberusFlame,1027,10,17,10,7,0.5882352941176471
215,5,1,0,2026-01-04,SharkScale,1027,11,5,3,2,0.6
215,12,0,1,2026-01-04,ViperTail,1031,9,12,7,5,0.5833333333333334
215,16,0,1,2026-01-04,DranBrave,1040,8,16,9,7,0.5625
215,14,1,0,2026-01-04,CobaltDragoon,1050,6,14,9,5,0.6428571428571429
216,12,0,1,2026-01-04,HellsChain,1001,21,12,5,7,0.4166666666666667
216,14,0,1,2026-01-04,SharkEdge,1001,20,14,7,7,0.5
216,5,0,1,2026-01-04,WhaleFlame,951,31,5,1,4,0.2
216,13,1,0,2026-01-04,PhoenixWing,1013,16,13,7,6,0.5384615384615384
216,12,0,1,2026-01-04,RhinoReaper,1006,18,12,6,6,0.5
216,6,0,1,2026-01-04,SolEclipse,1011,17,6,3,3,0.5
216,12,0,1,2026-01-04,CrimsonGaruda,1005,19,12,6,6,0.5
216,4,1,0,2026-01-04,CobaltDrake,940,32,4,0,4,0.0
216,9,0,1,2026-01-04,PhoenixRudder,952,30,9,3,6,0.3333333333333333
217,5,0,1,2026-01-04,WhaleFlame,951,32,5,1,4,0.2
217,5,1,0,2026-01-04,PegasusBlast,907,36,5,0,5,0.0
217,5,1,0,2026-01-04,CobaltDrake,955,30,5,1,4,0.2
217,9,0,1,2026-01-04,BlackShell,919,35,9,2,7,0.2222222222222222
217,9,0,1,2026-01-04,PhoenixRudder,952,31,9,3,6,0.3333333333333333
218,8,1,0,2026-01-04,SamuraiSaber,867,39,8,0,8,0.0
218,9,0,1,2026-01-04,BlackShell,919,36,9,2,7,0.2222222222222222
218,6,1,0,2026-01-04,PegasusBlast,923,35,6,1,5,0.16666666666666666
219,12,0,1,2026-01-04,HellsReaper,1015,15,12,6,6,0.5
219,9,0,1,2026-01-04,WeissTiger,1017,14,9,5,4,0.5555555555555556
219,14,1,0,2026-01-04,PhoenixWing,1033,9,14,8,6,0.5714285714285714
219,18,1,0,2026-01-04,GolemRock,1088,2,18,12,6,0.6666666666666666
219,17,0,1,2026-01-04,CerberusFlame,1027,11,17,10,7,0.5882352941176471
219,5,0,1,2026-01-04,SharkScale,1027,12,5,3,2,0.6
219,12,0,1,2026-01-04,DranDagger,1013,16,12,7,5,0.5833333333333334
219,12,0,1,2026-01-04,ViperTail,1031,10,12,7,5,0.5833333333333334
219,12,0,1,2026-01-04,ScorpioSpear,1025,13,12,7,5,0.5833333333333334
219,21,0,1,2026-01-04,ImpactDrake,1107,1,21,15,6,0.7142857142857143
220,10,1,0,2026-01-04,DranBuster,967,29,10,3,7,0.3
220,19,1,0,2026-01-04,GolemRock,1094,2,19,13,6,0.6842105263157895
221,21,0,1,2026-01-04,ImpactDrake,1107,2,21,15,6,0.7142857142857143
221,20,1,0,2026-01-04,GolemRock,1109,1,20,14,6,0.7
221,14,0,1,2026-01-04,CobaltDragoon,1050,5,14,9,5,0.6428571428571429
221,14,1,0,2026-01-04,DranSword,1046,6,14,9,5,0.6428571428571429
222,12,0,1,2026-01-04,HellsChain,1001,20,12,5,7,0.4166666666666667
222,11,0,1,2026-01-04,WhaleWave,994,23,11,5,6,0.45454545454545453
222,14,0,1,2026-01-04,SharkEdge,1001,19,14,7,7,0.5
222,14,0,1,2026-01-04,PhoenixWing,1033,10,14,8,6,0.5714285714285714
222,13,0,1,2026-01-04,KnightMail,997,21,13,6,7,0.46153846153846156
222,17,0,1,2026-01-04,CerberusFlame,1027,12,17,10,7,0.5882352941176471
222,11,0,1,2026-01-04,PerseusDark,994,22,11,5,6,0.45454545454545453
222,12,0,1,2026-01-04,RhinoReaper,1006,17,12,6,6,0.5
222,5,0,1,2026-01-04,SharkScale,1027,13,5,3,2,0.6
222,7,1,0,2026-01-04,SolEclipse,993,24,7,3,4,0.42857142857142855
222,12,0,1,2026-01-04,CrimsonGaruda,1005,18,12,6,6,0.5
222,13,1,0,2026-01-04,ScorpioSpear,1042,7,13,8,5,0.6153846153846154
222,12,0,1,2026-01-04,ViperTail,1031,11,12,7,5,0.5833333333333334
222,16,0,1,2026-01-04,DranBrave,1040,9,16,9,7,0.5625
222,12,0,1,2026-01-04,LeonCrest,1042,8,12,7,5,0.5833333333333334
223,12,0,1,2026-01-04,HellsChain,1001,21,12,5,7,0.4166666666666667
223,11,0,1,2026-01-04,WhaleWave,994,24,11,5,6,0.45454545454545453
223,14,0,1,2026-01-04,SharkEdge,1001,20,14,7,7,0.5
223,13,0,1,2026-01-04,KnightMail,997,22,13,6,7,0.46153846153846156
223,9,1,0,2026-01-04,SilverWolf,968,28,9,3,6,0.3333333333333333
223,11,0,1,2026-01-04,PerseusDark,994,23,11,5,6,0.45454545454545453
223,8,1,0,2026-01-04,SolEclipse,1004,19,8,4,4,0.5
224,9,1,0,2026-01-04,TyrannoBeat,923,35,9,2,7,0.2222222222222222
224,15,1,0,2026-01-04,DranSword,1050,5,15,10,5,0.6666666666666666
224,14,0,1,2026-01-04,CobaltDragoon,1050,6,14,9,5,0.6428571428571429
224,6,0,1,2026-01-04,PegasusBlast,923,34,6,1,5,0.16666666666666666
257,13,1,0,2026-01-30,CrimsonGaruda,995,22,13,6,7,0.46153846153846156
257,13,0,1,2026-01-30,KnightMail,997,21,13,6,7,0.46153846153846156
257,13,1,0,2026-01-30,HellsChain,1009,17,13,6,7,0.46153846153846156
257,12,0,1,2026-01-30,RhinoReaper,1006,18,12,6,6,0.5
258,13,0,1,2026-01-30,HellsChain,1009,18,13,6,7,0.46153846153846156
258,15,1,0,2026-01-30,SharkEdge,1010,17,15,8,7,0.5333333333333333
258,12,0,1,2026-01-30,RhinoReaper,1006,19,12,6,6,0.5
258,8,0,1,2026-01-30,SolEclipse,1004,20,8,4,4,0.5
258,12,1,0,2026-01-30,WizardRod,981,27,12,5,7,0.4166666666666667
258,10,0,1,2026-01-30,LeonClaw,987,26,10,4,6,0.4
259,12,1,0,2026-01-30,WhaleWave,985,26,12,5,7,0.4166666666666667
259,10,1,0,2026-01-30,SilverWolf,982,27,10,4,6,0.4
259,12,0,1,2026-01-30,UnicornSting,992,24,12,6,6,0.5
259,12,0,1,2026-01-30,WizardRod,981,28,12,5,7,0.4166666666666667
259,10,0,1,2026-01-30,LeonClaw,987,25,10,4,6,0.4
260,8,0,1,2026-01-30,SolEclipse,1004,19,8,4,4,0.5
260,13,1,0,2026-01-30,UnicornSting,1003,20,13,7,6,0.5384615384615384
260,13,1,0,2026-01-30,RhinoReaper,994,24,13,6,7,0.46153846153846156
261,10,0,1,2026-01-30,SilverWolf,982,28,10,4,6,0.4
261,13,0,1,2026-01-30,RhinoReaper,994,25,13,6,7,0.46153846153846156
261,5,0,1,2026-01-30,HellsHammer,900,38,5,0,5,0.0
261,13,0,1,2026-01-30,CrimsonGaruda,995,23,13,6,7,0.46153846153846156
261,5,0,1,2026-01-30,CobaltDrake,955,31,5,1,4,0.2
261,6,0,1,2026-01-30,WizardArrow,887,39,6,0,6,0.0
261,9,0,1,2026-01-30,PhoenixRudder,952,32,9,3,6,0.3333333333333333
261,5,0,1,2026-01-30,WhaleFlame,951,33,5,1,4,0.2
261,10,0,1,2026-01-30,DranBuster,967,30,10,3,7,0.3
261,6,0,1,2026-01-30,PegasusBlast,923,35,6,1,5,0.16666666666666666
261,1,1,0,2026-01-30,ValkyrieVolt,985,26,1,0,1,0.0
261,11,1,0,2026-01-30,LeonClaw,998,21,11,5,6,0.45454545454545453
261,12,0,1,2026-01-30,WhaleWave,985,27,12,5,7,0.4166666666666667
261,8,0,1,2026-01-30,SamuraiSaber,867,40,8,0,8,0.0
261,11,0,1,2026-01-30,PerseusDark,994,24,11,5,6,0.45454545454545453
261,12,0,1,2026-01-30,WizardRod,981,29,12,5,7,0.4166666666666667
261,9,0,1,2026-01-30,TyrannoBeat,923,36,9,2,7,0.2222222222222222
261,9,0,1,2026-01-30,BlackShell,919,37,9,2,7,0.2222222222222222
261,13,0,1,2026-01-30,KnightMail,997,22,13,6,7,0.46153846153846156
261,7,0,1,2026-01-30,WizardArc,934,34,7,1,6,0.14285714285714285
262,13,1,0,2026-01-30,HellsReaper,1026,14,13,7,6,0.5384615384615384
262,9,0,1,2026-01-30,WeissTiger,1017,15,9,5,4,0.5555555555555556
262,14,0,1,2026-01-30,PhoenixWing,1033,9,14,8,6,0.5714285714285714
262,12,0,1,2026-01-30,ViperTail,1031,10,12,7,5,0.5833333333333334
262,17,1,0,2026-01-30,DranBrave,1029,11,17,9,8,0.5294117647058824
263,13,0,1,2026-01-30,HellsReaper,1026,13,13,7,6,0.5384615384615384
263,13,0,1,2026-01-30,HellsChain,1009,19,13,6,7,0.46153846153846156
263,15,0,1,2026-01-30,SharkEdge,1010,18,15,8,7,0.5333333333333333
263,9,0,1,2026-01-30,WeissTiger,1017,14,9,5,4,0.5555555555555556
263,15,1,0,2026-01-30,PhoenixWing,1015,15,15,8,7,0.5333333333333333
263,14,1,0,2026-01-30,KnightMail,1014,16,14,7,7,0.5
263,17,0,1,2026-01-30,CerberusFlame,1027,11,17,10,7,0.5882352941176471
263,5,0,1,2026-01-30,SharkScale,1027,12,5,3,2,0.6
263,12,0,1,2026-01-30,DranDagger,1013,17,12,7,5,0.5833333333333334
263,8,0,1,2026-01-30,SolEclipse,1004,20,8,4,4,0.5
263,12,0,1,2026-01-30,ViperTail,1031,9,12,7,5,0.5833333333333334
263,13,0,1,2026-01-30,UnicornSting,1003,21,13,7,6,0.5384615384615384
263,17,0,1,2026-01-30,DranBrave,1029,10,17,9,8,0.5294117647058824
263,11,0,1,2026-01-30,LeonClaw,998,22,11,5,6,0.45454545454545453
264,13,0,1,2026-01-30,HellsChain,1009,18,13,6,7,0.46153846153846156
264,15,0,1,2026-01-30,SharkEdge,1010,17,15,8,7,0.5333333333333333
264,12,1,0,2026-01-30,PerseusDark,1004,20,12,6,6,0.5
264,13,1,0,2026-01-30,DranDagger,1003,22,13,7,6,0.5384615384615384
264,8,0,1,2026-01-30,SolEclipse,1004,19,8,4,4,0.5
264,13,0,1,2026-01-30,CrimsonGaruda,995,24,13,6,7,0.46153846153846156
264,11,0,1,2026-01-30,LeonClaw,998,23,11,5,6,0.45454545454545453
265,17,0,1,2026-01-30,CerberusFlame,1027,12,17,10,7,0.5882352941176471
265,12,0,1,2026-01-30,PerseusDark,1004,19,12,6,6,0.5
265,13,0,1,2026-01-30,RhinoReaper,994,24,13,6,7,0.46153846153846156
265,6,1,0,2026-01-30,SharkScale,1044,7,6,4,2,0.6666666666666666
265,9,1,0,2026-01-30,SolEclipse,991,25,9,4,5,0.4444444444444444
265,13,0,1,2026-01-30,UnicornSting,1003,20,13,7,6,0.5384615384615384
265,13,0,1,2026-01-30,ScorpioSpear,1042,8,13,8,5,0.6153846153846154
265,12,0,1,2026-01-30,ViperTail,1031,10,12,7,5,0.5833333333333334
265,13,0,1,2026-01-30,DranDagger,1003,21,13,7,6,0.5384615384615384
265,11,0,1,2026-01-30,LeonClaw,998,22,11,5,6,0.45454545454545453
265,13,0,1,2026-01-30,CrimsonGaruda,995,23,13,6,7,0.46153846153846156
265,17,0,1,2026-01-30,DranBrave,1029,11,17,9,8,0.5294117647058824
265,12,0,1,2026-01-30,LeonCrest,1042,9,12,7,5,0.5833333333333334
266,15,0,1,2026-01-30,PhoenixWing,1015,14,15,8,7,0.5333333333333333
266,10,0,1,2026-01-30,SilverWolf,982,29,10,4,6,0.4
266,13,0,1,2026-01-30,RhinoReaper,994,25,13,6,7,0.46153846153846156
266,13,0,1,2026-01-30,DranDagger,1003,22,13,7,6,0.5384615384615384
266,5,0,1,2026-01-30,HellsHammer,900,39,5,0,5,0.0
266,13,0,1,2026-01-30,UnicornSting,1003,21,13,7,6,0.5384615384615384
266,13,0,1,2026-01-30,CrimsonGaruda,995,24,13,6,7,0.46153846153846156
266,5,0,1,2026-01-30,CobaltDrake,955,32,5,1,4,0.2
266,9,0,1,2026-01-30,PhoenixRudder,952,33,9,3,6,0.3333333333333333
266,1,1,0,2026-01-30,WyvernHover,1015,15,1,1,0,1.0
266,6,0,1,2026-01-30,WizardArrow,887,40,6,0,6,0.0
266,10,1,0,2026-01-30,WeissTiger,1006,19,10,5,5,0.5
266,10,0,1,2026-01-30,DranBuster,967,31,10,3,7,0.3
266,5,0,1,2026-01-30,WhaleFlame,951,34,5,1,4,0.2
266,6,0,1,2026-01-30,PegasusBlast,923,36,6,1,5,0.16666666666666666
266,9,0,1,2026-01-30,SolEclipse,991,26,9,4,5,0.4444444444444444
266,1,0,1,2026-01-30,ValkyrieVolt,985,27,1,0,1,0.0
266,11,0,1,2026-01-30,LeonClaw,998,23,11,5,6,0.45454545454545453
266,12,0,1,2026-01-30,WhaleWave,985,28,12,5,7,0.4166666666666667
266,8,0,1,2026-01-30,SamuraiSaber,867,41,8,0,8,0.0
266,12,0,1,2026-01-30,PerseusDark,1004,20,12,6,6,0.5
266,12,0,1,2026-01-30,WizardRod,981,30,12,5,7,0.4166666666666667
266,9,0,1,2026-01-30,TyrannoBeat,923,37,9,2,7,0.2222222222222222
266,9,0,1,2026-01-30,BlackShell,919,38,9,2,7,0.2222222222222222
266,7,0,1,2026-01-30,WizardArc,934,35,7,1,6,0.14285714285714285
267,6,0,1,2026-01-30,SharkScale,1044,6,6,4,2,0.6666666666666666
267,13,0,1,2026-01-30,ScorpioSpear,1042,7,13,8,5,0.6153846153846154
267,16,1,0,2026-01-30,DranSword,1041,9,16,10,6,0.625
267,15,1,0,2026-01-30,CobaltDragoon,1062,5,15,10,5,0.6666666666666666
267,12,0,1,2026-01-30,LeonCrest,1042,8,12,7,5,0.5833333333333334
268,13,1,0,2026-01-30,LeonCrest,1062,6,13,8,5,0.6153846153846154
268,13,0,1,2026-01-30,ScorpioSpear,1042,8,13,8,5,0.6153846153846154
268,19,1,0,2026-01-30,FoxBrush,1072,3,19,13,6,0.6842105263157895
268,6,0,1,2026-01-30,SharkScale,1044,7,6,4,2,0.6666666666666666
269,25,1,0,2026-01-30,TuskMammoth,1082,3,25,18,7,0.72
269,14,1,0,2026-01-30,ScorpioSpear,1027,11,14,8,6,0.5714285714285714
269,16,0,1,2026-01-30,DranSword,1041,8,16,10,6,0.625
269,12,0,1,2026-01-30,ViperTail,1031,9,12,7,5,0.5833333333333334
269,17,0,1,2026-01-30,DranBrave,1029,10,17,9,8,0.5294117647058824
269,19,0,1,2026-01-30,FoxBrush,1072,4,19,13,6,0.6842105263157895
270,13,0,1,2026-01-30,HellsReaper,1026,12,13,7,6,0.5384615384615384
270,21,1,0,2026-01-30,GolemRock,1116,1,21,15,6,0.7142857142857143
270,18,1,0,2026-01-30,CerberusFlame,1022,13,18,10,8,0.5555555555555556
271,13,0,1,2026-01-30,HellsReaper,1026,11,13,7,6,0.5384615384615384
271,18,0,1,2026-01-30,CerberusFlame,1022,12,18,10,8,0.5555555555555556
271,13,1,0,2026-01-30,ViperTail,1020,13,13,7,6,0.5384615384615384
271,14,0,1,2026-01-30,ScorpioSpear,1027,10,14,8,6,0.5714285714285714
271,22,1,0,2026-01-30,ImpactDrake,1115,2,22,16,6,0.7272727272727273
271,17,0,1,2026-01-30,DranBrave,1029,9,17,9,8,0.5294117647058824
272,13,0,1,2026-02-11,HellsChain,1009,17,13,6,7,0.46153846153846156
272,16,1,0,2026-02-11,SharkEdge,997,24,16,8,8,0.5
272,13,0,1,2026-02-11,RhinoReaper,994,26,13,6,7,0.46153846153846156
272,9,0,1,2026-02-11,SolEclipse,991,27,9,4,5,0.4444444444444444
272,13,0,1,2026-02-11,CrimsonGaruda,995,25,13,6,7,0.46153846153846156
272,2,1,0,2026-02-11,ValkyrieVolt,1009,18,2,1,1,0.5
273,1,0,1,2026-02-11,WyvernHover,1015,16,1,1,0,1.0
273,14,1,0,2026-02-11,HellsChain,1023,12,14,7,7,0.5
273,16,0,1,2026-02-11,SharkEdge,997,23,16,8,8,0.5
273,15,0,1,2026-02-11,PhoenixWing,1015,15,15,8,7,0.5333333333333333
273,14,0,1,2026-02-11,KnightMail,1014,17,14,7,7,0.5
273,18,0,1,2026-02-11,CerberusFlame,1022,13,18,10,8,0.5555555555555556
273,13,0,1,2026-02-11,RhinoReaper,994,25,13,6,7,0.46153846153846156
273,13,0,1,2026-02-11,DranDagger,1003,21,13,7,6,0.5384615384615384
273,14,1,0,2026-02-11,UnicornSting,991,26,14,7,7,0.5
273,13,0,1,2026-02-11,ViperTail,1020,14,13,7,6,0.5384615384615384
273,13,0,1,2026-02-11,CrimsonGaruda,995,24,13,6,7,0.46153846153846156
273,11,0,1,2026-02-11,LeonClaw,998,22,11,5,6,0.45454545454545453
274,16,0,1,2026-02-11,SharkEdge,997,24,16,8,8,0.5
274,11,1,0,2026-02-11,SilverWolf,972,30,11,4,7,0.36363636363636365
274,12,0,1,2026-02-11,PerseusDark,1004,21,12,6,6,0.5
274,14,1,0,2026-02-11,RhinoReaper,1005,20,14,7,7,0.5
274,13,0,1,2026-02-11,DranDagger,1003,22,13,7,6,0.5384615384615384
274,13,0,1,2026-02-11,CrimsonGaruda,995,25,13,6,7,0.46153846153846156
274,12,0,1,2026-02-11,WizardRod,981,29,12,5,7,0.4166666666666667
274,11,0,1,2026-02-11,LeonClaw,998,23,11,5,6,0.45454545454545453
275,9,0,1,2026-02-11,SolEclipse,991,28,9,4,5,0.4444444444444444
275,14,0,1,2026-02-11,UnicornSting,991,27,14,7,7,0.5
275,13,1,0,2026-02-11,WizardRod,992,26,13,6,7,0.46153846153846156
275,13,1,0,2026-02-11,WhaleWave,975,29,13,5,8,0.38461538461538464
276,10,0,1,2026-02-11,WeissTiger,1006,20,10,5,5,0.5
276,12,0,1,2026-02-11,PerseusDark,1004,22,12,6,6,0.5
276,14,0,1,2026-02-11,RhinoReaper,1005,21,14,7,7,0.5
276,13,0,1,2026-02-11,DranDagger,1003,23,13,7,6,0.5384615384615384
276,9,0,1,2026-02-11,SolEclipse,991,27,9,4,5,0.4444444444444444
276,14,1,0,2026-02-11,CrimsonGaruda,985,28,14,6,8,0.42857142857142855
276,14,0,1,2026-02-11,UnicornSting,991,26,14,7,7,0.5
276,13,0,1,2026-02-11,WizardRod,992,25,13,6,7,0.46153846153846156
276,12,1,0,2026-02-11,LeonClaw,1008,19,12,6,6,0.5
277,11,1,0,2026-02-11,WeissTiger,1022,13,11,6,5,0.5454545454545454
277,16,1,0,2026-02-11,PhoenixWing,1002,23,16,8,8,0.5
277,18,0,1,2026-02-11,CerberusFlame,1022,14,18,10,8,0.5555555555555556
277,12,0,1,2026-02-11,PerseusDark,1004,21,12,6,6,0.5
277,14,0,1,2026-02-11,RhinoReaper,1005,20,14,7,7,0.5
277,13,0,1,2026-02-11,DranDagger,1003,22,13,7,6,0.5384615384615384
277,13,0,1,2026-02-11,ViperTail,1020,15,13,7,6,0.5384615384615384
278,10,1,0,2026-02-11,SolEclipse,976,28,10,4,6,0.4
278,18,1,0,2026-02-11,DranBrave,1040,9,18,10,8,0.5555555555555556
278,14,0,1,2026-02-11,CrimsonGaruda,985,27,14,6,8,0.42857142857142855
279,16,0,1,2026-02-11,SharkEdge,997,23,16,8,8,0.5
279,16,0,1,2026-02-11,PhoenixWing,1002,22,16,8,8,0.5
279,13,1,0,2026-02-11,PerseusDark,994,24,13,6,7,0.46153846153846156
279,13,0,1,2026-02-11,DranDagger,1003,21,13,7,6,0.5384615384615384
279,7,1,0,2026-02-11,SharkScale,1058,7,7,5,2,0.7142857142857143
280,1,0,1,2026-02-11,WyvernHover,1015,17,1,1,0,1.0
280,14,0,1,2026-02-11,HellsChain,1023,13,14,7,7,0.5
280,16,0,1,2026-02-11,SharkEdge,997,22,16,8,8,0.5
280,11,0,1,2026-02-11,WeissTiger,1022,14,11,6,5,0.5454545454545454
280,15,1,0,2026-02-11,KnightMail,1026,12,15,8,7,0.5333333333333333
280,16,0,1,2026-02-11,PhoenixWing,1002,21,16,8,8,0.5
280,18,0,1,2026-02-11,CerberusFlame,1022,15,18,10,8,0.5555555555555556
280,13,0,1,2026-02-11,PerseusDark,994,23,13,6,7,0.46153846153846156
280,14,1,0,2026-02-11,DranDagger,988,26,14,7,7,0.5
280,14,0,1,2026-02-11,UnicornSting,991,25,14,7,7,0.5
280,13,0,1,2026-02-11,ViperTail,1020,16,13,7,6,0.5384615384615384
280,13,0,1,2026-02-11,WizardRod,992,24,13,6,7,0.46153846153846156
281,2,1,0,2026-02-11,WyvernHover,1033,10,2,2,0,1.0
281,14,1,0,2026-02-11,HellsReaper,1013,17,14,7,7,0.5
281,14,0,1,2026-02-11,ScorpioSpear,1027,11,14,8,6,0.5714285714285714
282,20,1,0,2026-02-11,FoxBrush,1055,7,20,13,7,0.65
282,21,0,1,2026-02-11,GolemRock,1116,2,21,15,6,0.7142857142857143
282,7,0,1,2026-02-11,SharkScale,1058,6,7,5,2,0.7142857142857143
282,23,1,0,2026-02-11,ImpactDrake,1127,1,23,17,6,0.7391304347826086
282,15,0,1,2026-02-11,CobaltDragoon,1062,4,15,10,5,0.6666666666666666
282,13,0,1,2026-02-11,LeonCrest,1062,5,13,8,5,0.6153846153846154
283,14,0,1,2026-02-11,HellsReaper,1013,16,14,7,7,0.5
283,13,0,1,2026-02-11,ViperTail,1020,15,13,7,6,0.5384615384615384
283,19,1,0,2026-02-11,CerberusFlame,1012,17,19,10,9,0.5263157894736842
283,17,1,0,2026-02-11,DranSword,1051,8,17,11,6,0.6470588235294118
284,2,0,1,2026-02-11,WyvernHover,1033,11,2,2,0,1.0
284,18,0,1,2026-02-11,DranBrave,1040,10,18,10,8,0.5555555555555556
284,15,1,0,2026-02-11,ScorpioSpear,1044,9,15,9,6,0.6
284,22,1,0,2026-02-11,GolemRock,1097,2,22,15,7,0.6818181818181818
285,26,1,0,2026-02-11,TuskMammoth,1093,3,26,19,7,0.7307692307692307
285,7,0,1,2026-02-11,SharkScale,1058,5,7,5,2,0.7142857142857143
285,14,1,0,2026-02-11,LeonCrest,1044,8,14,8,6,0.5714285714285714
285,17,0,1,2026-02-11,DranSword,1051,7,17,11,6,0.6470588235294118
285,20,0,1,2026-02-11,FoxBrush,1055,6,20,13,7,0.65
286,14,0,1,2026-02-11,HellsReaper,1013,15,14,7,7,0.5
286,14,1,0,2026-02-11,ViperTail,1009,17,14,7,7,0.5
286,19,0,1,2026-02-11,CerberusFlame,1012,16,19,10,9,0.5263157894736842
286,16,1,0,2026-02-11,CobaltDragoon,1076,4,16,11,5,0.6875
287,7,0,1,2026-02-11,SharkScale,1058,6,7,5,2,0.7142857142857143
287,16,1,0,2026-02-11,ScorpioSpear,1063,5,16,10,6,0.625
287,18,1,0,2026-02-11,DranSword,1037,10,18,11,7,0.6111111111111112
287,18,0,1,2026-02-11,DranBrave,1040,9,18,10,8,0.5555555555555556
287,20,0,1,2026-02-11,FoxBrush,1055,7,20,13,7,0.65
288,24,1,0,2026-02-11,ImpactDrake,1117,1,24,17,7,0.7083333333333334
288,22,0,1,2026-02-11,GolemRock,1097,3,22,15,7,0.6818181818181818
288,27,1,0,2026-02-11,TuskMammoth,1105,2,27,20,7,0.7407407407407407
289,23,1,0,2026-02-11,GolemRock,1081,3,23,15,8,0.6521739130434783
289,7,0,1,2026-02-11,SharkScale,1058,7,7,5,2,0.7142857142857143
289,15,1,0,2026-02-11,LeonCrest,1064,5,15,9,6,0.6
289,16,0,1,2026-02-11,ScorpioSpear,1063,6,16,10,6,0.625
289,20,0,1,2026-02-11,FoxBrush,1055,8,20,13,7,0.65
290,16,0,1,2026-02-11,PhoenixWing,1002,20,16,8,8,0.5
290,14,0,1,2026-02-11,RhinoReaper,1005,19,14,7,7,0.5
290,7,0,1,2026-02-11,SharkScale,1058,8,7,5,2,0.7142857142857143
290,15,1,0,2026-02-11,ViperTail,1001,21,15,7,8,0.4666666666666667
290,16,0,1,2026-02-11,ScorpioSpear,1063,7,16,10,6,0.625
290,12,0,1,2026-02-11,LeonClaw,1008,18,12,6,6,0.5
290,2,0,1,2026-02-11,ValkyrieVolt,1009,17,2,1,1,0.5
290,21,1,0,2026-02-11,FoxBrush,1064,6,21,14,7,0.6666666666666666
291,16,0,1,2026-02-11,PhoenixWing,1002,19,16,8,8,0.5
291,20,1,0,2026-02-11,CerberusFlame,1001,21,20,10,10,0.5
291,23,0,1,2026-02-11,GolemRock,1081,4,23,15,8,0.6521739130434783
291,14,0,1,2026-02-11,RhinoReaper,1005,18,14,7,7,0.5
291,15,0,1,2026-02-11,ViperTail,1001,20,15,7,8,0.4666666666666667
291,17,1,0,2026-02-11,CobaltDragoon,1089,3,17,12,5,0.7058823529411765
291,2,0,1,2026-02-11,ValkyrieVolt,1009,16,2,1,1,0.5
291,12,0,1,2026-02-11,LeonClaw,1008,17,12,6,6,0.5
292,2,0,1,2026-02-11,WyvernHover,1033,10,2,2,0,1.0
292,16,0,1,2026-02-11,SharkEdge,997,23,16,8,8,0.5
292,15,0,1,2026-02-11,KnightMail,1026,11,15,8,7,0.5333333333333333
292,16,0,1,2026-02-11,PhoenixWing,1002,20,16,8,8,0.5
292,20,0,1,2026-02-11,CerberusFlame,1001,22,20,10,10,0.5
292,14,1,0,2026-02-11,PerseusDark,1008,17,14,7,7,0.5
292,14,0,1,2026-02-11,RhinoReaper,1005,19,14,7,7,0.5
292,15,0,1,2026-02-11,ViperTail,1001,21,15,7,8,0.4666666666666667
292,18,0,1,2026-02-11,DranSword,1037,9,18,11,7,0.6111111111111112
292,19,1,0,2026-02-11,DranBrave,1024,12,19,10,9,0.5263157894736842
292,12,0,1,2026-02-11,LeonClaw,1008,18,12,6,6,0.5
293,14,0,1,2026-02-11,HellsChain,1023,14,14,7,7,0.5
293,12,1,0,2026-02-11,WeissTiger,1031,11,12,7,5,0.5833333333333334
293,15,0,1,2026-02-11,KnightMail,1026,12,15,8,7,0.5333333333333333
293,15,1,0,2026-02-11,DranDagger,976,27,15,7,8,0.4666666666666667
293,14,0,1,2026-02-11,CrimsonGaruda,985,26,14,6,8,0.42857142857142855
293,19,0,1,2026-02-11,DranBrave,1024,13,19,10,9,0.5263157894736842
294,14,0,1,2026-02-11,HellsChain,1023,13,14,7,7,0.5
294,16,1,0,2026-02-11,KnightMail,1014,14,16,8,8,0.5
294,8,1,0,2026-02-11,SharkScale,1077,5,8,6,2,0.75
294,15,0,1,2026-02-11,LeonCrest,1064,6,15,9,6,0.6
294,16,0,1,2026-02-11,ScorpioSpear,1063,8,16,10,6,0.625
294,19,0,1,2026-02-11,DranBrave,1024,12,19,10,9,0.5263157894736842
294,21,0,1,2026-02-11,FoxBrush,1064,7,21,14,7,0.6666666666666666
295,3,1,0,2026-02-11,WyvernHover,1054,9,3,3,0,1.0
295,16,0,1,2026-02-11,SharkEdge,997,22,16,8,8,0.5
295,17,1,0,2026-02-11,PhoenixWing,991,25,17,8,9,0.47058823529411764
295,20,0,1,2026-02-11,CerberusFlame,1001,21,20,10,10,0.5
295,14,0,1,2026-02-11,UnicornSting,991,24,14,7,7,0.5
295,15,0,1,2026-02-11,ViperTail,1001,20,15,7,8,0.4666666666666667
295,18,0,1,2026-02-11,DranSword,1037,10,18,11,7,0.6111111111111112
295,13,0,1,2026-02-11,WizardRod,992,23,13,6,7,0.46153846153846156
296,15,1,0,2026-02-11,HellsReaper,1025,12,15,8,7,0.5333333333333333
296,14,0,1,2026-02-11,HellsChain,1023,14,14,7,7,0.5
296,13,0,1,2026-02-11,WhaleWave,975,28,13,5,8,0.38461538461538464
296,10,0,1,2026-02-11,DranBuster,967,30,10,3,7,0.3
296,16,0,1,2026-02-11,KnightMail,1014,15,16,8,8,0.5
296,11,0,1,2026-02-11,SilverWolf,972,29,11,4,7,0.36363636363636365
296,11,1,0,2026-02-11,SolEclipse,959,31,11,4,7,0.36363636363636365
296,19,0,1,2026-02-11,DranBrave,1024,13,19,10,9,0.5263157894736842
297,15,1,0,2026-02-11,HellsChain,1008,16,15,7,8,0.4666666666666667
297,13,0,1,2026-02-11,WhaleWave,975,29,13,5,8,0.38461538461538464
297,16,0,1,2026-02-11,KnightMail,1014,14,16,8,8,0.5
297,12,1,0,2026-02-11,SilverWolf,987,26,12,5,7,0.4166666666666667
297,15,0,1,2026-02-11,DranDagger,976,28,15,7,8,0.4666666666666667
297,14,0,1,2026-02-11,CrimsonGaruda,985,27,14,6,8,0.42857142857142855
297,2,0,1,2026-02-11,ValkyrieVolt,1009,15,2,1,1,0.5
298,15,0,1,2026-02-11,HellsReaper,1025,13,15,8,7,0.5333333333333333
298,14,1,0,2026-02-11,WhaleWave,961,30,14,5,9,0.35714285714285715
298,10,0,1,2026-02-11,DranBuster,967,29,10,3,7,0.3
298,16,0,1,2026-02-11,KnightMail,1014,15,16,8,8,0.5
298,19,0,1,2026-02-11,DranBrave,1024,14,19,10,9,0.5263157894736842
298,3,1,0,2026-02-11,ValkyrieVolt,1027,12,3,2,1,0.6666666666666666
299,15,0,1,2026-02-11,HellsChain,1008,17,15,7,8,0.4666666666666667
299,16,0,1,2026-02-11,KnightMail,1014,16,16,8,8,0.5
299,17,0,1,2026-02-11,PhoenixWing,991,24,17,8,9,0.47058823529411764
299,12,0,1,2026-02-11,SilverWolf,987,25,12,5,7,0.4166666666666667
299,14,0,1,2026-02-11,PerseusDark,1008,18,14,7,7,0.5
299,15,1,0,2026-02-11,RhinoReaper,1019,15,15,8,7,0.5333333333333333
299,14,0,1,2026-02-11,UnicornSting,991,23,14,7,7,0.5
299,14,0,1,2026-02-11,CrimsonGaruda,985,26,14,6,8,0.42857142857142855
299,14,1,0,2026-02-11,WizardRod,979,27,14,6,8,0.42857142857142855
299,12,0,1,2026-02-11,LeonClaw,1008,19,12,6,6,0.5
300,15,0,1,2026-02-11,HellsChain,1008,18,15,7,8,0.4666666666666667
300,17,1,0,2026-02-11,SharkEdge,989,24,17,8,9,0.47058823529411764
300,16,0,1,2026-02-11,KnightMail,1014,17,16,8,8,0.5
300,17,0,1,2026-02-11,PhoenixWing,991,23,17,8,9,0.47058823529411764
300,14,0,1,2026-02-11,PerseusDark,1008,19,14,7,7,0.5
300,14,0,1,2026-02-11,UnicornSting,991,22,14,7,7,0.5
300,13,1,0,2026-02-11,LeonClaw,1017,16,13,7,6,0.5384615384615384
301,20,0,1,2026-02-11,CerberusFlame,1001,22,20,10,10,0.5
301,15,0,1,2026-02-11,DranDagger,976,27,15,7,8,0.4666666666666667
301,15,1,0,2026-02-11,CrimsonGaruda,972,28,15,6,9,0.4
301,15,1,0,2026-02-11,UnicornSting,1005,20,15,8,7,0.5333333333333333
301,15,0,1,2026-02-11,ViperTail,1001,21,15,7,8,0.4666666666666667
301,14,0,1,2026-02-11,WizardRod,979,26,14,6,8,0.42857142857142855
302,17,0,1,2026-02-11,PhoenixWing,991,24,17,8,9,0.47058823529411764
302,12,0,1,2026-02-11,SilverWolf,987,26,12,5,7,0.4166666666666667
302,20,0,1,2026-02-11,CerberusFlame,1001,23,20,10,10,0.5
302,15,0,1,2026-02-11,RhinoReaper,1019,16,15,8,7,0.5333333333333333
302,15,0,1,2026-02-11,DranDagger,976,29,15,7,8,0.4666666666666667
302,5,0,1,2026-02-11,HellsHammer,900,41,5,0,5,0.0
302,15,0,1,2026-02-11,UnicornSting,1005,21,15,8,7,0.5333333333333333
302,15,0,1,2026-02-11,CrimsonGaruda,972,30,15,6,9,0.4
302,5,0,1,2026-02-11,CobaltDrake,955,34,5,1,4,0.2
302,9,0,1,2026-02-11,PhoenixRudder,952,35,9,3,6,0.3333333333333333
302,6,0,1,2026-02-11,WizardArrow,887,42,6,0,6,0.0
302,17,0,1,2026-02-11,SharkEdge,989,25,17,8,9,0.47058823529411764
302,5,0,1,2026-02-11,WhaleFlame,951,36,5,1,4,0.2
302,1,1,0,2026-02-11,WolfHunt,1020,15,1,1,0,1.0
302,10,0,1,2026-02-11,DranBuster,967,31,10,3,7,0.3
302,6,0,1,2026-02-11,PegasusBlast,923,38,6,1,5,0.16666666666666666
302,11,0,1,2026-02-11,SolEclipse,959,33,11,4,7,0.36363636363636365
302,13,0,1,2026-02-11,LeonClaw,1017,17,13,7,6,0.5384615384615384
302,15,0,1,2026-02-11,HellsChain,1008,19,15,7,8,0.4666666666666667
302,14,0,1,2026-02-11,WhaleWave,961,32,14,5,9,0.35714285714285715
302,8,0,1,2026-02-11,SamuraiSaber,867,43,8,0,8,0.0
302,14,0,1,2026-02-11,PerseusDark,1008,20,14,7,7,0.5
302,14,0,1,2026-02-11,WizardRod,979,28,14,6,8,0.42857142857142855
302,9,0,1,2026-02-11,TyrannoBeat,923,39,9,2,7,0.2222222222222222
302,9,0,1,2026-02-11,BlackShell,919,40,9,2,7,0.2222222222222222
302,1,1,0,2026-02-11,EmperorMight,980,27,1,0,1,0.0
302,16,0,1,2026-02-11,KnightMail,1014,18,16,8,8,0.5
302,15,0,1,2026-02-11,ViperTail,1001,22,15,7,8,0.4666666666666667
302,7,0,1,2026-02-11,WizardArc,934,37,7,1,6,0.14285714285714285
303,28,1,0,2026-02-11,TuskMammoth,1114,2,28,21,7,0.75
303,10,0,1,2026-02-11,DranBuster,967,30,10,3,7,0.3
303,15,0,1,2026-02-11,DranDagger,976,28,15,7,8,0.4666666666666667
303,15,0,1,2026-02-11,CrimsonGaruda,972,29,15,6,9,0.4
303,14,0,1,2026-02-11,WizardRod,979,27,14,6,8,0.42857142857142855
303,2,1,0,2026-02-11,EmperorMight,965,31,2,0,2,0.0
304,29,1,0,2026-02-11,TuskMammoth,1124,1,29,22,7,0.7586206896551724
304,15,0,1,2026-02-11,HellsChain,1008,18,15,7,8,0.4666666666666667
304,2,1,0,2026-02-11,WolfHunt,1003,21,2,1,1,0.5
304,16,0,1,2026-02-11,KnightMail,1014,17,16,8,8,0.5
304,14,0,1,2026-02-11,PerseusDark,1008,19,14,7,7,0.5
304,15,0,1,2026-02-11,RhinoReaper,1019,15,15,8,7,0.5333333333333333
304,15,0,1,2026-02-11,UnicornSting,1005,20,15,8,7,0.5333333333333333
304,24,0,1,2026-02-11,ImpactDrake,1117,2,24,17,7,0.7083333333333334
304,13,0,1,2026-02-11,LeonClaw,1017,16,13,7,6,0.5384615384615384
305,4,1,0,2026-02-11,WyvernHover,1034,10,4,3,1,0.75
305,18,0,1,2026-02-11,DranSword,1037,9,18,11,7,0.6111111111111112
305,30,1,0,2026-02-11,TuskMammoth,1136,1,30,23,7,0.7666666666666667
306,4,0,1,2026-02-11,WyvernHover,1034,11,4,3,1,0.75
306,31,1,0,2026-02-11,TuskMammoth,1114,2,31,23,8,0.7419354838709677
306,12,0,1,2026-02-11,WeissTiger,1031,12,12,7,5,0.5833333333333334
306,18,0,1,2026-02-11,DranSword,1037,10,18,11,7,0.6111111111111112
306,24,0,1,2026-02-11,ImpactDrake,1117,1,24,17,7,0.7083333333333334
306,4,1,0,2026-02-11,ValkyrieVolt,1060,9,4,3,1,0.75
307,21,1,0,2026-02-11,CerberusFlame,993,23,21,10,11,0.47619047619047616
307,23,0,1,2026-02-11,GolemRock,1081,5,23,15,8,0.6521739130434783
307,9,1,0,2026-02-11,SharkScale,1089,4,9,7,2,0.7777777777777778
308,14,0,1,2026-02-11,WhaleWave,961,33,14,5,9,0.35714285714285715
308,18,1,0,2026-02-11,SharkEdge,971,30,18,8,10,0.4444444444444444
308,10,0,1,2026-02-11,DranBuster,967,31,10,3,7,0.3
308,12,0,1,2026-02-11,SilverWolf,987,25,12,5,7,0.4166666666666667
308,12,1,0,2026-02-11,SolEclipse,984,26,12,5,7,0.4166666666666667
308,2,0,1,2026-02-11,EmperorMight,965,32,2,0,2,0.0
320,16,1,0,2026-02-13,HellsChain,1019,15,16,8,8,0.5
320,18,0,1,2026-02-13,SharkEdge,971,29,18,8,10,0.4444444444444444
320,10,0,1,2026-02-13,DranBuster,967,30,10,3,7,0.3
320,16,0,1,2026-02-13,KnightMail,1014,18,16,8,8,0.5
320,15,0,1,2026-02-13,RhinoReaper,1019,16,15,8,7,0.5333333333333333
320,15,0,1,2026-02-13,DranDagger,976,27,15,7,8,0.4666666666666667
320,15,0,1,2026-02-13,CrimsonGaruda,972,28,15,6,9,0.4
320,15,1,0,2026-02-13,WizardRod,966,31,15,6,9,0.4
320,13,0,1,2026-02-13,LeonClaw,1017,17,13,7,6,0.5384615384615384
321,16,1,0,2026-02-13,CrimsonGaruda,988,25,16,7,9,0.4375
321,13,1,0,2026-02-13,SilverWolf,974,28,13,5,8,0.38461538461538464
322,15,0,1,2026-02-13,HellsReaper,1025,14,15,8,7,0.5333333333333333
322,16,0,1,2026-02-13,HellsChain,1019,16,16,8,8,0.5
322,12,0,1,2026-02-13,WeissTiger,1031,13,12,7,5,0.5833333333333334
322,2,0,1,2026-02-13,WolfHunt,1003,20,2,1,1,0.5
322,15,0,1,2026-02-13,RhinoReaper,1019,17,15,8,7,0.5333333333333333
322,16,1,0,2026-02-13,UnicornSting,994,22,16,8,8,0.5
322,15,0,1,2026-02-13,ViperTail,1001,21,15,7,8,0.4666666666666667
322,19,0,1,2026-02-13,DranBrave,1024,15,19,10,9,0.5263157894736842
322,14,1,0,2026-02-13,LeonClaw,1032,12,14,8,6,0.5714285714285714
323,21,0,1,2026-02-13,FoxBrush,1064,8,21,14,7,0.6666666666666666
323,16,0,1,2026-02-13,KnightMail,1014,17,16,8,8,0.5
323,16,1,0,2026-02-13,RhinoReaper,1012,18,16,8,8,0.5
323,16,0,1,2026-02-13,ScorpioSpear,1063,9,16,10,6,0.625
323,5,1,0,2026-02-13,ValkyrieVolt,1074,6,5,4,1,0.8
323,15,0,1,2026-02-13,LeonCrest,1064,7,15,9,6,0.6
324,15,1,0,2026-02-13,WhaleWave,949,36,15,5,10,0.3333333333333333
324,19,1,0,2026-02-13,SharkEdge,983,27,19,9,10,0.47368421052631576
324,5,0,1,2026-02-13,WhaleFlame,951,35,5,1,4,0.2
324,13,0,1,2026-02-13,SilverWolf,974,29,13,5,8,0.38461538461538464
324,15,0,1,2026-02-13,DranDagger,976,28,15,7,8,0.4666666666666667
324,5,0,1,2026-02-13,CobaltDrake,955,33,5,1,4,0.2
324,9,0,1,2026-02-13,PhoenixRudder,952,34,9,3,6,0.3333333333333333
325,15,0,1,2026-02-13,HellsReaper,1025,15,15,8,7,0.5333333333333333
325,12,0,1,2026-02-13,WeissTiger,1031,14,12,7,5,0.5833333333333334
325,17,1,0,2026-02-13,KnightMail,1007,19,17,8,9,0.47058823529411764
325,14,0,1,2026-02-13,PerseusDark,1008,18,14,7,7,0.5
325,16,0,1,2026-02-13,RhinoReaper,1012,17,16,8,8,0.5
325,20,1,0,2026-02-13,DranBrave,1032,12,20,11,9,0.55
325,14,0,1,2026-02-13,LeonClaw,1032,13,14,8,6,0.5714285714285714
326,16,1,0,2026-02-13,HellsReaper,1010,18,16,8,8,0.5
326,15,1,0,2026-02-13,PerseusDark,1023,15,15,8,7,0.5333333333333333
327,5,1,0,2026-02-13,WyvernHover,1015,16,5,3,2,0.6
327,16,0,1,2026-02-13,HellsChain,1019,15,16,8,8,0.5
327,12,0,1,2026-02-13,WeissTiger,1031,13,12,7,5,0.5833333333333334
327,17,0,1,2026-02-13,PhoenixWing,991,25,17,8,9,0.47058823529411764
327,21,0,1,2026-02-13,CerberusFlame,993,24,21,10,11,0.47619047619047616
327,15,0,1,2026-02-13,PerseusDark,1023,14,15,8,7,0.5333333333333333
327,13,1,0,2026-02-13,SolEclipse,998,22,13,6,7,0.46153846153846156
327,16,0,1,2026-02-13,UnicornSting,994,23,16,8,8,0.5
327,16,0,1,2026-02-13,CrimsonGaruda,988,26,16,7,9,0.4375
327,20,0,1,2026-02-13,DranBrave,1032,11,20,11,9,0.55
327,14,0,1,2026-02-13,LeonClaw,1032,12,14,8,6,0.5714285714285714
328,13,1,0,2026-02-13,WeissTiger,1043,10,13,8,5,0.6153846153846154
328,23,0,1,2026-02-13,GolemRock,1081,4,23,15,8,0.6521739130434783
328,10,1,0,2026-02-13,SharkScale,1072,6,10,7,3,0.7
328,18,0,1,2026-02-13,DranSword,1037,11,18,11,7,0.6111111111111112
328,20,0,1,2026-02-13,DranBrave,1032,12,20,11,9,0.55
328,5,0,1,2026-02-13,ValkyrieVolt,1074,5,5,4,1,0.8
328,14,0,1,2026-02-13,LeonClaw,1032,13,14,8,6,0.5714285714285714
329,18,1,0,2026-02-13,PhoenixWing,980,28,18,8,10,0.4444444444444444
329,16,1,0,2026-02-13,DranDagger,990,25,16,8,8,0.5
330,10,0,1,2026-02-13,SharkScale,1072,7,10,7,3,0.7
330,19,1,0,2026-02-13,DranSword,1026,13,19,11,8,0.5789473684210527
330,14,0,1,2026-02-13,LeonClaw,1032,12,14,8,6,0.5714285714285714
330,20,0,1,2026-02-13,DranBrave,1032,11,20,11,9,0.55
330,5,0,1,2026-02-13,ValkyrieVolt,1074,6,5,4,1,0.8
330,16,1,0,2026-02-13,LeonCrest,1080,5,16,10,6,0.625
331,17,1,0,2026-02-13,ScorpioSpear,1081,4,17,11,6,0.6470588235294118
331,23,0,1,2026-02-13,GolemRock,1081,3,23,15,8,0.6521739130434783
331,18,1,0,2026-02-13,CobaltDragoon,1071,8,18,12,6,0.6666666666666666
331,21,0,1,2026-02-13,FoxBrush,1064,9,21,14,7,0.6666666666666666
332,2,0,1,2026-02-13,WolfHunt,1003,21,2,1,1,0.5
332,17,0,1,2026-02-13,KnightMail,1007,20,17,8,9,0.47058823529411764
332,22,1,0,2026-02-13,CerberusFlame,1008,19,22,11,11,0.5
332,16,0,1,2026-02-13,DranDagger,990,24,16,8,8,0.5
332,16,0,1,2026-02-13,CrimsonGaruda,988,25,16,7,9,0.4375
332,16,1,0,2026-02-13,ViperTail,986,26,16,7,9,0.4375
333,24,1,0,2026-02-13,GolemRock,1073,6,24,15,9,0.625
333,17,0,1,2026-02-13,ScorpioSpear,1081,3,17,11,6,0.6470588235294118
333,25,1,0,2026-02-13,ImpactDrake,1125,1,25,18,7,0.72
333,5,0,1,2026-02-13,ValkyrieVolt,1074,5,5,4,1,0.8
333,16,0,1,2026-02-13,LeonCrest,1080,4,16,10,6,0.625
334,32,1,0,2026-02-13,TuskMammoth,1123,2,32,24,8,0.75
334,22,1,0,2026-02-13,FoxBrush,1053,9,22,14,8,0.6363636363636364
335,16,0,1,2026-02-26,HellsReaper,1010,17,16,8,8,0.5
335,20,1,0,2026-02-26,SharkEdge,993,24,20,10,10,0.5
335,17,0,1,2026-02-26,KnightMail,1007,19,17,8,9,0.47058823529411764
335,22,0,1,2026-02-26,CerberusFlame,1008,18,22,11,11,0.5
335,17,1,0,2026-02-26,RhinoReaper,1003,20,17,8,9,0.47058823529411764
335,16,0,1,2026-02-26,DranDagger,990,25,16,8,8,0.5
335,16,0,1,2026-02-26,CrimsonGaruda,988,26,16,7,9,0.4375
335,16,0,1,2026-02-26,ViperTail,986,27,16,7,9,0.4375
336,16,0,1,2026-02-26,HellsChain,1019,14,16,8,8,0.5
336,16,1,0,2026-02-26,WhaleWave,964,33,16,6,10,0.375
336,5,0,1,2026-02-26,WhaleFlame,951,36,5,1,4,0.2
336,15,0,1,2026-02-26,PerseusDark,1023,13,15,8,7,0.5333333333333333
336,19,0,1,2026-02-26,DranSword,1026,12,19,11,8,0.5789473684210527
336,5,0,1,2026-02-26,CobaltDrake,955,34,5,1,4,0.2
336,15,1,0,2026-02-26,LeonClaw,1016,15,15,8,7,0.5333333333333333
336,9,0,1,2026-02-26,PhoenixRudder,952,35,9,3,6,0.3333333333333333
337,5,0,1,2026-02-26,WyvernHover,1015,15,5,3,2,0.6
337,16,0,1,2026-02-26,HellsReaper,1010,16,16,8,8,0.5
337,17,1,0,2026-02-26,HellsChain,1005,19,17,8,9,0.47058823529411764
337,17,0,1,2026-02-26,KnightMail,1007,18,17,8,9,0.47058823529411764
337,22,0,1,2026-02-26,CerberusFlame,1008,17,22,11,11,0.5
337,16,0,1,2026-02-26,LeonCrest,1080,5,16,10,6,0.625
337,17,0,1,2026-02-26,ScorpioSpear,1081,4,17,11,6,0.6470588235294118
337,6,1,0,2026-02-26,ValkyrieVolt,1101,3,6,5,1,0.8333333333333334
337,15,0,1,2026-02-26,LeonClaw,1016,14,15,8,7,0.5333333333333333
338,10,0,1,2026-02-26,DranBuster,967,31,10,3,7,0.3
338,18,0,1,2026-02-26,PhoenixWing,980,27,18,8,10,0.4444444444444444
338,13,0,1,2026-02-26,SilverWolf,974,30,13,5,8,0.38461538461538464
338,17,1,0,2026-02-26,CrimsonGaruda,979,28,17,7,10,0.4117647058823529
338,16,0,1,2026-02-26,ViperTail,986,26,16,7,9,0.4375
338,16,1,0,2026-02-26,WizardRod,978,29,16,7,9,0.4375
339,20,0,1,2026-02-26,SharkEdge,993,23,20,10,10,0.5
339,18,0,1,2026-02-26,PhoenixWing,980,28,18,8,10,0.4444444444444444
339,14,1,0,2026-02-26,SilverWolf,985,26,14,6,8,0.42857142857142855
339,16,0,1,2026-02-26,DranDagger,990,24,16,8,8,0.5
339,17,1,0,2026-02-26,UnicornSting,984,27,17,8,9,0.47058823529411764
339,16,0,1,2026-02-26,ViperTail,986,25,16,7,9,0.4375
339,17,0,1,2026-02-26,CrimsonGaruda,979,29,17,7,10,0.4117647058823529
339,16,0,1,2026-02-26,WizardRod,978,30,16,7,9,0.4375
340,19,1,0,2026-02-26,PhoenixWing,970,30,19,8,11,0.42105263157894735
340,24,0,1,2026-02-26,GolemRock,1073,7,24,15,9,0.625
340,11,1,0,2026-02-26,SharkScale,1085,4,11,8,3,0.7272727272727273
340,17,0,1,2026-02-26,CrimsonGaruda,979,28,17,7,10,0.4117647058823529
340,17,0,1,2026-02-26,ScorpioSpear,1081,5,17,11,6,0.6470588235294118
340,16,0,1,2026-02-26,WizardRod,978,29,16,7,9,0.4375
340,16,0,1,2026-02-26,LeonCrest,1080,6,16,10,6,0.625
341,6,1,0,2026-02-26,WyvernHover,1027,12,6,4,2,0.6666666666666666
341,14,0,1,2026-02-26,SilverWolf,985,25,14,6,8,0.42857142857142855
341,15,0,1,2026-02-26,PerseusDark,1023,14,15,8,7,0.5333333333333333
341,17,1,0,2026-02-26,DranDagger,980,27,17,8,9,0.47058823529411764
341,17,0,1,2026-02-26,UnicornSting,984,26,17,8,9,0.47058823529411764
341,16,0,1,2026-02-26,ViperTail,986,24,16,7,9,0.4375
341,19,0,1,2026-02-26,DranSword,1026,13,19,11,8,0.5789473684210527
341,15,0,1,2026-02-26,LeonClaw,1016,15,15,8,7,0.5333333333333333
342,21,1,0,2026-02-26,DranBrave,1040,10,21,12,9,0.5714285714285714
342,14,1,0,2026-02-26,WeissTiger,1032,11,14,8,6,0.5714285714285714
343,17,1,0,2026-02-26,HellsReaper,1002,21,17,8,9,0.47058823529411764
343,17,0,1,2026-02-26,HellsChain,1005,18,17,8,9,0.47058823529411764
343,2,0,1,2026-02-26,WolfHunt,1003,20,2,1,1,0.5
343,18,1,0,2026-02-26,KnightMail,1015,16,18,9,9,0.5
343,17,0,1,2026-02-26,RhinoReaper,1003,19,17,8,9,0.47058823529411764
344,6,0,1,2026-02-26,WyvernHover,1027,13,6,4,2,0.6666666666666666
344,20,0,1,2026-02-26,SharkEdge,993,22,20,10,10,0.5
344,14,0,1,2026-02-26,WeissTiger,1032,12,14,8,6,0.5714285714285714
344,16,1,0,2026-02-26,PerseusDark,1034,11,16,9,7,0.5625
344,14,1,0,2026-02-26,SolEclipse,989,23,14,6,8,0.42857142857142855
344,19,0,1,2026-02-26,DranSword,1026,14,19,11,8,0.5789473684210527
345,25,1,0,2026-02-26,GolemRock,1065,8,25,15,10,0.6
345,18,0,1,2026-02-26,CobaltDragoon,1071,7,18,12,6,0.6666666666666666
345,23,1,0,2026-02-26,FoxBrush,1063,9,23,15,8,0.6521739130434783
346,17,0,1,2026-02-26,HellsReaper,1002,22,17,8,9,0.47058823529411764
346,33,1,0,2026-02-26,TuskMammoth,1105,2,33,24,9,0.7272727272727273
346,17,0,1,2026-02-26,HellsChain,1005,19,17,8,9,0.47058823529411764
346,20,0,1,2026-02-26,SharkEdge,993,23,20,10,10,0.5
346,2,0,1,2026-02-26,WolfHunt,1003,21,2,1,1,0.5
346,22,0,1,2026-02-26,CerberusFlame,1008,18,22,11,11,0.5
346,17,0,1,2026-02-26,RhinoReaper,1003,20,17,8,9,0.47058823529411764
346,14,0,1,2026-02-26,SolEclipse,989,24,14,6,8,0.42857142857142855
346,17,1,0,2026-02-26,ViperTail,1012,17,17,8,9,0.47058823529411764
347,26,1,0,2026-02-26,ImpactDrake,1130,1,26,19,7,0.7307692307692307
347,20,1,0,2026-02-26,DranSword,1020,14,20,11,9,0.55
348,23,0,1,2026-02-26,FoxBrush,1063,8,23,15,8,0.6521739130434783
348,25,0,1,2026-02-26,GolemRock,1065,7,25,15,10,0.6
348,11,0,1,2026-02-26,SharkScale,1085,5,11,8,3,0.7272727272727273
348,17,0,1,2026-02-26,ScorpioSpear,1081,6,17,11,6,0.6470588235294118
348,19,1,0,2026-02-26,CobaltDragoon,1058,9,19,12,7,0.631578947368421
348,17,1,0,2026-02-26,LeonCrest,1098,4,17,11,6,0.6470588235294118
349,17,0,1,2026-02-26,HellsChain,1005,18,17,8,9,0.47058823529411764
349,2,0,1,2026-02-26,WolfHunt,1003,20,2,1,1,0.5
349,23,1,0,2026-02-26,CerberusFlame,1002,21,23,11,12,0.4782608695652174
349,17,0,1,2026-02-26,RhinoReaper,1003,19,17,8,9,0.47058823529411764
349,11,0,1,2026-02-26,SharkScale,1085,6,11,8,3,0.7272727272727273
349,18,1,0,2026-02-26,ScorpioSpear,1089,5,18,12,6,0.6666666666666666
350,6,0,1,2026-02-26,WyvernHover,1027,14,6,4,2,0.6666666666666666
350,18,0,1,2026-02-26,KnightMail,1015,17,18,9,9,0.5
350,25,0,1,2026-02-26,GolemRock,1065,6,25,15,10,0.6
350,11,0,1,2026-02-26,SharkScale,1085,5,11,8,3,0.7272727272727273
350,19,1,0,2026-02-26,ScorpioSpear,1064,7,19,12,7,0.631578947368421
350,18,1,0,2026-02-26,ViperTail,1028,13,18,9,9,0.5
350,20,0,1,2026-02-26,DranSword,1020,15,20,11,9,0.55
350,15,0,1,2026-02-26,LeonClaw,1016,16,15,8,7,0.5333333333333333
351,17,0,1,2026-02-26,HellsReaper,1002,21,17,8,9,0.47058823529411764
351,33,0,1,2026-02-26,TuskMammoth,1105,3,33,24,9,0.7272727272727273
351,24,1,0,2026-02-26,CerberusFlame,996,22,24,11,13,0.4583333333333333
351,6,0,1,2026-02-26,ValkyrieVolt,1101,4,6,5,1,0.8333333333333334
351,18,1,0,2026-02-26,LeonCrest,1108,2,18,12,6,0.6666666666666666
352,25,0,1,2026-02-26,GolemRock,1065,7,25,15,10,0.6
352,19,0,1,2026-02-26,ScorpioSpear,1064,8,19,12,7,0.631578947368421
352,27,1,0,2026-02-26,ImpactDrake,1120,1,27,19,8,0.7037037037037037
352,20,1,0,2026-02-26,CobaltDragoon,1068,6,20,13,7,0.65
352,23,0,1,2026-02-26,FoxBrush,1063,9,23,15,8,0.6521739130434783
353,6,0,1,2026-02-26,WyvernHover,1027,15,6,4,2,0.6666666666666666
353,14,0,1,2026-02-26,WeissTiger,1032,13,14,8,6,0.5714285714285714
353,16,0,1,2026-02-26,PerseusDark,1034,12,16,9,7,0.5625
353,18,0,1,2026-02-26,ViperTail,1028,14,18,9,9,0.5
353,21,1,0,2026-02-26,DranSword,1036,11,21,12,9,0.5714285714285714
353,24,1,0,2026-02-26,FoxBrush,1050,9,24,15,9,0.625
354,20,0,1,2026-02-26,CobaltDragoon,1068,7,20,13,7,0.65
354,26,1,0,2026-02-26,GolemRock,1078,6,26,16,10,0.6153846153846154
354,34,1,0,2026-02-26,TuskMammoth,1095,4,34,24,10,0.7058823529411765
354,6,0,1,2026-02-26,ValkyrieVolt,1101,3,6,5,1,0.8333333333333334
355,7,1,0,2026-02-26,WyvernHover,1045,10,7,5,2,0.7142857142857143
355,21,0,1,2026-02-26,DranBrave,1040,11,21,12,9,0.5714285714285714
355,21,0,1,2026-02-26,DranSword,1036,12,21,12,9,0.5714285714285714
355,17,1,0,2026-02-26,PerseusDark,1017,15,17,9,8,0.5294117647058824
356,19,1,0,2026-02-26,KnightMail,1024,15,19,10,9,0.5263157894736842
356,14,0,1,2026-02-26,SilverWolf,985,24,14,6,8,0.42857142857142855
356,17,0,1,2026-02-26,PerseusDark,1017,16,17,9,8,0.5294117647058824
356,17,0,1,2026-02-26,DranDagger,980,26,17,8,9,0.47058823529411764
356,15,1,0,2026-02-26,SolEclipse,977,29,15,6,9,0.4
356,17,0,1,2026-02-26,UnicornSting,984,25,17,8,9,0.47058823529411764
356,17,0,1,2026-02-26,CrimsonGaruda,979,27,17,7,10,0.4117647058823529
356,16,0,1,2026-02-26,WizardRod,978,28,16,7,9,0.4375
356,15,0,1,2026-02-26,LeonClaw,1016,17,15,8,7,0.5333333333333333
357,18,1,0,2026-02-26,HellsReaper,1014,18,18,9,9,0.5
357,17,0,1,2026-02-26,HellsChain,1005,19,17,8,9,0.47058823529411764
357,15,1,0,2026-02-26,WeissTiger,1018,15,15,8,7,0.5333333333333333
357,2,0,1,2026-02-26,WolfHunt,1003,21,2,1,1,0.5
357,19,0,1,2026-02-26,KnightMail,1024,14,19,10,9,0.5263157894736842
357,17,0,1,2026-02-26,RhinoReaper,1003,20,17,8,9,0.47058823529411764
357,18,0,1,2026-02-26,ViperTail,1028,13,18,9,9,0.5
358,7,0,1,2026-02-26,WyvernHover,1045,11,7,5,2,0.7142857142857143
358,16,0,1,2026-02-26,WhaleWave,964,32,16,6,10,0.375
358,10,0,1,2026-02-26,DranBuster,967,30,10,3,7,0.3
358,20,1,0,2026-02-26,PhoenixWing,955,33,20,8,12,0.4
358,22,1,0,2026-02-26,DranBrave,1053,9,22,13,9,0.5909090909090909
358,24,0,1,2026-02-26,FoxBrush,1050,10,24,15,9,0.625
358,2,0,1,2026-02-26,EmperorMight,965,31,2,0,2,0.0
359,12,1,0,2026-02-26,SharkScale,1094,5,12,9,3,0.75
359,15,0,1,2026-02-26,SolEclipse,977,28,15,6,9,0.4
359,17,0,1,2026-02-26,CrimsonGaruda,979,26,17,7,10,0.4117647058823529
359,18,1,0,2026-02-26,DranDagger,973,29,18,8,10,0.4444444444444444
359,16,0,1,2026-02-26,WizardRod,978,27,16,7,9,0.4375
360,15,0,1,2026-02-26,WeissTiger,1018,16,15,8,7,0.5333333333333333
360,19,0,1,2026-02-26,KnightMail,1024,15,19,10,9,0.5263157894736842
360,15,1,0,2026-02-26,SilverWolf,976,28,15,6,9,0.4
360,17,0,1,2026-02-26,PerseusDark,1017,17,17,9,8,0.5294117647058824
360,15,0,1,2026-02-26,SolEclipse,977,27,15,6,9,0.4
360,17,0,1,2026-02-26,UnicornSting,984,24,17,8,9,0.47058823529411764
360,17,0,1,2026-02-26,CrimsonGaruda,979,25,17,7,10,0.4117647058823529
360,16,0,1,2026-02-26,WizardRod,978,26,16,7,9,0.4375
360,16,1,0,2026-02-26,LeonClaw,1026,14,16,9,7,0.5625
361,20,0,1,2026-02-26,SharkEdge,993,24,20,10,10,0.5
361,15,0,1,2026-02-26,SilverWolf,976,27,15,6,9,0.4
361,18,0,1,2026-02-26,DranDagger,973,28,18,8,10,0.4444444444444444
361,15,0,1,2026-02-26,SolEclipse,977,26,15,6,9,0.4
361,18,1,0,2026-02-26,UnicornSting,993,23,18,9,9,0.5
361,17,1,0,2026-02-26,WizardRod,969,29,17,7,10,0.4117647058823529
362,15,0,1,2026-02-26,SilverWolf,976,26,15,6,9,0.4
362,18,0,1,2026-02-26,DranDagger,973,27,18,8,10,0.4444444444444444
362,15,0,1,2026-02-26,SolEclipse,977,25,15,6,9,0.4
362,18,1,0,2026-02-26,CrimsonGaruda,973,28,18,7,11,0.3888888888888889
362,7,1,0,2026-02-26,ValkyrieVolt,1113,2,7,6,1,0.8571428571428571
362,18,0,1,2026-02-26,LeonCrest,1108,3,18,12,6,0.6666666666666666
363,18,0,1,2026-02-26,UnicornSting,993,24,18,9,9,0.5
363,18,1,0,2026-02-26,HellsChain,994,23,18,8,10,0.4444444444444444
363,21,1,0,2026-02-26,SharkEdge,1004,19,21,11,10,0.5238095238095238
364,18,0,1,2026-02-26,HellsReaper,1014,19,18,9,9,0.5
364,17,1,0,2026-02-26,WhaleWave,952,34,17,6,11,0.35294117647058826
364,21,0,1,2026-02-26,SharkEdge,1004,20,21,11,10,0.5238095238095238
364,20,0,1,2026-02-26,PhoenixWing,955,32,20,8,12,0.4
364,18,1,0,2026-02-26,RhinoReaper,1015,18,18,9,9,0.5
364,5,0,1,2026-02-26,CobaltDrake,955,33,5,1,4,0.2
365,18,0,1,2026-02-26,HellsReaper,1014,18,18,9,9,0.5
365,19,1,0,2026-02-26,RhinoReaper,1026,14,19,10,9,0.5263157894736842
365,17,1,0,2026-02-26,LeonClaw,1011,19,17,9,8,0.5294117647058824
366,19,1,0,2026-02-26,HellsChain,1007,20,19,9,10,0.47368421052631576
366,18,1,0,2026-02-26,WhaleWave,936,36,18,6,12,0.3333333333333333
366,21,0,1,2026-02-26,SharkEdge,1004,21,21,11,10,0.5238095238095238
366,5,0,1,2026-02-26,WhaleFlame,951,35,5,1,4,0.2
366,2,0,1,2026-02-26,WolfHunt,1003,22,2,1,1,0.5
366,24,0,1,2026-02-26,CerberusFlame,996,23,24,11,13,0.4583333333333333
366,9,0,1,2026-02-26,PhoenixRudder,952,34,9,3,6,0.3333333333333333
367,19,0,1,2026-02-26,HellsChain,1007,21,19,9,10,0.47368421052631576
367,22,1,0,2026-02-26,SharkEdge,1011,19,22,12,10,0.5454545454545454
367,10,0,1,2026-02-26,DranBuster,967,29,10,3,7,0.3
367,19,1,0,2026-02-26,CrimsonGaruda,964,31,19,7,12,0.3684210526315789
367,17,0,1,2026-02-26,WizardRod,969,28,17,7,10,0.4117647058823529
367,17,0,1,2026-02-26,LeonClaw,1011,20,17,9,8,0.5294117647058824
367,2,0,1,2026-02-26,EmperorMight,965,30,2,0,2,0.0
368,27,0,1,2026-02-26,ImpactDrake,1120,2,27,19,8,0.7037037037037037
368,19,1,0,2026-02-26,UnicornSting,989,24,19,9,10,0.47368421052631576
368,8,1,0,2026-02-26,ValkyrieVolt,1122,1,8,7,1,0.875
369,10,0,1,2026-02-26,DranBuster,967,28,10,3,7,0.3
369,20,0,1,2026-02-26,PhoenixWing,955,31,20,8,12,0.4
369,16,1,0,2026-02-26,SilverWolf,989,25,16,7,9,0.4375
369,15,0,1,2026-02-26,SolEclipse,977,26,15,6,9,0.4
369,19,0,1,2026-02-26,CrimsonGaruda,964,30,19,7,12,0.3684210526315789
369,18,1,0,2026-02-26,WizardRod,955,32,18,7,11,0.3888888888888889
369,2,0,1,2026-02-26,EmperorMight,965,29,2,0,2,0.0
370,8,1,0,2026-02-26,WyvernHover,1034,12,8,5,3,0.625
370,21,0,1,2026-02-26,DranSword,1036,11,21,12,9,0.5714285714285714
370,34,0,1,2026-02-26,TuskMammoth,1095,5,34,24,10,0.7058823529411765
370,13,1,0,2026-02-26,SharkScale,1104,4,13,10,3,0.7692307692307693
371,10,0,1,2026-02-26,DranBuster,967,27,10,3,7,0.3
371,23,1,0,2026-02-26,DranBrave,1059,9,23,14,9,0.6086956521739131
371,19,1,0,2026-02-26,DranDagger,966,28,19,8,11,0.42105263157894735
372,19,1,0,2026-02-26,HellsReaper,1004,21,19,9,10,0.47368421052631576
372,19,0,1,2026-02-26,HellsChain,1007,20,19,9,10,0.47368421052631576
372,22,0,1,2026-02-26,SharkEdge,1011,18,22,12,10,0.5454545454545454
372,10,0,1,2026-02-26,DranBuster,967,28,10,3,7,0.3
372,21,1,0,2026-02-26,PhoenixWing,969,27,21,9,12,0.42857142857142855
372,19,0,1,2026-02-26,DranDagger,966,29,19,8,11,0.42105263157894735
372,19,0,1,2026-02-26,CrimsonGaruda,964,31,19,7,12,0.3684210526315789
372,17,0,1,2026-02-26,LeonClaw,1011,19,17,9,8,0.5294117647058824
372,2,0,1,2026-02-26,EmperorMight,965,30,2,0,2,0.0
373,16,1,0,2026-02-26,WeissTiger,1029,13,16,9,7,0.5625
373,10,0,1,2026-02-26,DranBuster,967,27,10,3,7,0.3
373,19,0,1,2026-02-26,KnightMail,1024,16,19,10,9,0.5263157894736842
373,21,0,1,2026-02-26,PhoenixWing,969,26,21,9,12,0.42857142857142855
373,19,0,1,2026-02-26,RhinoReaper,1026,15,19,10,9,0.5263157894736842
373,19,0,1,2026-02-26,DranDagger,966,28,19,8,11,0.42105263157894735
373,16,1,0,2026-02-26,SolEclipse,964,30,16,6,10,0.375
373,18,0,1,2026-02-26,ViperTail,1028,14,18,9,9,0.5
373,2,0,1,2026-02-26,EmperorMight,965,29,2,0,2,0.0
374,8,0,1,2026-02-26,WyvernHover,1034,13,8,5,3,0.625
374,19,0,1,2026-02-26,HellsChain,1007,19,19,9,10,0.47368421052631576
374,22,0,1,2026-02-26,SharkEdge,1011,17,22,12,10,0.5454545454545454
374,16,0,1,2026-02-26,WeissTiger,1029,14,16,9,7,0.5625
374,20,1,0,2026-02-26,KnightMail,1036,11,20,11,9,0.55
374,18,1,0,2026-02-26,PerseusDark,1005,20,18,9,9,0.5
374,19,0,1,2026-02-26,RhinoReaper,1026,16,19,10,9,0.5263157894736842
374,18,0,1,2026-02-26,ViperTail,1028,15,18,9,9,0.5
374,21,0,1,2026-02-26,DranSword,1036,12,21,12,9,0.5714285714285714
374,17,0,1,2026-02-26,LeonClaw,1011,18,17,9,8,0.5294117647058824
375,19,1,0,2026-02-26,ViperTail,1020,16,19,9,10,0.47368421052631576
375,27,1,0,2026-02-26,GolemRock,1084,6,27,17,10,0.6296296296296297
375,19,0,1,2026-02-26,RhinoReaper,1026,15,19,10,9,0.5263157894736842
376,20,0,1,2026-02-26,KnightMail,1036,12,20,11,9,0.55
376,22,1,0,2026-02-26,DranSword,1050,10,22,13,9,0.5909090909090909
376,35,1,0,2026-02-26,TuskMammoth,1084,5,35,24,11,0.6857142857142857
376,24,0,1,2026-02-26,FoxBrush,1050,11,24,15,9,0.625
377,19,0,1,2026-02-26,ScorpioSpear,1064,7,19,12,7,0.631578947368421
377,22,0,1,2026-02-26,DranSword,1050,11,22,13,9,0.5909090909090909
377,21,1,0,2026-02-26,CobaltDragoon,1055,10,21,13,8,0.6190476190476191
377,25,1,0,2026-02-26,FoxBrush,1063,8,25,16,9,0.64
378,28,1,0,2026-02-26,ImpactDrake,1123,1,28,20,8,0.7142857142857143
378,25,1,0,2026-02-26,CerberusFlame,992,23,25,11,14,0.44
378,8,0,1,2026-02-26,ValkyrieVolt,1122,2,8,7,1,0.875
379,20,1,0,2026-02-26,ScorpioSpear,1076,7,20,13,7,0.65
379,19,1,0,2026-02-26,LeonCrest,1091,4,19,12,7,0.631578947368421
379,13,0,1,2026-02-26,SharkScale,1104,3,13,10,3,0.7692307692307693
380,21,0,1,2026-02-26,PhoenixWing,969,28,21,9,12,0.42857142857142855
380,16,0,1,2026-02-26,SilverWolf,989,26,16,7,9,0.4375
380,25,0,1,2026-02-26,CerberusFlame,992,24,25,11,14,0.44
380,19,0,1,2026-02-26,DranDagger,966,30,19,8,11,0.42105263157894735
380,5,0,1,2026-02-26,HellsHammer,900,43,5,0,5,0.0
380,19,0,1,2026-02-26,UnicornSting,989,25,19,9,10,0.47368421052631576
380,19,0,1,2026-02-26,CrimsonGaruda,964,33,19,7,12,0.3684210526315789
380,5,0,1,2026-02-26,CobaltDrake,955,35,5,1,4,0.2
380,1,1,0,2026-02-26,TyrannoRoar,1016,17,1,1,0,1.0
380,9,0,1,2026-02-26,PhoenixRudder,952,36,9,3,6,0.3333333333333333
380,6,0,1,2026-02-26,WizardArrow,887,44,6,0,6,0.0
380,22,0,1,2026-02-26,SharkEdge,1011,18,22,12,10,0.5454545454545454
380,5,0,1,2026-02-26,WhaleFlame,951,37,5,1,4,0.2
380,2,0,1,2026-02-26,WolfHunt,1003,23,2,1,1,0.5
380,10,0,1,2026-02-26,DranBuster,967,29,10,3,7,0.3
380,6,0,1,2026-02-26,PegasusBlast,923,40,6,1,5,0.16666666666666666
380,1,1,0,2026-02-26,HellsBrave,984,27,1,0,1,0.0
380,16,0,1,2026-02-26,SolEclipse,964,32,16,6,10,0.375
380,17,0,1,2026-02-26,LeonClaw,1011,19,17,9,8,0.5294117647058824
380,19,0,1,2026-02-26,HellsChain,1007,20,19,9,10,0.47368421052631576
380,18,0,1,2026-02-26,WhaleWave,936,38,18,6,12,0.3333333333333333
380,8,0,1,2026-02-26,SamuraiSaber,867,45,8,0,8,0.0
380,18,0,1,2026-02-26,PerseusDark,1005,21,18,9,9,0.5
380,18,0,1,2026-02-26,WizardRod,955,34,18,7,11,0.3888888888888889
380,9,0,1,2026-02-26,TyrannoBeat,923,41,9,2,7,0.2222222222222222
380,9,0,1,2026-02-26,BlackShell,919,42,9,2,7,0.2222222222222222
380,2,0,1,2026-02-26,EmperorMight,965,31,2,0,2,0.0
380,19,0,1,2026-02-26,HellsReaper,1004,22,19,9,10,0.47368421052631576
380,7,0,1,2026-02-26,WizardArc,934,39,7,1,6,0.14285714285714285
381,1,1,0,2026-02-26,ClockMirage,981,28,1,0,1,0.0
381,21,0,1,2026-02-26,PhoenixWing,969,29,21,9,12,0.42857142857142855
381,19,0,1,2026-02-26,RhinoReaper,1026,16,19,10,9,0.5263157894736842
381,19,0,1,2026-02-26,DranDagger,966,31,19,8,11,0.42105263157894735
381,5,0,1,2026-02-26,HellsHammer,900,44,5,0,5,0.0
381,19,0,1,2026-02-26,CrimsonGaruda,964,34,19,7,12,0.3684210526315789
381,5,0,1,2026-02-26,CobaltDrake,955,36,5,1,4,0.2
381,2,1,0,2026-02-26,TyrannoRoar,1037,12,2,2,0,1.0
381,9,0,1,2026-02-26,PhoenixRudder,952,37,9,3,6,0.3333333333333333
381,8,0,1,2026-02-26,WyvernHover,1034,14,8,5,3,0.625
381,6,0,1,2026-02-26,WizardArrow,887,45,6,0,6,0.0
381,16,0,1,2026-02-26,WeissTiger,1029,15,16,9,7,0.5625
381,10,0,1,2026-02-26,DranBuster,967,30,10,3,7,0.3
381,5,0,1,2026-02-26,WhaleFlame,951,38,5,1,4,0.2
381,6,0,1,2026-02-26,PegasusBlast,923,41,6,1,5,0.16666666666666666
381,16,0,1,2026-02-26,SolEclipse,964,33,16,6,10,0.375
381,18,0,1,2026-02-26,WhaleWave,936,39,18,6,12,0.3333333333333333
381,8,0,1,2026-02-26,SamuraiSaber,867,46,8,0,8,0.0
381,18,0,1,2026-02-26,WizardRod,955,35,18,7,11,0.3888888888888889
381,9,0,1,2026-02-26,TyrannoBeat,923,42,9,2,7,0.2222222222222222
381,9,0,1,2026-02-26,BlackShell,919,43,9,2,7,0.2222222222222222
381,2,0,1,2026-02-26,EmperorMight,965,32,2,0,2,0.0
381,20,0,1,2026-02-26,KnightMail,1036,13,20,11,9,0.55
381,19,0,1,2026-02-26,ViperTail,1020,17,19,9,10,0.47368421052631576
381,7,0,1,2026-02-26,WizardArc,934,40,7,1,6,0.14285714285714285
382,2,1,0,2026-02-26,ClockMirage,954,36,2,0,2,0.0
382,19,0,1,2026-02-26,HellsReaper,1004,23,19,9,10,0.47368421052631576
382,19,0,1,2026-02-26,HellsChain,1007,21,19,9,10,0.47368421052631576
382,2,0,1,2026-02-26,WolfHunt,1003,24,2,1,1,0.5
382,21,0,1,2026-02-26,PhoenixWing,969,28,21,9,12,0.42857142857142855
382,16,0,1,2026-02-26,SilverWolf,989,27,16,7,9,0.4375
382,25,0,1,2026-02-26,CerberusFlame,992,25,25,11,14,0.44
382,10,0,1,2026-02-26,DranBuster,967,29,10,3,7,0.3
382,18,0,1,2026-02-26,PerseusDark,1005,22,18,9,9,0.5
382,2,1,0,2026-02-26,HellsBrave,1011,20,2,1,1,0.5
382,19,0,1,2026-02-26,DranDagger,966,30,19,8,11,0.42105263157894735
382,19,0,1,2026-02-26,UnicornSting,989,26,19,9,10,0.47368421052631576
382,16,0,1,2026-02-26,SolEclipse,964,32,16,6,10,0.375
382,19,0,1,2026-02-26,CrimsonGaruda,964,33,19,7,12,0.3684210526315789
382,18,0,1,2026-02-26,WizardRod,955,34,18,7,11,0.3888888888888889
382,5,0,1,2026-02-26,CobaltDrake,955,35,5,1,4,0.2
382,2,0,1,2026-02-26,EmperorMight,965,31,2,0,2,0.0
383,3,1,0,2026-02-26,TyrannoRoar,1054,11,3,3,0,1.0
383,10,1,0,2026-02-26,TyrannoBeat,909,43,10,2,8,0.2
383,22,0,1,2026-02-26,DranSword,1050,12,22,13,9,0.5909090909090909
383,9,0,1,2026-02-26,BlackShell,919,42,9,2,7,0.2222222222222222
384,3,1,0,2026-02-26,ClockMirage,972,28,3,1,2,0.3333333333333333
384,5,0,1,2026-02-26,WhaleFlame,951,37,5,1,4,0.2
384,10,0,1,2026-02-26,DranBuster,967,30,10,3,7,0.3
384,21,0,1,2026-02-26,PhoenixWing,969,29,21,9,12,0.42857142857142855
384,9,0,1,2026-02-26,PhoenixRudder,952,36,9,3,6,0.3333333333333333
384,19,0,1,2026-02-26,DranDagger,966,31,19,8,11,0.42105263157894735
384,3,1,0,2026-02-26,EmperorMight,948,38,3,0,3,0.0
385,4,1,0,2026-02-26,ClockMirage,986,28,4,2,2,0.5
385,5,0,1,2026-02-26,WhaleFlame,951,36,5,1,4,0.2
385,3,0,1,2026-02-26,EmperorMight,948,37,3,0,3,0.0
385,19,1,0,2026-02-26,WizardRod,945,38,19,7,12,0.3684210526315789
385,5,0,1,2026-02-26,CobaltDrake,955,34,5,1,4,0.2
385,9,0,1,2026-02-26,PhoenixRudder,952,35,9,3,6,0.3333333333333333
386,3,1,0,2026-02-26,WolfHunt,980,28,3,1,2,0.3333333333333333
386,4,0,1,2026-02-26,ClockMirage,986,27,4,2,2,0.5
386,17,1,0,2026-02-26,SilverWolf,1003,24,17,8,9,0.47058823529411764
387,5,0,1,2026-02-26,WhaleFlame,951,35,5,1,4,0.2
387,3,0,1,2026-02-26,EmperorMight,948,36,3,0,3,0.0
387,6,1,0,2026-02-26,CobaltDrake,946,37,6,1,5,0.16666666666666666
387,4,1,0,2026-02-26,TyrannoRoar,1064,8,4,4,0,1.0
387,23,0,1,2026-02-26,DranBrave,1059,10,23,14,9,0.6086956521739131
387,21,0,1,2026-02-26,CobaltDragoon,1055,11,21,13,8,0.6190476190476191
387,25,0,1,2026-02-26,FoxBrush,1063,9,25,16,9,0.64
387,9,0,1,2026-02-26,PhoenixRudder,952,34,9,3,6,0.3333333333333333
388,18,0,1,2026-02-26,WhaleWave,936,38,18,6,12,0.3333333333333333
388,22,0,1,2026-02-26,SharkEdge,1011,19,22,12,10,0.5454545454545454
388,19,0,1,2026-02-26,RhinoReaper,1026,17,19,10,9,0.5263157894736842
388,3,1,0,2026-02-26,HellsBrave,1027,16,3,2,1,0.6666666666666666
388,19,0,1,2026-02-26,ViperTail,1020,18,19,9,10,0.47368421052631576
388,19,0,1,2026-02-26,WizardRod,945,37,19,7,12,0.3684210526315789
388,6,0,1,2026-02-26,CobaltDrake,946,36,6,1,5,0.16666666666666666
388,7,0,1,2026-02-26,WizardArc,934,39,7,1,6,0.14285714285714285
388,17,0,1,2026-02-26,LeonClaw,1011,20,17,9,8,0.5294117647058824
388,4,1,0,2026-02-26,EmperorMight,928,40,4,0,4,0.0
389,26,1,0,2026-02-26,CerberusFlame,1004,22,26,12,14,0.46153846153846156
389,19,1,0,2026-02-26,PerseusDark,994,25,19,9,10,0.47368421052631576
390,19,0,1,2026-03-01,HellsReaper,1004,24,19,9,10,0.47368421052631576
390,19,0,1,2026-03-01,HellsChain,1007,22,19,9,10,0.47368421052631576
390,22,0,1,2026-03-01,SharkEdge,1011,20,22,12,10,0.5454545454545454
390,18,1,0,2026-03-01,SilverWolf,1021,18,18,9,9,0.5
390,26,0,1,2026-03-01,CerberusFlame,1004,23,26,12,14,0.46153846153846156
390,13,0,1,2026-03-01,SharkScale,1104,2,13,10,3,0.7692307692307693
390,19,0,1,2026-03-01,ViperTail,1020,19,19,9,10,0.47368421052631576
390,17,0,1,2026-03-01,LeonClaw,1011,21,17,9,8,0.5294117647058824
390,9,1,0,2026-03-01,ValkyrieVolt,1090,4,9,7,2,0.7777777777777778
390,19,0,1,2026-03-01,LeonCrest,1091,3,19,12,7,0.631578947368421
391,18,0,1,2026-03-01,WhaleWave,936,37,18,6,12,0.3333333333333333
391,22,0,1,2026-03-01,SharkEdge,1011,21,22,12,10,0.5454545454545454
391,18,0,1,2026-03-01,SilverWolf,1021,19,18,9,9,0.5
391,19,0,1,2026-03-01,ViperTail,1020,20,19,9,10,0.47368421052631576
391,20,1,0,2026-03-01,WizardRod,930,39,20,7,13,0.35
391,7,0,1,2026-03-01,WizardArc,934,38,7,1,6,0.14285714285714285
391,18,1,0,2026-03-01,LeonClaw,1022,18,18,10,8,0.5555555555555556
392,19,0,1,2026-03-01,HellsReaper,1004,23,19,9,10,0.47368421052631576
392,19,0,1,2026-03-01,HellsChain,1007,21,19,9,10,0.47368421052631576
392,23,1,0,2026-03-01,SharkEdge,1003,24,23,12,11,0.5217391304347826
392,26,0,1,2026-03-01,CerberusFlame,1004,22,26,12,14,0.46153846153846156
392,19,0,1,2026-03-01,PerseusDark,994,26,19,9,10,0.47368421052631576
392,20,1,0,2026-03-01,UnicornSting,998,25,20,10,10,0.5
393,19,1,0,2026-03-01,WhaleWave,921,41,19,6,13,0.3157894736842105
393,10,0,1,2026-03-01,DranBuster,967,31,10,3,7,0.3
393,21,0,1,2026-03-01,PhoenixWing,969,30,21,9,12,0.42857142857142855
393,6,0,1,2026-03-01,PegasusBlast,923,40,6,1,5,0.16666666666666666
393,19,0,1,2026-03-01,DranDagger,966,32,19,8,11,0.42105263157894735
393,16,0,1,2026-03-01,SolEclipse,964,33,16,6,10,0.375
393,20,1,0,2026-03-01,CrimsonGaruda,977,29,20,8,12,0.4
393,20,0,1,2026-03-01,WizardRod,930,38,20,7,13,0.35
393,7,0,1,2026-03-01,WizardArc,934,37,7,1,6,0.14285714285714285
393,4,0,1,2026-03-01,EmperorMight,928,39,4,0,4,0.0
394,20,1,0,2026-03-01,HellsChain,1015,21,20,10,10,0.5
394,18,0,1,2026-03-01,SilverWolf,1021,18,18,9,9,0.5
394,20,1,0,2026-03-01,RhinoReaper,1018,20,20,10,10,0.5
394,19,0,1,2026-03-01,ViperTail,1020,19,19,9,10,0.47368421052631576
394,18,0,1,2026-03-01,LeonClaw,1022,17,18,10,8,0.5555555555555556
395,20,1,0,2026-03-01,WhaleWave,936,37,20,7,13,0.35
395,19,0,1,2026-03-01,PerseusDark,994,25,19,9,10,0.47368421052631576
395,6,0,1,2026-03-01,PegasusBlast,923,41,6,1,5,0.16666666666666666
395,21,1,0,2026-03-01,UnicornSting,989,26,21,10,11,0.47619047619047616
395,20,0,1,2026-03-01,WizardRod,930,39,20,7,13,0.35
395,7,0,1,2026-03-01,WizardArc,934,38,7,1,6,0.14285714285714285
395,4,0,1,2026-03-01,EmperorMight,928,40,4,0,4,0.0
396,4,0,1,2026-03-01,ClockMirage,986,28,4,2,2,0.5
396,20,0,1,2026-03-01,HellsChain,1015,20,20,10,10,0.5
396,3,0,1,2026-03-01,WolfHunt,980,29,3,1,2,0.3333333333333333
396,21,1,0,2026-03-01,RhinoReaper,1009,21,21,10,11,0.47619047619047616
396,21,1,0,2026-03-01,CrimsonGaruda,987,27,21,9,12,0.42857142857142855
397,21,1,0,2026-03-01,HellsChain,1026,17,21,11,10,0.5238095238095238
397,19,1,0,2026-03-01,LeonClaw,1009,20,19,10,9,0.5263157894736842
398,21,0,1,2026-03-01,HellsChain,1026,18,21,11,10,0.5238095238095238
398,24,1,0,2026-03-01,SharkEdge,997,24,24,12,12,0.5
398,16,0,1,2026-03-01,WeissTiger,1029,16,16,9,7,0.5625
398,19,1,0,2026-03-01,SilverWolf,1030,15,19,10,9,0.5263157894736842
398,3,0,1,2026-03-01,HellsBrave,1027,17,3,2,1,0.6666666666666666
399,6,0,1,2026-03-01,PegasusBlast,923,40,6,1,5,0.16666666666666666
399,21,1,0,2026-03-01,WizardRod,920,41,21,7,14,0.3333333333333333
399,10,1,0,2026-03-01,ValkyrieVolt,1100,3,10,8,2,0.8
399,19,0,1,2026-03-01,LeonCrest,1091,4,19,12,7,0.631578947368421
399,4,0,1,2026-03-01,EmperorMight,928,39,4,0,4,0.0
400,8,0,1,2026-03-01,WyvernHover,1034,15,8,5,3,0.625
400,4,0,1,2026-03-01,ClockMirage,986,27,4,2,2,0.5
400,17,1,0,2026-03-01,WeissTiger,1040,13,17,10,7,0.5882352941176471
400,20,0,1,2026-03-01,KnightMail,1036,14,20,11,9,0.55
400,19,0,1,2026-03-01,SilverWolf,1030,16,19,10,9,0.5263157894736842
400,20,1,0,2026-03-01,PerseusDark,983,28,20,9,11,0.45
400,21,0,1,2026-03-01,UnicornSting,989,25,21,10,11,0.47619047619047616
400,21,0,1,2026-03-01,CrimsonGaruda,987,26,21,9,12,0.42857142857142855
401,9,1,0,2026-03-01,WyvernHover,1017,19,9,5,4,0.5555555555555556
401,21,0,1,2026-03-01,HellsChain,1026,17,21,11,10,0.5238095238095238
401,17,0,1,2026-03-01,WeissTiger,1040,14,17,10,7,0.5882352941176471
401,21,1,0,2026-03-01,KnightMail,1049,13,21,12,9,0.5714285714285714
401,19,0,1,2026-03-01,SilverWolf,1030,15,19,10,9,0.5263157894736842
401,3,0,1,2026-03-01,HellsBrave,1027,16,3,2,1,0.6666666666666666
401,19,0,1,2026-03-01,ViperTail,1020,18,19,9,10,0.47368421052631576
402,17,1,0,2026-03-01,SolEclipse,954,33,17,6,11,0.35294117647058826
402,22,1,0,2026-03-01,PhoenixWing,977,30,22,10,12,0.45454545454545453
403,20,1,0,2026-03-01,HellsReaper,1011,20,20,10,10,0.5
403,26,0,1,2026-03-01,CerberusFlame,1004,23,26,12,14,0.46153846153846156
403,21,0,1,2026-03-01,RhinoReaper,1009,22,21,10,11,0.47619047619047616
403,20,1,0,2026-03-01,DranDagger,956,32,20,8,12,0.4
403,19,0,1,2026-03-01,LeonClaw,1009,21,19,10,9,0.5263157894736842
404,21,0,1,2026-03-01,KnightMail,1049,12,21,12,9,0.5714285714285714
404,14,1,0,2026-03-01,SharkScale,1120,2,14,11,3,0.7857142857142857
404,22,0,1,2026-03-01,DranSword,1050,11,22,13,9,0.5909090909090909
404,24,1,0,2026-03-01,DranBrave,1047,13,24,14,10,0.5833333333333334
404,21,0,1,2026-03-01,CobaltDragoon,1055,10,21,13,8,0.6190476190476191
405,5,0,1,2026-03-01,WhaleFlame,951,34,5,1,4,0.2
405,21,1,0,2026-03-01,DranDagger,966,32,21,9,12,0.42857142857142855
405,18,1,0,2026-03-01,SolEclipse,944,36,18,6,12,0.3333333333333333
405,6,0,1,2026-03-01,CobaltDrake,946,35,6,1,5,0.16666666666666666
405,9,0,1,2026-03-01,PhoenixRudder,952,33,9,3,6,0.3333333333333333
406,21,1,0,2026-03-01,HellsReaper,1004,23,21,10,11,0.47619047619047616
406,26,0,1,2026-03-01,CerberusFlame,1004,22,26,12,14,0.46153846153846156
406,21,0,1,2026-03-01,RhinoReaper,1009,21,21,10,11,0.47619047619047616
406,15,1,0,2026-03-01,SharkScale,1133,1,15,12,3,0.8
406,28,0,1,2026-03-01,ImpactDrake,1123,2,28,20,8,0.7142857142857143
406,19,0,1,2026-03-01,LeonClaw,1009,20,19,10,9,0.5263157894736842
407,10,1,0,2026-03-01,WyvernHover,1009,21,10,5,5,0.5
407,21,0,1,2026-03-01,KnightMail,1049,13,21,12,9,0.5714285714285714
407,21,0,1,2026-03-01,RhinoReaper,1009,20,21,10,11,0.47619047619047616
407,22,0,1,2026-03-01,DranSword,1050,12,22,13,9,0.5909090909090909
407,25,1,0,2026-03-01,DranBrave,1054,11,25,15,10,0.6
407,19,0,1,2026-03-01,LeonClaw,1009,19,19,10,9,0.5263157894736842
408,4,0,1,2026-03-01,ClockMirage,986,28,4,2,2,0.5
408,23,1,0,2026-03-01,PhoenixWing,970,30,23,10,13,0.43478260869565216
408,21,1,0,2026-03-01,PerseusDark,992,25,21,10,11,0.47619047619047616
408,21,0,1,2026-03-01,CrimsonGaruda,987,27,21,9,12,0.42857142857142855
408,21,0,1,2026-03-01,UnicornSting,989,26,21,10,11,0.47619047619047616
409,22,1,0,2026-03-01,KnightMail,1039,14,22,12,10,0.5454545454545454
409,18,1,0,2026-03-01,WeissTiger,1049,13,18,11,7,0.6111111111111112
410,29,1,0,2026-03-01,ImpactDrake,1129,2,29,21,8,0.7241379310344828
410,21,1,0,2026-03-01,ScorpioSpear,1067,7,21,13,8,0.6190476190476191
411,35,0,1,2026-03-01,TuskMammoth,1084,4,35,24,11,0.6857142857142857
411,21,0,1,2026-03-01,HellsChain,1026,18,21,11,10,0.5238095238095238
411,19,0,1,2026-03-01,SilverWolf,1030,16,19,10,9,0.5263157894736842
411,27,0,1,2026-03-01,GolemRock,1084,5,27,17,10,0.6296296296296297
411,3,0,1,2026-03-01,HellsBrave,1027,17,3,2,1,0.6666666666666666
411,20,1,0,2026-03-01,ViperTail,1036,15,20,10,10,0.5
411,20,1,0,2026-03-01,LeonCrest,1069,6,20,12,8,0.6
412,21,0,1,2026-03-01,HellsReaper,1004,22,21,10,11,0.47619047619047616
412,26,1,0,2026-03-01,FoxBrush,1074,6,26,17,9,0.6538461538461539
412,24,0,1,2026-03-01,SharkEdge,997,23,24,12,12,0.5
412,27,1,0,2026-03-01,CerberusFlame,994,24,27,12,15,0.4444444444444444
412,21,0,1,2026-03-01,ScorpioSpear,1067,8,21,13,8,0.6190476190476191
412,4,0,1,2026-03-01,TyrannoRoar,1064,9,4,4,0,1.0
412,20,0,1,2026-03-01,LeonCrest,1069,7,20,12,8,0.6
413,36,1,0,2026-03-01,TuskMammoth,1095,4,36,25,11,0.6944444444444444
413,18,0,1,2026-03-01,WeissTiger,1049,12,18,11,7,0.6111111111111112
413,22,0,1,2026-03-01,DranSword,1050,11,22,13,9,0.5909090909090909
413,25,0,1,2026-03-01,DranBrave,1054,10,25,15,10,0.6
413,22,1,0,2026-03-01,CobaltDragoon,1044,13,22,13,9,0.5909090909090909
414,25,0,1,2026-03-01,DranBrave,1054,11,25,15,10,0.6
414,28,1,0,2026-03-01,GolemRock,1077,5,28,17,11,0.6071428571428571
414,23,1,0,2026-03-01,DranSword,1059,10,23,14,9,0.6086956521739131
415,21,0,1,2026-03-01,HellsReaper,1004,23,21,10,11,0.47619047619047616
415,28,1,0,2026-03-01,CerberusFlame,1005,22,28,13,15,0.4642857142857143
415,37,1,0,2026-03-01,TuskMammoth,1088,4,37,25,12,0.6756756756756757
415,24,0,1,2026-03-01,SharkEdge,997,24,24,12,12,0.5
416,22,0,1,2026-03-01,KnightMail,1039,13,22,12,10,0.5454545454545454
416,29,1,0,2026-03-01,GolemRock,1082,5,29,18,11,0.6206896551724138
416,23,1,0,2026-03-01,CobaltDragoon,1038,14,23,13,10,0.5652173913043478
417,18,0,1,2026-03-01,WeissTiger,1049,11,18,11,7,0.6111111111111112
417,22,0,1,2026-03-01,KnightMail,1039,14,22,12,10,0.5454545454545454
417,21,1,0,2026-03-01,ViperTail,1047,13,21,11,10,0.5238095238095238
417,24,1,0,2026-03-01,DranSword,1049,12,24,14,10,0.5833333333333334
417,25,0,1,2026-03-01,DranBrave,1054,10,25,15,10,0.6
417,23,0,1,2026-03-01,CobaltDragoon,1038,15,23,13,10,0.5652173913043478
418,4,0,1,2026-03-01,TyrannoRoar,1064,8,4,4,0,1.0
418,22,1,0,2026-03-01,ScorpioSpear,1059,9,22,13,9,0.5909090909090909
418,27,1,0,2026-03-01,FoxBrush,1080,6,27,18,9,0.6666666666666666
419,30,1,0,2026-03-01,ImpactDrake,1121,2,30,21,9,0.7
419,21,1,0,2026-03-01,LeonCrest,1078,7,21,13,8,0.6190476190476191
420,11,1,0,2026-03-20,ValkyrieVolt,1118,3,11,9,2,0.8181818181818182
420,22,1,0,2026-03-20,LeonCrest,1066,7,22,13,9,0.5909090909090909
421,23,1,0,2026-03-20,ScorpioSpear,1054,9,23,13,10,0.5652173913043478
421,16,1,0,2026-03-20,SharkScale,1142,1,16,13,3,0.8125
422,19,1,0,2026-03-20,WeissTiger,1038,14,19,11,8,0.5789473684210527
422,22,0,1,2026-03-20,KnightMail,1039,13,22,12,10,0.5454545454545454
422,21,0,1,2026-03-20,ViperTail,1047,12,21,11,10,0.5238095238095238
422,24,0,1,2026-03-20,DranSword,1049,11,24,14,10,0.5833333333333334
422,31,1,0,2026-03-20,ImpactDrake,1128,2,31,22,9,0.7096774193548387
423,38,1,0,2026-03-20,TuskMammoth,1099,4,38,26,12,0.6842105263157895
423,21,0,1,2026-03-20,HellsChain,1026,17,21,11,10,0.5238095238095238
423,19,0,1,2026-03-20,WeissTiger,1038,13,19,11,8,0.5789473684210527
423,23,1,0,2026-03-20,KnightMail,1025,18,23,12,11,0.5217391304347826
423,19,0,1,2026-03-20,SilverWolf,1030,15,19,10,9,0.5263157894736842
423,3,0,1,2026-03-20,HellsBrave,1027,16,3,2,1,0.6666666666666666
423,23,0,1,2026-03-20,CobaltDragoon,1038,14,23,13,10,0.5652173913043478
424,24,1,0,2026-03-20,ScorpioSpear,1046,12,24,13,11,0.5416666666666666
424,24,0,1,2026-03-20,DranSword,1049,10,24,14,10,0.5833333333333334
424,21,0,1,2026-03-20,ViperTail,1047,11,21,11,10,0.5238095238095238
424,25,0,1,2026-03-20,DranBrave,1054,9,25,15,10,0.6
424,23,1,0,2026-03-20,LeonCrest,1076,7,23,14,9,0.6086956521739131
425,24,1,0,2026-03-20,KnightMail,1018,18,24,12,12,0.5
425,24,0,1,2026-03-20,ScorpioSpear,1046,13,24,13,11,0.5416666666666666
425,20,1,0,2026-03-20,WeissTiger,1047,12,20,12,8,0.6
426,12,1,0,2026-03-20,ValkyrieVolt,1138,1,12,10,2,0.8333333333333334
426,17,1,0,2026-03-20,SharkScale,1122,3,17,13,4,0.7647058823529411
427,32,1,0,2026-03-20,ImpactDrake,1134,2,32,23,9,0.71875
427,39,1,0,2026-03-20,TuskMammoth,1094,4,39,26,13,0.6666666666666666
428,21,1,0,2026-03-20,WeissTiger,1037,14,21,12,9,0.5714285714285714
428,24,0,1,2026-03-20,ScorpioSpear,1046,12,24,13,11,0.5416666666666666
428,23,0,1,2026-03-20,CobaltDragoon,1038,13,23,13,10,0.5652173913043478
428,18,1,0,2026-03-20,SharkScale,1134,3,18,14,4,0.7777777777777778
429,40,1,0,2026-03-20,TuskMammoth,1099,4,40,27,13,0.675
429,24,1,0,2026-03-20,LeonCrest,1069,7,24,14,10,0.5833333333333334
430,41,1,0,2026-03-20,TuskMammoth,1106,4,41,28,13,0.6829268292682927
430,19,1,0,2026-03-20,SharkScale,1117,3,19,14,5,0.7368421052631579
431,33,1,0,2026-03-20,ImpactDrake,1142,1,33,24,9,0.7272727272727273
431,13,1,0,2026-03-20,ValkyrieVolt,1122,2,13,10,3,0.7692307692307693
432,21,0,1,2026-03-20,HellsChain,1026,18,21,11,10,0.5238095238095238
432,21,0,1,2026-03-20,WeissTiger,1037,13,21,12,9,0.5714285714285714
432,25,1,0,2026-03-20,KnightMail,1031,15,25,13,12,0.52
432,19,0,1,2026-03-20,SilverWolf,1030,16,19,10,9,0.5263157894736842
432,3,0,1,2026-03-20,HellsBrave,1027,17,3,2,1,0.6666666666666666
432,25,1,0,2026-03-20,ScorpioSpear,1032,14,25,13,12,0.52
432,23,0,1,2026-03-20,CobaltDragoon,1038,12,23,13,10,0.5652173913043478
433,25,0,1,2026-03-20,ScorpioSpear,1032,13,25,13,12,0.52
433,25,1,0,2026-03-20,LeonCrest,1074,7,25,15,10,0.6
433,22,1,0,2026-03-20,WeissTiger,1031,14,22,12,10,0.5454545454545454
434,42,1,0,2026-03-20,TuskMammoth,1113,3,42,29,13,0.6904761904761905
434,14,1,0,2026-03-20,ValkyrieVolt,1108,4,14,10,4,0.7142857142857143
434,19,0,1,2026-03-20,SharkScale,1117,2,19,14,5,0.7368421052631579
435,34,1,0,2026-03-20,ImpactDrake,1155,1,34,25,9,0.7352941176470589
435,43,1,0,2026-03-20,TuskMammoth,1103,4,43,29,14,0.6744186046511628
435,14,0,1,2026-03-20,ValkyrieVolt,1108,3,14,10,4,0.7142857142857143
436,5,0,1,2026-03-20,WhaleFlame,951,35,5,1,4,0.2
436,10,0,1,2026-03-20,DranBuster,967,32,10,3,7,0.3
436,21,0,1,2026-03-20,DranDagger,966,33,21,9,12,0.42857142857142855
436,21,0,1,2026-03-20,ViperTail,1047,10,21,11,10,0.5238095238095238
436,24,0,1,2026-03-20,DranSword,1049,9,24,14,10,0.5833333333333334
436,7,1,0,2026-03-20,CobaltDrake,969,31,7,2,5,0.2857142857142857
436,5,1,0,2026-03-20,TyrannoRoar,1037,12,5,4,1,0.8
436,25,0,1,2026-03-20,DranBrave,1054,8,25,15,10,0.6
436,23,0,1,2026-03-20,CobaltDragoon,1038,11,23,13,10,0.5652173913043478
436,9,0,1,2026-03-20,PhoenixRudder,952,34,9,3,6,0.3333333333333333
437,22,0,1,2026-03-20,WeissTiger,1031,15,22,12,10,0.5454545454545454
437,25,0,1,2026-03-20,KnightMail,1031,16,25,13,12,0.52
437,19,0,1,2026-03-20,SilverWolf,1030,17,19,10,9,0.5263157894736842
437,4,1,0,2026-03-20,HellsBrave,1047,10,4,3,1,0.75
437,21,0,1,2026-03-20,ViperTail,1047,11,21,11,10,0.5238095238095238
437,22,1,0,2026-03-20,WizardRod,906,43,22,7,15,0.3181818181818182
437,25,0,1,2026-03-20,ScorpioSpear,1032,14,25,13,12,0.52
437,5,0,1,2026-03-20,TyrannoRoar,1037,13,5,4,1,0.8
437,10,0,1,2026-03-20,TyrannoBeat,909,42,10,2,8,0.2
437,9,0,1,2026-03-20,BlackShell,919,41,9,2,7,0.2222222222222222
437,23,0,1,2026-03-20,CobaltDragoon,1038,12,23,13,10,0.5652173913043478
438,5,1,0,2026-03-20,ClockMirage,965,33,5,2,3,0.4
438,20,0,1,2026-03-20,WhaleWave,936,38,20,7,13,0.35
438,5,0,1,2026-03-20,WhaleFlame,951,36,5,1,4,0.2
438,3,0,1,2026-03-20,WolfHunt,980,28,3,1,2,0.3333333333333333
438,23,0,1,2026-03-20,PhoenixWing,970,29,23,10,13,0.43478260869565216
438,10,0,1,2026-03-20,DranBuster,967,31,10,3,7,0.3
438,9,0,1,2026-03-20,PhoenixRudder,952,35,9,3,6,0.3333333333333333
438,21,0,1,2026-03-20,DranDagger,966,32,21,9,12,0.42857142857142855
438,18,0,1,2026-03-20,SolEclipse,944,37,18,6,12,0.3333333333333333
438,7,0,1,2026-03-20,CobaltDrake,969,30,7,2,5,0.2857142857142857
438,7,0,1,2026-03-20,WizardArc,934,39,7,1,6,0.14285714285714285
438,5,1,0,2026-03-20,EmperorMight,957,34,5,1,4,0.2
439,20,0,1,2026-03-20,WhaleWave,936,39,20,7,13,0.35
439,3,0,1,2026-03-20,WolfHunt,980,27,3,1,2,0.3333333333333333
439,6,0,1,2026-03-20,PegasusBlast,923,41,6,1,5,0.16666666666666666
439,22,1,0,2026-03-20,UnicornSting,979,28,22,10,12,0.45454545454545453
439,21,0,1,2026-03-20,CrimsonGaruda,987,26,21,9,12,0.42857142857142855
439,7,0,1,2026-03-20,WizardArc,934,40,7,1,6,0.14285714285714285
439,10,1,0,2026-03-20,BlackShell,939,38,10,3,7,0.3
440,4,1,0,2026-03-20,WolfHunt,997,25,4,2,2,0.5
440,21,0,1,2026-03-20,PerseusDark,992,26,21,10,11,0.47619047619047616
440,5,0,1,2026-03-20,HellsHammer,900,43,5,0,5,0.0
440,21,0,1,2026-03-20,CrimsonGaruda,987,27,21,9,12,0.42857142857142855
440,22,0,1,2026-03-20,WizardRod,906,42,22,7,15,0.3181818181818182
440,11,1,0,2026-03-20,TyrannoBeat,892,44,11,2,9,0.18181818181818182
441,5,0,1,2026-03-20,ClockMirage,965,32,5,2,3,0.4
441,20,0,1,2026-03-20,WhaleWave,936,40,20,7,13,0.35
441,5,0,1,2026-03-20,WhaleFlame,951,35,5,1,4,0.2
441,11,1,0,2026-03-20,DranBuster,948,36,11,3,8,0.2727272727272727
441,9,0,1,2026-03-20,PhoenixRudder,952,34,9,3,6,0.3333333333333333
441,7,1,0,2026-03-20,PegasusBlast,947,37,7,2,5,0.2857142857142857
441,21,0,1,2026-03-20,DranDagger,966,31,21,9,12,0.42857142857142855
441,18,0,1,2026-03-20,SolEclipse,944,38,18,6,12,0.3333333333333333
441,7,0,1,2026-03-20,WizardArc,934,41,7,1,6,0.14285714285714285
441,10,0,1,2026-03-20,BlackShell,939,39,10,3,7,0.3
441,5,0,1,2026-03-20,EmperorMight,957,33,5,1,4,0.2
442,5,0,1,2026-03-20,ClockMirage,965,33,5,2,3,0.4
442,23,0,1,2026-03-20,PhoenixWing,970,30,23,10,13,0.43478260869565216
442,21,0,1,2026-03-20,DranDagger,966,32,21,9,12,0.42857142857142855
442,5,0,1,2026-03-20,EmperorMight,957,34,5,1,4,0.2
442,7,0,1,2026-03-20,CobaltDrake,969,31,7,2,5,0.2857142857142857
442,8,1,0,2026-03-20,WizardArc,914,41,8,1,7,0.125
442,10,1,0,2026-03-20,PhoenixRudder,971,29,10,4,6,0.4
443,21,0,1,2026-03-20,PerseusDark,992,27,21,10,11,0.47619047619047616
443,6,1,0,2026-03-20,HellsHammer,875,45,6,0,6,0.0
443,22,1,0,2026-03-20,CrimsonGaruda,996,26,22,10,12,0.45454545454545453
443,11,0,1,2026-03-20,TyrannoBeat,892,43,11,2,9,0.18181818181818182
443,6,0,1,2026-03-20,WizardArrow,887,44,6,0,6,0.0
444,6,0,1,2026-03-20,HellsHammer,875,44,6,0,6,0.0
444,10,0,1,2026-03-20,BlackShell,939,40,10,3,7,0.3
444,21,1,0,2026-03-20,WhaleWave,944,39,21,8,13,0.38095238095238093
444,7,1,0,2026-03-20,WizardArrow,872,45,7,0,7,0.0
445,5,0,1,2026-03-20,EmperorMight,957,35,5,1,4,0.2
445,9,1,0,2026-03-20,SamuraiSaber,856,46,9,0,9,0.0
445,6,1,0,2026-03-20,WhaleFlame,961,34,6,2,4,0.3333333333333333
446,7,1,0,2026-03-20,WhaleFlame,950,35,7,2,5,0.2857142857142857
446,5,1,0,2026-03-20,HellsBrave,1060,8,5,4,1,0.8
446,24,0,1,2026-03-20,DranSword,1049,10,24,14,10,0.5833333333333334
446,25,0,1,2026-03-20,DranBrave,1054,9,25,15,10,0.6
446,5,0,1,2026-03-20,EmperorMight,957,34,5,1,4,0.2
447,21,0,1,2026-03-20,HellsReaper,1004,24,21,10,11,0.47619047619047616
447,5,0,1,2026-03-20,ClockMirage,965,32,5,2,3,0.4
447,24,0,1,2026-03-20,SharkEdge,997,25,24,12,12,0.5
447,5,1,0,2026-03-20,WolfHunt,1007,22,5,3,2,0.6
447,28,0,1,2026-03-20,CerberusFlame,1005,23,28,13,15,0.4642857142857143
447,21,0,1,2026-03-20,DranDagger,966,31,21,9,12,0.42857142857142855
447,8,1,0,2026-03-20,CobaltDrake,960,33,8,2,6,0.25
448,7,0,1,2026-03-20,WhaleFlame,950,34,7,2,5,0.2857142857142857
448,11,0,1,2026-03-20,DranBuster,948,35,11,3,8,0.2727272727272727
448,11,1,0,2026-03-20,PhoenixRudder,982,28,11,5,6,0.45454545454545453
448,7,0,1,2026-03-20,PegasusBlast,947,36,7,2,5,0.2857142857142857
448,22,0,1,2026-03-20,UnicornSting,979,29,22,10,12,0.45454545454545453
448,6,1,0,2026-03-20,EmperorMight,945,37,6,1,5,0.16666666666666666
449,23,1,0,2026-03-20,CrimsonGaruda,1002,25,23,11,12,0.4782608695652174
449,11,1,0,2026-03-20,BlackShell,929,40,11,3,8,0.2727272727272727
449,24,0,1,2026-03-20,SharkEdge,997,26,24,12,12,0.5
450,22,1,0,2026-03-20,WhaleWave,935,39,22,8,14,0.36363636363636365
450,7,0,1,2026-03-20,WhaleFlame,950,35,7,2,5,0.2857142857142857
450,11,0,1,2026-03-20,DranBuster,948,36,11,3,8,0.2727272727272727
450,8,1,0,2026-03-20,PegasusBlast,960,33,8,3,5,0.375
450,8,0,1,2026-03-20,CobaltDrake,960,34,8,2,6,0.25
451,6,1,0,2026-03-20,TyrannoRoar,1048,11,6,5,1,0.8333333333333334
451,12,1,0,2026-03-20,TyrannoBeat,879,43,12,2,10,0.16666666666666666
451,21,0,1,2026-03-20,ViperTail,1047,12,21,11,10,0.5238095238095238
451,23,0,1,2026-03-20,CobaltDragoon,1038,13,23,13,10,0.5652173913043478
452,6,1,0,2026-03-20,ClockMirage,948,35,6,2,4,0.3333333333333333
452,7,0,1,2026-03-20,WhaleFlame,950,34,7,2,5,0.2857142857142857
452,8,0,1,2026-03-20,PegasusBlast,960,32,8,3,5,0.375
452,8,0,1,2026-03-20,CobaltDrake,960,33,8,2,6,0.25
452,9,1,0,2026-03-20,WizardArc,933,40,9,2,7,0.2222222222222222
452,11,0,1,2026-03-20,BlackShell,929,41,11,3,8,0.2727272727272727
453,23,1,0,2026-03-20,UnicornSting,967,30,23,10,13,0.43478260869565216
453,23,0,1,2026-03-20,PhoenixWing,970,29,23,10,13,0.43478260869565216
453,12,0,1,2026-03-20,TyrannoBeat,879,44,12,2,10,0.16666666666666666
453,7,1,0,2026-03-20,HellsHammer,900,43,7,1,6,0.14285714285714285
454,22,0,1,2026-03-20,WhaleWave,935,38,22,8,14,0.36363636363636365
454,12,1,0,2026-03-20,DranBuster,925,41,12,3,9,0.25
454,7,0,1,2026-03-20,HellsHammer,900,44,7,1,6,0.14285714285714285
454,18,0,1,2026-03-20,SolEclipse,944,37,18,6,12,0.3333333333333333
454,8,1,0,2026-03-20,WizardArrow,903,43,8,1,7,0.125
454,9,0,1,2026-03-20,WizardArc,933,39,9,2,7,0.2222222222222222
454,12,0,1,2026-03-20,TyrannoBeat,879,45,12,2,10,0.16666666666666666
454,11,0,1,2026-03-20,BlackShell,929,40,11,3,8,0.2727272727272727
454,6,0,1,2026-03-20,EmperorMight,945,36,6,1,5,0.16666666666666666
455,23,1,0,2026-03-20,WizardRod,923,42,23,8,15,0.34782608695652173
455,10,1,0,2026-03-20,SamuraiSaber,832,46,10,0,10,0.0
456,12,1,0,2026-03-20,PhoenixRudder,971,28,12,5,7,0.4166666666666667
456,25,0,1,2026-03-20,LeonCrest,1074,8,25,15,10,0.6
456,6,1,0,2026-03-20,HellsBrave,1078,7,6,5,1,0.8333333333333334
457,10,0,1,2026-03-20,WyvernHover,1009,22,10,5,5,0.5
457,21,0,1,2026-03-20,HellsChain,1026,19,21,11,10,0.5238095238095238
457,24,0,1,2026-03-20,SharkEdge,997,25,24,12,12,0.5
457,6,1,0,2026-03-20,WolfHunt,1028,18,6,4,2,0.6666666666666666
457,21,0,1,2026-03-20,PerseusDark,992,26,21,10,11,0.47619047619047616
457,21,0,1,2026-03-20,RhinoReaper,1009,21,21,10,11,0.47619047619047616
457,24,1,0,2026-03-20,CrimsonGaruda,988,27,24,11,13,0.4583333333333333
457,19,0,1,2026-03-20,LeonClaw,1009,20,19,10,9,0.5263157894736842
458,7,0,1,2026-03-20,WhaleFlame,950,33,7,2,5,0.2857142857142857
458,23,0,1,2026-03-20,PhoenixWing,970,30,23,10,13,0.43478260869565216
458,9,1,0,2026-03-20,PegasusBlast,949,34,9,3,6,0.3333333333333333
458,21,0,1,2026-03-20,DranDagger,966,32,21,9,12,0.42857142857142855
458,23,0,1,2026-03-20,UnicornSting,967,31,23,10,13,0.43478260869565216
458,9,1,0,2026-03-20,CobaltDrake,971,28,9,3,6,0.3333333333333333
458,12,0,1,2026-03-20,PhoenixRudder,971,29,12,5,7,0.4166666666666667
459,23,1,0,2026-03-20,WhaleWave,947,36,23,9,14,0.391304347826087
459,12,0,1,2026-03-20,DranBuster,925,40,12,3,9,0.25
459,18,0,1,2026-03-20,SolEclipse,944,38,18,6,12,0.3333333333333333
459,23,0,1,2026-03-20,WizardRod,923,41,23,8,15,0.34782608695652173
459,12,1,0,2026-03-20,BlackShell,911,42,12,3,9,0.25
459,6,0,1,2026-03-20,EmperorMight,945,37,6,1,5,0.16666666666666666
460,21,0,1,2026-03-20,HellsChain,1026,18,21,11,10,0.5238095238095238
460,22,0,1,2026-03-20,WeissTiger,1031,14,22,12,10,0.5454545454545454
460,6,0,1,2026-03-20,WolfHunt,1028,17,6,4,2,0.6666666666666666
460,25,0,1,2026-03-20,KnightMail,1031,15,25,13,12,0.52
460,19,0,1,2026-03-20,SilverWolf,1030,16,19,10,9,0.5263157894736842
460,12,0,1,2026-03-20,DranBuster,925,41,12,3,9,0.25
460,8,1,0,2026-03-20,HellsHammer,930,40,8,2,6,0.25
460,21,0,1,2026-03-20,ViperTail,1047,11,21,11,10,0.5238095238095238
460,25,0,1,2026-03-20,ScorpioSpear,1032,13,25,13,12,0.52
460,23,0,1,2026-03-20,WizardRod,923,42,23,8,15,0.34782608695652173
460,7,1,0,2026-03-20,TyrannoRoar,1021,19,7,5,2,0.7142857142857143
460,12,0,1,2026-03-20,BlackShell,911,43,12,3,9,0.25
460,23,0,1,2026-03-20,CobaltDragoon,1038,12,23,13,10,0.5652173913043478
460,8,0,1,2026-03-20,WizardArrow,903,44,8,1,7,0.125
461,10,1,0,2026-03-20,WizardArc,952,33,10,3,7,0.3
461,8,0,1,2026-03-20,HellsHammer,930,39,8,2,6,0.25
461,8,1,0,2026-03-20,WhaleFlame,930,40,8,2,6,0.25
462,6,0,1,2026-03-20,ClockMirage,948,36,6,2,4,0.3333333333333333
462,23,0,1,2026-03-20,WhaleWave,947,37,23,9,14,0.391304347826087
462,9,0,1,2026-03-20,PegasusBlast,949,35,9,3,6,0.3333333333333333
462,24,1,0,2026-03-20,WizardRod,911,43,24,8,16,0.3333333333333333
462,10,0,1,2026-03-20,WizardArc,952,34,10,3,7,0.3
462,12,0,1,2026-03-20,BlackShell,911,42,12,3,9,0.25
462,7,1,0,2026-03-20,EmperorMight,964,33,7,2,5,0.2857142857142857
463,10,0,1,2026-03-20,WizardArc,952,35,10,3,7,0.3
463,7,1,0,2026-03-20,ClockMirage,963,34,7,3,4,0.42857142857142855
463,9,0,1,2026-03-20,PegasusBlast,949,36,9,3,6,0.3333333333333333
463,9,1,0,2026-03-20,WizardArrow,890,44,9,1,8,0.1111111111111111
464,25,1,0,2026-03-20,CrimsonGaruda,980,27,25,11,14,0.44
464,9,1,0,2026-03-20,HellsHammer,944,39,9,3,6,0.3333333333333333
465,23,0,1,2026-03-20,WhaleWave,947,36,23,9,14,0.391304347826087
465,10,1,0,2026-03-20,PegasusBlast,932,39,10,3,7,0.3
465,9,0,1,2026-03-20,HellsHammer,944,38,9,3,6,0.3333333333333333
465,18,0,1,2026-03-20,SolEclipse,944,37,18,6,12,0.3333333333333333
465,25,0,1,2026-03-20,CrimsonGaruda,980,28,25,11,14,0.44
465,10,1,0,2026-03-20,CobaltDrake,987,27,10,4,6,0.4
466,18,0,1,2026-03-20,SolEclipse,944,36,18,6,12,0.3333333333333333
466,24,1,0,2026-03-20,WhaleWave,941,38,24,9,15,0.375
466,9,0,1,2026-03-20,HellsHammer,944,37,9,3,6,0.3333333333333333
466,13,1,0,2026-03-20,PhoenixRudder,980,29,13,6,7,0.46153846153846156
467,11,1,0,2026-03-20,WizardArc,962,34,11,4,7,0.36363636363636365
467,7,0,1,2026-03-20,ClockMirage,963,33,7,3,4,0.42857142857142855
467,8,1,0,2026-03-20,EmperorMight,952,35,8,2,6,0.25
468,12,1,0,2026-04-03,WizardArc,976,30,12,5,7,0.4166666666666667
468,23,0,1,2026-04-03,PhoenixWing,970,31,23,10,13,0.43478260869565216
468,23,0,1,2026-04-03,UnicornSting,967,32,23,10,13,0.43478260869565216
468,22,1,0,2026-04-03,DranDagger,953,34,22,9,13,0.4090909090909091
469,14,1,0,2026-04-03,PhoenixRudder,971,30,14,6,8,0.42857142857142855
469,22,0,1,2026-04-03,DranDagger,953,35,22,9,13,0.4090909090909091
469,19,1,0,2026-04-03,SolEclipse,956,34,19,7,12,0.3684210526315789
469,12,0,1,2026-04-03,WizardArc,976,29,12,5,7,0.4166666666666667
469,8,0,1,2026-04-03,EmperorMight,952,36,8,2,6,0.25
470,22,0,1,2026-04-03,WeissTiger,1031,15,22,12,10,0.5454545454545454
470,7,1,0,2026-04-03,WolfHunt,1040,12,7,5,2,0.7142857142857143
470,25,0,1,2026-04-03,KnightMail,1031,16,25,13,12,0.52
470,19,0,1,2026-04-03,SilverWolf,1030,17,19,10,9,0.5263157894736842
470,25,0,1,2026-04-03,CrimsonGaruda,980,27,25,11,14,0.44
470,25,0,1,2026-04-03,ScorpioSpear,1032,14,25,13,12,0.52
470,11,1,0,2026-04-03,CobaltDrake,978,28,11,4,7,0.36363636363636365
470,23,0,1,2026-04-03,CobaltDragoon,1038,13,23,13,10,0.5652173913043478
471,24,0,1,2026-04-03,WhaleWave,941,37,24,9,15,0.375
471,29,0,1,2026-04-03,GolemRock,1082,6,29,18,11,0.6206896551724138
471,10,1,0,2026-04-03,HellsHammer,938,38,10,3,7,0.3
471,7,1,0,2026-04-03,HellsBrave,1088,5,7,6,1,0.8571428571428571
471,27,0,1,2026-04-03,FoxBrush,1080,7,27,18,9,0.6666666666666666
472,21,0,1,2026-04-03,HellsReaper,1004,25,21,10,11,0.47619047619047616
472,7,0,1,2026-04-03,ClockMirage,963,32,7,3,4,0.42857142857142855
472,24,0,1,2026-04-03,SharkEdge,997,26,24,12,12,0.5
472,24,1,0,2026-04-03,PhoenixWing,956,33,24,10,14,0.4166666666666667
472,28,0,1,2026-04-03,CerberusFlame,1005,24,28,13,15,0.4642857142857143
472,22,1,0,2026-04-03,PerseusDark,1005,23,22,11,11,0.5
472,23,0,1,2026-04-03,UnicornSting,967,31,23,10,13,0.43478260869565216
473,10,0,1,2026-04-03,WyvernHover,1009,23,10,5,5,0.5
473,22,1,0,2026-04-03,HellsReaper,1014,20,22,11,11,0.5
473,25,1,0,2026-04-03,SharkEdge,988,26,25,12,13,0.48
473,28,0,1,2026-04-03,CerberusFlame,1005,25,28,13,15,0.4642857142857143
473,22,0,1,2026-04-03,PerseusDark,1005,24,22,11,11,0.5
473,21,0,1,2026-04-03,RhinoReaper,1009,22,21,10,11,0.47619047619047616
473,19,0,1,2026-04-03,LeonClaw,1009,21,19,10,9,0.5263157894736842
474,22,0,1,2026-04-03,HellsReaper,1014,21,22,11,11,0.5
474,21,0,1,2026-04-03,HellsChain,1026,17,21,11,10,0.5238095238095238
474,20,1,0,2026-04-03,SilverWolf,1019,19,20,10,10,0.5
474,22,1,0,2026-04-03,RhinoReaper,1017,20,22,11,11,0.5
474,7,0,1,2026-04-03,TyrannoRoar,1021,18,7,5,2,0.7142857142857143
474,19,0,1,2026-04-03,LeonClaw,1009,22,19,10,9,0.5263157894736842
475,22,0,1,2026-04-03,HellsReaper,1014,22,22,11,11,0.5
475,22,1,0,2026-04-03,HellsChain,1017,20,22,11,11,0.5
475,20,0,1,2026-04-03,SilverWolf,1019,18,20,10,10,0.5
475,22,0,1,2026-04-03,RhinoReaper,1017,19,22,11,11,0.5
475,7,0,1,2026-04-03,TyrannoRoar,1021,17,7,5,2,0.7142857142857143
475,20,1,0,2026-04-03,LeonClaw,1017,21,20,11,9,0.55
476,11,1,0,2026-04-03,WyvernHover,992,25,11,5,6,0.45454545454545453
476,7,0,1,2026-04-03,WolfHunt,1040,13,7,5,2,0.7142857142857143
476,28,0,1,2026-04-03,CerberusFlame,1005,24,28,13,15,0.4642857142857143
476,22,0,1,2026-04-03,PerseusDark,1005,23,22,11,11,0.5
476,21,0,1,2026-04-03,ViperTail,1047,12,21,11,10,0.5238095238095238
476,24,0,1,2026-04-03,DranSword,1049,11,24,14,10,0.5833333333333334
476,24,1,0,2026-04-03,CobaltDragoon,1051,10,24,14,10,0.5833333333333334
477,25,0,1,2026-04-03,DranBrave,1054,10,25,15,10,0.6
477,22,1,0,2026-04-03,ViperTail,1056,9,22,12,10,0.5454545454545454
477,25,1,0,2026-04-03,DranSword,1042,12,25,14,11,0.56
477,24,0,1,2026-04-03,CobaltDragoon,1051,11,24,14,10,0.5833333333333334
478,22,0,1,2026-04-03,HellsReaper,1014,23,22,11,11,0.5
478,23,1,0,2026-04-03,WeissTiger,1019,17,23,12,11,0.5217391304347826
478,25,0,1,2026-04-03,KnightMail,1031,15,25,13,12,0.52
478,29,1,0,2026-04-03,CerberusFlame,1016,22,29,14,15,0.4827586206896552
478,22,0,1,2026-04-03,PerseusDark,1005,24,22,11,11,0.5
478,7,0,1,2026-04-03,TyrannoRoar,1021,16,7,5,2,0.7142857142857143
479,23,0,1,2026-04-03,WeissTiger,1019,16,23,12,11,0.5217391304347826
479,26,1,0,2026-04-03,KnightMail,1019,18,26,13,13,0.5
479,20,0,1,2026-04-03,SilverWolf,1019,17,20,10,10,0.5
479,22,0,1,2026-04-03,ViperTail,1056,10,22,12,10,0.5454545454545454
479,7,0,1,2026-04-03,TyrannoRoar,1021,15,7,5,2,0.7142857142857143
479,26,1,0,2026-04-03,DranBrave,1068,9,26,16,10,0.6153846153846154
480,35,1,0,2026-04-03,ImpactDrake,1159,1,35,26,9,0.7428571428571429
480,26,1,0,2026-04-03,ScorpioSpear,1028,14,26,13,13,0.5
481,26,0,1,2026-04-03,DranBrave,1068,8,26,16,10,0.6153846153846154
481,26,1,0,2026-04-03,LeonCrest,1067,9,26,15,11,0.5769230769230769
481,20,1,0,2026-04-03,SharkScale,1125,2,20,15,5,0.75
482,30,1,0,2026-04-03,GolemRock,1077,7,30,18,12,0.6
482,15,1,0,2026-04-03,ValkyrieVolt,1116,3,15,11,4,0.7333333333333333
482,27,0,1,2026-04-03,FoxBrush,1080,6,27,18,9,0.6666666666666666
483,44,1,0,2026-04-03,TuskMammoth,1098,4,44,29,15,0.6590909090909091
483,28,1,0,2026-04-03,FoxBrush,1086,6,28,19,9,0.6785714285714286
484,10,0,1,2026-04-03,PegasusBlast,932,38,10,3,7,0.3
484,11,1,0,2026-04-03,HellsHammer,930,39,11,3,8,0.2727272727272727
484,25,0,1,2026-04-03,CrimsonGaruda,980,28,25,11,14,0.44
484,11,0,1,2026-04-03,CobaltDrake,978,29,11,4,7,0.36363636363636365
484,13,1,0,2026-04-03,WizardArc,985,27,13,6,7,0.46153846153846156
485,8,1,0,2026-04-03,WolfHunt,1022,14,8,5,3,0.625
485,25,0,1,2026-04-03,CrimsonGaruda,980,29,25,11,14,0.44
485,26,0,1,2026-04-03,ScorpioSpear,1028,13,26,13,13,0.5
485,11,0,1,2026-04-03,CobaltDrake,978,30,11,4,7,0.36363636363636365
485,15,1,0,2026-04-03,PhoenixRudder,983,28,15,7,8,0.4666666666666667
486,7,0,1,2026-04-03,ClockMirage,963,33,7,3,4,0.42857142857142855
486,24,0,1,2026-04-03,PhoenixWing,956,34,24,10,14,0.4166666666666667
486,23,1,0,2026-04-03,DranDagger,942,36,23,9,14,0.391304347826087
486,20,1,0,2026-04-03,SolEclipse,967,32,20,8,12,0.4
486,8,0,1,2026-04-03,EmperorMight,952,35,8,2,6,0.25
487,22,0,1,2026-04-03,HellsReaper,1014,22,22,11,11,0.5
487,23,0,1,2026-04-03,WeissTiger,1019,17,23,12,11,0.5217391304347826
487,8,0,1,2026-04-03,WolfHunt,1022,15,8,5,3,0.625
487,26,0,1,2026-04-03,KnightMail,1019,19,26,13,13,0.5
487,20,0,1,2026-04-03,SilverWolf,1019,18,20,10,10,0.5
487,29,0,1,2026-04-03,CerberusFlame,1016,21,29,14,15,0.4827586206896552
487,23,1,0,2026-04-03,RhinoReaper,1024,14,23,12,11,0.5217391304347826
487,7,0,1,2026-04-03,TyrannoRoar,1021,16,7,5,2,0.7142857142857143
487,21,1,0,2026-04-03,LeonClaw,1009,23,21,11,10,0.5238095238095238
488,23,1,0,2026-04-03,HellsChain,1028,13,23,12,11,0.5217391304347826
488,23,0,1,2026-04-03,WeissTiger,1019,18,23,12,11,0.5217391304347826
488,8,0,1,2026-04-03,WolfHunt,1022,16,8,5,3,0.625
488,25,1,0,2026-04-03,PhoenixWing,943,35,25,10,15,0.4
488,20,0,1,2026-04-03,SilverWolf,1019,19,20,10,10,0.5
488,26,0,1,2026-04-03,KnightMail,1019,20,26,13,13,0.5
488,23,0,1,2026-04-03,RhinoReaper,1024,15,23,12,11,0.5217391304347826
488,26,0,1,2026-04-03,ScorpioSpear,1028,14,26,13,13,0.5
488,7,0,1,2026-04-03,TyrannoRoar,1021,17,7,5,2,0.7142857142857143
488,8,0,1,2026-04-03,EmperorMight,952,34,8,2,6,0.25
489,23,0,1,2026-04-03,HellsChain,1028,14,23,12,11,0.5217391304347826
489,26,1,0,2026-04-03,SharkEdge,978,30,26,12,14,0.46153846153846156
489,23,0,1,2026-04-03,WeissTiger,1019,19,23,12,11,0.5217391304347826
489,8,0,1,2026-04-03,WolfHunt,1022,17,8,5,3,0.625
489,21,1,0,2026-04-03,SilverWolf,1031,13,21,11,10,0.5238095238095238
489,23,0,1,2026-04-03,RhinoReaper,1024,16,23,12,11,0.5217391304347826
489,25,0,1,2026-04-03,CrimsonGaruda,980,28,25,11,14,0.44
489,26,0,1,2026-04-03,ScorpioSpear,1028,15,26,13,13,0.5
489,11,0,1,2026-04-03,CobaltDrake,978,29,11,4,7,0.36363636363636365
489,7,0,1,2026-04-03,TyrannoRoar,1021,18,7,5,2,0.7142857142857143
489,13,0,1,2026-04-03,WizardArc,985,26,13,6,7,0.46153846153846156
489,15,0,1,2026-04-03,PhoenixRudder,983,27,15,7,8,0.4666666666666667
490,23,1,0,2026-04-03,HellsReaper,1005,24,23,11,12,0.4782608695652174
490,23,1,0,2026-04-03,PerseusDark,1013,22,23,12,11,0.5217391304347826
491,23,0,1,2026-04-03,WeissTiger,1019,20,23,12,11,0.5217391304347826
491,8,0,1,2026-04-03,WolfHunt,1022,18,8,5,3,0.625
491,27,1,0,2026-04-03,KnightMail,1012,22,27,13,14,0.48148148148148145
491,30,1,0,2026-04-03,CerberusFlame,1023,17,30,15,15,0.5
491,23,0,1,2026-04-03,PerseusDark,1013,21,23,12,11,0.5217391304347826
491,7,0,1,2026-04-03,TyrannoRoar,1021,19,7,5,2,0.7142857142857143
492,12,1,0,2026-04-03,WyvernHover,974,30,12,5,7,0.4166666666666667
492,26,0,1,2026-04-03,SharkEdge,978,29,26,12,14,0.46153846153846156
492,30,0,1,2026-04-03,GolemRock,1077,8,30,18,12,0.6
492,25,0,1,2026-04-03,CrimsonGaruda,980,27,25,11,14,0.44
492,11,0,1,2026-04-03,CobaltDrake,978,28,11,4,7,0.36363636363636365
492,13,0,1,2026-04-03,WizardArc,985,25,13,6,7,0.46153846153846156
492,27,1,0,2026-04-03,DranBrave,1082,7,27,17,10,0.6296296296296297
492,15,0,1,2026-04-03,PhoenixRudder,983,26,15,7,8,0.4666666666666667
493,23,0,1,2026-04-03,HellsChain,1028,15,23,12,11,0.5217391304347826
493,24,1,0,2026-04-03,WeissTiger,1029,14,24,13,11,0.5416666666666666
493,8,0,1,2026-04-03,WolfHunt,1022,19,8,5,3,0.625
493,30,0,1,2026-04-03,CerberusFlame,1023,18,30,15,15,0.5
493,23,0,1,2026-04-03,RhinoReaper,1024,17,23,12,11,0.5217391304347826
493,23,1,0,2026-04-03,ViperTail,1043,11,23,12,11,0.5217391304347826
493,26,0,1,2026-04-03,ScorpioSpear,1028,16,26,13,13,0.5
493,7,0,1,2026-04-03,TyrannoRoar,1021,20,7,5,2,0.7142857142857143
493,24,0,1,2026-04-03,CobaltDragoon,1051,10,24,14,10,0.5833333333333334
494,23,0,1,2026-04-03,ViperTail,1043,12,23,12,11,0.5217391304347826
494,26,1,0,2026-04-03,DranSword,1049,10,26,15,11,0.5769230769230769
494,25,1,0,2026-04-03,CobaltDragoon,1044,11,25,14,11,0.56
495,31,1,0,2026-04-03,GolemRock,1069,8,31,18,13,0.5806451612903226
495,45,1,0,2026-04-03,TuskMammoth,1104,4,45,30,15,0.6666666666666666
496,8,0,1,2026-04-03,WolfHunt,1022,18,8,5,3,0.625
496,30,0,1,2026-04-03,CerberusFlame,1023,17,30,15,15,0.5
496,23,0,1,2026-04-03,RhinoReaper,1024,16,23,12,11,0.5217391304347826
496,7,0,1,2026-04-03,HellsBrave,1088,6,7,6,1,0.8571428571428571
496,27,1,0,2026-04-03,ScorpioSpear,1015,20,27,13,14,0.48148148148148145
496,7,0,1,2026-04-03,TyrannoRoar,1021,19,7,5,2,0.7142857142857143
496,29,1,0,2026-04-03,FoxBrush,1097,5,29,20,9,0.6896551724137931
497,16,1,0,2026-04-03,ValkyrieVolt,1128,2,16,12,4,0.75
497,27,1,0,2026-04-03,LeonCrest,1060,9,27,15,12,0.5555555555555556
497,20,0,1,2026-04-03,SharkScale,1125,3,20,15,5,0.75
498,36,1,0,2026-04-03,ImpactDrake,1166,1,36,27,9,0.75
498,21,1,0,2026-04-03,SharkScale,1118,3,21,15,6,0.7142857142857143
505,12,0,1,2026-04-25,WyvernHover,974,29,12,5,7,0.4166666666666667
505,45,0,1,2026-04-25,TuskMammoth,1104,5,45,30,15,0.6666666666666666
505,26,0,1,2026-04-25,SharkEdge,978,28,26,12,14,0.46153846153846156
505,8,1,0,2026-04-25,HellsBrave,1109,4,8,7,1,0.875
505,20,0,1,2026-04-25,SolEclipse,967,31,20,8,12,0.4
505,23,0,1,2026-04-25,UnicornSting,967,30,23,10,13,0.43478260869565216
505,12,1,0,2026-04-25,CobaltDrake,966,32,12,4,8,0.3333333333333333
505,29,0,1,2026-04-25,FoxBrush,1097,6,29,20,9,0.6896551724137931
506,21,0,1,2026-04-25,SharkScale,1118,4,21,15,6,0.7142857142857143
506,25,0,1,2026-04-25,CrimsonGaruda,980,26,25,11,14,0.44
506,16,1,0,2026-04-25,PhoenixRudder,978,27,16,7,9,0.4375
506,9,1,0,2026-04-25,HellsBrave,1120,3,9,8,1,0.8888888888888888
507,23,0,1,2026-04-25,HellsReaper,1005,23,23,11,12,0.4782608695652174
507,7,0,1,2026-04-25,ClockMirage,963,34,7,3,4,0.42857142857142855
507,9,1,0,2026-04-25,WolfHunt,998,24,9,5,4,0.5555555555555556
507,27,0,1,2026-04-25,KnightMail,1012,21,27,13,14,0.48148148148148145
507,25,0,1,2026-04-25,PhoenixWing,943,36,25,10,15,0.4
507,23,0,1,2026-04-25,PerseusDark,1013,20,23,12,11,0.5217391304347826
507,24,1,0,2026-04-25,DranDagger,963,33,24,10,14,0.4166666666666667
507,27,0,1,2026-04-25,ScorpioSpear,1015,19,27,13,14,0.48148148148148145
507,7,0,1,2026-04-25,TyrannoRoar,1021,18,7,5,2,0.7142857142857143
507,21,0,1,2026-04-25,LeonClaw,1009,22,21,11,10,0.5238095238095238
507,8,0,1,2026-04-25,EmperorMight,952,35,8,2,6,0.25
508,7,0,1,2026-04-25,ClockMirage,963,33,7,3,4,0.42857142857142855
508,9,0,1,2026-04-25,WolfHunt,998,25,9,5,4,0.5555555555555556
508,24,0,1,2026-04-25,DranDagger,963,32,24,10,14,0.4166666666666667
508,21,1,0,2026-04-25,SolEclipse,956,34,21,8,13,0.38095238095238093
508,12,0,1,2026-04-25,CobaltDrake,966,31,12,4,8,0.3333333333333333
508,14,1,0,2026-04-25,WizardArc,1000,24,14,7,7,0.5
509,7,0,1,2026-04-25,ClockMirage,963,32,7,3,4,0.42857142857142855
509,24,0,1,2026-04-25,WhaleWave,941,38,24,9,15,0.375
509,10,0,1,2026-04-25,PegasusBlast,932,39,10,3,7,0.3
509,24,0,1,2026-04-25,DranDagger,963,31,24,10,14,0.4166666666666667
509,21,0,1,2026-04-25,SolEclipse,956,33,21,8,13,0.38095238095238093
509,12,1,0,2026-04-25,HellsHammer,942,37,12,4,8,0.3333333333333333
509,13,1,0,2026-04-25,CobaltDrake,955,34,13,4,9,0.3076923076923077
510,12,0,1,2026-04-25,WyvernHover,974,28,12,5,7,0.4166666666666667
510,27,1,0,2026-04-25,SharkEdge,969,29,27,12,15,0.4444444444444444
510,27,0,1,2026-04-25,KnightMail,1012,22,27,13,14,0.48148148148148145
510,23,0,1,2026-04-25,PerseusDark,1013,21,23,12,11,0.5217391304347826
510,27,0,1,2026-04-25,ScorpioSpear,1015,20,27,13,14,0.48148148148148145
510,22,1,0,2026-04-25,LeonClaw,1016,19,22,12,10,0.5454545454545454
511,23,0,1,2026-04-25,HellsReaper,1005,22,23,11,12,0.4782608695652174
511,27,0,1,2026-04-25,KnightMail,1012,21,27,13,14,0.48148148148148145
511,22,1,0,2026-04-25,SilverWolf,1044,12,22,12,10,0.5454545454545454
511,24,1,0,2026-04-25,PerseusDark,1003,23,24,12,12,0.5
511,23,0,1,2026-04-25,ViperTail,1043,13,23,12,11,0.5217391304347826
512,26,1,0,2026-04-25,PhoenixWing,934,38,26,10,16,0.38461538461538464
512,24,1,0,2026-04-25,HellsReaper,1011,22,24,12,12,0.5
512,24,0,1,2026-04-25,WhaleWave,941,37,24,9,15,0.375
512,12,0,1,2026-04-25,HellsHammer,942,36,12,4,8,0.3333333333333333
513,24,1,0,2026-04-25,HellsChain,1038,14,24,13,11,0.5416666666666666
513,24,0,1,2026-04-25,WeissTiger,1029,15,24,13,11,0.5416666666666666
513,30,0,1,2026-04-25,CerberusFlame,1023,16,30,15,15,0.5
513,24,1,0,2026-04-25,RhinoReaper,1016,19,24,12,12,0.5
513,7,0,1,2026-04-25,TyrannoRoar,1021,17,7,5,2,0.7142857142857143
513,22,0,1,2026-04-25,LeonClaw,1016,18,22,12,10,0.5454545454545454
514,24,0,1,2026-04-25,HellsChain,1038,13,24,13,11,0.5416666666666666
514,28,1,0,2026-04-25,KnightMail,1023,16,28,14,14,0.5
514,30,0,1,2026-04-25,CerberusFlame,1023,17,30,15,15,0.5
514,24,0,1,2026-04-25,RhinoReaper,1016,20,24,12,12,0.5
514,24,1,0,2026-04-25,ViperTail,1031,14,24,12,12,0.5
514,27,0,1,2026-04-25,ScorpioSpear,1015,21,27,13,14,0.48148148148148145
514,7,0,1,2026-04-25,TyrannoRoar,1021,18,7,5,2,0.7142857142857143
514,22,0,1,2026-04-25,LeonClaw,1016,19,22,12,10,0.5454545454545454
515,24,0,1,2026-04-25,HellsChain,1038,12,24,13,11,0.5416666666666666
515,25,1,0,2026-04-25,WeissTiger,1037,13,25,14,11,0.56
515,22,0,1,2026-04-25,SilverWolf,1044,11,22,12,10,0.5454545454545454
515,24,0,1,2026-04-25,ViperTail,1031,15,24,12,12,0.5
515,26,1,0,2026-04-25,CobaltDragoon,1036,14,26,14,12,0.5384615384615384
516,13,1,0,2026-04-25,WyvernHover,966,30,13,5,8,0.38461538461538464
516,23,0,1,2026-04-25,UnicornSting,967,29,23,10,13,0.43478260869565216
516,27,1,0,2026-04-25,DranSword,1053,10,27,16,11,0.5925925925925926
516,27,0,1,2026-04-25,SharkEdge,969,28,27,12,15,0.4444444444444444
517,7,0,1,2026-04-25,TyrannoRoar,1021,17,7,5,2,0.7142857142857143
517,28,1,0,2026-04-25,DranBrave,1088,7,28,18,10,0.6428571428571429
517,31,1,0,2026-04-25,CerberusFlame,1018,18,31,15,16,0.4838709677419355
518,46,1,0,2026-04-25,TuskMammoth,1109,5,46,31,15,0.6739130434782609
518,28,1,0,2026-04-25,LeonCrest,1054,9,28,15,13,0.5357142857142857
519,37,1,0,2026-04-25,ImpactDrake,1155,1,37,27,10,0.7297297297297297
519,17,1,0,2026-04-25,ValkyrieVolt,1142,2,17,13,4,0.7647058823529411
520,46,0,1,2026-04-25,TuskMammoth,1109,4,46,31,15,0.6739130434782609
520,28,0,1,2026-04-25,KnightMail,1023,17,28,14,14,0.5
520,31,0,1,2026-04-25,CerberusFlame,1018,19,31,15,16,0.4838709677419355
520,24,0,1,2026-04-25,RhinoReaper,1016,21,24,12,12,0.5
520,22,1,0,2026-04-25,SharkScale,1108,5,22,15,7,0.6818181818181818
520,28,1,0,2026-04-25,ScorpioSpear,1028,16,28,14,14,0.5
520,7,0,1,2026-04-25,TyrannoRoar,1021,18,7,5,2,0.7142857142857143
520,22,0,1,2026-04-25,LeonClaw,1016,20,22,12,10,0.5454545454545454
521,32,1,0,2026-04-25,GolemRock,1060,8,32,18,14,0.5625
521,30,1,0,2026-04-25,FoxBrush,1108,5,30,21,9,0.7
521,22,0,1,2026-04-25,SharkScale,1108,6,22,15,7,0.6818181818181818
522,10,1,0,2026-04-25,WolfHunt,1007,23,10,6,4,0.6
522,24,0,1,2026-04-25,PerseusDark,1003,24,24,12,12,0.5
522,22,1,0,2026-04-25,SolEclipse,949,35,22,8,14,0.36363636363636365
522,13,0,1,2026-04-25,CobaltDrake,955,33,13,4,9,0.3076923076923077
522,14,0,1,2026-04-25,WizardArc,1000,25,14,7,7,0.5
522,8,0,1,2026-04-25,EmperorMight,952,34,8,2,6,0.25
523,24,0,1,2026-04-25,WhaleWave,941,36,24,9,15,0.375
523,26,0,1,2026-04-25,PhoenixWing,934,37,26,10,16,0.38461538461538464
523,13,1,0,2026-04-25,HellsHammer,933,38,13,4,9,0.3076923076923077
523,25,0,1,2026-04-25,CrimsonGaruda,980,27,25,11,14,0.44
523,17,1,0,2026-04-25,PhoenixRudder,986,26,17,8,9,0.47058823529411764
524,10,1,0,2026-04-25,HellsBrave,1128,3,10,9,1,0.9
524,7,0,1,2026-04-25,ClockMirage,963,31,7,3,4,0.42857142857142855
524,25,1,0,2026-04-25,DranDagger,959,32,25,10,15,0.4
525,13,0,1,2026-04-25,WyvernHover,966,31,13,5,8,0.38461538461538464
525,7,0,1,2026-04-25,ClockMirage,963,32,7,3,4,0.42857142857142855
525,27,0,1,2026-04-25,SharkEdge,969,29,27,12,15,0.4444444444444444
525,25,0,1,2026-04-25,DranDagger,959,33,25,10,15,0.4
525,23,0,1,2026-04-25,UnicornSting,967,30,23,10,13,0.43478260869565216
525,14,1,0,2026-04-25,CobaltDrake,972,28,14,5,9,0.35714285714285715
525,15,1,0,2026-04-25,WizardArc,980,26,15,7,8,0.4666666666666667
525,17,0,1,2026-04-25,PhoenixRudder,986,25,17,8,9,0.47058823529411764
526,10,0,1,2026-04-25,WolfHunt,1007,22,10,6,4,0.6
526,25,1,0,2026-04-25,HellsReaper,1005,23,25,12,13,0.48
526,23,1,0,2026-04-25,SilverWolf,1053,11,23,13,10,0.5652173913043478
527,13,0,1,2026-04-25,WyvernHover,966,30,13,5,8,0.38461538461538464
527,23,0,1,2026-04-25,UnicornSting,967,29,23,10,13,0.43478260869565216
527,25,1,0,2026-04-25,HellsChain,1044,12,25,14,11,0.56
527,28,1,0,2026-04-25,SharkEdge,964,31,28,12,16,0.42857142857142855
528,25,0,1,2026-04-25,HellsReaper,1005,24,25,12,13,0.48
528,10,0,1,2026-04-25,WolfHunt,1007,23,10,6,4,0.6
528,25,1,0,2026-04-25,PerseusDark,1009,21,25,13,12,0.52
528,24,0,1,2026-04-25,RhinoReaper,1016,20,24,12,12,0.5
528,23,1,0,2026-04-25,LeonClaw,1008,22,23,12,11,0.5217391304347826
529,25,0,1,2026-04-25,HellsReaper,1005,23,25,12,13,0.48
529,24,0,1,2026-04-25,WhaleWave,941,37,24,9,15,0.375
529,10,0,1,2026-04-25,WolfHunt,1007,22,10,6,4,0.6
529,27,1,0,2026-04-25,PhoenixWing,954,34,27,11,16,0.4074074074074074
529,25,0,1,2026-04-25,PerseusDark,1009,20,25,13,12,0.52
529,25,1,0,2026-04-25,RhinoReaper,1002,24,25,12,13,0.48
529,22,0,1,2026-04-25,SolEclipse,949,36,22,8,14,0.36363636363636365
529,23,0,1,2026-04-25,LeonClaw,1008,21,23,12,11,0.5217391304347826
529,8,0,1,2026-04-25,EmperorMight,952,35,8,2,6,0.25
530,26,1,0,2026-04-25,WeissTiger,1028,15,26,14,12,0.5384615384615384
530,32,0,1,2026-04-25,GolemRock,1060,9,32,18,14,0.5625
530,24,0,1,2026-04-25,ViperTail,1031,14,24,12,12,0.5
530,28,1,0,2026-04-25,DranSword,1062,8,28,17,11,0.6071428571428571
530,26,0,1,2026-04-25,CobaltDragoon,1036,13,26,14,12,0.5384615384615384
530,28,0,1,2026-04-25,LeonCrest,1054,10,28,15,13,0.5357142857142857
531,29,1,0,2026-04-25,DranBrave,1072,7,29,18,11,0.6206896551724138
531,25,1,0,2026-04-25,ViperTail,1041,13,25,13,12,0.52
531,26,0,1,2026-04-25,CobaltDragoon,1036,14,26,14,12,0.5384615384615384
532,25,0,1,2026-04-25,HellsChain,1044,13,25,14,11,0.56
532,29,1,0,2026-04-25,KnightMail,1017,19,29,14,15,0.4827586206896552
532,31,0,1,2026-04-25,CerberusFlame,1018,18,31,15,16,0.4838709677419355
532,25,0,1,2026-04-25,ViperTail,1041,14,25,13,12,0.52
532,7,0,1,2026-04-25,TyrannoRoar,1021,17,7,5,2,0.7142857142857143
532,27,1,0,2026-04-25,CobaltDragoon,1044,12,27,15,12,0.5555555555555556
533,14,1,0,2026-04-25,WyvernHover,954,33,14,5,9,0.35714285714285715
533,7,0,1,2026-04-25,ClockMirage,963,31,7,3,4,0.42857142857142855
533,28,0,1,2026-04-25,SharkEdge,964,30,28,12,16,0.42857142857142855
533,32,1,0,2026-04-25,CerberusFlame,1024,17,32,16,16,0.5
533,25,0,1,2026-04-25,DranDagger,959,32,25,10,15,0.4
533,7,0,1,2026-04-25,TyrannoRoar,1021,18,7,5,2,0.7142857142857143
534,18,1,0,2026-04-25,ValkyrieVolt,1151,2,18,14,4,0.7777777777777778
534,23,1,0,2026-04-25,SharkScale,1102,6,23,15,8,0.6521739130434783
535,32,0,1,2026-04-25,GolemRock,1060,10,32,18,14,0.5625
535,23,0,1,2026-04-25,SharkScale,1102,5,23,15,8,0.6521739130434783
535,29,1,0,2026-04-25,LeonCrest,1068,8,29,16,13,0.5517241379310345
535,28,0,1,2026-04-25,DranSword,1062,9,28,17,11,0.6071428571428571
535,31,1,0,2026-04-25,FoxBrush,1091,6,31,21,10,0.6774193548387096
536,38,1,0,2026-04-25,ImpactDrake,1147,2,38,27,11,0.7105263157894737
536,47,1,0,2026-04-25,TuskMammoth,1115,4,47,32,15,0.6808510638297872
536,18,0,1,2026-04-25,ValkyrieVolt,1151,1,18,14,4,0.7777777777777778
537,29,1,0,2026-04-25,ScorpioSpear,1036,15,29,15,14,0.5172413793103449
537,33,1,0,2026-04-25,GolemRock,1051,11,33,18,15,0.5454545454545454
537,23,0,1,2026-04-25,SilverWolf,1053,10,23,13,10,0.5652173913043478
537,26,0,1,2026-04-25,WeissTiger,1028,16,26,14,12,0.5384615384615384
538,23,0,1,2026-05-02,UnicornSting,967,28,23,10,13,0.43478260869565216
538,15,1,0,2026-05-02,CobaltDrake,964,29,15,5,10,0.3333333333333333
538,18,1,0,2026-05-02,PhoenixRudder,993,25,18,9,9,0.5
539,23,1,0,2026-05-02,SolEclipse,945,36,23,8,15,0.34782608695652173
539,11,1,0,2026-05-02,HellsBrave,1135,3,11,10,1,0.9090909090909091
540,14,0,1,2026-05-02,WyvernHover,954,32,14,5,9,0.35714285714285715
540,24,0,1,2026-05-02,WhaleWave,941,38,24,9,15,0.375
540,27,0,1,2026-05-02,PhoenixWing,954,33,27,11,16,0.4074074074074074
540,26,1,0,2026-05-02,DranDagger,947,35,26,10,16,0.38461538461538464
540,14,1,0,2026-05-02,HellsHammer,947,36,14,5,9,0.35714285714285715
540,23,0,1,2026-05-02,SolEclipse,945,37,23,8,15,0.34782608695652173
540,8,0,1,2026-05-02,EmperorMight,952,34,8,2,6,0.25
541,16,1,0,2026-05-02,WizardArc,995,24,16,8,8,0.5
541,25,0,1,2026-05-02,HellsReaper,1005,22,25,12,13,0.48
541,11,1,0,2026-05-02,WolfHunt,993,26,11,6,5,0.5454545454545454
541,25,0,1,2026-05-02,RhinoReaper,1002,23,25,12,13,0.48
542,29,1,0,2026-05-02,SharkEdge,974,28,29,13,16,0.4482758620689655
542,26,1,0,2026-05-02,RhinoReaper,993,25,26,12,14,0.46153846153846156
542,23,0,1,2026-05-02,UnicornSting,967,29,23,10,13,0.43478260869565216
542,15,0,1,2026-05-02,CobaltDrake,964,30,15,5,10,0.3333333333333333
542,16,0,1,2026-05-02,WizardArc,995,23,16,8,8,0.5
542,18,0,1,2026-05-02,PhoenixRudder,993,24,18,9,9,0.5
543,26,1,0,2026-05-02,HellsReaper,999,22,26,12,14,0.46153846153846156
543,25,0,1,2026-05-02,PerseusDark,1009,21,25,13,12,0.52
543,24,1,0,2026-05-02,LeonClaw,1014,20,24,13,11,0.5416666666666666
544,26,1,0,2026-05-02,HellsChain,1032,15,26,14,12,0.5384615384615384
544,29,0,1,2026-05-02,KnightMail,1017,20,29,14,15,0.4827586206896552
544,26,1,0,2026-05-02,PerseusDark,1018,19,26,14,12,0.5384615384615384
544,25,0,1,2026-05-02,ViperTail,1041,13,25,13,12,0.52
544,29,0,1,2026-05-02,ScorpioSpear,1036,14,29,15,14,0.5172413793103449
544,24,0,1,2026-05-02,LeonClaw,1014,21,24,13,11,0.5416666666666666
545,14,0,1,2026-05-02,WyvernHover,954,33,14,5,9,0.35714285714285715
545,7,0,1,2026-05-02,ClockMirage,963,32,7,3,4,0.42857142857142855
545,28,1,0,2026-05-02,PhoenixWing,966,30,28,12,16,0.42857142857142855
545,24,1,0,2026-05-02,SilverWolf,1037,13,24,13,11,0.5416666666666666
545,33,0,1,2026-05-02,GolemRock,1051,10,33,18,15,0.5454545454545454
545,25,0,1,2026-05-02,ViperTail,1041,12,25,13,12,0.52
545,15,0,1,2026-05-02,CobaltDrake,964,31,15,5,10,0.3333333333333333
545,27,0,1,2026-05-02,CobaltDragoon,1044,11,27,15,12,0.5555555555555556
546,26,0,1,2026-05-02,WeissTiger,1028,17,26,14,12,0.5384615384615384
546,24,0,1,2026-05-02,SilverWolf,1037,12,24,13,11,0.5416666666666666
546,33,1,0,2026-05-02,CerberusFlame,1032,16,33,17,16,0.5151515151515151
546,26,1,0,2026-05-02,ViperTail,1032,14,26,13,13,0.5
546,29,0,1,2026-05-02,ScorpioSpear,1036,13,29,15,14,0.5172413793103449
547,30,1,0,2026-05-02,KnightMail,1011,21,30,14,16,0.4666666666666667
547,29,1,0,2026-05-02,DranSword,1070,8,29,18,11,0.6206896551724138
547,24,0,1,2026-05-02,LeonClaw,1014,20,24,13,11,0.5416666666666666
547,29,0,1,2026-05-02,LeonCrest,1068,9,29,16,13,0.5517241379310345
548,33,0,1,2026-05-02,GolemRock,1051,11,33,18,15,0.5454545454545454
548,29,0,1,2026-05-02,DranSword,1070,7,29,18,11,0.6206896551724138
548,30,1,0,2026-05-02,DranBrave,1060,9,30,18,12,0.6
548,28,1,0,2026-05-02,CobaltDragoon,1054,10,28,16,12,0.5714285714285714
548,29,0,1,2026-05-02,LeonCrest,1068,8,29,16,13,0.5517241379310345
549,15,1,0,2026-05-02,WyvernHover,946,36,15,5,10,0.3333333333333333
549,26,0,1,2026-05-02,HellsChain,1032,16,26,14,12,0.5384615384615384
549,27,1,0,2026-05-02,WeissTiger,1032,14,27,15,12,0.5555555555555556
549,33,0,1,2026-05-02,CerberusFlame,1032,17,33,17,16,0.5151515151515151
549,26,0,1,2026-05-02,DranDagger,947,34,26,10,16,0.38461538461538464
549,14,0,1,2026-05-02,HellsHammer,947,35,14,5,9,0.35714285714285715
549,26,0,1,2026-05-02,ViperTail,1032,15,26,13,13,0.5
549,8,0,1,2026-05-02,EmperorMight,952,33,8,2,6,0.25
550,34,1,0,2026-05-02,GolemRock,1038,11,34,18,16,0.5294117647058824
550,30,1,0,2026-05-02,LeonCrest,1078,7,30,17,13,0.5666666666666667
550,29,0,1,2026-05-02,DranSword,1070,8,29,18,11,0.6206896551724138
551,48,1,0,2026-05-02,TuskMammoth,1124,4,48,33,15,0.6875
551,24,1,0,2026-05-02,SharkScale,1092,5,24,15,9,0.625
552,39,1,0,2026-05-02,ImpactDrake,1140,2,39,27,12,0.6923076923076923
552,32,1,0,2026-05-02,FoxBrush,1099,5,32,22,10,0.6875
552,24,0,1,2026-05-02,SharkScale,1092,6,24,15,9,0.625
553,24,0,1,2026-05-02,SilverWolf,1037,13,24,13,11,0.5416666666666666
553,34,0,1,2026-05-02,GolemRock,1038,12,34,18,16,0.5294117647058824
553,11,0,1,2026-05-02,HellsBrave,1135,2,11,10,1,0.9090909090909091
553,30,1,0,2026-05-02,ScorpioSpear,1050,11,30,16,14,0.5333333333333333
553,39,0,1,2026-05-02,ImpactDrake,1140,1,39,27,12,0.6923076923076923
553,19,1,0,2026-05-02,ValkyrieVolt,1127,3,19,14,5,0.7368421052631579
554,24,0,1,2026-05-02,WhaleWave,941,37,24,9,15,0.375
554,26,0,1,2026-05-02,DranDagger,947,35,26,10,16,0.38461538461538464
554,24,1,0,2026-05-02,SolEclipse,935,38,24,8,16,0.3333333333333333
554,15,1,0,2026-05-02,HellsHammer,957,33,15,6,9,0.4
554,8,0,1,2026-05-02,EmperorMight,952,34,8,2,6,0.25
555,15,0,1,2026-05-02,WyvernHover,946,35,15,5,10,0.3333333333333333
555,24,0,1,2026-05-02,WhaleWave,941,36,24,9,15,0.375
555,28,0,1,2026-05-02,PhoenixWing,966,31,28,12,16,0.42857142857142855
555,27,1,0,2026-05-02,DranDagger,940,37,27,10,17,0.37037037037037035
555,23,0,1,2026-05-02,UnicornSting,967,30,23,10,13,0.43478260869565216
555,16,1,0,2026-05-02,CobaltDrake,972,29,16,6,10,0.375
556,26,0,1,2026-05-02,HellsReaper,999,23,26,12,14,0.46153846153846156
556,11,0,1,2026-05-02,WolfHunt,993,25,11,6,5,0.5454545454545454
556,26,0,1,2026-05-02,RhinoReaper,993,24,26,12,14,0.46153846153846156
556,25,0,1,2026-05-02,CrimsonGaruda,980,26,25,11,14,0.44
556,17,1,0,2026-05-02,WizardArc,980,27,17,8,9,0.47058823529411764
556,19,1,0,2026-05-02,PhoenixRudder,1005,22,19,10,9,0.5263157894736842
557,26,0,1,2026-05-02,HellsReaper,999,24,26,12,14,0.46153846153846156
557,48,0,1,2026-05-02,TuskMammoth,1124,3,48,33,15,0.6875
557,12,1,0,2026-05-02,WolfHunt,1014,20,12,7,5,0.5833333333333334
557,30,0,1,2026-05-02,KnightMail,1011,22,30,14,16,0.4666666666666667
557,26,0,1,2026-05-02,RhinoReaper,993,25,26,12,14,0.46153846153846156
557,12,1,0,2026-05-02,HellsBrave,1106,4,12,10,2,0.8333333333333334
557,19,0,1,2026-05-02,ValkyrieVolt,1127,2,19,14,5,0.7368421052631579
557,24,0,1,2026-05-02,LeonClaw,1014,21,24,13,11,0.5416666666666666
557,19,0,1,2026-05-02,PhoenixRudder,1005,23,19,10,9,0.5263157894736842
558,27,1,0,2026-05-02,HellsReaper,1012,22,27,13,14,0.48148148148148145
558,27,1,0,2026-05-02,HellsChain,1018,18,27,14,13,0.5185185185185185
558,30,0,1,2026-05-02,KnightMail,1011,23,30,14,16,0.4666666666666667
558,33,0,1,2026-05-02,CerberusFlame,1032,16,33,17,16,0.5151515151515151
558,7,0,1,2026-05-02,TyrannoRoar,1021,17,7,5,2,0.7142857142857143
558,19,0,1,2026-05-02,PhoenixRudder,1005,24,19,10,9,0.5263157894736842
559,27,0,1,2026-05-02,HellsReaper,1012,21,27,13,14,0.48148148148148145
559,12,0,1,2026-05-02,WolfHunt,1014,19,12,7,5,0.5833333333333334
559,30,0,1,2026-05-02,KnightMail,1011,22,30,14,16,0.4666666666666667
559,27,1,0,2026-05-02,PerseusDark,1009,23,27,14,13,0.5185185185185185
559,27,1,0,2026-05-02,RhinoReaper,1002,25,27,13,14,0.48148148148148145
559,24,0,1,2026-05-02,LeonClaw,1014,20,24,13,11,0.5416666666666666
560,29,1,0,2026-05-02,PhoenixWing,974,28,29,13,16,0.4482758620689655
560,30,1,0,2026-05-02,SharkEdge,963,31,30,13,17,0.43333333333333335
561,27,0,1,2026-05-02,HellsReaper,1012,20,27,13,14,0.48148148148148145
561,30,0,1,2026-05-02,KnightMail,1011,21,30,14,16,0.4666666666666667
561,25,1,0,2026-05-02,SilverWolf,1044,12,25,14,11,0.56
561,34,0,1,2026-05-02,GolemRock,1038,13,34,18,16,0.5294117647058824
561,27,0,1,2026-05-02,PerseusDark,1009,22,27,14,13,0.5185185185185185
561,25,1,0,2026-05-02,LeonClaw,1008,23,25,13,12,0.52
562,31,1,0,2026-05-02,DranBrave,1055,9,31,18,13,0.5806451612903226
562,30,1,0,2026-05-02,DranSword,1077,8,30,19,11,0.6333333333333333
563,31,0,1,2026-05-02,DranBrave,1055,10,31,18,13,0.5806451612903226
563,34,1,0,2026-05-02,CerberusFlame,1022,16,34,17,17,0.5
563,29,1,0,2026-05-02,CobaltDragoon,1063,9,29,17,12,0.5862068965517241
564,16,1,0,2026-05-02,WyvernHover,938,37,16,5,11,0.3125
564,24,0,1,2026-05-02,WhaleWave,941,35,24,9,15,0.375
564,27,0,1,2026-05-02,WeissTiger,1032,15,27,15,12,0.5555555555555556
564,27,0,1,2026-05-02,DranDagger,940,36,27,10,17,0.37037037037037035
564,27,1,0,2026-05-02,ViperTail,1036,14,27,14,13,0.5185185185185185
565,28,1,0,2026-05-02,WeissTiger,1038,13,28,16,12,0.5714285714285714
565,31,1,0,2026-05-02,KnightMail,1004,24,31,14,17,0.45161290322580644
565,34,0,1,2026-05-02,GolemRock,1038,14,34,18,16,0.5294117647058824
565,27,0,1,2026-05-02,PerseusDark,1009,21,27,14,13,0.5185185185185185
565,27,0,1,2026-05-02,ViperTail,1036,15,27,14,13,0.5185185185185185
565,25,0,1,2026-05-02,LeonClaw,1008,22,25,13,12,0.52
565,19,0,1,2026-05-02,PhoenixRudder,1005,23,19,10,9,0.5263157894736842
566,33,1,0,2026-05-02,FoxBrush,1089,6,33,22,11,0.6666666666666666
566,25,1,0,2026-05-02,SharkScale,1104,5,25,16,9,0.64
567,40,1,0,2026-05-02,ImpactDrake,1144,1,40,28,12,0.7
567,27,0,1,2026-05-02,ViperTail,1036,14,27,14,13,0.5185185185185185
567,35,1,0,2026-05-02,GolemRock,1032,15,35,18,17,0.5142857142857142
568,31,1,0,2026-05-02,ScorpioSpear,1044,12,31,16,15,0.5161290322580645
568,25,0,1,2026-05-02,SilverWolf,1044,11,25,14,11,0.56
568,31,1,0,2026-05-02,LeonCrest,1084,7,31,18,13,0.5806451612903226
569,49,1,0,2026-05-02,TuskMammoth,1134,2,49,34,15,0.6938775510204082
569,20,1,0,2026-05-02,ValkyrieVolt,1115,3,20,14,6,0.7
570,27,0,1,2026-05-02,HellsReaper,1012,19,27,13,14,0.48148148148148145
570,7,0,1,2026-05-02,ClockMirage,963,33,7,3,4,0.42857142857142855
570,30,0,1,2026-05-02,SharkEdge,963,32,30,13,17,0.43333333333333335
570,13,1,0,2026-05-02,WolfHunt,1002,25,13,7,6,0.5384615384615384
570,31,0,1,2026-05-02,KnightMail,1004,23,31,14,17,0.45161290322580644
570,27,0,1,2026-05-02,PerseusDark,1009,20,27,14,13,0.5185185185185185
570,27,0,1,2026-05-02,RhinoReaper,1002,24,27,13,14,0.48148148148148145
570,16,1,0,2026-05-02,HellsHammer,971,30,16,7,9,0.4375
570,23,0,1,2026-05-02,UnicornSting,967,31,23,10,13,0.43478260869565216
570,25,0,1,2026-05-02,LeonClaw,1008,21,25,13,12,0.52
570,19,0,1,2026-05-02,PhoenixRudder,1005,22,19,10,9,0.5263157894736842
571,29,0,1,2026-05-02,PhoenixWing,974,27,29,13,16,0.4482758620689655
571,13,1,0,2026-05-02,HellsBrave,1120,3,13,11,2,0.8461538461538461
571,16,0,1,2026-05-02,HellsHammer,971,29,16,7,9,0.4375
571,16,0,1,2026-05-02,CobaltDrake,972,28,16,6,10,0.375
571,18,1,0,2026-05-02,WizardArc,969,30,18,8,10,0.4444444444444444
571,20,0,1,2026-05-02,ValkyrieVolt,1115,4,20,14,6,0.7
572,16,0,1,2026-05-02,WyvernHover,938,38,16,5,11,0.3125
572,7,0,1,2026-05-02,ClockMirage,963,32,7,3,4,0.42857142857142855
572,24,0,1,2026-05-02,WhaleWave,941,36,24,9,15,0.375
572,30,0,1,2026-05-02,SharkEdge,963,31,30,13,17,0.43333333333333335
572,16,0,1,2026-05-02,HellsHammer,971,28,16,7,9,0.4375
572,25,1,0,2026-05-02,SolEclipse,947,35,25,9,16,0.36
572,23,0,1,2026-05-02,UnicornSting,967,30,23,10,13,0.43478260869565216
572,27,0,1,2026-05-02,DranDagger,940,37,27,10,17,0.37037037037037035
572,17,1,0,2026-05-02,CobaltDrake,962,33,17,6,11,0.35294117647058826
572,18,0,1,2026-05-02,WizardArc,969,29,18,8,10,0.4444444444444444
573,24,0,1,2026-05-02,WhaleWave,941,37,24,9,15,0.375
573,13,0,1,2026-05-02,WolfHunt,1002,24,13,7,6,0.5384615384615384
573,31,0,1,2026-05-02,KnightMail,1004,22,31,14,17,0.45161290322580644
573,27,0,1,2026-05-02,RhinoReaper,1002,23,27,13,14,0.48148148148148145
573,28,1,0,2026-05-02,DranDagger,955,34,28,11,17,0.39285714285714285
573,25,0,1,2026-05-02,SolEclipse,947,36,25,9,16,0.36
573,8,0,1,2026-05-02,EmperorMight,952,35,8,2,6,0.25
573,20,1,0,2026-05-02,PhoenixRudder,989,25,20,10,10,0.5
574,28,1,0,2026-05-02,HellsChain,1026,16,28,15,13,0.5357142857142857
574,28,0,1,2026-05-02,WeissTiger,1038,12,28,16,12,0.5714285714285714
574,26,1,0,2026-05-02,SilverWolf,1033,14,26,14,12,0.5384615384615384
574,34,0,1,2026-05-02,CerberusFlame,1022,17,34,17,17,0.5
574,27,0,1,2026-05-02,ViperTail,1036,13,27,14,13,0.5185185185185185
574,31,0,1,2026-05-02,ScorpioSpear,1044,11,31,16,15,0.5161290322580645
574,7,0,1,2026-05-02,TyrannoRoar,1021,18,7,5,2,0.7142857142857143
575,13,0,1,2026-05-02,WolfHunt,1002,23,13,7,6,0.5384615384615384
575,30,1,0,2026-05-02,PhoenixWing,982,26,30,14,16,0.4666666666666667
575,31,0,1,2026-05-02,KnightMail,1004,21,31,14,17,0.45161290322580644
575,27,0,1,2026-05-02,RhinoReaper,1002,22,27,13,14,0.48148148148148145
575,25,0,1,2026-05-02,CrimsonGaruda,980,27,25,11,14,0.44
575,26,1,0,2026-05-02,LeonClaw,1001,24,26,13,13,0.5
576,28,1,0,2026-05-02,HellsReaper,1005,21,28,13,15,0.4642857142857143
576,31,0,1,2026-05-02,KnightMail,1004,22,31,14,17,0.45161290322580644
576,28,1,0,2026-05-02,RhinoReaper,1010,19,28,14,14,0.5
577,28,0,1,2026-05-02,HellsReaper,1005,20,28,13,15,0.4642857142857143
577,31,1,0,2026-05-02,SharkEdge,974,28,31,14,17,0.45161290322580644
577,13,0,1,2026-05-02,WolfHunt,1002,22,13,7,6,0.5384615384615384
577,31,0,1,2026-05-02,KnightMail,1004,21,31,14,17,0.45161290322580644
577,28,1,0,2026-05-02,PerseusDark,1001,24,28,14,14,0.5
577,16,0,1,2026-05-02,HellsHammer,971,29,16,7,9,0.4375
577,23,0,1,2026-05-02,UnicornSting,967,31,23,10,13,0.43478260869565216
577,18,0,1,2026-05-02,WizardArc,969,30,18,8,10,0.4444444444444444
577,26,0,1,2026-05-02,LeonClaw,1001,23,26,13,13,0.5
578,29,1,0,2026-05-02,WeissTiger,1029,15,29,16,13,0.5517241379310345
578,26,0,1,2026-05-02,SilverWolf,1033,13,26,14,12,0.5384615384615384
578,35,0,1,2026-05-02,GolemRock,1032,14,35,18,17,0.5142857142857142
578,27,0,1,2026-05-02,ViperTail,1036,12,27,14,13,0.5185185185185185
578,32,1,0,2026-05-02,DranBrave,1062,10,32,19,13,0.59375
579,17,1,0,2026-05-02,WyvernHover,924,41,17,5,12,0.29411764705882354
579,28,0,1,2026-05-02,HellsReaper,1005,21,28,13,15,0.4642857142857143
579,8,0,1,2026-05-02,WhaleFlame,930,39,8,2,6,0.25
579,12,0,1,2026-05-02,DranBuster,925,40,12,3,9,0.25
579,32,1,0,2026-05-02,KnightMail,1012,19,32,15,17,0.46875
579,10,0,1,2026-05-02,PegasusBlast,932,38,10,3,7,0.3
579,28,0,1,2026-05-02,RhinoReaper,1010,20,28,14,14,0.5
580,7,0,1,2026-05-02,TyrannoRoar,1021,17,7,5,2,0.7142857142857143
580,35,1,0,2026-05-02,CerberusFlame,1017,18,35,17,18,0.4857142857142857
580,31,1,0,2026-05-02,DranSword,1083,8,31,20,11,0.6451612903225806
581,32,0,1,2026-05-02,DranBrave,1062,9,32,19,13,0.59375
581,28,1,0,2026-05-02,ViperTail,1046,11,28,15,13,0.5357142857142857
581,30,1,0,2026-05-02,CobaltDragoon,1052,10,30,17,13,0.5666666666666667
581,31,0,1,2026-05-02,ScorpioSpear,1044,12,31,16,15,0.5161290322580645
582,21,1,0,2026-05-02,ValkyrieVolt,1107,4,21,14,7,0.6666666666666666
582,34,1,0,2026-05-02,FoxBrush,1095,6,34,23,11,0.6764705882352942
583,32,1,0,2026-05-02,ScorpioSpear,1054,10,32,17,15,0.53125
583,50,1,0,2026-05-02,TuskMammoth,1121,2,50,34,16,0.68
583,28,0,1,2026-05-02,ViperTail,1046,12,28,15,13,0.5357142857142857
583,30,0,1,2026-05-02,CobaltDragoon,1052,11,30,17,13,0.5666666666666667
584,28,0,1,2026-05-02,HellsChain,1026,15,28,15,13,0.5357142857142857
584,29,0,1,2026-05-02,WeissTiger,1029,14,29,16,13,0.5517241379310345
584,36,1,0,2026-05-02,GolemRock,1026,16,36,18,18,0.5
584,26,1,0,2026-05-02,SharkScale,1108,4,26,17,9,0.6538461538461539
584,21,0,1,2026-05-02,ValkyrieVolt,1107,5,21,14,7,0.6666666666666666
585,41,1,0,2026-05-02,ImpactDrake,1150,1,41,29,12,0.7073170731707317
585,31,0,1,2026-05-02,DranSword,1083,7,31,20,11,0.6451612903225806
585,32,1,0,2026-05-02,LeonCrest,1075,8,32,18,14,0.5625
586,29,1,0,2026-05-02,HellsReaper,1011,20,29,14,15,0.4827586206896552
586,7,0,1,2026-05-02,ClockMirage,963,31,7,3,4,0.42857142857142855
586,28,0,1,2026-05-02,RhinoReaper,1010,21,28,14,14,0.5
586,17,1,0,2026-05-02,HellsHammer,960,33,17,7,10,0.4117647058823529
586,23,0,1,2026-05-02,UnicornSting,967,30,23,10,13,0.43478260869565216
586,17,0,1,2026-05-02,CobaltDrake,962,32,17,6,11,0.35294117647058826
586,18,0,1,2026-05-02,WizardArc,969,29,18,8,10,0.4444444444444444
587,26,0,1,2026-05-02,SilverWolf,1033,14,26,14,12,0.5384615384615384
587,29,1,0,2026-05-02,PerseusDark,993,24,29,14,15,0.4827586206896552
587,30,1,0,2026-05-02,WeissTiger,1037,13,30,17,13,0.5666666666666667
588,32,0,1,2026-05-02,ScorpioSpear,1054,11,32,17,15,0.53125
588,31,1,0,2026-05-02,CobaltDragoon,1060,10,31,18,13,0.5806451612903226
588,33,1,0,2026-05-02,LeonCrest,1066,8,33,18,15,0.5454545454545454
589,26,0,1,2026-05-10,SharkScale,1108,3,26,17,9,0.6538461538461539
589,51,1,0,2026-05-10,TuskMammoth,1129,2,51,35,16,0.6862745098039216
589,21,0,1,2026-05-10,ValkyrieVolt,1107,4,21,14,7,0.6666666666666666
589,14,1,0,2026-05-10,HellsBrave,1103,5,14,11,3,0.7857142857142857
590,42,1,0,2026-05-10,ImpactDrake,1142,1,42,29,13,0.6904761904761905
590,32,1,0,2026-05-10,DranSword,1094,7,32,21,11,0.65625
591,27,1,0,2026-05-10,SilverWolf,1025,16,27,14,13,0.5185185185185185
591,36,0,1,2026-05-10,GolemRock,1026,15,36,18,18,0.5
591,28,0,1,2026-05-10,HellsChain,1026,14,28,15,13,0.5357142857142857
591,35,1,0,2026-05-10,FoxBrush,1103,6,35,24,11,0.6857142857142857
592,32,0,1,2026-05-10,DranBrave,1062,10,32,19,13,0.59375
592,33,1,0,2026-05-10,ScorpioSpear,1046,11,33,17,16,0.5151515151515151
592,32,1,0,2026-05-10,CobaltDragoon,1068,8,32,19,13,0.59375
592,33,0,1,2026-05-10,LeonCrest,1066,9,33,18,15,0.5454545454545454
593,43,1,0,2026-05-10,ImpactDrake,1137,1,43,29,14,0.6744186046511628
593,26,0,1,2026-05-10,SharkScale,1108,4,26,17,9,0.6538461538461539
593,21,0,1,2026-05-10,ValkyrieVolt,1107,5,21,14,7,0.6666666666666666
593,15,1,0,2026-05-10,HellsBrave,1114,3,15,12,3,0.8
594,7,0,1,2026-05-10,TyrannoRoar,1021,16,7,5,2,0.7142857142857143
594,28,1,0,2026-05-10,SilverWolf,1019,17,28,14,14,0.5
594,34,1,0,2026-05-10,ScorpioSpear,1053,11,34,18,16,0.5294117647058824
595,33,1,0,2026-05-10,DranSword,1085,7,33,21,12,0.6363636363636364
595,52,1,0,2026-05-10,TuskMammoth,1136,2,52,36,16,0.6923076923076923
596,36,1,0,2026-05-10,FoxBrush,1109,4,36,25,11,0.6944444444444444
596,26,0,1,2026-05-10,SharkScale,1108,5,26,17,9,0.6538461538461539
596,32,0,1,2026-05-10,DranBrave,1062,9,32,19,13,0.59375
596,33,1,0,2026-05-10,CobaltDragoon,1062,10,33,19,14,0.5757575757575758
596,21,0,1,2026-05-10,ValkyrieVolt,1107,6,21,14,7,0.6666666666666666
596,33,0,1,2026-05-10,LeonCrest,1066,8,33,18,15,0.5454545454545454
597,35,1,0,2026-05-10,ScorpioSpear,1047,11,35,18,17,0.5142857142857142
597,34,1,0,2026-05-10,DranSword,1092,7,34,22,12,0.6470588235294118
598,26,0,1,2026-05-10,SharkScale,1108,4,26,17,9,0.6538461538461539
598,16,1,0,2026-05-10,HellsBrave,1097,6,16,12,4,0.75
598,33,0,1,2026-05-10,LeonCrest,1066,9,33,18,15,0.5454545454545454
598,32,0,1,2026-05-10,DranBrave,1062,10,32,19,13,0.59375
598,34,1,0,2026-05-10,CobaltDragoon,1072,8,34,20,14,0.5882352941176471
598,21,0,1,2026-05-10,ValkyrieVolt,1107,5,21,14,7,0.6666666666666666
598,36,0,1,2026-05-10,FoxBrush,1109,3,36,25,11,0.6944444444444444
599,16,0,1,2026-05-10,HellsBrave,1097,7,16,12,4,0.75
599,35,1,0,2026-05-10,DranSword,1102,6,35,23,12,0.6571428571428571
599,32,0,1,2026-05-10,DranBrave,1062,9,32,19,13,0.59375
599,35,1,0,2026-05-10,CobaltDragoon,1062,10,35,20,15,0.5714285714285714
599,33,0,1,2026-05-10,LeonCrest,1066,8,33,18,15,0.5454545454545454
600,53,1,0,2026-05-10,TuskMammoth,1125,2,53,36,17,0.6792452830188679
600,37,1,0,2026-05-10,FoxBrush,1120,3,37,26,11,0.7027027027027027
601,28,0,1,2026-05-10,HellsChain,1026,15,28,15,13,0.5357142857142857
601,29,1,0,2026-05-10,SilverWolf,1029,14,29,15,14,0.5172413793103449
601,36,0,1,2026-05-10,GolemRock,1026,16,36,18,18,0.5
601,44,1,0,2026-05-10,ImpactDrake,1129,1,44,29,15,0.6590909090909091
601,7,0,1,2026-05-10,TyrannoRoar,1021,17,7,5,2,0.7142857142857143
602,36,1,0,2026-05-10,ScorpioSpear,1040,12,36,18,18,0.5
602,35,0,1,2026-05-10,DranSword,1102,7,35,23,12,0.6571428571428571
602,28,0,1,2026-05-10,ViperTail,1046,11,28,15,13,0.5357142857142857
602,17,1,0,2026-05-10,HellsBrave,1107,6,17,13,4,0.7647058823529411
603,44,0,1,2026-05-10,ImpactDrake,1129,2,44,29,15,0.6590909090909091
603,36,1,0,2026-05-10,DranSword,1091,7,36,23,13,0.6388888888888888
603,54,1,0,2026-05-10,TuskMammoth,1132,1,54,37,17,0.6851851851851852
604,55,1,0,2026-05-10,TuskMammoth,1138,1,55,38,17,0.6909090909090909
604,38,1,0,2026-05-10,FoxBrush,1112,3,38,26,12,0.6842105263157895
605,44,0,1,2026-05-10,ImpactDrake,1129,1,44,29,15,0.6590909090909091
605,56,1,0,2026-05-10,TuskMammoth,1125,3,56,38,18,0.6785714285714286
605,39,1,0,2026-05-10,FoxBrush,1126,2,39,27,12,0.6923076923076923
631,8,1,0,2026-05-22,TyrannoRoar,1028,15,8,6,2,0.75
631,36,0,1,2026-05-22,GolemRock,1026,17,36,18,18,0.5
631,28,0,1,2026-05-22,HellsChain,1026,16,28,15,13,0.5357142857142857
631,25,1,0,2026-05-22,WhaleWave,936,37,25,9,16,0.36
632,7,0,1,2026-05-22,ClockMirage,963,32,7,3,4,0.42857142857142855
632,30,0,1,2026-05-22,PhoenixWing,982,27,30,14,16,0.4666666666666667
632,28,0,1,2026-05-22,RhinoReaper,1010,22,28,14,14,0.5
632,17,0,1,2026-05-22,HellsHammer,960,34,17,7,10,0.4117647058823529
632,28,0,1,2026-05-22,DranDagger,955,35,28,11,17,0.39285714285714285
632,25,0,1,2026-05-22,CrimsonGaruda,980,28,25,11,14,0.44
632,23,0,1,2026-05-22,UnicornSting,967,31,23,10,13,0.43478260869565216
632,17,0,1,2026-05-22,CobaltDrake,962,33,17,6,11,0.35294117647058826
632,20,0,1,2026-05-22,PhoenixRudder,989,26,20,10,10,0.5
632,9,0,1,2026-05-22,WizardArrow,890,45,9,1,8,0.1111111111111111
632,31,0,1,2026-05-22,SharkEdge,974,29,31,14,17,0.45161290322580644
632,13,0,1,2026-05-22,WolfHunt,1002,23,13,7,6,0.5384615384615384
632,11,1,0,2026-05-22,PegasusBlast,918,42,11,3,8,0.2727272727272727
632,1,1,0,2026-05-22,GhostCircle,1016,19,1,1,0,1.0
632,25,0,1,2026-05-22,SolEclipse,947,37,25,9,16,0.36
632,26,0,1,2026-05-22,LeonClaw,1001,24,26,13,13,0.5
632,25,0,1,2026-05-22,WhaleWave,936,38,25,9,16,0.36
632,10,0,1,2026-05-22,SamuraiSaber,832,47,10,0,10,0.0
632,29,0,1,2026-05-22,PerseusDark,993,25,29,14,15,0.4827586206896552
632,24,0,1,2026-05-22,WizardRod,911,44,24,8,16,0.3333333333333333
632,12,0,1,2026-05-22,TyrannoBeat,879,46,12,2,10,0.16666666666666666
632,12,0,1,2026-05-22,BlackShell,911,43,12,3,9,0.25
632,8,0,1,2026-05-22,EmperorMight,952,36,8,2,6,0.25
632,29,0,1,2026-05-22,HellsReaper,1011,21,29,14,15,0.4827586206896552
632,32,0,1,2026-05-22,KnightMail,1012,20,32,15,17,0.46875
632,18,0,1,2026-05-22,WizardArc,969,30,18,8,10,0.4444444444444444
633,31,0,1,2026-05-22,SharkEdge,974,28,31,14,17,0.45161290322580644
633,26,1,0,2026-05-22,CrimsonGaruda,970,29,26,11,15,0.4230769230769231
633,11,1,0,2026-05-22,SamuraiSaber,857,47,11,1,10,0.09090909090909091
634,29,0,1,2026-05-22,HellsReaper,1011,20,29,14,15,0.4827586206896552
634,30,0,1,2026-05-22,WeissTiger,1037,14,30,17,13,0.5666666666666667
634,32,0,1,2026-05-22,KnightMail,1012,19,32,15,17,0.46875
634,29,0,1,2026-05-22,SilverWolf,1029,15,29,15,14,0.5172413793103449
634,2,1,0,2026-05-22,GhostCircle,1002,22,2,1,1,0.5
634,28,0,1,2026-05-22,RhinoReaper,1010,21,28,14,14,0.5
634,9,1,0,2026-05-22,TyrannoRoar,1037,13,9,7,2,0.7777777777777778
635,24,0,1,2026-05-22,WizardRod,911,43,24,8,16,0.3333333333333333
635,12,0,1,2026-05-22,BlackShell,911,42,12,3,9,0.25
635,12,1,0,2026-05-22,PegasusBlast,903,44,12,3,9,0.25
635,12,1,0,2026-05-22,SamuraiSaber,873,47,12,2,10,0.16666666666666666
636,27,1,0,2026-05-22,CrimsonGaruda,977,28,27,12,15,0.4444444444444444
636,26,1,0,2026-05-22,WhaleWave,929,39,26,9,17,0.34615384615384615
636,31,0,1,2026-05-22,SharkEdge,974,29,31,14,17,0.45161290322580644
636,8,0,1,2026-05-22,WhaleFlame,930,38,8,2,6,0.25
637,14,1,0,2026-05-22,WolfHunt,1009,22,14,8,6,0.5714285714285714
637,26,1,0,2026-05-22,SolEclipse,941,37,26,9,17,0.34615384615384615
637,2,0,1,2026-05-22,GhostCircle,1002,23,2,1,1,0.5
638,7,0,1,2026-05-22,ClockMirage,963,33,7,3,4,0.42857142857142855
638,30,0,1,2026-05-22,PhoenixWing,982,28,30,14,16,0.4666666666666667
638,28,0,1,2026-05-22,RhinoReaper,1010,22,28,14,14,0.5
638,17,0,1,2026-05-22,HellsHammer,960,35,17,7,10,0.4117647058823529
638,28,0,1,2026-05-22,DranDagger,955,36,28,11,17,0.39285714285714285
638,27,0,1,2026-05-22,CrimsonGaruda,977,29,27,12,15,0.4444444444444444
638,23,0,1,2026-05-22,UnicornSting,967,32,23,10,13,0.43478260869565216
638,17,0,1,2026-05-22,CobaltDrake,962,34,17,6,11,0.35294117647058826
638,20,0,1,2026-05-22,PhoenixRudder,989,27,20,10,10,0.5
638,9,0,1,2026-05-22,WizardArrow,890,46,9,1,8,0.1111111111111111
638,31,0,1,2026-05-22,SharkEdge,974,30,31,14,17,0.45161290322580644
638,9,1,0,2026-05-22,WhaleFlame,913,42,9,2,7,0.2222222222222222
638,14,0,1,2026-05-22,WolfHunt,1009,23,14,8,6,0.5714285714285714
638,2,0,1,2026-05-22,GhostCircle,1002,24,2,1,1,0.5
638,12,0,1,2026-05-22,PegasusBlast,903,45,12,3,9,0.25
638,26,0,1,2026-05-22,SolEclipse,941,38,26,9,17,0.34615384615384615
638,1,1,0,2026-05-22,PhoenixFlare,1016,19,1,1,0,1.0
638,26,0,1,2026-05-22,LeonClaw,1001,25,26,13,13,0.5
638,12,0,1,2026-05-22,SamuraiSaber,873,48,12,2,10,0.16666666666666666
638,29,0,1,2026-05-22,PerseusDark,993,26,29,14,15,0.4827586206896552
638,24,0,1,2026-05-22,WizardRod,911,44,24,8,16,0.3333333333333333
638,12,0,1,2026-05-22,TyrannoBeat,879,47,12,2,10,0.16666666666666666
638,12,0,1,2026-05-22,BlackShell,911,43,12,3,9,0.25
638,8,0,1,2026-05-22,EmperorMight,952,37,8,2,6,0.25
638,29,0,1,2026-05-22,HellsReaper,1011,21,29,14,15,0.4827586206896552
638,32,0,1,2026-05-22,KnightMail,1012,20,32,15,17,0.46875
638,18,0,1,2026-05-22,WizardArc,969,31,18,8,10,0.4444444444444444
639,31,0,1,2026-05-22,SharkEdge,974,31,31,14,17,0.45161290322580644
639,12,0,1,2026-05-22,SamuraiSaber,873,47,12,2,10,0.16666666666666666
639,24,1,0,2026-05-22,UnicornSting,977,29,24,11,13,0.4583333333333333
639,27,0,1,2026-05-22,CrimsonGaruda,977,30,27,12,15,0.4444444444444444
639,18,0,1,2026-05-22,WizardArc,969,32,18,8,10,0.4444444444444444
639,13,1,0,2026-05-22,TyrannoBeat,863,48,13,2,11,0.15384615384615385
640,28,0,1,2026-05-22,HellsChain,1026,17,28,15,13,0.5357142857142857
640,30,0,1,2026-05-22,WeissTiger,1037,15,30,17,13,0.5666666666666667
640,15,1,0,2026-05-22,WolfHunt,997,25,15,8,7,0.5333333333333333
640,29,0,1,2026-05-22,SilverWolf,1029,16,29,15,14,0.5172413793103449
640,36,0,1,2026-05-22,GolemRock,1026,18,36,18,18,0.5
640,35,0,1,2026-05-22,CerberusFlame,1017,19,35,17,18,0.4857142857142857
640,2,0,1,2026-05-22,GhostCircle,1002,23,2,1,1,0.5
640,2,1,0,2026-05-22,PhoenixFlare,1038,13,2,2,0,1.0
640,9,0,1,2026-05-22,TyrannoRoar,1037,14,9,7,2,0.7777777777777778
640,26,0,1,2026-05-22,LeonClaw,1001,24,26,13,13,0.5
641,27,1,0,2026-05-22,SolEclipse,931,38,27,9,18,0.3333333333333333
641,25,1,0,2026-05-22,UnicornSting,987,28,25,12,13,0.48
641,30,0,1,2026-05-22,PhoenixWing,982,29,30,14,16,0.4666666666666667
642,12,0,1,2026-05-22,DranBuster,925,41,12,3,9,0.25
642,14,1,0,2026-05-22,TyrannoBeat,852,48,14,2,12,0.14285714285714285
642,17,0,1,2026-05-22,WyvernHover,924,42,17,5,12,0.29411764705882354
642,10,1,0,2026-05-22,WhaleFlame,925,40,10,3,7,0.3
643,7,0,1,2026-05-22,ClockMirage,963,34,7,3,4,0.42857142857142855
643,30,0,1,2026-05-22,PhoenixWing,982,30,30,14,16,0.4666666666666667
643,28,0,1,2026-05-22,RhinoReaper,1010,23,28,14,14,0.5
643,17,0,1,2026-05-22,HellsHammer,960,36,17,7,10,0.4117647058823529
643,28,0,1,2026-05-22,DranDagger,955,37,28,11,17,0.39285714285714285
643,25,0,1,2026-05-22,UnicornSting,987,29,25,12,13,0.48
643,27,0,1,2026-05-22,CrimsonGaruda,977,31,27,12,15,0.4444444444444444
643,17,0,1,2026-05-22,CobaltDrake,962,35,17,6,11,0.35294117647058826
643,20,0,1,2026-05-22,PhoenixRudder,989,28,20,10,10,0.5
643,17,0,1,2026-05-22,WyvernHover,924,43,17,5,12,0.29411764705882354
643,9,0,1,2026-05-22,WizardArrow,890,47,9,1,8,0.1111111111111111
643,31,0,1,2026-05-22,SharkEdge,974,32,31,14,17,0.45161290322580644
643,10,0,1,2026-05-22,WhaleFlame,925,41,10,3,7,0.3
643,15,0,1,2026-05-22,WolfHunt,997,26,15,8,7,0.5333333333333333
643,12,0,1,2026-05-22,DranBuster,925,42,12,3,9,0.25
643,2,0,1,2026-05-22,GhostCircle,1002,24,2,1,1,0.5
643,12,0,1,2026-05-22,PegasusBlast,903,46,12,3,9,0.25
643,27,0,1,2026-05-22,SolEclipse,931,39,27,9,18,0.3333333333333333
643,26,0,1,2026-05-22,LeonClaw,1001,25,26,13,13,0.5
643,1,1,0,2026-05-22,ShelterDrake,1017,20,1,1,0,1.0
643,26,0,1,2026-05-22,WhaleWave,929,40,26,9,17,0.34615384615384615
643,12,0,1,2026-05-22,SamuraiSaber,873,48,12,2,10,0.16666666666666666
643,29,0,1,2026-05-22,PerseusDark,993,27,29,14,15,0.4827586206896552
643,24,0,1,2026-05-22,WizardRod,911,45,24,8,16,0.3333333333333333
643,14,0,1,2026-05-22,TyrannoBeat,852,49,14,2,12,0.14285714285714285
643,12,0,1,2026-05-22,BlackShell,911,44,12,3,9,0.25
643,9,1,0,2026-05-22,EmperorMight,937,38,9,2,7,0.2222222222222222
643,29,0,1,2026-05-22,HellsReaper,1011,22,29,14,15,0.4827586206896552
643,32,0,1,2026-05-22,KnightMail,1012,21,32,15,17,0.46875
643,18,0,1,2026-05-22,WizardArc,969,33,18,8,10,0.4444444444444444
644,7,0,1,2026-05-22,ClockMirage,963,35,7,3,4,0.42857142857142855
644,1,1,0,2026-05-22,MeteorDragoon,1020,19,1,1,0,1.0
644,30,0,1,2026-05-22,PhoenixWing,982,31,30,14,16,0.4666666666666667
644,35,0,1,2026-05-22,CerberusFlame,1017,20,35,17,18,0.4857142857142857
644,28,0,1,2026-05-22,RhinoReaper,1010,24,28,14,14,0.5
644,17,0,1,2026-05-22,HellsHammer,960,37,17,7,10,0.4117647058823529
644,28,0,1,2026-05-22,DranDagger,955,38,28,11,17,0.39285714285714285
644,25,0,1,2026-05-22,UnicornSting,987,30,25,12,13,0.48
644,27,0,1,2026-05-22,CrimsonGaruda,977,32,27,12,15,0.4444444444444444
644,17,0,1,2026-05-22,CobaltDrake,962,36,17,6,11,0.35294117647058826
644,20,0,1,2026-05-22,PhoenixRudder,989,29,20,10,10,0.5
644,9,0,1,2026-05-22,WizardArrow,890,48,9,1,8,0.1111111111111111
644,31,0,1,2026-05-22,SharkEdge,974,33,31,14,17,0.45161290322580644
644,10,0,1,2026-05-22,WhaleFlame,925,42,10,3,7,0.3
644,13,1,0,2026-05-22,DranBuster,904,46,13,3,10,0.23076923076923078
644,15,0,1,2026-05-22,WolfHunt,997,27,15,8,7,0.5333333333333333
644,2,0,1,2026-05-22,GhostCircle,1002,25,2,1,1,0.5
644,12,0,1,2026-05-22,PegasusBlast,903,47,12,3,9,0.25
644,27,0,1,2026-05-22,SolEclipse,931,40,27,9,18,0.3333333333333333
644,26,0,1,2026-05-22,LeonClaw,1001,26,26,13,13,0.5
644,1,0,1,2026-05-22,ShelterDrake,1017,21,1,1,0,1.0
644,26,0,1,2026-05-22,WhaleWave,929,41,26,9,17,0.34615384615384615
644,12,0,1,2026-05-22,SamuraiSaber,873,49,12,2,10,0.16666666666666666
644,29,0,1,2026-05-22,PerseusDark,993,28,29,14,15,0.4827586206896552
644,14,0,1,2026-05-22,TyrannoBeat,852,50,14,2,12,0.14285714285714285
644,9,0,1,2026-05-22,EmperorMight,937,39,9,2,7,0.2222222222222222
644,29,0,1,2026-05-22,HellsReaper,1011,23,29,14,15,0.4827586206896552
644,32,0,1,2026-05-22,KnightMail,1012,22,32,15,17,0.46875
644,18,0,1,2026-05-22,WizardArc,969,34,18,8,10,0.4444444444444444
645,18,0,1,2026-05-22,WizardArc,969,35,18,8,10,0.4444444444444444
645,8,1,0,2026-05-22,ClockMirage,973,34,8,4,4,0.5
645,10,1,0,2026-05-22,WizardArrow,878,48,10,1,9,0.1
646,29,0,1,2026-05-22,HellsReaper,1011,22,29,14,15,0.4827586206896552
646,2,1,0,2026-05-22,ShelterDrake,1033,16,2,2,0,1.0
646,28,0,1,2026-05-22,HellsChain,1026,18,28,15,13,0.5357142857142857
646,2,1,0,2026-05-22,MeteorDragoon,1004,24,2,1,1,0.5
646,32,0,1,2026-05-22,KnightMail,1012,21,32,15,17,0.46875
646,29,0,1,2026-05-22,SilverWolf,1029,17,29,15,14,0.5172413793103449
646,36,0,1,2026-05-22,GolemRock,1026,19,36,18,18,0.5
646,28,0,1,2026-05-22,RhinoReaper,1010,23,28,14,14,0.5
647,17,0,1,2026-05-22,WyvernHover,924,42,17,5,12,0.29411764705882354
647,9,1,0,2026-05-22,ClockMirage,987,31,9,5,4,0.5555555555555556
647,26,0,1,2026-05-22,WhaleWave,929,40,26,9,17,0.34615384615384615
647,31,0,1,2026-05-22,SharkEdge,974,34,31,14,17,0.45161290322580644
647,10,0,1,2026-05-22,WhaleFlame,925,41,10,3,7,0.3
647,30,0,1,2026-05-22,PhoenixWing,982,32,30,14,16,0.4666666666666667
647,27,0,1,2026-05-22,SolEclipse,931,39,27,9,18,0.3333333333333333
647,27,0,1,2026-05-22,CrimsonGaruda,977,33,27,12,15,0.4444444444444444
647,10,1,0,2026-05-22,EmperorMight,920,43,10,2,8,0.2
648,12,0,1,2026-05-22,SamuraiSaber,873,48,12,2,10,0.16666666666666666
648,14,1,0,2026-05-22,DranBuster,919,44,14,4,10,0.2857142857142857
648,24,0,1,2026-05-22,WizardRod,911,46,24,8,16,0.3333333333333333
648,12,0,1,2026-05-22,BlackShell,911,45,12,3,9,0.25
648,11,1,0,2026-05-22,WizardArrow,864,49,11,1,10,0.09090909090909091
649,29,1,0,2026-05-22,DranDagger,966,37,29,12,17,0.41379310344827586
649,17,0,1,2026-05-22,HellsHammer,960,39,17,7,10,0.4117647058823529
649,27,0,1,2026-05-22,CrimsonGaruda,977,34,27,12,15,0.4444444444444444
649,17,0,1,2026-05-22,CobaltDrake,962,38,17,6,11,0.35294117647058826
649,11,0,1,2026-05-22,WizardArrow,864,50,11,1,10,0.09090909090909091
649,17,0,1,2026-05-22,WyvernHover,924,43,17,5,12,0.29411764705882354
649,31,0,1,2026-05-22,SharkEdge,974,35,31,14,17,0.45161290322580644
649,10,0,1,2026-05-22,WhaleFlame,925,42,10,3,7,0.3
649,14,0,1,2026-05-22,DranBuster,919,45,14,4,10,0.2857142857142857
649,12,0,1,2026-05-22,PegasusBlast,903,48,12,3,9,0.25
649,27,0,1,2026-05-22,SolEclipse,931,40,27,9,18,0.3333333333333333
649,26,0,1,2026-05-22,WhaleWave,929,41,26,9,17,0.34615384615384615
649,12,0,1,2026-05-22,SamuraiSaber,873,49,12,2,10,0.16666666666666666
649,24,0,1,2026-05-22,WizardRod,911,47,24,8,16,0.3333333333333333
649,14,0,1,2026-05-22,TyrannoBeat,852,51,14,2,12,0.14285714285714285
649,12,0,1,2026-05-22,BlackShell,911,46,12,3,9,0.25
649,10,0,1,2026-05-22,EmperorMight,920,44,10,2,8,0.2
649,1,1,0,2026-05-22,SamuraiCalibur,977,33,1,0,1,0.0
649,18,0,1,2026-05-22,WizardArc,969,36,18,8,10,0.4444444444444444
650,9,0,1,2026-05-22,ClockMirage,987,32,9,5,4,0.5555555555555556
650,2,0,1,2026-05-22,MeteorDragoon,1004,25,2,1,1,0.5
650,30,0,1,2026-05-22,PhoenixWing,982,33,30,14,16,0.4666666666666667
650,35,0,1,2026-05-22,CerberusFlame,1017,21,35,17,18,0.4857142857142857
650,28,0,1,2026-05-22,RhinoReaper,1010,24,28,14,14,0.5
650,29,0,1,2026-05-22,DranDagger,966,38,29,12,17,0.41379310344827586
650,17,0,1,2026-05-22,HellsHammer,960,40,17,7,10,0.4117647058823529
650,25,0,1,2026-05-22,UnicornSting,987,31,25,12,13,0.48
650,27,0,1,2026-05-22,CrimsonGaruda,977,35,27,12,15,0.4444444444444444
650,17,0,1,2026-05-22,CobaltDrake,962,39,17,6,11,0.35294117647058826
650,1,1,0,2026-05-22,SamuraiSteel,1019,20,1,1,0,1.0
650,20,0,1,2026-05-22,PhoenixRudder,989,30,20,10,10,0.5
650,17,0,1,2026-05-22,WyvernHover,924,44,17,5,12,0.29411764705882354
650,11,0,1,2026-05-22,WizardArrow,864,51,11,1,10,0.09090909090909091
650,31,0,1,2026-05-22,SharkEdge,974,36,31,14,17,0.45161290322580644
650,10,0,1,2026-05-22,WhaleFlame,925,43,10,3,7,0.3
650,15,0,1,2026-05-22,WolfHunt,997,28,15,8,7,0.5333333333333333
650,14,0,1,2026-05-22,DranBuster,919,46,14,4,10,0.2857142857142857
650,2,0,1,2026-05-22,GhostCircle,1002,26,2,1,1,0.5
650,27,0,1,2026-05-22,SolEclipse,931,41,27,9,18,0.3333333333333333
650,26,0,1,2026-05-22,LeonClaw,1001,27,26,13,13,0.5
650,26,0,1,2026-05-22,WhaleWave,929,42,26,9,17,0.34615384615384615
650,12,0,1,2026-05-22,SamuraiSaber,873,50,12,2,10,0.16666666666666666
650,29,0,1,2026-05-22,PerseusDark,993,29,29,14,15,0.4827586206896552
650,25,1,0,2026-05-22,WizardRod,897,49,25,8,17,0.32
650,14,0,1,2026-05-22,TyrannoBeat,852,52,14,2,12,0.14285714285714285
650,12,0,1,2026-05-22,BlackShell,911,47,12,3,9,0.25
650,10,0,1,2026-05-22,EmperorMight,920,45,10,2,8,0.2
650,29,0,1,2026-05-22,HellsReaper,1011,23,29,14,15,0.4827586206896552
650,32,0,1,2026-05-22,KnightMail,1012,22,32,15,17,0.46875
650,1,0,1,2026-05-22,SamuraiCalibur,977,34,1,0,1,0.0
650,18,0,1,2026-05-22,WizardArc,969,37,18,8,10,0.4444444444444444
651,17,0,1,2026-05-22,WyvernHover,924,45,17,5,12,0.29411764705882354
651,10,0,1,2026-05-22,WhaleFlame,925,44,10,3,7,0.3
651,14,0,1,2026-05-22,DranBuster,919,47,14,4,10,0.2857142857142857
651,17,0,1,2026-05-22,HellsHammer,960,39,17,7,10,0.4117647058823529
651,18,1,0,2026-05-22,CobaltDrake,952,40,18,6,12,0.3333333333333333
651,13,1,0,2026-05-22,BlackShell,927,43,13,4,9,0.3076923076923077
651,10,0,1,2026-05-22,EmperorMight,920,46,10,2,8,0.2
652,28,0,1,2026-05-22,HellsChain,1026,19,28,15,13,0.5357142857142857
652,29,0,1,2026-05-22,SilverWolf,1029,18,29,15,14,0.5172413793103449
652,36,0,1,2026-05-22,GolemRock,1026,20,36,18,18,0.5
652,30,1,0,2026-05-22,DranDagger,961,38,30,12,18,0.4
652,2,1,0,2026-05-22,SamuraiSteel,1030,17,2,2,0,1.0
653,27,0,1,2026-05-22,SolEclipse,931,42,27,9,18,0.3333333333333333
653,14,1,0,2026-05-22,BlackShell,941,41,14,5,9,0.35714285714285715
653,26,0,1,2026-05-22,WhaleWave,929,43,26,9,17,0.34615384615384615
653,26,1,0,2026-05-22,WizardRod,884,49,26,8,18,0.3076923076923077
654,31,0,1,2026-05-22,SharkEdge,974,35,31,14,17,0.45161290322580644
654,27,0,1,2026-05-22,CrimsonGaruda,977,34,27,12,15,0.4444444444444444
654,19,1,0,2026-05-22,CobaltDrake,966,37,19,7,12,0.3684210526315789
654,2,1,0,2026-05-22,SamuraiCalibur,952,40,2,0,2,0.0
654,18,0,1,2026-05-22,WizardArc,969,36,18,8,10,0.4444444444444444
663,2,0,1,2026-05-22,ShelterDrake,1033,15,2,2,0,1.0
663,28,0,1,2026-05-22,HellsChain,1026,18,28,15,13,0.5357142857142857
663,30,0,1,2026-05-22,WeissTiger,1037,14,30,17,13,0.5666666666666667
663,29,0,1,2026-05-22,SilverWolf,1029,17,29,15,14,0.5172413793103449
663,36,0,1,2026-05-22,GolemRock,1026,19,36,18,18,0.5
663,31,1,0,2026-05-22,DranDagger,972,36,31,13,18,0.41935483870967744
663,19,0,1,2026-05-22,CobaltDrake,966,38,19,7,12,0.3684210526315789
663,10,1,0,2026-05-22,TyrannoRoar,1018,20,10,7,3,0.7
663,2,0,1,2026-05-22,SamuraiSteel,1030,16,2,2,0,1.0
663,18,0,1,2026-05-22,WizardArc,969,37,18,8,10,0.4444444444444444
664,17,0,1,2026-05-22,WyvernHover,924,44,17,5,12,0.29411764705882354
664,3,1,0,2026-05-22,ShelterDrake,1049,11,3,3,0,1.0
664,11,1,0,2026-05-22,WhaleFlame,912,47,11,3,8,0.2727272727272727
664,30,0,1,2026-05-22,WeissTiger,1037,15,30,17,13,0.5666666666666667
664,14,0,1,2026-05-22,DranBuster,919,46,14,4,10,0.2857142857142857
664,28,0,1,2026-05-22,ViperTail,1046,12,28,15,13,0.5357142857142857
664,36,0,1,2026-05-22,ScorpioSpear,1040,13,36,18,18,0.5
664,2,0,1,2026-05-22,PhoenixFlare,1038,14,2,2,0,1.0
664,10,0,1,2026-05-22,EmperorMight,920,45,10,2,8,0.2
665,9,0,1,2026-05-22,ClockMirage,987,31,9,5,4,0.5555555555555556
665,15,0,1,2026-05-22,WolfHunt,997,27,15,8,7,0.5333333333333333
665,30,0,1,2026-05-22,PhoenixWing,982,32,30,14,16,0.4666666666666667
665,29,0,1,2026-05-22,PerseusDark,993,28,29,14,15,0.4827586206896552
665,3,1,0,2026-05-22,GhostCircle,981,33,3,1,2,0.3333333333333333
665,25,0,1,2026-05-22,UnicornSting,987,30,25,12,13,0.48
665,2,0,1,2026-05-22,SamuraiCalibur,952,41,2,0,2,0.0
665,15,1,0,2026-05-22,BlackShell,956,40,15,6,9,0.4
665,26,0,1,2026-05-22,LeonClaw,1001,26,26,13,13,0.5
665,20,0,1,2026-05-22,PhoenixRudder,989,29,20,10,10,0.5
666,29,0,1,2026-05-22,HellsReaper,1011,24,29,14,15,0.4827586206896552
666,9,0,1,2026-05-22,ClockMirage,987,30,9,5,4,0.5555555555555556
666,3,1,0,2026-05-22,MeteorDragoon,1026,20,3,2,1,0.6666666666666666
666,32,0,1,2026-05-22,KnightMail,1012,23,32,15,17,0.46875
666,30,0,1,2026-05-22,PhoenixWing,982,31,30,14,16,0.4666666666666667
666,35,0,1,2026-05-22,CerberusFlame,1017,22,35,17,18,0.4857142857142857
666,28,0,1,2026-05-22,RhinoReaper,1010,25,28,14,14,0.5
666,3,0,1,2026-05-22,GhostCircle,981,32,3,1,2,0.3333333333333333
666,26,1,0,2026-05-22,UnicornSting,977,33,26,12,14,0.46153846153846156
666,10,0,1,2026-05-22,TyrannoRoar,1018,21,10,7,3,0.7
667,4,1,0,2026-05-22,ShelterDrake,1027,17,4,3,1,0.75
667,31,0,1,2026-05-22,SharkEdge,974,36,31,14,17,0.45161290322580644
667,30,0,1,2026-05-22,WeissTiger,1037,14,30,17,13,0.5666666666666667
667,29,0,1,2026-05-22,SilverWolf,1029,16,29,15,14,0.5172413793103449
667,32,1,0,2026-05-22,DranDagger,980,33,32,14,18,0.4375
667,26,0,1,2026-05-22,UnicornSting,977,34,26,12,14,0.46153846153846156
667,28,0,1,2026-05-22,ViperTail,1046,11,28,15,13,0.5357142857142857
667,36,0,1,2026-05-22,ScorpioSpear,1040,12,36,18,18,0.5
667,27,0,1,2026-05-22,CrimsonGaruda,977,35,27,12,15,0.4444444444444444
667,2,0,1,2026-05-22,PhoenixFlare,1038,13,2,2,0,1.0
667,2,0,1,2026-05-22,SamuraiSteel,1030,15,2,2,0,1.0
668,4,0,1,2026-05-22,ShelterDrake,1027,18,4,3,1,0.75
668,28,0,1,2026-05-22,HellsChain,1026,19,28,15,13,0.5357142857142857
668,4,1,0,2026-05-22,MeteorDragoon,1039,13,4,3,1,0.75
668,30,0,1,2026-05-22,WeissTiger,1037,15,30,17,13,0.5666666666666667
668,29,0,1,2026-05-22,SilverWolf,1029,17,29,15,14,0.5172413793103449
668,36,0,1,2026-05-22,GolemRock,1026,20,36,18,18,0.5
668,2,0,1,2026-05-22,SamuraiCalibur,952,40,2,0,2,0.0
668,2,0,1,2026-05-22,PhoenixFlare,1038,14,2,2,0,1.0
668,2,0,1,2026-05-22,SamuraiSteel,1030,16,2,2,0,1.0
668,16,1,0,2026-05-22,BlackShell,949,41,16,6,10,0.375
669,9,0,1,2026-05-22,ClockMirage,987,31,9,5,4,0.5555555555555556
669,4,0,1,2026-05-22,ShelterDrake,1027,17,4,3,1,0.75
669,28,0,1,2026-05-22,HellsChain,1026,18,28,15,13,0.5357142857142857
669,5,1,0,2026-05-22,MeteorDragoon,1013,22,5,3,2,0.6
669,30,0,1,2026-05-22,WeissTiger,1037,14,30,17,13,0.5666666666666667
669,10,0,1,2026-05-22,TyrannoRoar,1018,20,10,7,3,0.7
669,30,0,1,2026-05-22,PhoenixWing,982,32,30,14,16,0.4666666666666667
669,29,0,1,2026-05-22,SilverWolf,1029,16,29,15,14,0.5172413793103449
669,36,0,1,2026-05-22,GolemRock,1026,19,36,18,18,0.5
669,35,0,1,2026-05-22,CerberusFlame,1017,21,35,17,18,0.4857142857142857
669,3,0,1,2026-05-22,GhostCircle,981,33,3,1,2,0.3333333333333333
669,33,1,0,2026-05-22,DranDagger,992,29,33,15,18,0.45454545454545453
669,2,0,1,2026-05-22,PhoenixFlare,1038,13,2,2,0,1.0
669,2,0,1,2026-05-22,SamuraiSteel,1030,15,2,2,0,1.0
669,20,0,1,2026-05-22,PhoenixRudder,989,30,20,10,10,0.5
670,18,0,1,2026-05-22,WizardArc,969,38,18,8,10,0.4444444444444444
670,20,1,0,2026-05-22,CobaltDrake,971,37,20,8,12,0.4
670,13,1,0,2026-05-22,SamuraiSaber,867,50,13,2,11,0.15384615384615385
671,16,1,0,2026-05-22,WolfHunt,988,31,16,8,8,0.5
671,10,1,0,2026-05-22,ClockMirage,998,27,10,6,4,0.6
672,29,0,1,2026-05-22,HellsReaper,1011,23,29,14,15,0.4827586206896552
672,4,0,1,2026-05-22,ShelterDrake,1027,16,4,3,1,0.75
672,28,0,1,2026-05-22,HellsChain,1026,17,28,15,13,0.5357142857142857
672,5,0,1,2026-05-22,MeteorDragoon,1013,21,5,3,2,0.6
672,32,0,1,2026-05-22,KnightMail,1012,22,32,15,17,0.46875
672,29,0,1,2026-05-22,SilverWolf,1029,15,29,15,14,0.5172413793103449
672,36,0,1,2026-05-22,GolemRock,1026,18,36,18,18,0.5
672,35,0,1,2026-05-22,CerberusFlame,1017,20,35,17,18,0.4857142857142857
672,30,0,1,2026-05-22,PhoenixWing,982,33,30,14,16,0.4666666666666667
672,28,0,1,2026-05-22,RhinoReaper,1010,24,28,14,14,0.5
672,3,0,1,2026-05-22,GhostCircle,981,34,3,1,2,0.3333333333333333
672,28,1,0,2026-05-22,CrimsonGaruda,988,32,28,13,15,0.4642857142857143
672,26,0,1,2026-05-22,UnicornSting,977,35,26,12,14,0.46153846153846156
672,10,0,1,2026-05-22,TyrannoRoar,1018,19,10,7,3,0.7
672,3,1,0,2026-05-22,SamuraiSteel,1004,25,3,2,1,0.6666666666666666
673,17,0,1,2026-05-22,WyvernHover,924,45,17,5,12,0.29411764705882354
673,29,0,1,2026-05-22,HellsReaper,1011,22,29,14,15,0.4827586206896552
673,4,0,1,2026-05-22,ShelterDrake,1027,15,4,3,1,0.75
673,28,0,1,2026-05-22,HellsChain,1026,16,28,15,13,0.5357142857142857
673,26,0,1,2026-05-22,WhaleWave,929,44,26,9,17,0.34615384615384615
673,5,0,1,2026-05-22,MeteorDragoon,1013,20,5,3,2,0.6
673,30,0,1,2026-05-22,WeissTiger,1037,13,30,17,13,0.5666666666666667
673,15,1,0,2026-05-22,DranBuster,943,42,15,5,10,0.3333333333333333
673,32,0,1,2026-05-22,KnightMail,1012,21,32,15,17,0.46875
673,29,0,1,2026-05-22,SilverWolf,1029,14,29,15,14,0.5172413793103449
673,36,0,1,2026-05-22,GolemRock,1026,17,36,18,18,0.5
673,35,0,1,2026-05-22,CerberusFlame,1017,19,35,17,18,0.4857142857142857
673,28,0,1,2026-05-22,RhinoReaper,1010,23,28,14,14,0.5
673,27,0,1,2026-05-22,SolEclipse,931,43,27,9,18,0.3333333333333333
673,3,1,0,2026-05-22,PhoenixFlare,1005,24,3,2,1,0.6666666666666666
673,10,0,1,2026-05-22,TyrannoRoar,1018,18,10,7,3,0.7
673,10,0,1,2026-05-22,EmperorMight,920,46,10,2,8,0.2
674,11,1,0,2026-05-22,ClockMirage,980,35,11,6,5,0.5454545454545454
674,31,0,1,2026-05-22,SharkEdge,974,37,31,14,17,0.45161290322580644
674,16,0,1,2026-05-22,WolfHunt,988,30,16,8,8,0.5
674,29,0,1,2026-05-22,PerseusDark,993,27,29,14,15,0.4827586206896552
674,33,0,1,2026-05-22,DranDagger,992,28,33,15,18,0.45454545454545453
674,28,0,1,2026-05-22,CrimsonGaruda,988,31,28,13,15,0.4642857142857143
674,26,0,1,2026-05-22,UnicornSting,977,36,26,12,14,0.46153846153846156
674,21,1,0,2026-05-22,CobaltDrake,982,32,21,9,12,0.42857142857142855
674,20,0,1,2026-05-22,PhoenixRudder,989,29,20,10,10,0.5
675,11,0,1,2026-05-22,ClockMirage,980,34,11,6,5,0.5454545454545454
675,16,1,0,2026-05-22,DranBuster,958,40,16,6,10,0.375
675,30,0,1,2026-05-22,PhoenixWing,982,32,30,14,16,0.4666666666666667
675,3,0,1,2026-05-22,GhostCircle,981,33,3,1,2,0.3333333333333333
675,29,1,0,2026-05-22,CrimsonGaruda,978,35,29,13,16,0.4482758620689655
675,21,0,1,2026-05-22,CobaltDrake,982,31,21,9,12,0.42857142857142855
675,2,0,1,2026-05-22,SamuraiCalibur,952,41,2,0,2,0.0
675,16,0,1,2026-05-22,BlackShell,949,42,16,6,10,0.375
676,11,0,1,2026-05-22,ClockMirage,980,33,11,6,5,0.5454545454545454
676,31,0,1,2026-05-22,SharkEdge,974,36,31,14,17,0.45161290322580644
676,17,1,0,2026-05-22,DranBuster,972,37,17,7,10,0.4117647058823529
676,30,0,1,2026-05-22,PhoenixWing,982,31,30,14,16,0.4666666666666667
676,3,0,1,2026-05-22,GhostCircle,981,32,3,1,2,0.3333333333333333
676,17,0,1,2026-05-22,HellsHammer,960,40,17,7,10,0.4117647058823529
676,29,0,1,2026-05-22,CrimsonGaruda,978,34,29,13,16,0.4482758620689655
676,26,0,1,2026-05-22,UnicornSting,977,35,26,12,14,0.46153846153846156
676,22,1,0,2026-05-22,CobaltDrake,967,39,22,9,13,0.4090909090909091
677,3,0,1,2026-06-07,PhoenixFlare,1005,25,3,2,1,0.6666666666666666
677,15,1,0,2026-06-07,TyrannoBeat,835,52,15,2,13,0.13333333333333333
677,3,0,1,2026-06-07,SamuraiSteel,1004,26,3,2,1,0.6666666666666666
677,27,1,0,2026-06-07,LeonClaw,1009,24,27,14,13,0.5185185185185185
678,11,0,1,2026-06-07,ClockMirage,980,34,11,6,5,0.5454545454545454
678,30,0,1,2026-06-07,PhoenixWing,982,32,30,14,16,0.4666666666666667
678,18,1,0,2026-06-07,HellsHammer,970,39,18,8,10,0.4444444444444444
678,29,0,1,2026-06-07,CrimsonGaruda,978,35,29,13,16,0.4482758620689655
678,26,0,1,2026-06-07,UnicornSting,977,36,26,12,14,0.46153846153846156
678,22,0,1,2026-06-07,CobaltDrake,967,41,22,9,13,0.4090909090909091
678,11,0,1,2026-06-07,WizardArrow,864,52,11,1,10,0.09090909090909091
678,17,0,1,2026-06-07,WyvernHover,924,46,17,5,12,0.29411764705882354
678,31,0,1,2026-06-07,SharkEdge,974,37,31,14,17,0.45161290322580644
678,11,0,1,2026-06-07,WhaleFlame,912,48,11,3,8,0.2727272727272727
678,17,0,1,2026-06-07,DranBuster,972,38,17,7,10,0.4117647058823529
678,3,0,1,2026-06-07,GhostCircle,981,33,3,1,2,0.3333333333333333
678,12,0,1,2026-06-07,PegasusBlast,903,49,12,3,9,0.25
678,27,0,1,2026-06-07,SolEclipse,931,44,27,9,18,0.3333333333333333
678,26,0,1,2026-06-07,WhaleWave,929,45,26,9,17,0.34615384615384615
678,13,0,1,2026-06-07,SamuraiSaber,867,51,13,2,11,0.15384615384615385
678,26,0,1,2026-06-07,WizardRod,884,50,26,8,18,0.3076923076923077
678,15,0,1,2026-06-07,TyrannoBeat,835,53,15,2,13,0.13333333333333333
678,16,0,1,2026-06-07,BlackShell,949,43,16,6,10,0.375
678,10,0,1,2026-06-07,EmperorMight,920,47,10,2,8,0.2
678,1,1,0,2026-06-07,TriceraPress,985,31,1,0,1,0.0
678,2,0,1,2026-06-07,SamuraiCalibur,952,42,2,0,2,0.0
678,18,0,1,2026-06-07,WizardArc,969,40,18,8,10,0.4444444444444444
679,18,1,0,2026-06-07,DranBuster,964,41,18,7,11,0.3888888888888889
679,29,0,1,2026-06-07,PerseusDark,993,28,29,14,15,0.4827586206896552
679,18,0,1,2026-06-07,HellsHammer,970,38,18,8,10,0.4444444444444444
679,34,1,0,2026-06-07,DranDagger,999,27,34,16,18,0.47058823529411764
679,22,0,1,2026-06-07,CobaltDrake,967,40,22,9,13,0.4090909090909091
679,18,0,1,2026-06-07,WizardArc,969,39,18,8,10,0.4444444444444444
680,32,1,0,2026-06-07,SharkEdge,965,40,32,14,18,0.4375
680,29,0,1,2026-06-07,PerseusDark,993,29,29,14,15,0.4827586206896552
680,18,0,1,2026-06-07,HellsHammer,970,37,18,8,10,0.4444444444444444
680,22,0,1,2026-06-07,CobaltDrake,967,39,22,9,13,0.4090909090909091
680,18,0,1,2026-06-07,WizardArc,969,38,18,8,10,0.4444444444444444
680,21,1,0,2026-06-07,PhoenixRudder,999,28,21,11,10,0.5238095238095238
681,18,1,0,2026-06-07,WyvernHover,918,47,18,5,13,0.2777777777777778
681,26,0,1,2026-06-07,SharkScale,1108,5,26,17,9,0.6538461538461539
681,18,1,0,2026-06-07,HellsBrave,1110,4,18,14,4,0.7777777777777778
681,21,0,1,2026-06-07,ValkyrieVolt,1107,6,21,14,7,0.6666666666666666
681,10,0,1,2026-06-07,EmperorMight,920,46,10,2,8,0.2
682,4,0,1,2026-06-07,ShelterDrake,1027,16,4,3,1,0.75
682,29,1,0,2026-06-07,HellsChain,1034,14,29,16,13,0.5517241379310345
682,32,0,1,2026-06-07,SharkEdge,965,39,32,14,18,0.4375
682,18,0,1,2026-06-07,DranBuster,964,40,18,7,11,0.3888888888888889
682,29,0,1,2026-06-07,SilverWolf,1029,15,29,15,14,0.5172413793103449
682,22,0,1,2026-06-07,CobaltDrake,967,38,22,9,13,0.4090909090909091
682,19,1,0,2026-06-07,WizardArc,960,41,19,8,11,0.42105263157894735
683,5,0,1,2026-06-07,MeteorDragoon,1013,21,5,3,2,0.6
683,16,0,1,2026-06-07,WolfHunt,988,29,16,8,8,0.5
683,33,1,0,2026-06-07,KnightMail,1019,18,33,16,17,0.48484848484848486
683,35,0,1,2026-06-07,CerberusFlame,1017,20,35,17,18,0.4857142857142857
683,30,1,0,2026-06-07,PerseusDark,985,30,30,14,16,0.4666666666666667
683,10,0,1,2026-06-07,TyrannoRoar,1018,19,10,7,3,0.7
684,30,1,0,2026-06-07,HellsReaper,1002,26,30,14,16,0.4666666666666667
684,5,0,1,2026-06-07,MeteorDragoon,1013,22,5,3,2,0.6
684,35,0,1,2026-06-07,CerberusFlame,1017,21,35,17,18,0.4857142857142857
684,29,1,0,2026-06-07,RhinoReaper,1018,19,29,15,14,0.5172413793103449
684,3,0,1,2026-06-07,PhoenixFlare,1005,24,3,2,1,0.6666666666666666
684,10,0,1,2026-06-07,TyrannoRoar,1018,20,10,7,3,0.7
684,3,0,1,2026-06-07,SamuraiSteel,1004,25,3,2,1,0.6666666666666666
684,27,0,1,2026-06-07,LeonClaw,1009,23,27,14,13,0.5185185185185185
685,11,0,1,2026-06-07,ClockMirage,980,33,11,6,5,0.5454545454545454
685,31,1,0,2026-06-07,PhoenixWing,974,36,31,14,17,0.45161290322580644
685,3,0,1,2026-06-07,GhostCircle,981,32,3,1,2,0.3333333333333333
685,29,0,1,2026-06-07,CrimsonGaruda,978,34,29,13,16,0.4482758620689655
685,26,0,1,2026-06-07,UnicornSting,977,35,26,12,14,0.46153846153846156
685,34,1,0,2026-06-07,LeonCrest,1072,8,34,19,15,0.5588235294117647
686,33,1,0,2026-06-07,DranBrave,1070,9,33,20,13,0.6060606060606061
686,36,1,0,2026-06-07,CerberusFlame,1011,22,36,17,19,0.4722222222222222
686,5,0,1,2026-06-07,MeteorDragoon,1013,21,5,3,2,0.6
687,33,0,1,2026-06-07,KnightMail,1019,17,33,16,17,0.48484848484848486
687,37,1,0,2026-06-07,GolemRock,1014,20,37,18,19,0.4864864864864865
687,29,0,1,2026-06-07,RhinoReaper,1018,18,29,15,14,0.5172413793103449
687,29,1,0,2026-06-07,ViperTail,1056,11,29,16,13,0.5517241379310345
687,10,0,1,2026-06-07,TyrannoRoar,1018,19,10,7,3,0.7
688,30,1,0,2026-06-07,SilverWolf,1020,16,30,15,15,0.5
688,4,0,1,2026-06-07,ShelterDrake,1027,15,4,3,1,0.75
688,36,0,1,2026-06-07,ScorpioSpear,1040,13,36,18,18,0.5
688,31,1,0,2026-06-07,WeissTiger,1046,12,31,18,13,0.5806451612903226
689,45,1,0,2026-06-07,ImpactDrake,1138,1,45,30,15,0.6666666666666666
689,37,1,0,2026-06-07,ScorpioSpear,1032,14,37,18,19,0.4864864864864865
689,29,0,1,2026-06-07,HellsChain,1034,13,29,16,13,0.5517241379310345
690,36,1,0,2026-06-07,CobaltDragoon,1058,10,36,20,16,0.5555555555555556
690,40,1,0,2026-06-07,FoxBrush,1132,2,40,28,12,0.7
691,37,1,0,2026-06-07,DranSword,1085,7,37,23,14,0.6216216216216216
691,57,1,0,2026-06-07,TuskMammoth,1129,3,57,39,18,0.6842105263157895
692,18,0,1,2026-06-07,HellsBrave,1110,5,18,14,4,0.7777777777777778
692,22,1,0,2026-06-07,ValkyrieVolt,1115,4,22,15,7,0.6818181818181818
692,27,1,0,2026-06-07,SharkScale,1102,6,27,17,10,0.6296296296296297
693,32,0,1,2026-06-07,SharkEdge,965,40,32,14,18,0.4375
693,19,1,0,2026-06-07,DranBuster,973,37,19,8,11,0.42105263157894735
693,18,0,1,2026-06-07,HellsHammer,970,38,18,8,10,0.4444444444444444
693,22,0,1,2026-06-07,CobaltDrake,967,39,22,9,13,0.4090909090909091
693,22,1,0,2026-06-07,PhoenixRudder,990,28,22,11,11,0.5
694,33,1,0,2026-06-07,SharkEdge,974,37,33,15,18,0.45454545454545453
694,19,0,1,2026-06-07,DranBuster,973,38,19,8,11,0.42105263157894735
694,18,0,1,2026-06-07,HellsHammer,970,39,18,8,10,0.4444444444444444
694,22,0,1,2026-06-07,CobaltDrake,967,40,22,9,13,0.4090909090909091
694,16,1,0,2026-06-07,TyrannoBeat,818,53,16,2,14,0.125
695,30,0,1,2026-06-07,HellsReaper,1002,27,30,14,16,0.4666666666666667
695,35,1,0,2026-06-07,DranDagger,1008,24,35,17,18,0.4857142857142857
695,19,1,0,2026-06-07,HellsHammer,960,41,19,8,11,0.42105263157894735
695,22,0,1,2026-06-07,CobaltDrake,967,39,22,9,13,0.4090909090909091
695,3,0,1,2026-06-07,PhoenixFlare,1005,25,3,2,1,0.6666666666666666
695,3,0,1,2026-06-07,SamuraiSteel,1004,26,3,2,1,0.6666666666666666
695,19,0,1,2026-06-07,WizardArc,960,40,19,8,11,0.42105263157894735
696,2,1,0,2026-06-07,TriceraPress,1008,23,2,1,1,0.5
696,16,0,1,2026-06-07,WolfHunt,988,30,16,8,8,0.5
696,30,0,1,2026-06-07,PerseusDark,985,31,30,14,16,0.4666666666666667
696,28,1,0,2026-06-07,LeonClaw,1000,28,28,14,14,0.5
696,22,0,1,2026-06-07,PhoenixRudder,990,29,22,11,11,0.5
697,31,1,0,2026-06-07,HellsReaper,993,29,31,14,17,0.45161290322580644
697,16,0,1,2026-06-07,WolfHunt,988,31,16,8,8,0.5
697,31,1,0,2026-06-07,PerseusDark,997,28,31,15,16,0.4838709677419355
697,28,0,1,2026-06-07,LeonClaw,1000,27,28,14,14,0.5
697,22,0,1,2026-06-07,PhoenixRudder,990,30,22,11,11,0.5
698,19,1,0,2026-06-07,WyvernHover,935,44,19,6,13,0.3157894736842105
698,26,0,1,2026-06-07,WhaleWave,929,46,26,9,17,0.34615384615384615
698,5,0,1,2026-06-07,MeteorDragoon,1013,20,5,3,2,0.6
698,37,0,1,2026-06-07,GolemRock,1014,19,37,18,19,0.4864864864864865
698,36,0,1,2026-06-07,CerberusFlame,1011,21,36,17,19,0.4722222222222222
698,30,1,0,2026-06-07,RhinoReaper,1009,22,30,15,15,0.5
698,27,0,1,2026-06-07,SolEclipse,931,45,27,9,18,0.3333333333333333
698,10,0,1,2026-06-07,TyrannoRoar,1018,18,10,7,3,0.7
698,10,0,1,2026-06-07,EmperorMight,920,47,10,2,8,0.2
699,20,1,0,2026-06-07,WizardArc,954,41,20,8,12,0.4
699,34,1,0,2026-06-07,KnightMail,1023,16,34,17,17,0.5
699,30,0,1,2026-06-07,SilverWolf,1020,17,30,15,15,0.5
699,19,0,1,2026-06-07,HellsHammer,960,40,19,8,11,0.42105263157894735
700,27,0,1,2026-06-07,SharkScale,1102,5,27,17,10,0.6296296296296297
700,30,1,0,2026-06-07,HellsChain,1043,13,30,17,13,0.5666666666666667
700,19,1,0,2026-06-07,HellsBrave,1100,6,19,14,5,0.7368421052631579
701,2,0,1,2026-06-07,TriceraPress,1008,22,2,1,1,0.5
701,5,0,1,2026-06-07,MeteorDragoon,1013,19,5,3,2,0.6
701,32,1,0,2026-06-07,WeissTiger,1053,12,32,19,13,0.59375
701,38,1,0,2026-06-07,GolemRock,1005,25,38,18,20,0.47368421052631576
701,36,0,1,2026-06-07,CerberusFlame,1011,20,36,17,19,0.4722222222222222
701,30,0,1,2026-06-07,RhinoReaper,1009,21,30,15,15,0.5
701,35,0,1,2026-06-07,DranDagger,1008,23,35,17,18,0.4857142857142857
701,3,0,1,2026-06-07,PhoenixFlare,1005,24,3,2,1,0.6666666666666666
702,33,0,1,2026-06-07,SharkEdge,974,36,33,15,18,0.45454545454545453
702,19,0,1,2026-06-07,DranBuster,973,37,19,8,11,0.42105263157894735
702,32,1,0,2026-06-07,PhoenixWing,969,38,32,14,18,0.4375
702,31,1,0,2026-06-07,SilverWolf,1025,16,31,16,15,0.5161290322580645
702,34,0,1,2026-06-07,KnightMail,1023,17,34,17,17,0.5
703,30,1,0,2026-06-07,ViperTail,1047,12,30,16,14,0.5333333333333333
703,37,1,0,2026-06-07,CerberusFlame,1017,19,37,18,19,0.4864864864864865
703,5,0,1,2026-06-07,MeteorDragoon,1013,20,5,3,2,0.6
703,32,0,1,2026-06-07,WeissTiger,1053,11,32,19,13,0.59375
704,34,1,0,2026-06-07,DranBrave,1078,8,34,21,13,0.6176470588235294
704,35,1,0,2026-06-07,LeonCrest,1066,9,35,19,16,0.5428571428571428
705,19,0,1,2026-06-07,HellsBrave,1100,5,19,14,5,0.7368421052631579
705,38,1,0,2026-06-07,DranSword,1094,6,38,24,14,0.631578947368421
705,28,1,0,2026-06-07,SharkScale,1093,7,28,17,11,0.6071428571428571
706,38,1,0,2026-06-07,ScorpioSpear,1043,13,38,19,19,0.5
706,30,0,1,2026-06-07,HellsChain,1043,14,30,17,13,0.5666666666666667
706,23,1,0,2026-06-07,ValkyrieVolt,1103,4,23,15,8,0.6521739130434783
707,58,1,0,2026-06-07,TuskMammoth,1122,3,58,39,19,0.6724137931034483
707,37,1,0,2026-06-07,CobaltDragoon,1065,10,37,21,16,0.5675675675675675
708,46,1,0,2026-06-07,ImpactDrake,1144,1,46,31,15,0.6739130434782609
708,41,1,0,2026-06-07,FoxBrush,1123,2,41,28,13,0.6829268292682927
709,11,0,1,2026-06-07,ClockMirage,980,32,11,6,5,0.5454545454545454
709,16,0,1,2026-06-07,WolfHunt,988,30,16,8,8,0.5
709,32,0,1,2026-06-07,PhoenixWing,969,39,32,14,18,0.4375
709,3,0,1,2026-06-07,GhostCircle,981,31,3,1,2,0.3333333333333333
709,20,1,0,2026-06-07,HellsHammer,973,38,20,9,11,0.45
709,22,0,1,2026-06-07,CobaltDrake,967,40,22,9,13,0.4090909090909091
709,23,1,0,2026-06-07,PhoenixRudder,979,33,23,11,12,0.4782608695652174
710,29,1,0,2026-06-07,LeonClaw,1007,23,29,15,14,0.5172413793103449
710,36,1,0,2026-06-07,DranDagger,999,27,36,17,19,0.4722222222222222
711,3,1,0,2026-06-07,TriceraPress,1018,18,3,2,1,0.6666666666666666
711,5,0,1,2026-06-07,MeteorDragoon,1013,21,5,3,2,0.6
711,37,0,1,2026-06-07,CerberusFlame,1017,20,37,18,19,0.4864864864864865
711,30,0,1,2026-06-07,RhinoReaper,1009,22,30,15,15,0.5
711,10,0,1,2026-06-07,TyrannoRoar,1018,19,10,7,3,0.7
711,17,1,0,2026-06-07,TyrannoBeat,808,53,17,2,15,0.11764705882352941
712,11,0,1,2026-06-07,ClockMirage,980,33,11,6,5,0.5454545454545454
712,34,1,0,2026-06-07,SharkEdge,965,40,34,15,19,0.4411764705882353
712,20,1,0,2026-06-07,DranBuster,986,31,20,9,11,0.45
712,32,0,1,2026-06-07,PhoenixWing,969,38,32,14,18,0.4375
712,3,0,1,2026-06-07,GhostCircle,981,32,3,1,2,0.3333333333333333
712,20,0,1,2026-06-07,HellsHammer,973,37,20,9,11,0.45
712,29,0,1,2026-06-07,CrimsonGaruda,978,35,29,13,16,0.4482758620689655
712,26,0,1,2026-06-07,UnicornSting,977,36,26,12,14,0.46153846153846156
712,22,0,1,2026-06-07,CobaltDrake,967,39,22,9,13,0.4090909090909091
712,23,0,1,2026-06-07,PhoenixRudder,979,34,23,11,12,0.4782608695652174
713,32,1,0,2026-06-07,HellsReaper,999,28,32,15,17,0.46875
713,31,0,1,2026-06-07,PerseusDark,997,29,31,15,16,0.4838709677419355
713,2,0,1,2026-06-07,SamuraiCalibur,952,41,2,0,2,0.0
713,21,1,0,2026-06-07,WizardArc,947,43,21,8,13,0.38095238095238093
713,16,0,1,2026-06-07,BlackShell,949,42,16,6,10,0.375
714,4,0,1,2026-06-07,ShelterDrake,1027,16,4,3,1,0.75
714,35,1,0,2026-06-07,KnightMail,1030,15,35,18,17,0.5142857142857142
714,31,0,1,2026-06-07,SilverWolf,1025,17,31,16,15,0.5161290322580645
714,28,0,1,2026-06-07,SharkScale,1093,6,28,17,11,0.6071428571428571
714,20,1,0,2026-06-07,HellsBrave,1090,7,20,14,6,0.7
714,38,0,1,2026-06-07,DranSword,1094,5,38,24,14,0.631578947368421
715,20,1,0,2026-06-07,WyvernHover,925,46,20,6,14,0.3
715,31,1,0,2026-06-07,HellsChain,1050,12,31,18,13,0.5806451612903226
715,26,0,1,2026-06-07,WhaleWave,929,45,26,9,17,0.34615384615384615
715,27,0,1,2026-06-07,SolEclipse,931,44,27,9,18,0.3333333333333333
715,30,0,1,2026-06-07,ViperTail,1047,13,30,16,14,0.5333333333333333
715,38,0,1,2026-06-07,ScorpioSpear,1043,14,38,19,19,0.5
716,37,0,1,2026-06-07,CerberusFlame,1017,21,37,18,19,0.4864864864864865
716,32,1,0,2026-06-07,PerseusDark,988,29,32,15,17,0.46875
716,31,1,0,2026-06-07,RhinoReaper,1018,20,31,16,15,0.5161290322580645
716,5,0,1,2026-06-07,MeteorDragoon,1013,22,5,3,2,0.6
717,3,0,1,2026-06-07,TriceraPress,1018,19,3,2,1,0.6666666666666666
717,31,0,1,2026-06-07,HellsChain,1050,11,31,18,13,0.5806451612903226
717,33,1,0,2026-06-07,WeissTiger,1043,13,33,19,14,0.5757575757575758
717,38,1,0,2026-06-07,CerberusFlame,1024,18,38,19,19,0.5
717,31,0,1,2026-06-07,RhinoReaper,1018,21,31,16,15,0.5161290322580645
717,30,0,1,2026-06-07,ViperTail,1047,12,30,16,14,0.5333333333333333
717,10,0,1,2026-06-07,TyrannoRoar,1018,20,10,7,3,0.7
718,31,1,0,2026-06-07,ViperTail,1038,14,31,16,15,0.5161290322580645
718,38,0,1,2026-06-07,ScorpioSpear,1043,13,38,19,19,0.5
718,36,1,0,2026-06-07,LeonCrest,1073,9,36,20,16,0.5555555555555556
718,33,0,1,2026-06-07,WeissTiger,1043,12,33,19,14,0.5757575757575758
719,33,1,0,2026-06-07,PhoenixWing,966,39,33,14,19,0.42424242424242425
719,35,1,0,2026-06-07,DranBrave,1082,8,35,22,13,0.6285714285714286
719,22,0,1,2026-06-07,CobaltDrake,967,38,22,9,13,0.4090909090909091
720,32,0,1,2026-06-07,HellsReaper,999,27,32,15,17,0.46875
720,4,0,1,2026-06-07,ShelterDrake,1027,17,4,3,1,0.75
720,32,1,0,2026-06-07,SilverWolf,1030,16,32,17,15,0.53125
720,39,1,0,2026-06-07,GolemRock,997,28,39,18,21,0.46153846153846156
720,36,0,1,2026-06-07,DranDagger,999,26,36,17,19,0.4722222222222222
720,3,0,1,2026-06-07,SamuraiSteel,1004,25,3,2,1,0.6666666666666666
721,38,0,1,2026-06-07,DranSword,1094,6,38,24,14,0.631578947368421
721,38,1,0,2026-06-07,CobaltDragoon,1055,10,38,21,17,0.5526315789473685
721,23,0,1,2026-06-07,ValkyrieVolt,1103,5,23,15,8,0.6521739130434783
721,29,1,0,2026-06-07,SharkScale,1105,4,29,18,11,0.6206896551724138
722,47,1,0,2026-06-07,ImpactDrake,1149,1,47,32,15,0.6808510638297872
722,59,1,0,2026-06-07,TuskMammoth,1118,3,59,39,20,0.6610169491525424
723,39,1,0,2026-06-07,ScorpioSpear,1036,14,39,19,20,0.48717948717948717
723,31,0,1,2026-06-07,ViperTail,1038,13,31,16,15,0.5161290322580645
723,42,1,0,2026-06-07,FoxBrush,1132,2,42,29,13,0.6904761904761905
724,20,0,1,2026-06-07,HellsBrave,1090,6,20,14,6,0.7
724,39,1,0,2026-06-07,DranSword,1083,7,39,24,15,0.6153846153846154
724,24,1,0,2026-06-07,ValkyrieVolt,1117,4,24,16,8,0.6666666666666666
724,29,0,1,2026-06-07,SharkScale,1105,5,29,18,11,0.6206896551724138
725,4,1,0,2026-06-25,TriceraPress,1042,13,4,3,1,0.75
725,4,0,1,2026-06-25,ShelterDrake,1027,18,4,3,1,0.75
725,32,0,1,2026-06-25,HellsReaper,999,26,32,15,17,0.46875
725,16,0,1,2026-06-25,WolfHunt,988,29,16,8,8,0.5
725,35,0,1,2026-06-25,KnightMail,1030,16,35,18,17,0.5142857142857142
725,32,0,1,2026-06-25,SilverWolf,1030,17,32,17,15,0.53125
725,38,0,1,2026-06-25,CerberusFlame,1024,19,38,19,19,0.5
725,39,0,1,2026-06-25,GolemRock,997,27,39,18,21,0.46153846153846156
725,32,0,1,2026-06-25,PerseusDark,988,28,32,15,17,0.46875
725,37,1,0,2026-06-25,DranDagger,987,30,37,17,20,0.4594594594594595
725,31,0,1,2026-06-25,ViperTail,1038,14,31,16,15,0.5161290322580645
725,39,0,1,2026-06-25,ScorpioSpear,1036,15,39,19,20,0.48717948717948717
726,11,0,1,2026-06-25,ClockMirage,980,34,11,6,5,0.5454545454545454
726,35,1,0,2026-06-25,SharkEdge,955,40,35,15,20,0.42857142857142855
726,3,0,1,2026-06-25,GhostCircle,981,33,3,1,2,0.3333333333333333
726,21,1,0,2026-06-25,HellsHammer,986,32,21,10,11,0.47619047619047616
726,29,0,1,2026-06-25,CrimsonGaruda,978,36,29,13,16,0.4482758620689655
726,26,0,1,2026-06-25,UnicornSting,977,37,26,12,14,0.46153846153846156
726,23,0,1,2026-06-25,PhoenixRudder,979,35,23,11,12,0.4782608695652174
727,11,0,1,2026-06-25,ClockMirage,980,35,11,6,5,0.5454545454545454
727,20,0,1,2026-06-25,DranBuster,986,32,20,9,11,0.45
727,3,0,1,2026-06-25,GhostCircle,981,34,3,1,2,0.3333333333333333
727,37,0,1,2026-06-25,DranDagger,987,31,37,17,20,0.4594594594594595
727,21,0,1,2026-06-25,HellsHammer,986,33,21,10,11,0.47619047619047616
727,3,0,1,2026-06-25,PhoenixFlare,1005,23,3,2,1,0.6666666666666666
727,3,0,1,2026-06-25,SamuraiSteel,1004,24,3,2,1,0.6666666666666666
727,30,1,0,2026-06-25,LeonClaw,1001,25,30,15,15,0.5
727,24,1,0,2026-06-25,PhoenixRudder,987,30,24,12,12,0.5
728,11,0,1,2026-06-25,ClockMirage,980,34,11,6,5,0.5454545454545454
728,21,1,0,2026-06-25,DranBuster,965,39,21,9,12,0.42857142857142855
728,33,0,1,2026-06-25,PhoenixWing,966,38,33,14,19,0.42424242424242425
728,3,0,1,2026-06-25,GhostCircle,981,33,3,1,2,0.3333333333333333
728,21,0,1,2026-06-25,HellsHammer,986,32,21,10,11,0.47619047619047616
728,29,0,1,2026-06-25,CrimsonGaruda,978,35,29,13,16,0.4482758620689655
728,26,0,1,2026-06-25,UnicornSting,977,36,26,12,14,0.46153846153846156
728,22,0,1,2026-06-25,CobaltDrake,967,37,22,9,13,0.4090909090909091
728,18,1,0,2026-06-25,TyrannoBeat,837,53,18,3,15,0.16666666666666666
729,4,0,1,2026-06-25,ShelterDrake,1027,17,4,3,1,0.75
729,32,1,0,2026-06-25,HellsChain,1059,10,32,19,13,0.59375
729,36,1,0,2026-06-25,KnightMail,1023,19,36,18,18,0.5
729,32,0,1,2026-06-25,SilverWolf,1030,16,32,17,15,0.53125
729,38,0,1,2026-06-25,CerberusFlame,1024,18,38,19,19,0.5
729,38,0,1,2026-06-25,CobaltDragoon,1055,11,38,21,17,0.5526315789473685
730,35,0,1,2026-06-25,SharkEdge,955,41,35,15,20,0.42857142857142855
730,5,0,1,2026-06-25,MeteorDragoon,1013,21,5,3,2,0.6
730,32,1,0,2026-06-25,RhinoReaper,1010,22,32,16,16,0.5
730,2,0,1,2026-06-25,SamuraiCalibur,952,42,2,0,2,0.0
730,22,1,0,2026-06-25,WizardArc,958,40,22,9,13,0.4090909090909091
730,16,0,1,2026-06-25,BlackShell,949,43,16,6,10,0.375
731,33,1,0,2026-06-25,HellsReaper,1008,23,33,16,17,0.48484848484848486
731,3,0,1,2026-06-25,SamuraiSteel,1004,25,3,2,1,0.6666666666666666
731,21,1,0,2026-06-25,HellsBrave,1078,8,21,14,7,0.6666666666666666
731,39,0,1,2026-06-25,DranSword,1083,6,39,24,15,0.6153846153846154
731,3,0,1,2026-06-25,PhoenixFlare,1005,24,3,2,1,0.6666666666666666
731,35,0,1,2026-06-25,DranBrave,1082,7,35,22,13,0.6285714285714286
731,30,0,1,2026-06-25,LeonClaw,1001,26,30,15,15,0.5
732,21,1,0,2026-06-25,WyvernHover,918,47,21,6,15,0.2857142857142857
732,33,1,0,2026-06-25,PerseusDark,993,28,33,16,17,0.48484848484848486
732,10,0,1,2026-06-25,EmperorMight,920,46,10,2,8,0.2
733,4,0,1,2026-06-25,TriceraPress,1042,14,4,3,1,0.75
733,33,0,1,2026-06-25,WeissTiger,1043,13,33,19,14,0.5757575757575758
733,21,0,1,2026-06-25,HellsBrave,1078,7,21,14,7,0.6666666666666666
733,32,1,0,2026-06-25,ViperTail,1044,12,32,17,15,0.53125
733,36,1,0,2026-06-25,DranBrave,1073,8,36,22,14,0.6111111111111112
734,36,0,1,2026-06-25,KnightMail,1023,18,36,18,18,0.5
734,33,1,0,2026-06-25,SilverWolf,1037,15,33,18,15,0.5454545454545454
734,39,1,0,2026-06-25,CerberusFlame,1017,20,39,19,20,0.48717948717948717
734,39,0,1,2026-06-25,ScorpioSpear,1036,16,39,19,20,0.48717948717948717
734,10,0,1,2026-06-25,TyrannoRoar,1018,19,10,7,3,0.7
735,32,0,1,2026-06-25,ViperTail,1044,13,32,17,15,0.53125
735,37,1,0,2026-06-25,LeonCrest,1063,9,37,20,17,0.5405405405405406
735,34,1,0,2026-06-25,WeissTiger,1055,12,34,20,14,0.5882352941176471
736,16,0,1,2026-06-25,WolfHunt,988,28,16,8,8,0.5
736,34,1,0,2026-06-25,PhoenixWing,975,37,34,15,19,0.4411764705882353
736,40,1,0,2026-06-25,GolemRock,983,32,40,18,22,0.45
736,33,0,1,2026-06-25,PerseusDark,993,27,33,16,17,0.48484848484848486
736,37,0,1,2026-06-25,DranDagger,987,30,37,17,20,0.4594594594594595
736,21,0,1,2026-06-25,HellsHammer,986,31,21,10,11,0.47619047619047616
736,22,0,1,2026-06-25,CobaltDrake,967,38,22,9,13,0.4090909090909091
736,24,0,1,2026-06-25,PhoenixRudder,987,29,24,12,12,0.5
737,60,1,0,2026-06-25,TuskMammoth,1110,4,60,39,21,0.65
737,24,0,1,2026-06-25,ValkyrieVolt,1117,3,24,16,8,0.6666666666666666
737,43,1,0,2026-06-25,FoxBrush,1144,2,43,30,13,0.6976744186046512
738,39,1,0,2026-06-25,CobaltDragoon,1052,12,39,21,18,0.5384615384615384
738,25,1,0,2026-06-25,ValkyrieVolt,1121,3,25,17,8,0.68
738,34,0,1,2026-06-25,WeissTiger,1055,11,34,20,14,0.5882352941176471
739,48,1,0,2026-06-25,ImpactDrake,1143,2,48,32,16,0.6666666666666666
739,60,0,1,2026-06-25,TuskMammoth,1110,5,60,39,21,0.65
739,43,0,1,2026-06-25,FoxBrush,1144,1,43,30,13,0.6976744186046512
739,30,1,0,2026-06-25,SharkScale,1111,4,30,19,11,0.6333333333333333
740,40,1,0,2026-06-25,ScorpioSpear,1029,16,40,19,21,0.475
740,40,1,0,2026-06-25,DranSword,1089,6,40,25,15,0.625
741,11,0,1,2026-08-07,ClockMirage,980,33,11,6,5,0.5454545454545454
741,22,1,0,2026-08-07,DranBuster,976,36,22,10,12,0.45454545454545453
741,40,0,1,2026-08-07,GolemRock,983,31,40,18,22,0.45
741,3,0,1,2026-08-07,GhostCircle,981,32,3,1,2,0.3333333333333333
741,22,1,0,2026-08-07,HellsHammer,971,38,22,10,12,0.45454545454545453
741,29,0,1,2026-08-07,CrimsonGaruda,978,34,29,13,16,0.4482758620689655
741,26,0,1,2026-08-07,UnicornSting,977,35,26,12,14,0.46153846153846156
741,22,0,1,2026-08-07,CobaltDrake,967,39,22,9,13,0.4090909090909091
742,5,1,0,2026-08-07,TriceraPress,1010,21,5,3,2,0.6
742,4,0,1,2026-08-07,ShelterDrake,1027,16,4,3,1,0.75
742,5,0,1,2026-08-07,MeteorDragoon,1013,20,5,3,2,0.6
742,16,0,1,2026-08-07,WolfHunt,988,29,16,8,8,0.5
742,36,0,1,2026-08-07,KnightMail,1023,17,36,18,18,0.5
742,33,0,1,2026-08-07,SilverWolf,1037,14,33,18,15,0.5454545454545454
742,39,0,1,2026-08-07,CerberusFlame,1017,19,39,19,20,0.48717948717948717
742,33,0,1,2026-08-07,PerseusDark,993,28,33,16,17,0.48484848484848486
742,40,0,1,2026-08-07,ScorpioSpear,1029,15,40,19,21,0.475
742,10,0,1,2026-08-07,TyrannoRoar,1018,18,10,7,3,0.7
742,25,1,0,2026-08-07,PhoenixRudder,1000,27,25,13,12,0.52
743,33,0,1,2026-08-07,HellsReaper,1008,24,33,16,17,0.48484848484848486
743,36,1,0,2026-08-07,SharkEdge,946,43,36,15,21,0.4166666666666667
743,2,0,1,2026-08-07,SamuraiCalibur,952,41,2,0,2,0.0
743,3,0,1,2026-08-07,PhoenixFlare,1005,25,3,2,1,0.6666666666666666
743,3,0,1,2026-08-07,SamuraiSteel,1004,26,3,2,1,0.6666666666666666
743,16,0,1,2026-08-07,BlackShell,949,42,16,6,10,0.375
743,31,1,0,2026-08-07,LeonClaw,1009,23,31,16,15,0.5161290322580645
744,16,0,1,2026-08-07,WolfHunt,988,30,16,8,8,0.5
744,19,1,0,2026-08-07,TyrannoBeat,831,53,19,3,16,0.15789473684210525
744,38,1,0,2026-08-07,DranDagger,990,29,38,18,20,0.47368421052631576
745,16,0,1,2026-08-07,WolfHunt,988,29,16,8,8,0.5
745,34,1,0,2026-08-07,PerseusDark,984,30,34,16,18,0.47058823529411764
745,38,0,1,2026-08-07,DranDagger,990,28,38,18,20,0.47368421052631576
745,22,0,1,2026-08-07,CobaltDrake,967,40,22,9,13,0.4090909090909091
745,23,1,0,2026-08-07,WizardArc,970,39,23,10,13,0.43478260869565216
746,34,1,0,2026-08-07,HellsReaper,1016,20,34,17,17,0.5
746,5,0,1,2026-08-07,TriceraPress,1010,22,5,3,2,0.6
746,33,1,0,2026-08-07,HellsChain,1048,12,33,19,14,0.5757575757575758
746,5,0,1,2026-08-07,MeteorDragoon,1013,21,5,3,2,0.6
746,34,0,1,2026-08-07,WeissTiger,1055,10,34,20,14,0.5882352941176471
746,32,0,1,2026-08-07,RhinoReaper,1010,23,32,16,16,0.5
746,39,0,1,2026-08-07,CobaltDragoon,1052,11,39,21,18,0.5384615384615384
746,31,0,1,2026-08-07,LeonClaw,1009,24,31,16,15,0.5161290322580645
747,31,0,1,2026-08-07,LeonClaw,1009,23,31,16,15,0.5161290322580645
747,33,1,0,2026-08-07,RhinoReaper,1006,24,33,16,17,0.48484848484848486
747,22,1,0,2026-08-07,HellsBrave,1084,7,22,15,7,0.6818181818181818
748,34,0,1,2026-08-07,HellsReaper,1016,19,34,17,17,0.5
748,5,0,1,2026-08-07,TriceraPress,1010,21,5,3,2,0.6
748,5,0,1,2026-08-07,MeteorDragoon,1013,20,5,3,2,0.6
748,16,0,1,2026-08-07,WolfHunt,988,30,16,8,8,0.5
748,41,1,0,2026-08-07,GolemRock,998,28,41,19,22,0.4634146341463415
748,40,1,0,2026-08-07,CerberusFlame,1009,22,40,19,21,0.475
748,34,0,1,2026-08-07,PerseusDark,984,31,34,16,18,0.47058823529411764
748,38,0,1,2026-08-07,DranDagger,990,29,38,18,20,0.47368421052631576
749,37,1,0,2026-08-07,DranBrave,1061,10,37,22,15,0.5945945945945946
749,35,1,0,2026-08-07,WeissTiger,1069,8,35,21,14,0.6
750,37,0,1,2026-08-07,DranBrave,1061,9,37,22,15,0.5945945945945946
750,34,1,0,2026-08-07,SilverWolf,1047,13,34,19,15,0.5588235294117647
750,32,0,1,2026-08-07,ViperTail,1044,14,32,17,15,0.53125
750,38,1,0,2026-08-07,LeonCrest,1054,10,38,20,18,0.5263157894736842
751,33,0,1,2026-08-07,HellsChain,1048,13,33,19,14,0.5757575757575758
751,35,1,0,2026-08-07,PhoenixWing,966,40,35,15,20,0.42857142857142855
751,34,0,1,2026-08-07,SilverWolf,1047,14,34,19,15,0.5588235294117647
751,22,0,1,2026-08-07,HellsHammer,971,37,22,10,12,0.45454545454545453
751,33,1,0,2026-08-07,ViperTail,1053,11,33,18,15,0.5454545454545454
751,22,0,1,2026-08-07,CobaltDrake,967,39,22,9,13,0.4090909090909091
751,23,0,1,2026-08-07,WizardArc,970,38,23,10,13,0.43478260869565216
751,39,0,1,2026-08-07,CobaltDragoon,1052,12,39,21,18,0.5384615384615384
752,41,1,0,2026-08-07,DranSword,1094,6,41,26,15,0.6341463414634146
752,40,1,0,2026-08-07,CobaltDragoon,1047,13,40,21,19,0.525
752,33,0,1,2026-08-07,HellsChain,1048,12,33,19,14,0.5757575757575758
753,60,0,1,2026-08-07,TuskMammoth,1110,4,60,39,21,0.65
753,44,1,0,2026-08-07,FoxBrush,1157,1,44,31,13,0.7045454545454546
753,31,1,0,2026-08-07,SharkScale,1102,5,31,19,12,0.6129032258064516
754,49,1,0,2026-08-07,ImpactDrake,1148,2,49,33,16,0.673469387755102
754,26,1,0,2026-08-07,ValkyrieVolt,1114,3,26,17,9,0.6538461538461539
755,4,0,1,2026-08-07,ShelterDrake,1027,15,4,3,1,0.75
755,61,1,0,2026-08-07,TuskMammoth,1116,3,61,40,21,0.6557377049180327
755,36,0,1,2026-08-07,KnightMail,1023,16,36,18,18,0.5
755,41,1,0,2026-08-07,ScorpioSpear,1022,17,41,19,22,0.4634146341463415
755,26,0,1,2026-08-07,ValkyrieVolt,1114,4,26,17,9,0.6538461538461539
756,6,1,0,2026-08-07,TriceraPress,1028,15,6,4,2,0.6666666666666666
756,4,0,1,2026-08-07,ShelterDrake,1027,16,4,3,1,0.75
756,34,0,1,2026-08-07,HellsReaper,1016,20,34,17,17,0.5
756,37,1,0,2026-08-07,SharkEdge,934,43,37,15,22,0.40540540540540543
756,5,0,1,2026-08-07,MeteorDragoon,1013,21,5,3,2,0.6
756,36,0,1,2026-08-07,KnightMail,1023,17,36,18,18,0.5
756,41,0,1,2026-08-07,ScorpioSpear,1022,18,41,19,22,0.4634146341463415
756,10,0,1,2026-08-07,TyrannoRoar,1018,19,10,7,3,0.7
757,5,0,1,2026-08-07,MeteorDragoon,1013,22,5,3,2,0.6
757,23,1,0,2026-08-07,DranBuster,969,38,23,10,13,0.43478260869565216
757,40,0,1,2026-08-07,CerberusFlame,1009,23,40,19,21,0.475
757,22,0,1,2026-08-07,HellsHammer,971,36,22,10,12,0.45454545454545453
757,23,0,1,2026-08-07,WizardArc,970,37,23,10,13,0.43478260869565216
757,32,1,0,2026-08-07,LeonClaw,1014,21,32,17,15,0.53125
758,23,0,1,2026-08-07,DranBuster,969,37,23,10,13,0.43478260869565216
758,35,0,1,2026-08-07,PhoenixWing,966,39,35,15,20,0.42857142857142855
758,23,1,0,2026-08-07,HellsHammer,953,40,23,10,13,0.43478260869565216
758,22,0,1,2026-08-07,CobaltDrake,967,38,22,9,13,0.4090909090909091
758,23,0,1,2026-08-07,WizardArc,970,36,23,10,13,0.43478260869565216
758,20,1,0,2026-08-07,TyrannoBeat,854,53,20,4,16,0.2
759,41,0,1,2026-08-07,GolemRock,998,27,41,19,22,0.4634146341463415
759,26,1,0,2026-08-07,PhoenixRudder,991,29,26,13,13,0.5
759,39,1,0,2026-08-07,DranDagger,997,28,39,19,20,0.48717948717948717
760,3,0,1,2026-08-07,PhoenixFlare,1005,24,3,2,1,0.6666666666666666
760,3,0,1,2026-08-07,SamuraiSteel,1004,25,3,2,1,0.6666666666666666
760,34,1,0,2026-08-07,HellsChain,1053,12,34,20,14,0.5882352941176471
760,34,1,0,2026-08-07,RhinoReaper,1001,26,34,16,18,0.47058823529411764
761,11,0,1,2026-08-07,ClockMirage,980,32,11,6,5,0.5454545454545454
761,35,1,0,2026-08-07,PerseusDark,979,33,35,16,19,0.45714285714285713
761,3,0,1,2026-08-07,GhostCircle,981,31,3,1,2,0.3333333333333333
761,23,1,0,2026-08-07,HellsBrave,1090,7,23,16,7,0.6956521739130435
762,22,1,0,2026-08-07,WyvernHover,906,48,22,6,16,0.2727272727272727
762,11,0,1,2026-08-07,WhaleFlame,912,47,11,3,8,0.2727272727272727
762,29,0,1,2026-08-07,CrimsonGaruda,978,35,29,13,16,0.4482758620689655
762,26,0,1,2026-08-07,UnicornSting,977,36,26,12,14,0.46153846153846156
762,24,1,0,2026-08-07,WizardArc,978,34,24,11,13,0.4583333333333333
763,34,0,1,2026-08-07,HellsChain,1053,13,34,20,14,0.5882352941176471
763,35,1,0,2026-08-07,SilverWolf,1054,10,35,20,15,0.5714285714285714
763,33,0,1,2026-08-07,ViperTail,1053,12,33,18,15,0.5454545454545454
763,38,1,0,2026-08-07,DranBrave,1056,9,38,22,16,0.5789473684210527
763,40,0,1,2026-08-07,CobaltDragoon,1047,14,40,21,19,0.525
763,38,0,1,2026-08-07,LeonCrest,1054,11,38,20,18,0.5263157894736842
764,34,0,1,2026-08-07,HellsChain,1053,12,34,20,14,0.5882352941176471
764,42,1,0,2026-08-07,GolemRock,1011,23,42,20,22,0.47619047619047616
764,40,0,1,2026-08-07,CerberusFlame,1009,24,40,19,21,0.475
764,34,0,1,2026-08-07,RhinoReaper,1001,27,34,16,18,0.47058823529411764
764,33,0,1,2026-08-07,ViperTail,1053,11,33,18,15,0.5454545454545454
764,3,0,1,2026-08-07,PhoenixFlare,1005,25,3,2,1,0.6666666666666666
764,3,0,1,2026-08-07,SamuraiSteel,1004,26,3,2,1,0.6666666666666666
764,40,0,1,2026-08-07,CobaltDragoon,1047,13,40,21,19,0.525
764,39,1,0,2026-08-07,LeonCrest,1043,14,39,20,19,0.5128205128205128
765,5,0,1,2026-08-07,MeteorDragoon,1013,23,5,3,2,0.6
765,36,1,0,2026-08-07,PhoenixWing,962,39,36,15,21,0.4166666666666667
765,41,1,0,2026-08-07,CerberusFlame,1014,21,41,20,21,0.4878048780487805
765,42,0,1,2026-08-07,GolemRock,1011,24,42,20,22,0.47619047619047616
765,32,0,1,2026-08-07,LeonClaw,1014,22,32,17,15,0.53125
766,34,1,0,2026-08-07,ViperTail,1047,13,34,18,16,0.5294117647058824
766,34,0,1,2026-08-07,HellsChain,1053,11,34,20,14,0.5882352941176471
766,40,0,1,2026-08-07,CobaltDragoon,1047,12,40,21,19,0.525
766,36,1,0,2026-08-07,WeissTiger,1077,8,36,22,14,0.6111111111111112
767,27,1,0,2026-08-07,ValkyrieVolt,1109,4,27,17,10,0.6296296296296297
767,45,1,0,2026-08-07,FoxBrush,1164,1,45,32,13,0.7111111111111111
768,50,1,0,2026-08-07,ImpactDrake,1142,2,50,33,17,0.66
768,42,1,0,2026-08-07,DranSword,1102,5,42,27,15,0.6428571428571429
768,31,0,1,2026-08-07,SharkScale,1102,6,31,19,12,0.6129032258064516
769,6,0,1,2026-08-07,TriceraPress,1028,16,6,4,2,0.6666666666666666
769,4,0,1,2026-08-07,ShelterDrake,1027,17,4,3,1,0.75
769,36,0,1,2026-08-07,KnightMail,1023,18,36,18,18,0.5
769,42,1,0,2026-08-07,ScorpioSpear,1030,15,42,20,22,0.47619047619047616
769,34,0,1,2026-08-07,ViperTail,1047,12,34,18,16,0.5294117647058824
769,41,1,0,2026-08-07,CobaltDragoon,1040,14,41,21,20,0.5121951219512195
769,39,0,1,2026-08-07,LeonCrest,1043,13,39,20,19,0.5128205128205128
770,62,1,0,2026-08-07,TuskMammoth,1121,3,62,41,21,0.6612903225806451
770,32,1,0,2026-08-07,SharkScale,1095,6,32,19,13,0.59375
