k_max,k_min,k_tau,form_alpha,form_win,margin_a,margin_b,log_loss,brier
40,12,15,3.0,14,0.18,2.6,0.6652296472996055,0.23652340738954464
40,12,15,3.0,14,0.15,2.6,0.6652513626516586,0.23652154400827569
40,12,15,3.0,14,0.18,2.2,0.6652602062631964,0.2365329967626424
40,12,15,3.0,14,0.22,2.6,0.6653027461144063,0.2365710487729547
40,12,15,3.0,14,0.15,2.2,0.6653122079545549,0.23654470752633533
40,12,15,3.0,14,0.22,2.2,0.6653188540690118,0.23657468606855733
40,12,15,3.0,14,0.18,1.8,0.6653261450008235,0.23655683879359138
40,12,15,3.0,14,0.22,1.8,0.6653331057049893,0.23657493357413564
40,12,15,3.0,14,0.15,1.8,0.6654089509202283,0.23658248718006006
40,12,10,3.0,14,0.15,2.6,0.6656042649768322,0.23666514913362496
40,12,10,3.0,14,0.18,2.2,0.6656173123017124,0.2366735277122168
40,12,10,3.0,14,0.18,2.6,0.665620379925017,0.23667603445320776
40,12,10,3.0,14,0.15,2.2,0.6656322436766295,0.2366765836276915
40,12,10,3.0,14,0.18,1.8,0.6656427126996268,0.23668363290474076
40,12,10,3.0,14,0.22,1.8,0.6656834038559659,0.236707735778865
40,12,10,3.0,14,0.15,1.8,0.6656863695487387,0.23669953335288885
40,12,10,3.0,14,0.22,2.2,0.6657140853461274,0.23672315157069476
40,12,10,3.0,14,0.22,2.6,0.6657492102877173,0.23674018028380356
40,12,20,3.0,14,0.22,2.6,0.6657509562531089,0.2368169055177686
40,12,20,3.0,14,0.18,2.6,0.6657638981114832,0.2368008677910443
40,12,20,3.0,14,0.22,2.2,0.6658160355466584,0.23683996953390235
40,12,20,3.0,14,0.18,2.2,0.6658419810056413,0.23682917186850122
40,12,20,3.0,14,0.15,2.6,0.665857097770323,0.2368246455867721
40,12,20,3.0,14,0.22,1.8,0.6658981096881321,0.2368669564940958
40,12,20,3.0,14,0.15,2.2,0.6659517942271379,0.23686007223397018
40,12,20,3.0,14,0.18,1.8,0.6659561813042353,0.236870569236784
40,12,15,3.0,10,0.22,2.6,0.6660235473036812,0.2368888675186224
40,16,15,3.0,14,0.22,2.6,0.66607140371667,0.23696180668927405
40,16,15,3.0,14,0.18,2.6,0.6660930973733982,0.2369502734278427
40,12,20,3.0,14,0.15,1.8,0.6660945874805216,0.23691452621345285
40,16,10,3.0,14,0.18,2.6,0.6661040574069953,0.2369255352361447
40,12,15,2.5,14,0.22,2.6,0.6661243135473938,0.23692260096707635
40,16,15,3.0,14,0.22,2.2,0.6661399520775074,0.23698647637224698
40,16,10,3.0,14,0.18,2.2,0.6661423226349691,0.2369388746326765
40,12,15,3.0,10,0.22,2.2,0.6661450286100552,0.23693884262659798
40,16,10,3.0,14,0.15,2.6,0.6661469334942943,0.23693461952990974
40,16,10,3.0,14,0.22,2.6,0.6661560938795448,0.23696227162729305
40,12,15,2.5,14,0.18,2.6,0.6661665473261795,0.23693071335264348
40,16,15,3.0,14,0.18,2.2,0.6661718172502342,0.23697886331684523
40,16,10,3.0,14,0.22,2.2,0.6661747340043425,0.2369670818439179
40,12,15,2.5,14,0.22,2.2,0.6661867710734185,0.2369482468734355
40,16,15,3.0,14,0.15,2.6,0.6661901093526713,0.23697622706539723
40,16,10,3.0,14,0.22,1.8,0.6662005184512868,0.2369730341077963
40,16,10,3.0,14,0.15,2.2,0.6662134729488608,0.2369606403462772
40,16,10,3.0,14,0.18,1.8,0.6662188843270462,0.23696806164180367
40,16,15,3.0,14,0.22,1.8,0.6662240554807641,0.23701443291243557
40,12,15,2.5,14,0.18,2.2,0.6662350261313339,0.23695843603631314
40,12,15,2.5,14,0.22,1.8,0.6662569604395886,0.23697544251346642
40,12,15,3.0,10,0.18,2.6,0.66626609819027,0.2369856377365651
40,12,15,2.5,14,0.15,2.6,0.6662663509939601,0.2369666634297126
40,16,15,3.0,14,0.15,2.2,0.6662867791756065,0.23701262239026766
40,16,15,3.0,14,0.18,1.8,0.6662891887971517,0.2370218605284167
40,16,10,3.0,14,0.15,1.8,0.6663161045685922,0.2370016233067572
40,12,15,2.5,14,0.18,1.8,0.6663454566996809,0.23700378912965966
40,12,15,3.0,10,0.22,1.8,0.6663485467332854,0.23702490136021487
40,12,15,2.5,14,0.15,2.2,0.666354324360262,0.23700304874877132
40,12,25,3.0,14,0.22,2.6,0.6663567889566133,0.23712699592190292
40,12,10,3.0,10,0.22,2.6,0.6663608844745871,0.2370132503476081
40,12,15,3.0,10,0.18,2.2,0.6664271544574988,0.23705367925949755
40,16,15,3.0,14,0.15,1.8,0.6664324008626074,0.23706854547121864
40,12,10,3.0,10,0.22,2.2,0.6664324808523918,0.23704481000157845
40,12,25,3.0,14,0.18,2.6,0.666453684730046,0.23714301895728443
40,12,25,3.0,14,0.22,2.2,0.6664666660558896,0.23716799653828088
40,12,20,2.5,14,0.22,2.6,0.6664705872433332,0.23711742919857476
40,12,15,2.5,14,0.15,1.8,0.6664782460840812,0.23705442695846599
40,12,20,3.0,10,0.22,2.6,0.666518401058973,0.23715108424625078
40,12,10,3.0,10,0.18,2.6,0.6665558514831846,0.23710048361094985
40,12,15,3.0,10,0.15,2.6,0.6665598633151663,0.23710772112861359
40,12,25,3.0,14,0.18,2.2,0.6665712322137446,0.2371866680567222
40,12,20,2.5,14,0.22,2.2,0.6665778170704058,0.23716076294047597
40,12,10,3.0,10,0.22,1.8,0.6665790192801488,0.23711104575311256
40,16,20,3.0,14,0.22,2.6,0.6665795896565875,0.23723021757058008
36,12,15,3.0,14,0.18,2.6,0.6665840623593821,0.23711599263021008
40,12,20,2.5,14,0.18,2.6,0.6665893414522426,0.23715334707375957
36,12,15,3.0,14,0.15,2.6,0.6665995266994638,0.23711257389710816
40,12,25,3.0,14,0.22,1.8,0.6666084614850303,0.2372185697569938
36,12,15,3.0,14,0.18,2.2,0.6666108054747533,0.23712415291934544
40,12,25,3.0,14,0.15,2.6,0.6666110877361263,0.23719020504844687
36,12,15,3.0,14,0.15,2.2,0.6666526051120464,0.23713267147749909
40,12,15,3.0,10,0.18,1.8,0.6666594877265615,0.23715263769370748
36,12,15,3.0,14,0.22,2.6,0.6666616477594159,0.23716437996480466
40,12,10,2.5,14,0.18,2.6,0.6666663259282258,0.2371398830712588
36,12,15,3.0,14,0.18,1.8,0.666666700139067,0.2371440159058556
40,12,10,3.0,10,0.18,2.2,0.6666680754273819,0.23715046285702482
36,12,15,3.0,14,0.22,2.2,0.6666705679787709,0.2371646972957986
36,12,15,3.0,14,0.22,1.8,0.6666717859036597,0.23715937769156123
40,12,10,2.5,14,0.22,2.6,0.6666748350753521,0.23714667043401413
40,16,20,3.0,14,0.18,2.6,0.6666876304875897,0.23725100013231668
40,12,10,2.5,14,0.22,2.2,0.6666886387346106,0.23715272768961826
40,12,20,3.0,10,0.22,2.2,0.6666902428768307,0.2372200131944311
40,16,20,3.0,14,0.22,2.2,0.6666947836645334,0.2372733828946137
40,12,20,2.5,14,0.18,2.2,0.6667013599501533,0.2371982141256721
40,12,10,2.5,14,0.18,2.2,0.6667016309497098,0.2371554332952794
40,12,20,2.5,14,0.22,1.8,0.6667067862903183,0.2372108859803367
40,12,10,2.5,14,0.22,1.8,0.6667216892754586,0.23716745454876215
40,12,10,2.5,14,0.15,2.6,0.6667279808945545,0.23716592524325514
40,12,15,3.0,10,0.15,2.2,0.6667290007704768,0.23717933809335565
36,12,15,3.0,14,0.15,1.8,0.6667309092351007,0.23716277824328147
40,12,25,3.0,14,0.18,1.8,0.6667310642276607,0.2372450876846406
40,12,25,3.0,14,0.15,2.2,0.6667398464661523,0.2372384884080981
40,12,15,2.5,10,0.22,2.6,0.6667468422529436,0.2371998560052488
40,12,20,2.5,14,0.15,2.6,0.6667505002486429,0.23721082645276223
40,12,10,2.5,14,0.18,1.8,0.6667725425245136,0.23718712067969844
40,12,10,2.5,14,0.15,2.2,0.6667848682804393,0.23719113239425993
40,16,15,2.5,14,0.22,2.6,0.6667985167109637,0.2372669889949792
40,12,10,3.0,10,0.15,2.6,0.6668002056932125,0.23721050862093643
40,20,10,3.0,14,0.22,2.6,0.6668086659013327,0.2373018386153427
40,16,20,3.0,14,0.18,2.2,0.6668092115943298,0.23729623208213635
40,12,20,3.0,10,0.18,2.6,0.6668382365142057,0.23727321807010282
40,16,20,3.0,14,0.22,1.8,0.6668429569500072,0.23732652907948767
40,16,15,3.0,10,0.22,2.6,0.6668473571110506,0.2373010311634621
40,16,20,3.0,14,0.15,2.6,0.6668537216558511,0.23730189201764862
40,12,10,3.0,10,0.18,1.8,0.666854142828371,0.23723460035529217
40,12,20,2.5,14,0.18,1.8,0.6668552295058027,0.23725927856508125
40,20,10,3.0,14,0.18,2.6,0.6668598604881962,0.23730392327163624
40,12,20,2.5,14,0.15,2.2,0.6668733232513796,0.23726027914342018
40,12,10,2.5,14,0.15,1.8,0.6668735744648704,0.23723070370467653
40,16,10,3.0,10,0.22,2.6,0.6668825638503405,0.2372853967662581
36,12,20,3.0,14,0.18,2.6,0.6668834939830947,0.23727669002210502
40,20,10,3.0,14,0.22,2.2,0.6668894781150744,0.237331823105909
36,12,20,3.0,14,0.22,2.6,0.6668979128177167,0.23730216883768612
40,12,15,2.5,10,0.22,2.2,0.6669044727499712,0.23726799000566404
40,16,15,2.5,14,0.22,2.2,0.6669097880444024,0.23731223498700732
40,12,25,3.0,14,0.15,1.8,0.6669206951351129,0.23730658380663627
40,16,15,2.5,14,0.18,2.6,0.6669275973480989,0.2373081502128075
40,12,10,3.0,10,0.15,2.2,0.6669302344588585,0.23726849865074878
36,12,20,3.0,14,0.22,2.2,0.6669433365519439,0.2373168992569066
40,20,10,3.0,14,0.18,2.2,0.6669457605417342,0.23733545376969142
36,12,20,3.0,14,0.18,2.2,0.6669468795620696,0.23729932862252412
36,12,20,3.0,14,0.15,2.6,0.6669497539307322,0.23729104549669452
40,20,15,3.0,14,0.22,2.6,0.6669546454813555,0.23740471518547868
40,12,20,3.0,10,0.22,1.8,0.6669551240178371,0.23732846152332485
40,12,15,3.0,10,0.15,1.8,0.6669567181979046,0.23727606180944746
40,16,20,3.0,14,0.18,1.8,0.6669746003287028,0.23735690855386685
40,20,10,3.0,14,0.15,2.6,0.6669748339978443,0.23733810113546666
40,16,20,3.0,14,0.15,2.2,0.666985250112752,0.23735118728884827
40,20,10,3.0,14,0.22,1.8,0.6669866877586599,0.23736543534092652
40,16,10,2.5,14,0.22,2.6,0.666990679135726,0.2373228394585499
40,12,25,2.5,14,0.22,2.6,0.6669937157045335,0.23738708601619832
36,12,20,3.0,14,0.22,1.8,0.6669992352350231,0.2373334343474066
40,16,10,3.0,10,0.22,2.2,0.6670116300931576,0.2373393904628876
40,16,15,3.0,10,0.22,2.2,0.6670219990918552,0.23737141117943472
36,12,20,3.0,14,0.15,2.2,0.667031554848908,0.2373218475222818
40,12,20,2.5,14,0.15,1.8,0.66703902066664,0.23732680207502932
36,12,20,3.0,14,0.18,1.8,0.6670398721649482,0.2373327179133302
40,16,15,2.5,14,0.18,2.2,0.6670412005097955,0.2373537663514285
40,16,15,2.5,14,0.22,1.8,0.6670429820603593,0.23736438670625243
40,12,20,3.0,10,0.18,2.2,0.6670467524866743,0.2373589730249249
40,12,15,2.5,10,0.18,2.6,0.6670558625690426,0.2373304407294657
40,16,10,2.5,14,0.18,2.6,0.6670563946315109,0.23734300858338822
40,16,10,2.5,14,0.22,2.2,0.6670577378435071,0.2373506965076516
40,20,10,3.0,14,0.18,1.8,0.6670759804487496,0.23738411547893828
40,20,15,3.0,14,0.22,2.2,0.6670792493628068,0.23745172045093804
40,20,10,3.0,14,0.15,2.2,0.6670815771334855,0.23737889692068376
40,20,15,3.0,14,0.18,2.6,0.6670824285706335,0.23743387245963934
40,12,15,2.0,14,0.22,2.6,0.6670837609664412,0.23734503214930086
40,16,15,2.5,14,0.15,2.6,0.6670946888254784,0.2373687768126025
36,12,10,3.0,14,0.15,2.6,0.667105547669152,0.23733649866963097
36,12,10,3.0,14,0.18,2.2,0.6671185822861967,0.23734498910042734
36,12,10,3.0,14,0.18,2.6,0.6671207840415796,0.23734764134531666
40,12,10,3.0,10,0.15,1.8,0.6671258431928707,0.23735666107480408
36,12,10,3.0,14,0.15,2.2,0.6671307519621787,0.23734632286443122
40,12,15,2.5,10,0.22,1.8,0.6671335120354094,0.2373673859966989
40,16,10,2.5,14,0.18,2.2,0.6671349185818211,0.23737564392491373
40,12,20,2.5,10,0.22,2.6,0.6671375872500379,0.23741113906993672
36,12,10,3.0,14,0.18,1.8,0.6671411860298359,0.23735327968650993
40,12,25,2.5,14,0.22,2.2,0.6671419294279206,0.23744676625620234
40,16,10,2.5,14,0.22,1.8,0.6671431929204392,0.23738544542491508
36,12,20,3.0,14,0.15,1.8,0.6671482521769774,0.23736624605068377
40,12,25,3.0,10,0.22,2.6,0.6671509081210731,0.23746914924249596
40,16,10,3.0,10,0.18,2.6,0.66715510519403,0.2373982283008677
40,16,25,3.0,14,0.22,2.6,0.6671603279499388,0.2375234685643435
40,16,20,3.0,14,0.15,1.8,0.6671704386025389,0.23742100984671846
36,12,10,3.0,14,0.22,1.8,0.6671742907064395,0.237374216925567
40,16,15,3.0,10,0.18,2.6,0.6671755226588385,0.2374277828069474
40,16,10,2.5,14,0.15,2.6,0.6671784759445495,0.23739040763936534
36,12,10,3.0,14,0.15,1.8,0.6671799872029319,0.23736676410321214
40,12,15,2.0,14,0.22,2.2,0.6671864776720297,0.23739001742131977
40,12,25,2.5,14,0.18,2.6,0.6671871926109548,0.23745129473470442
40,12,10,2.5,10,0.22,2.6,0.6671971185465745,0.23738193867316376
40,12,20,3.0,10,0.15,2.6,0.6671998217904584,0.2374175750692895
40,16,15,2.5,14,0.18,1.8,0.6672004959398845,0.2374175083566557
36,12,10,3.0,14,0.22,2.2,0.6672060676499786,0.23739093469943306
40,20,15,3.0,14,0.18,2.2,0.6672109704241812,0.2374818207652208
40,16,20,2.5,14,0.22,2.6,0.6672142651234837,0.23748973621357
40,16,15,2.5,14,0.15,2.2,0.6672213454520307,0.23742008826403016
40,16,10,3.0,10,0.22,1.8,0.6672258015140615,0.2374310880819457
40,12,15,2.5,10,0.18,2.2,0.6672262177558408,0.23740392959783854
36,12,10,3.0,14,0.22,2.6,0.6672341772818594,0.23740533723679444
40,20,10,3.0,14,0.15,1.8,0.667236288002584,0.2374387979506858
40,20,15,3.0,14,0.22,1.8,0.6672386829801475,0.23750941252701083
40,12,15,2.0,14,0.18,2.6,0.667243756872754,0.23741003552339204
40,16,10,2.5,14,0.18,1.8,0.6672543688272058,0.23742560343000835
40,20,15,3.0,14,0.15,2.6,0.6672624536852055,0.23749055506147881
40,16,10,2.5,14,0.15,2.2,0.6672717306143453,0.2374294787977377
40,16,15,3.0,10,0.22,1.8,0.6672911602961964,0.23748207815928696
36,12,25,3.0,14,0.22,2.6,0.6673071690083292,0.23751479254750055
40,12,10,2.5,10,0.22,2.2,0.6673080988152685,0.23743265241584752
36,16,15,3.0,14,0.22,2.6,0.6673132988003427,0.2374976086758878
40,16,25,3.0,14,0.22,2.2,0.6673143736831947,0.23758193728630933
40,16,10,3.0,10,0.18,2.2,0.667320820291688,0.23746880206139048
36,16,15,3.0,14,0.18,2.6,0.6673228897313127,0.2374825092091461
40,12,25,2.5,14,0.22,1.8,0.6673250817594061,0.23751827082837831
40,12,15,2.0,14,0.22,1.8,0.667327496704179,0.23745116112063797
40,12,20,3.0,10,0.18,1.8,0.6673330212157971,0.23747711158720883
40,12,20,2.0,14,0.22,2.6,0.6673344497929,0.23749154002952325
40,12,25,2.5,14,0.18,2.2,0.6673376962798226,0.23751131894675617
40,12,20,2.5,10,0.22,2.2,0.6673434071825228,0.2374976931799867
40,16,25,3.0,14,0.18,2.6,0.6673449544815002,0.2375734275441152
36,12,25,3.0,14,0.18,2.6,0.6673553666776331,0.23751309732649692
40,12,15,2.0,14,0.18,2.2,0.6673561102914763,0.23745885179986273
40,12,25,3.0,10,0.22,2.2,0.667365852433312,0.2375543136894843
36,12,15,3.0,10,0.22,2.6,0.6673663569786842,0.23748144855653594
40,16,20,2.5,14,0.22,2.2,0.6673678556884709,0.2375516443144867
36,16,15,3.0,14,0.22,2.2,0.6673700873433736,0.23751713592507723
40,12,15,2.5,10,0.15,2.6,0.6673705906393819,0.23746456340781422
40,16,20,3.0,10,0.22,2.6,0.6673806478552462,0.23757572848744318
40,16,15,3.0,10,0.18,2.2,0.6673853596693463,0.23751423843476357
40,20,15,3.0,14,0.18,1.8,0.6673864200619724,0.23754658363556724
36,12,25,3.0,14,0.22,2.2,0.6673870442016675,0.23754335425639841
40,16,15,2.5,14,0.15,1.8,0.6673898440689658,0.23748804825865877
36,16,15,3.0,14,0.18,2.2,0.6673941304188047,0.2375082866112443
40,20,15,3.0,14,0.15,2.2,0.6674005517276009,0.237542437396605
40,16,10,2.5,14,0.15,1.8,0.6674029329614136,0.23748467425329353
36,16,15,3.0,14,0.15,2.6,0.6674049358167041,0.2375034667615239
40,12,25,2.5,14,0.15,2.6,0.6674093901295464,0.23753129727372316
40,12,20,3.0,10,0.15,2.2,0.6674094164702303,0.23750387860485372
40,16,20,2.5,14,0.18,2.6,0.6674192094932141,0.23755889535731228
40,12,15,2.0,14,0.15,2.6,0.6674289653907642,0.23748739454996817
36,16,15,3.0,14,0.22,1.8,0.6674394110306081,0.23753924995639572
36,12,25,3.0,14,0.18,2.2,0.6674523717696157,0.2375491334821234
40,12,10,2.5,10,0.18,2.6,0.667459384314775,0.23750207638959556
40,16,10,3.0,10,0.15,2.6,0.6674655157369322,0.23752960303299236
40,16,15,2.5,10,0.22,2.6,0.6674718973808798,0.2375645965433109
40,20,20,3.0,14,0.22,2.6,0.6674720942256067,0.2376712239655856
36,12,25,3.0,14,0.15,2.6,0.6674738962145892,0.2375468947720259
40,12,15,2.5,10,0.18,1.8,0.6674748443750428,0.23751214376001045
36,12,15,3.0,10,0.22,2.2,0.667478280311689,0.23752805720530643
40,12,20,2.0,14,0.22,2.2,0.6674831841614568,0.23755505196737997
40,12,10,2.5,10,0.22,1.8,0.6674868399561598,0.23751466159689044
36,12,25,3.0,14,0.22,1.8,0.6674893364143012,0.23757831110442323
36,16,10,3.0,14,0.18,2.6,0.6674934309277297,0.2375417594248195
36,16,15,3.0,14,0.15,2.2,0.6674949386278828,0.23753762989675614
40,16,25,3.0,14,0.18,2.2,0.6674984215685926,0.2376306336009156
36,16,15,3.0,14,0.18,1.8,0.6674988944775011,0.2375465623925152
40,12,15,2.0,14,0.18,1.8,0.6675141632348421,0.2375273888293758
40,16,25,3.0,14,0.22,1.8,0.667516571034694,0.23765633191999577
36,12,15,2.5,14,0.22,2.6,0.6675180995311409,0.23754183228646422
40,12,20,2.5,10,0.18,2.6,0.6675203164882557,0.23756645962622427
36,16,10,3.0,14,0.22,2.6,0.6675324801559054,0.23757249129100919
40,12,25,2.5,14,0.18,1.8,0.6675348020493194,0.23758867510790652
36,16,10,3.0,14,0.18,2.2,0.6675351578832663,0.2375565077943888
40,20,10,2.5,14,0.22,2.6,0.6675356438031881,0.2376089603373079
36,16,10,3.0,14,0.15,2.6,0.6675390465794339,0.23755210309986885
40,12,25,3.0,10,0.18,2.6,0.6675415950188559,0.23761557601494773
40,16,15,3.0,10,0.15,2.6,0.6675437757716733,0.23757578699018056
40,12,15,2.0,14,0.15,2.2,0.6675470078479541,0.23753855328991774
40,12,15,2.5,10,0.15,2.2,0.6675529656912845,0.23754374407037113
36,12,15,2.5,14,0.18,2.6,0.6675533226606906,0.23754797516172987
36,16,10,3.0,14,0.22,2.2,0.667555267972054,0.2375788062544002
40,16,20,2.5,14,0.22,1.8,0.6675576195584831,0.23762587171472518
40,12,25,2.5,14,0.15,2.2,0.6675606239505671,0.23759120341570483
40,16,10,3.0,10,0.18,1.8,0.6675615616704819,0.23757242953465404
40,16,25,3.0,14,0.15,2.6,0.6675662341497508,0.23764400121150445
36,12,15,2.5,14,0.22,2.2,0.6675663823500996,0.2375610352563934
40,12,20,2.0,14,0.18,2.6,0.6675664274666752,0.23758289505615973
40,16,20,2.5,14,0.18,2.2,0.6675735852604662,0.2376204511213997
36,12,25,3.0,14,0.15,2.2,0.667579371444301,0.23758642620167808
36,12,25,3.0,14,0.18,1.8,0.6675801851233091,0.23759552994579436
36,16,10,3.0,14,0.22,1.8,0.6675808159998793,0.237584399672654
40,20,15,2.5,14,0.22,2.6,0.6675831784804389,0.23766208998455673
36,12,15,3.0,10,0.18,2.6,0.6675872050465373,0.23757093844701266
40,12,10,2.5,10,0.18,2.2,0.6675894558770171,0.2375610045748035
40,20,15,3.0,14,0.15,1.8,0.667593498976933,0.23761533177644023
40,12,15,2.0,10,0.22,2.6,0.667595769244905,0.23757523914074918
40,16,20,3.0,10,0.22,2.2,0.6676009586952564,0.23766309975255903
40,20,10,3.0,10,0.22,2.6,0.6676026468007523,0.23765123688377374
36,16,10,3.0,14,0.15,2.2,0.6676033449601028,0.2375770708011876
36,16,10,3.0,14,0.18,1.8,0.6676094443750257,0.23758454901850187
40,16,10,2.5,10,0.22,2.6,0.6676152085835159,0.2376032160934353
36,12,15,2.5,14,0.18,2.2,0.6676157972175502,0.2375732664708623
36,16,20,3.0,14,0.22,2.6,0.6676201661196995,0.23766433832479122
36,16,15,3.0,14,0.15,1.8,0.6676213644275557,0.237586010138566
36,12,15,2.5,14,0.22,1.8,0.6676297810212459,0.23758553419313977
40,12,20,2.5,10,0.22,1.8,0.6676340931710154,0.23762022051466455
40,20,20,3.0,14,0.22,2.2,0.667637740514263,0.23773431692923855
40,16,10,3.0,10,0.15,2.2,0.6676394980210807,0.2376038949071923
36,12,15,2.5,14,0.15,2.6,0.6676424198833247,0.23758021324057285
36,12,20,3.0,10,0.22,2.6,0.6676468624447047,0.2376357591206545
40,16,20,2.5,14,0.15,2.6,0.6676489974133485,0.23764209293200464
36,12,15,3.0,10,0.22,1.8,0.6676583964306843,0.23760463089843425
40,20,10,2.5,14,0.22,2.2,0.6676588860508366,0.23765946244708125
40,16,15,2.0,14,0.22,2.6,0.6676684616870076,0.2376451614808297
36,12,20,2.5,14,0.22,2.6,0.6676728223450217,0.2376382982205463
40,12,20,2.0,14,0.22,1.8,0.667674446116665,0.23763547601081783
40,16,15,3.0,10,0.18,1.8,0.667676625918034,0.23763489242393798
40,20,20,3.0,14,0.18,2.6,0.6676798724297505,0.23773046189026936
40,12,20,3.0,10,0.15,1.8,0.6676807107420079,0.23761510389913298
40,16,15,2.5,10,0.22,2.2,0.6676819702857332,0.23765327010506473
40,12,25,3.0,10,0.22,1.8,0.6676848458761203,0.2376828770205976
40,12,25,2.5,10,0.22,2.6,0.6676876457968509,0.23768977071404015
36,16,20,3.0,14,0.18,2.6,0.6676919959501547,0.2376722800864911
40,20,10,2.5,14,0.18,2.6,0.6676961006246674,0.2376646905980536
36,16,10,3.0,14,0.15,1.8,0.6676971091482953,0.23761404144014345
40,16,25,3.0,14,0.18,1.8,0.6677076343223309,0.23770784200024478
40,12,15,2.0,14,0.15,1.8,0.6677081334485636,0.23760835090692578
36,16,20,3.0,14,0.22,2.2,0.66771188875389,0.23769772498568364
36,12,15,2.5,14,0.18,1.8,0.6677134840593556,0.2376134296743515
40,12,20,2.0,14,0.18,2.2,0.6677156372228298,0.23764592297445664
36,12,15,2.5,14,0.15,2.2,0.6677204342957115,0.23761253862036216
40,16,25,2.5,14,0.22,2.6,0.6677214823308786,0.23774740915858222
40,12,10,2.0,14,0.22,2.6,0.66772350184417,0.2376171645248537
36,12,15,3.0,10,0.18,2.2,0.6677275165140543,0.23763041906071528
36,12,25,3.0,14,0.15,1.8,0.6677282788560559,0.2376427445218105
40,16,25,3.0,14,0.15,2.2,0.6677311680587876,0.23770610640868114
40,12,20,2.5,10,0.18,2.2,0.6677358474130682,0.23765697214043321
40,12,10,2.5,10,0.15,2.6,0.6677371657477373,0.2376289858299387
40,20,15,2.5,14,0.22,2.2,0.6677461909072341,0.23772790518310769
40,16,15,3.0,10,0.15,2.2,0.667756295023877,0.2376635761865538
36,12,20,2.5,14,0.22,2.2,0.6677604136892173,0.23767342099423694
40,12,25,2.5,14,0.15,1.8,0.6677612747942387,0.2376703146971182
40,20,15,3.0,10,0.22,2.6,0.6677664348405603,0.23775540848277305
36,12,20,2.5,14,0.18,2.6,0.6677664448205481,0.23766564032867277
40,16,20,2.5,14,0.18,1.8,0.667776411822623,0.23770017246952524
40,12,25,2.0,14,0.22,2.6,0.6677785194527727,0.23772218395186162
40,12,15,2.0,10,0.22,2.2,0.6677809327869859,0.23765746831521872
40,16,10,2.5,10,0.22,2.2,0.6677816355938496,0.23767588308237744
40,12,10,2.0,14,0.22,2.2,0.667783710921253,0.23764529550875504
40,16,20,3.0,10,0.18,2.6,0.6677840140506419,0.23772773876767392
40,12,25,3.0,10,0.18,2.2,0.6677862682522647,0.23771446609372468
40,20,10,3.0,10,0.22,2.2,0.6677896623885459,0.23772720622449853
40,12,15,2.5,10,0.15,1.8,0.6677970430197521,0.23764992291693135
40,12,10,2.5,10,0.18,1.8,0.6677972330408293,0.23765630123718473
36,16,20,3.0,14,0.18,2.2,0.6677988245547104,0.23771219392330475
36,12,20,3.0,10,0.22,2.2,0.6678032390384422,0.2376996565216503
40,16,20,2.5,14,0.15,2.2,0.6678041609152179,0.23770359390867357
40,12,20,2.0,14,0.15,2.6,0.6678079437442045,0.2376800069687384
40,20,15,2.5,14,0.18,2.6,0.6678081454065043,0.23773983175922025
40,20,10,2.5,14,0.22,1.8,0.6678099700831033,0.23771963553836348
40,20,10,2.5,14,0.18,2.2,0.6678185496690184,0.237714106238281
40,16,15,2.0,14,0.22,2.2,0.6678222582296206,0.23771108719731202
36,16,20,3.0,14,0.15,2.6,0.6678283413057853,0.2377131475282976
36,16,20,3.0,14,0.22,1.8,0.6678293064474965,0.23773877777679034
36,12,15,2.5,14,0.15,1.8,0.6678338545797561,0.23765996739966347
36,12,10,3.0,10,0.22,2.6,0.6678355055487424,0.23767875781946926
40,12,10,2.0,14,0.18,2.6,0.6678393631142616,0.23766980170137886
40,20,20,3.0,14,0.18,2.2,0.6678431464282415,0.2377914692049185
36,12,15,3.0,10,0.15,2.6,0.6678460098532405,0.237679297565689
40,20,20,3.0,14,0.22,1.8,0.6678544886298465,0.23781442819566878
36,12,20,2.5,14,0.18,2.2,0.6678634954602919,0.23770466585064834
40,16,15,2.5,10,0.18,2.6,0.6678647297977471,0.2377253214349331
36,12,20,2.5,14,0.22,1.8,0.6678662838736937,0.23771432957093627
40,12,10,3.0,6,0.22,2.6,0.6678740303883081,0.2377264731689597
40,16,10,3.0,10,0.15,1.8,0.6678782116675213,0.23770634820879888
40,12,10,2.5,10,0.15,2.2,0.6678838903091383,0.2376956434529973
40,20,10,2.5,14,0.15,2.6,0.6678843212070058,0.2377350696379483
40,12,10,2.0,14,0.22,1.8,0.6678872156934103,0.23769343895491768
40,12,20,2.0,10,0.22,2.6,0.6678872200635192,0.23773758446748094
40,12,20,2.5,10,0.15,2.6,0.6678993733258427,0.2377220283312186
36,12,20,2.5,14,0.15,2.6,0.6679060814165982,0.23771606304904558
36,12,10,3.0,10,0.22,2.2,0.6679089846636693,0.23771114391324036
40,16,25,2.5,14,0.22,2.2,0.6679116730811296,0.23782379724552405
40,16,15,2.0,14,0.18,2.6,0.6679120646735149,0.23774238335239928
40,16,20,2.5,10,0.22,2.6,0.6679143731922003,0.23779544064755176
40,12,10,2.0,14,0.18,2.2,0.6679169449431888,0.23770544695944903
40,12,20,2.0,14,0.18,1.8,0.6679183080907769,0.23773116745995557
40,20,20,3.0,14,0.15,2.6,0.6679184905201335,0.2378077803139308
40,16,20,3.0,10,0.22,1.8,0.6679264833248362,0.23779430739472607
36,12,20,3.0,10,0.18,2.6,0.6679305862342851,0.23774629797746555
40,12,25,2.5,10,0.22,2.2,0.6679323616024792,0.23779097187029677
36,16,20,3.0,14,0.18,1.8,0.6679389779703184,0.2377634471854912
36,12,15,3.0,10,0.18,1.8,0.6679412883200123,0.23772252790805523
36,16,20,3.0,14,0.15,2.2,0.6679420657169808,0.23775585381963074
40,20,15,2.5,14,0.22,1.8,0.6679473945276675,0.23780683062364746
40,12,25,3.0,10,0.15,2.6,0.6679501103549493,0.2377738721253883
40,16,10,2.5,10,0.18,2.6,0.6679522336098911,0.23774871604158432
40,16,25,3.0,14,0.15,1.8,0.6679531707347687,0.23778930352823174
40,16,10,2.0,14,0.22,2.6,0.6679560884296206,0.23775096247159472
40,12,20,2.0,14,0.15,2.2,0.6679587979323887,0.2377435618160699
40,12,15,3.0,6,0.22,2.6,0.6679597048195766,0.23779162113429217
40,20,10,3.0,10,0.18,2.6,0.6679609391302166,0.2377923551628647
40,12,25,2.0,14,0.22,2.2,0.6679675096742832,0.23780187463626912
40,20,15,2.5,14,0.18,2.2,0.6679694150694505,0.23780411868369145
40,16,25,3.0,10,0.22,2.6,0.6679711308352458,0.23786912269802846
40,12,15,2.0,10,0.18,2.6,0.6679714264906993,0.23773982482976025
40,16,15,2.5,10,0.22,1.8,0.6679763967008775,0.23777776130719994
40,12,10,2.0,14,0.15,2.6,0.6679859779924701,0.2377364339729514
40,16,25,2.5,14,0.18,2.6,0.6679932553504657,0.23784168646098428
40,20,10,2.5,14,0.18,1.8,0.6679933884868611,0.23778485971588623
40,20,15,3.0,10,0.22,2.2,0.6679961918871256,0.23784666205390856
40,16,20,2.0,14,0.22,2.6,0.6679962203908798,0.23782399249570843
36,12,20,2.5,14,0.18,1.8,0.6679988068437831,0.2377589423669862
40,20,25,3.0,14,0.22,2.6,0.6680028780644323,0.23793603025608173
36,12,15,3.0,10,0.15,2.2,0.6680030824796652,0.23774666856133161
40,16,20,2.5,14,0.15,1.8,0.6680105432384721,0.2377851134192101
36,12,20,2.5,14,0.15,2.2,0.6680122659337782,0.23775909271653178
36,16,25,3.0,14,0.22,2.6,0.6680160436003985,0.23786658059109042
36,12,25,2.5,14,0.22,2.6,0.6680165053121364,0.23781843616473078
40,16,15,2.0,14,0.22,1.8,0.668017419830259,0.23779342592180625
40,16,10,2.5,10,0.22,1.8,0.6680187410341912,0.23777970852106572
40,20,20,2.5,14,0.22,2.6,0.6680192013766021,0.23788890277280234
40,20,10,2.5,14,0.15,2.2,0.6680203258213985,0.23779049897080448
36,12,10,3.0,10,0.18,2.6,0.6680228162836515,0.23776244108540723
40,16,15,3.0,10,0.15,1.8,0.6680335192204199,0.23777785781545646
40,16,20,3.0,10,0.18,2.2,0.6680339295557199,0.23782875102746584
40,12,10,2.0,14,0.18,1.8,0.6680366239435741,0.23776045038012836
36,12,20,3.0,10,0.22,1.8,0.668037009873483,0.23779649688972085
40,12,20,2.5,10,0.18,1.8,0.668037288494374,0.23778427734174848
40,12,15,2.0,10,0.22,1.8,0.6680476637715981,0.23777602153184896
36,12,10,3.0,10,0.22,1.8,0.6680485264597591,0.23777400155283443
40,20,15,2.5,14,0.15,2.6,0.6680514658835336,0.2378286693683399
40,16,15,2.0,14,0.18,2.2,0.6680626509312895,0.23780607811629295
40,20,20,3.0,14,0.18,1.8,0.6680640694475553,0.2378731441762113
40,16,10,2.0,14,0.22,2.2,0.6680642496782198,0.23779863038056037
40,12,10,3.0,6,0.22,2.2,0.6680644301395089,0.23780667242034337
40,12,10,2.0,14,0.15,2.2,0.6680739113610158,0.2377765713327273
40,20,10,3.0,10,0.22,1.8,0.668074091270673,0.23784476231159962
36,16,15,3.0,10,0.22,2.6,0.6680758329910069,0.23783780944134167
40,12,25,2.0,14,0.18,2.6,0.6680783411459743,0.23783912286670642
36,16,15,2.5,14,0.22,2.6,0.668079934415108,0.23783059848354168
40,16,15,2.5,10,0.18,2.2,0.6680829451474042,0.23781719860102563
36,20,10,3.0,14,0.22,2.6,0.6680829519978491,0.2378608754267122
36,12,25,3.0,10,0.22,2.6,0.6680836976494673,0.23785785884578978
36,20,15,3.0,14,0.22,2.6,0.6680862885957138,0.23788690584313543
40,20,20,3.0,14,0.15,2.2,0.6680914922009946,0.2378729072842137
40,12,10,2.5,10,0.15,1.8,0.6680917817288534,0.23779060079010625
36,16,20,3.0,14,0.15,1.8,0.668101027342023,0.23781601269907093
36,12,20,3.0,10,0.18,2.2,0.6681122207120332,0.23782162178942037
40,12,25,3.0,10,0.18,1.8,0.668112614416012,0.23784616345339302
36,12,15,2.5,10,0.22,2.6,0.6681188933629894,0.2378143137415428
40,12,20,2.0,10,0.22,2.2,0.668119269005371,0.23783803467546338
40,12,20,2.5,10,0.15,2.2,0.6681198765826254,0.23781512925160844
40,16,10,2.5,10,0.18,2.2,0.6681278749479178,0.23782506046880802
36,12,10,3.0,10,0.18,2.2,0.6681282897065574,0.23780928587495684
36,12,25,2.5,14,0.22,2.2,0.6681357047252913,0.2378661428550539
40,12,25,2.5,10,0.18,2.6,0.6681376346487043,0.23786861319591832
36,20,10,3.0,14,0.18,2.6,0.6681380777044231,0.23786531510576434
36,16,25,3.0,14,0.22,2.2,0.6681385440494628,0.23791227931651432
40,16,10,2.0,14,0.18,2.6,0.6681418743153719,0.23782915787523873
32,12,15,3.0,14,0.18,2.6,0.6681445381623345,0.23781567056884664
36,16,25,3.0,14,0.18,2.6,0.6681454561821342,0.2378965240063369
40,16,25,2.5,14,0.22,1.8,0.6681487391977261,0.23791642974690108
32,12,15,3.0,14,0.15,2.6,0.6681547540833414,0.23781068451587103
40,12,10,2.0,10,0.22,2.6,0.6681556476731737,0.23781375829337315
40,12,20,2.0,14,0.15,1.8,0.6681594772167871,0.23782787847124262
36,12,20,2.5,14,0.15,1.8,0.6681597699773174,0.2378191046209164
40,16,15,2.0,14,0.15,2.6,0.668159799833925,0.23784275085991113
36,20,10,3.0,14,0.22,2.2,0.668161262856081,0.23788946416435353
40,12,15,2.0,10,0.18,2.2,0.6681630038890981,0.23782438391857302
36,12,10,2.5,14,0.18,2.6,0.6681634615526781,0.23781880489814236
36,12,10,2.5,14,0.22,2.6,0.6681634690503494,0.2378222529424379
40,16,20,2.5,10,0.22,2.2,0.6681650969799697,0.23789917193428048
36,12,25,2.5,14,0.18,2.6,0.6681651966881645,0.23786639213057767
32,12,15,3.0,14,0.18,2.2,0.6681677354746961,0.23782234951700915
36,12,10,2.5,14,0.22,2.2,0.6681757095734658,0.23782706729057881
40,20,10,3.0,10,0.18,2.2,0.6681787860068934,0.23788224116126702
36,16,15,2.5,14,0.22,2.2,0.6681793634130119,0.23787078518922847
40,20,15,2.5,14,0.18,1.8,0.6681821532533403,0.23788791088067038
40,16,25,2.5,14,0.18,2.2,0.6681826600089986,0.23791697309605458
40,12,15,1.5,14,0.22,2.6,0.6681852898616597,0.23784109123248484
40,20,15,3.0,10,0.18,2.6,0.6681910807969,0.2379166493731954
40,12,25,3.0,10,0.15,2.2,0.6681911557721332,0.23787120427122913
40,16,20,2.0,14,0.22,2.2,0.6681915421566872,0.23790639391599747
36,20,15,3.0,14,0.18,2.6,0.6681932255670684,0.23790914947288866
36,20,15,3.0,14,0.22,2.2,0.6681955541396909,0.23792742994928384
36,16,15,2.5,14,0.18,2.6,0.6681970536781718,0.23786817320792114
32,12,15,3.0,14,0.15,2.2,0.6681975462193037,0.23782632825729405
40,12,10,3.0,6,0.18,2.6,0.6681979365327697,0.2378594011014822
36,12,10,2.5,14,0.18,2.2,0.668198452335692,0.23783382517444263
40,20,25,3.0,14,0.22,2.2,0.6682002748672173,0.23801132746092646
40,20,10,2.5,14,0.15,1.8,0.6682004338847018,0.23786365776602975
40,12,15,3.0,6,0.22,2.2,0.6682015249529232,0.2378879787872171
40,16,20,3.0,10,0.15,2.6,0.6682017083350428,0.2378899218499761
40,12,10,2.0,14,0.15,1.8,0.6682017713591313,0.23783507475605278
40,12,25,2.0,14,0.22,1.8,0.6682050190470985,0.23790030389280192
36,12,10,2.5,14,0.22,1.8,0.6682108266390913,0.2378421364554224
40,20,15,2.5,14,0.15,2.2,0.668213479154206,0.23789293947454118
32,12,15,3.0,14,0.18,1.8,0.6682144983696648,0.23783840902354153
32,12,15,3.0,14,0.22,1.8,0.6682163778646684,0.23785091883500634
36,12,15,3.0,10,0.15,1.8,0.6682175146907037,0.23783915147724513
32,12,15,3.0,14,0.22,2.2,0.6682183749086977,0.23785751739270997
40,16,10,2.0,14,0.22,1.8,0.6682194981434065,0.23786688849543905
32,12,15,3.0,14,0.22,2.6,0.6682201397491093,0.2378622936617393
40,20,20,2.5,14,0.22,2.2,0.6682206280148133,0.23796980815317464
40,20,10,2.5,10,0.22,2.6,0.6682233412792877,0.23791475883817695
36,12,10,2.5,14,0.15,2.6,0.6682233431653826,0.23784354990920373
36,20,10,3.0,14,0.18,2.2,0.668224586503275,0.2378971935942195
40,16,15,2.0,10,0.22,2.6,0.6682262394337151,0.2378942882395996
40,16,25,3.0,10,0.22,2.2,0.6682309284065693,0.2379714081442185
36,16,15,3.0,10,0.22,2.2,0.6682434424679183,0.23790643298288966
36,12,20,3.0,10,0.15,2.6,0.6682451664880719,0.237873315558671
40,16,15,2.5,10,0.15,2.6,0.6682493818570272,0.2378840145852896
36,20,10,3.0,14,0.15,2.6,0.6682508873072253,0.23789902525441353
36,12,10,3.0,10,0.15,2.6,0.6682514133291217,0.23786537026058582
36,16,10,3.0,10,0.22,2.6,0.6682525905056328,0.23789831759675056
32,12,20,3.0,14,0.18,2.6,0.6682547084894807,0.23788084022309966
36,20,10,3.0,14,0.22,1.8,0.6682559916818053,0.23792210307855108
40,16,10,2.0,14,0.18,2.2,0.6682606573055656,0.23788120426721984
36,12,15,2.5,10,0.22,2.2,0.6682627613810928,0.23787700683639063
40,12,25,2.0,14,0.18,2.2,0.6682628312535344,0.2379160360255301
36,12,10,2.5,14,0.18,1.8,0.6682652242542351,0.23786323100048556
40,16,15,2.0,14,0.18,1.8,0.6682697707935364,0.2378935286774044
32,12,15,3.0,14,0.15,1.8,0.668270865290648,0.23785484522280062
40,12,25,2.5,10,0.22,1.8,0.6682729528008834,0.23793206560008134
36,12,25,3.0,10,0.22,2.2,0.668274454719983,0.23793484763121237
36,12,10,2.5,14,0.15,2.2,0.6682768102495754,0.23786696852452946
40,20,25,3.0,14,0.18,2.6,0.6682779017703079,0.23802079654432537
36,16,25,3.0,14,0.18,2.2,0.6682782638093225,0.23794640924782964
40,16,25,2.5,14,0.15,2.6,0.6682785494210145,0.23794528955202235
36,12,25,2.5,14,0.22,1.8,0.6682834324704197,0.23792367352216703
40,16,10,2.5,10,0.15,2.6,0.6682853615152855,0.23789289469953565
32,12,20,3.0,14,0.22,2.6,0.6682865190121428,0.23791197807654996
40,20,20,3.0,10,0.22,2.6,0.6682898657393312,0.23801948532615205
40,20,15,2.5,10,0.22,2.6,0.6682930976191017,0.23797258685657752
36,16,25,3.0,14,0.22,1.8,0.6682961143910038,0.23796910883393213
36,12,25,2.5,14,0.18,2.2,0.6682961632659777,0.23791918825563713
36,16,15,2.5,14,0.22,1.8,0.6682986723517056,0.23791740386856455
40,12,10,2.0,10,0.22,2.2,0.6682995599147966,0.23788054877701817
36,16,15,2.5,14,0.18,2.2,0.6683028544702886,0.23791083985557573
36,12,10,3.0,10,0.18,1.8,0.6683062395197457,0.23788997787239607
32,12,20,3.0,14,0.15,2.6,0.6683072437228642,0.2378912741071687
40,16,20,2.0,14,0.18,2.6,0.6683076851185175,0.23794601168654722
32,12,20,3.0,14,0.18,2.2,0.6683084433850246,0.23789989759481878
40,20,20,2.5,14,0.18,2.6,0.6683129867304798,0.23799204004572863
40,16,15,2.0,14,0.15,2.2,0.6683129948355827,0.23790745754314258
32,12,20,3.0,14,0.22,2.2,0.6683144756197301,0.23791905446997336
36,20,15,3.0,14,0.18,2.2,0.6683145778380919,0.23795478737949952
40,12,10,3.0,6,0.22,1.8,0.6683147720848663,0.237911255385631
36,16,20,2.5,14,0.22,2.6,0.6683149904344131,0.23796140398187168
36,12,20,2.5,10,0.22,2.6,0.668319307119337,0.23792895294917493
40,20,20,3.0,14,0.15,1.8,0.6683236661626034,0.23795992457115497
36,16,25,3.0,14,0.15,2.6,0.6683249038557385,0.23795298988369226
40,12,20,2.0,10,0.18,2.6,0.6683279254095346,0.2379237227316578
40,20,15,3.0,10,0.22,1.8,0.668332738234738,0.23798230121224853
40,12,15,2.0,10,0.15,2.6,0.6683328738929695,0.2378984493168729
36,20,15,3.0,14,0.22,1.8,0.6683351982518805,0.23797742289405444
40,12,15,1.5,14,0.22,2.2,0.6683374175346469,0.2379098915092934
40,16,10,2.0,14,0.15,2.6,0.6683455333179379,0.23791614032268635
40,20,10,3.0,10,0.15,2.6,0.6683462090147376,0.23794828533801435
32,12,20,3.0,14,0.22,1.8,0.6683484905051374,0.2379265981634547
40,12,20,1.5,14,0.22,2.6,0.6683505698653132,0.23794386898495384
40,12,15,3.0,6,0.18,2.6,0.6683509191545643,0.237938560490228
36,20,10,3.0,14,0.18,1.8,0.6683518986340485,0.2379447880871652
36,12,25,2.5,14,0.15,2.6,0.6683529103432599,0.237934729010527
36,16,15,2.5,14,0.15,2.6,0.6683536341654569,0.23792583791743507
36,20,15,3.0,14,0.15,2.6,0.6683561002218878,0.23796052963630474
36,20,10,3.0,14,0.15,2.2,0.6683571420730551,0.23793987188018798
40,12,25,2.0,10,0.22,2.6,0.668357916066527,0.2379779833761056
40,20,15,2.0,14,0.22,2.6,0.6683582037338609,0.2379938455730482
36,12,10,2.5,14,0.15,1.8,0.6683615152193726,0.23790453339265286
40,16,20,3.0,10,0.18,1.8,0.6683664022078861,0.2379629541958095
36,12,20,3.0,10,0.18,1.8,0.6683724010159497,0.23793058818398685
32,12,20,3.0,14,0.15,2.2,0.6683738796417167,0.23791611130541176
36,12,10,3.0,10,0.15,2.2,0.6683745671675824,0.23792043405052443
40,16,20,2.5,10,0.18,2.6,0.6683756739316219,0.23797918685608493
40,12,25,2.0,14,0.15,2.6,0.6683759320692884,0.23795695576255668
40,12,10,3.0,6,0.18,2.2,0.6683763951684096,0.2379328152616452
36,16,10,2.5,14,0.22,2.6,0.6683807218322272,0.2379481229419496
36,16,15,3.0,10,0.18,2.6,0.6683822870080972,0.23795814718206265
36,16,10,3.0,10,0.22,2.2,0.6683828487751065,0.23795315979329748
40,16,10,2.5,10,0.18,1.8,0.6683853447695614,0.2379381584916944
32,12,20,3.0,14,0.18,1.8,0.6683861327549506,0.23792763432290276
40,16,15,2.5,10,0.18,1.8,0.6683866149708868,0.23794573357962465
40,12,25,2.5,10,0.18,2.2,0.6683914198054418,0.23797359476597213
40,20,10,2.0,14,0.22,2.6,0.6684032769154199,0.23798809690225223
36,16,20,3.0,10,0.22,2.6,0.668407531054604,0.23801199695221395
36,12,15,2.5,10,0.18,2.6,0.6684079488891471,0.23793831616622776
36,20,20,3.0,14,0.22,2.6,0.6684109122558276,0.238056971422526
40,12,20,2.5,10,0.15,1.8,0.6684121948694177,0.23793887545557338
40,16,25,2.5,14,0.18,1.8,0.6684235284426865,0.2380108245335115
36,12,25,3.0,10,0.18,2.6,0.6684247674337042,0.23798846103183066
40,16,10,2.0,14,0.18,1.8,0.6684269578395655,0.23795401804633778
40,20,15,2.5,14,0.15,1.8,0.6684293254223272,0.23797838000977733
40,12,15,2.0,10,0.18,1.8,0.6684315037508026,0.23794360179264948
40,16,25,2.0,14,0.22,2.6,0.6684321961507856,0.23804687033699987
40,16,25,3.0,10,0.18,2.6,0.6684325959084418,0.23804014724019204
40,16,20,2.0,14,0.22,1.8,0.6684354118854998,0.2380074864121683
36,12,20,3.0,10,0.15,2.2,0.668437873519155,0.23795399293260433
40,16,25,2.5,10,0.22,2.6,0.668437999010967,0.238057317380755
40,12,15,2.5,6,0.22,2.6,0.6684412606696183,0.23799585802648077
40,12,20,2.0,10,0.22,1.8,0.6684436327117923,0.23797847921189563
36,16,10,2.5,14,0.22,2.2,0.668443924683579,0.23797390565098767
36,16,20,2.5,14,0.22,2.2,0.6684457195724753,0.23801385232674663
40,20,10,2.5,10,0.22,2.2,0.6684470089362861,0.23800961371383858
40,16,20,3.0,10,0.15,2.2,0.6684472726097239,0.2379890906472238
40,20,15,3.0,10,0.18,2.2,0.6684496545418396,0.2380211168721635
36,16,15,2.5,14,0.18,1.8,0.6684497028139434,0.2379699565102683
36,16,25,3.0,14,0.18,1.8,0.6684525466795496,0.23801068588245713
36,16,10,2.5,14,0.18,2.6,0.668454427480732,0.2379720238915687
36,12,25,2.5,14,0.18,1.8,0.668461750348984,0.23798460856221726
40,16,15,2.0,10,0.22,2.2,0.6684617997622697,0.2379964907756897
40,16,25,2.5,14,0.15,2.2,0.6684622898688534,0.23801755205847555
40,20,25,3.0,14,0.22,1.8,0.668463937035372,0.23810980878029805
36,16,25,3.0,14,0.15,2.2,0.6684649619424485,0.23800592710565127
40,20,25,3.0,14,0.18,2.2,0.6684675570751636,0.23809149964530946
36,16,15,2.5,14,0.15,2.2,0.6684675596791786,0.2379720616171942
40,16,10,2.0,14,0.15,2.2,0.6684683120547654,0.23796975407923104
40,16,10,2.0,10,0.22,2.6,0.6684701865889496,0.2379838806495382
40,12,15,1.5,14,0.18,2.6,0.6684717389395147,0.23796730594760385
40,20,20,2.5,14,0.22,1.8,0.6684717465808837,0.23806801574146946
36,12,15,2.5,10,0.22,1.8,0.668472580660239,0.23796873591394693
40,16,15,2.5,10,0.15,2.2,0.6684726485555228,0.237978507028688
36,20,15,3.0,14,0.18,1.8,0.6684730264648143,0.23801323320641554
40,16,10,2.5,10,0.15,2.2,0.6684738679080832,0.2379753991391905
32,12,20,3.0,14,0.15,1.8,0.668474503495818,0.23795467666001283
36,20,15,3.0,14,0.15,2.2,0.6684820456272933,0.2380079345220121
40,20,10,3.0,10,0.18,1.8,0.6684826395940134,0.23800841316007992
36,12,25,2.5,14,0.15,2.2,0.6684835025688963,0.23798704729788123
36,16,20,2.5,14,0.18,2.6,0.6684863477997928,0.23801866134671737
40,20,25,2.5,14,0.22,2.6,0.668487206606507,0.23812367145195218
36,12,15,2.0,14,0.22,2.6,0.6684876985926079,0.23797816710357172
36,16,15,3.0,10,0.22,1.8,0.6684906756247674,0.2380088686367539
40,12,10,2.0,10,0.18,2.6,0.6684930757918599,0.23797066142586873
40,16,20,2.0,14,0.18,2.2,0.6684965715865716,0.23802474246838387
40,12,10,3.0,6,0.15,2.6,0.6684995542829947,0.237982135460083
40,12,25,3.0,10,0.15,1.8,0.6685000009471356,0.2379952591684
36,20,10,3.0,14,0.15,1.8,0.6685020273802533,0.23799574447057978
36,12,20,2.5,10,0.22,2.2,0.6685023841626995,0.23800673615729784
40,12,25,2.0,14,0.18,1.8,0.6685035979135949,0.23801550078652972
40,16,20,2.5,10,0.22,1.8,0.6685117901095861,0.23804276909416563
40,20,20,2.5,14,0.18,2.2,0.6685121466169854,0.23807116571418943
36,16,10,3.0,10,0.18,2.6,0.6685152306132396,0.23800732785941583
40,16,15,2.0,14,0.15,1.8,0.6685170795821739,0.2379935096222625
40,12,10,2.0,10,0.22,1.8,0.6685176765143378,0.2379819042833366
40,12,15,3.0,6,0.22,1.8,0.668522730485016,0.2380153369740841
40,12,15,2.0,10,0.15,2.2,0.6685231403604209,0.237982534011983
40,12,10,2.5,6,0.22,2.6,0.6685259465057637,0.23801247248208235
36,16,10,2.5,14,0.22,1.8,0.6685295267900196,0.23800845371541332
36,16,10,2.5,14,0.18,2.2,0.6685295348713891,0.23800288436996037
32,12,25,3.0,14,0.22,2.6,0.6685307055510814,0.23804162480400579
32,12,25,3.0,14,0.18,2.6,0.6685432420754994,0.23802711586581296
40,12,20,1.5,14,0.22,2.2,0.6685440915967139,0.23802926141010772
36,12,25,3.0,10,0.22,1.8,0.6685497736415518,0.23804707937667066
40,12,15,1.5,14,0.22,1.8,0.6685501437175035,0.23800565447742061
36,20,20,3.0,14,0.22,2.2,0.6685513121914322,0.23810985710428728
40,12,25,2.0,14,0.15,2.2,0.6685529692020685,0.238030181865369
40,20,15,2.5,10,0.22,2.2,0.6685538701501869,0.2380805145056797
40,20,20,3.0,10,0.22,2.2,0.6685607186257165,0.23812603153259806
36,12,10,3.0,10,0.15,1.8,0.6685611210431451,0.23800489796224109
36,12,15,2.5,10,0.18,2.2,0.6685614884145602,0.23800491821195802
40,12,20,2.0,10,0.18,2.2,0.6685636367095296,0.23802528787864338
40,20,15,2.0,14,0.22,2.2,0.668563940977135,0.2380806728725982
40,20,25,3.0,14,0.15,2.6,0.6685648294262156,0.23811526096400895
40,20,10,2.0,14,0.22,2.2,0.6685692449505857,0.23805943938688356
40,20,10,3.0,10,0.15,2.2,0.6685705274056604,0.23804128037597702
36,16,10,2.5,14,0.15,2.6,0.6685709171230276,0.23801682020699738
36,16,15,3.0,10,0.18,2.2,0.6685728807535499,0.2380371051386261
36,12,20,2.0,14,0.22,2.6,0.6685733364825591,0.23803912308900907
40,12,25,2.5,10,0.15,2.6,0.6685734334055505,0.23804369462429828
36,20,20,3.0,14,0.18,2.6,0.6685756854944302,0.2381009787124197
36,12,15,2.0,14,0.22,2.2,0.6685770281380784,0.23801715123582645
40,16,20,2.0,10,0.22,2.6,0.66858070465832,0.23808229742449222
36,16,10,3.0,10,0.22,1.8,0.6685836660968953,0.2380390266895166
32,12,25,3.0,14,0.22,2.2,0.6685836986234733,0.23805870873152632
40,12,15,3.0,6,0.18,2.2,0.6685860479432383,0.23803077059486227
40,12,15,1.5,10,0.22,2.6,0.668586267831452,0.23802337164229384
40,16,25,3.0,10,0.22,1.8,0.6685978552220584,0.23811716380046563
36,16,20,2.5,14,0.22,1.8,0.6686086994903854,0.23807764712814714
36,16,20,3.0,10,0.22,2.2,0.6686102503535355,0.23809376228904758
40,16,20,2.0,14,0.15,2.6,0.6686134687831335,0.23806735923992037
40,20,20,2.5,14,0.15,2.6,0.6686152864043171,0.2381023307925896
40,12,10,3.0,6,0.18,1.8,0.6686205689500778,0.23803305325860066
32,12,25,3.0,14,0.18,2.2,0.6686215068586372,0.23805593584225734
36,16,15,2.5,14,0.15,1.8,0.6686241240683896,0.23803578763495098
40,20,15,3.0,10,0.15,2.6,0.6686248300752412,0.23808555346997246
40,12,25,2.0,10,0.22,2.2,0.6686259722870339,0.2380920829836316
40,12,15,1.5,14,0.18,2.2,0.6686261950433398,0.23803659473343466
36,16,20,2.5,14,0.18,2.2,0.6686269815818928,0.2380753303912229
32,12,25,3.0,14,0.15,2.6,0.6686314342011008,0.2380505008483885
40,16,20,2.5,10,0.18,2.2,0.6686333373935817,0.238085700714181
36,12,15,2.0,14,0.18,2.6,0.6686359640216276,0.23803902375689634
40,16,10,2.0,14,0.15,1.8,0.6686373786252319,0.23804372276117283
36,12,25,3.0,10,0.18,2.2,0.6686389683457963,0.23807612869786987
36,16,10,2.5,14,0.18,1.8,0.668643508410352,0.23805030247738537
40,20,10,2.5,10,0.18,2.6,0.6686449076974726,0.23808915440245687
40,12,10,2.0,10,0.18,2.2,0.6686475374146199,0.23804185881509596
36,16,25,3.0,14,0.15,1.8,0.6686491889219301,0.23807507377472095
32,12,25,3.0,14,0.22,1.8,0.6686531799109672,0.23808047262546775
36,16,25,2.5,14,0.22,2.6,0.6686541365080233,0.23813581853014218
36,20,15,3.0,14,0.15,1.8,0.6686557775304163,0.23807371861258114
36,16,10,2.5,14,0.15,2.2,0.6686597045783649,0.23805387430104127
36,12,25,2.5,14,0.15,1.8,0.6686609317224743,0.23805819300410933
40,16,25,2.0,14,0.22,2.2,0.6686624756683051,0.23814312871080898
40,16,10,2.0,10,0.22,2.2,0.6686634693172134,0.23807033598089733
36,12,20,2.5,10,0.18,2.6,0.6686669090652378,0.23807270802647676
36,16,10,3.0,10,0.18,2.2,0.6686694145935017,0.23807293014992084
40,20,10,2.0,14,0.18,2.6,0.6686762567375607,0.23809900548694818
40,16,15,2.0,10,0.18,2.6,0.6686793216230731,0.23808687093202582
36,12,10,2.5,10,0.22,2.6,0.6686801549146207,0.23805911842263308
40,12,10,3.0,6,0.15,2.2,0.6686816623180685,0.23805660061707998
40,16,15,1.5,14,0.22,2.6,0.6686874388030436,0.23810006456951938
36,12,25,2.5,10,0.22,2.6,0.6686893011872573,0.23811869555680432
40,20,15,2.0,14,0.18,2.6,0.6686896135311629,0.23812449112322295
36,16,20,2.5,14,0.15,2.6,0.6686910374768343,0.23809377486225378
36,12,20,3.0,10,0.15,1.8,0.6686947338408732,0.23806180906934157
36,12,20,2.0,14,0.22,2.2,0.6686982416548923,0.2380924795195059
36,12,15,2.5,10,0.15,2.6,0.6686987006929287,0.23806380081376016
40,12,15,2.5,6,0.22,2.2,0.6686996581871356,0.23810374731480252
40,16,25,2.5,14,0.15,1.8,0.6687006264852114,0.23811054660116993
40,12,20,1.5,14,0.18,2.6,0.6687010388850626,0.23809324310364963
36,12,15,2.0,14,0.22,1.8,0.6687081391769731,0.2380743045106219
40,16,25,3.0,10,0.18,2.2,0.6687128590023206,0.23815192351087808
36,16,15,3.0,10,0.15,2.6,0.6687129215093358,0.2380918367478743
40,20,20,2.0,14,0.22,2.6,0.6687158397905902,0.2381820522545999
40,20,25,2.5,14,0.22,2.2,0.6687178137696409,0.2382157726544401
40,12,15,3.0,6,0.15,2.6,0.6687183975987427,0.23807649237451828
40,16,25,2.5,10,0.22,2.2,0.6687209134658537,0.23817277432993025
32,12,25,3.0,14,0.15,2.2,0.6687214928876086,0.23808462345118106
40,12,25,1.5,14,0.22,2.6,0.6687232580629092,0.23813892970469897
36,20,20,3.0,14,0.18,2.2,0.66872337708271,0.23815662827211148
40,16,10,2.5,10,0.15,1.8,0.6687241188209964,0.23808510116828457
40,12,10,2.5,6,0.22,2.2,0.668724252405032,0.23809859741125394
40,20,25,3.0,14,0.18,1.8,0.6687271238045718,0.23818771036745068
32,12,25,3.0,14,0.18,1.8,0.6687274620905083,0.23809451408541885
36,20,20,3.0,14,0.22,1.8,0.6687318357007086,0.23817578062734915
40,12,25,2.5,10,0.18,1.8,0.668732340534767,0.2381148069657838
40,16,10,3.0,6,0.22,2.6,0.6687335859774732,0.2381512008657253
36,16,15,2.5,10,0.22,2.6,0.6687381445789927,0.23812699644196936
36,12,15,2.0,14,0.18,2.2,0.668738354233431,0.23808367474988948
40,16,20,2.0,14,0.18,1.8,0.6687429955977926,0.2381265718403313
32,12,10,3.0,14,0.15,2.6,0.6687431418130767,0.2380810107230142
40,20,20,2.5,10,0.22,2.6,0.6687431643591117,0.23820181238032564
40,12,15,1.5,14,0.15,2.6,0.6687452823756715,0.23808776214242855
40,12,20,2.0,10,0.15,2.6,0.6687470011990033,0.23810154334822448
32,16,15,3.0,14,0.22,2.6,0.6687486779669212,0.2381342938202546
32,16,15,3.0,14,0.18,2.6,0.6687528842708249,0.23811815310070328
40,20,10,2.5,10,0.22,1.8,0.6687554609364679,0.23814047531339824
32,12,10,3.0,14,0.18,2.2,0.6687559356490264,0.2380896524755402
32,12,10,3.0,14,0.18,2.6,0.6687568946469176,0.2380922710506763
36,20,15,2.5,14,0.22,2.6,0.668758920486435,0.23817389953840093
40,16,20,3.0,10,0.15,1.8,0.6687619900600112,0.2381155763722731
40,20,20,2.5,14,0.18,1.8,0.6687643979279759,0.2381694119733093
40,20,25,3.0,14,0.15,2.2,0.6687664969243117,0.23819127427305475
32,12,10,3.0,14,0.15,2.2,0.668766940118196,0.23808986427680573
36,12,20,2.5,10,0.22,1.8,0.6687672025859929,0.2381199465911502
36,20,25,3.0,14,0.22,2.6,0.6687681781353814,0.23823695584707275
40,16,15,2.5,10,0.15,1.8,0.6687693599328534,0.23810447233906343
36,16,20,3.0,10,0.18,2.6,0.6687706216841258,0.2381513182892234
40,20,20,3.0,10,0.18,2.6,0.6687723136429102,0.23819863335849975
36,12,20,2.0,14,0.18,2.6,0.668773118730261,0.23811838326385126
40,20,15,2.5,10,0.18,2.6,0.6687735479275049,0.23816452442886152
40,12,20,3.0,6,0.22,2.6,0.668774710124839,0.23819272883134615
32,12,10,3.0,14,0.18,1.8,0.6687786383193434,0.23809745264011867
40,20,10,2.0,14,0.22,1.8,0.6687804094755316,0.23814901105043496
40,12,15,2.0,10,0.15,1.8,0.6687812990540493,0.23809694706240986
36,20,20,3.0,14,0.15,2.6,0.6687813550221825,0.23816747023651882
40,12,20,1.5,10,0.22,2.6,0.6687854345679578,0.23813980300340062
36,16,10,2.5,14,0.15,1.8,0.6687860518537927,0.23810700719955452
36,12,10,2.5,10,0.22,2.2,0.6687872737765604,0.23810791452628327
36,12,25,3.0,10,0.15,2.6,0.6687873387986785,0.23813189062361362
40,12,25,2.0,14,0.15,1.8,0.6687887277992555,0.23812750389855292
40,16,15,2.0,10,0.22,1.8,0.668790658242174,0.23813923674986173
36,12,15,2.5,10,0.18,1.8,0.6687908610445229,0.2381057978023754
40,20,15,3.0,10,0.18,1.8,0.66879326665677,0.2381598919379253
40,16,20,2.0,14,0.15,2.2,0.6687945898737854,0.2381422763160665
32,16,15,3.0,14,0.22,2.2,0.6687948264405028,0.2381489764368496
32,12,10,3.0,14,0.22,1.8,0.6688020535491715,0.2381144161466773
40,12,20,1.5,14,0.22,1.8,0.6688033366306606,0.23814288285099366
36,16,10,3.0,10,0.15,2.6,0.6688033603339505,0.2381292486832102
40,16,25,2.0,14,0.18,2.6,0.6688043269513295,0.23819157444164563
36,16,20,2.5,14,0.18,1.8,0.668804943514183,0.23814571668437798
40,12,15,1.5,10,0.22,2.2,0.6688057078945917,0.238122919760346
36,12,15,2.0,14,0.15,2.6,0.6688067855429652,0.2381110627046744
40,20,20,2.5,14,0.15,2.2,0.6688068508871193,0.23817756335293686
36,16,25,2.5,14,0.22,2.2,0.6688132285625926,0.2381995805602618
32,12,10,3.0,14,0.15,1.8,0.6688172062680925,0.23811051243967407
36,16,25,3.0,10,0.22,2.6,0.6688182215867042,0.23821789548770503
40,20,15,2.0,14,0.22,1.8,0.6688191191686685,0.23818650143158293
40,16,20,2.5,10,0.15,2.6,0.6688193870646036,0.23815760634755584
40,12,10,2.0,10,0.15,2.6,0.6688202493502178,0.2381223113919689
32,16,15,3.0,14,0.18,2.2,0.6688206110568503,0.23814282867088155
40,12,25,2.5,10,0.15,2.2,0.6688224687063661,0.23814692177281457
40,20,25,3.0,10,0.22,2.6,0.6688249205794891,0.238281845859333
32,12,10,3.0,14,0.22,2.2,0.6688259066969791,0.238128258304282
36,20,10,2.5,14,0.22,2.6,0.6688298331390531,0.23818582829548002
36,16,20,2.5,14,0.15,2.2,0.6688305104378467,0.23814964229538424
32,16,15,3.0,14,0.15,2.6,0.6688310155863286,0.23813886314222243
40,20,10,2.0,14,0.18,2.2,0.6688370108468188,0.23816721616623748
40,12,15,1.5,14,0.18,1.8,0.6688381304366252,0.23813148552321814
40,20,25,2.5,14,0.18,2.6,0.6688388310141972,0.23824838750555694
36,16,15,3.0,10,0.18,1.8,0.6688439791744001,0.23815051302939003
32,12,25,3.0,14,0.15,1.8,0.6688474614643398,0.23813274520139194
32,16,15,3.0,14,0.22,1.8,0.6688526810939712,0.23816645675982429
32,12,10,3.0,14,0.22,2.6,0.6688531531828613,0.23814291722372355
40,16,20,2.0,10,0.22,2.2,0.6688542661762484,0.23819871526433778
40,12,25,2.0,10,0.18,2.6,0.6688570612713828,0.23818419989803793
36,12,25,2.0,14,0.22,2.6,0.6688574820569823,0.23818945005033373
36,12,20,2.5,10,0.18,2.2,0.6688584792801796,0.23815395325368563
40,20,10,3.0,10,0.15,1.8,0.6688629711605603,0.23816260768065114
36,12,15,2.5,10,0.15,2.2,0.6688660479609968,0.2381371972167931
36,12,20,2.0,14,0.22,1.8,0.6688672394800051,0.23816410627983045
40,12,15,2.5,6,0.18,2.6,0.6688673297230844,0.23816618544976623
36,20,10,3.0,10,0.22,2.6,0.668868194442233,0.23821216839211373
40,12,10,2.0,10,0.18,1.8,0.6688729181074691,0.2381461558071466
40,20,10,2.5,10,0.18,2.2,0.6688735836681259,0.2381857071662932
36,16,25,2.5,14,0.18,2.6,0.6688748715610038,0.23821155525374096
40,16,10,2.0,10,0.18,2.6,0.6688768881042187,0.2381647728467111
40,20,15,3.0,10,0.15,2.2,0.6688782351325597,0.23818789318434735
40,12,15,3.0,6,0.18,1.8,0.6688814876961247,0.23814470731801576
40,12,20,2.0,10,0.18,1.8,0.668883498902987,0.2381636939454292
40,16,15,1.5,14,0.22,2.2,0.6688853033673807,0.2381875498521825
40,12,10,2.5,6,0.18,2.6,0.6688854036123693,0.23816655660543118
40,20,15,2.0,14,0.18,2.2,0.6688861791659542,0.23820639051657508
36,12,15,2.0,14,0.18,1.8,0.668886988260951,0.23814867465449827
36,20,15,3.0,10,0.22,2.6,0.6688879965556511,0.2382405777624987
40,12,20,1.5,14,0.18,2.2,0.6688903035430863,0.23817605039280224
32,16,20,3.0,14,0.22,2.6,0.6688965441503917,0.23821934893060967
40,12,15,1.5,14,0.15,2.2,0.6688968303054336,0.23815545496025545
32,12,15,3.0,10,0.22,2.6,0.6688974460183958,0.2381726226155019
40,16,25,3.0,10,0.15,2.6,0.6688995603773246,0.23821834933782843
36,16,10,3.0,10,0.18,1.8,0.6688997793879257,0.23817252422395324
36,16,20,3.0,10,0.22,1.8,0.6689000207730396,0.23821166716873088
40,12,10,1.5,14,0.22,2.6,0.6689022582096065,0.23815582708116764
36,12,25,2.5,10,0.22,2.2,0.6689049112427209,0.23820901218421722
36,20,15,2.5,14,0.22,2.2,0.6689067257311262,0.2382333614541974
36,12,20,2.0,14,0.18,2.2,0.6689075896358161,0.23817579145995957
40,20,15,2.5,10,0.22,1.8,0.6689114122936063,0.23822856030571832
32,16,15,3.0,14,0.15,2.2,0.6689121284289421,0.23816961525681535
36,16,15,3.0,10,0.15,2.2,0.6689139365250678,0.23817590498555766
36,12,15,2.0,14,0.15,2.2,0.6689158249764605,0.23815863818506053
40,16,15,2.0,10,0.18,2.2,0.6689160031944841,0.23818895125727063
36,20,20,3.0,14,0.18,1.8,0.6689165469127013,0.23822818038299168
32,16,15,3.0,14,0.18,1.8,0.6689180137680106,0.23817861456563816
40,12,10,3.0,6,0.15,1.8,0.6689263303119353,0.2381571406333736
36,20,25,3.0,14,0.22,2.2,0.6689324052082921,0.23829910872849844
36,16,15,2.5,10,0.22,2.2,0.6689334452506634,0.23821005640537987
36,20,20,3.0,14,0.15,2.2,0.6689348628417116,0.2382255582455526
36,12,25,3.0,10,0.18,1.8,0.668935001547329,0.2381978669388573
36,12,10,2.5,10,0.18,2.6,0.6689356673358469,0.23817624034179005
40,12,15,3.0,6,0.15,2.2,0.6689368493413249,0.2381604983147307
40,16,10,2.0,10,0.22,1.8,0.6689370675895238,0.23819271569876418
40,16,20,1.5,14,0.22,2.6,0.6689372879364691,0.23823951666522214
40,20,20,3.0,10,0.22,1.8,0.6689419622483476,0.23827730855991222
32,16,20,3.0,14,0.18,2.6,0.6689429685323992,0.23821854089994374
40,20,10,2.0,14,0.15,2.6,0.6689464545730432,0.23820982812095556
40,16,25,2.0,14,0.22,1.8,0.6689489938194877,0.2382607879644746
40,20,15,2.0,10,0.22,2.6,0.6689507950879144,0.23825614237061635
36,20,10,2.5,14,0.22,2.2,0.6689508652032637,0.2382352114114997
40,12,25,1.5,14,0.22,2.2,0.6689522560507493,0.238238424909787
40,20,20,2.0,14,0.22,2.2,0.6689569696298331,0.23828271092120998
40,16,25,2.5,10,0.18,2.6,0.6689589032559687,0.23826171495262785
36,12,10,2.5,10,0.22,1.8,0.6689596128055367,0.23818697172879544
36,20,15,2.5,14,0.18,2.6,0.66896387438473,0.23824491929340724
32,16,20,3.0,14,0.22,2.2,0.6689670363236482,0.23824361507615952
36,16,15,2.0,14,0.22,2.6,0.6689705543597557,0.23822752049303395
36,16,10,3.0,10,0.15,2.2,0.6689718843477681,0.2382017227169536
40,20,10,2.0,10,0.22,2.6,0.668972655350585,0.23824388947239683
40,12,10,2.0,10,0.15,2.2,0.6689747738639389,0.23819321895018072
40,12,20,2.0,10,0.15,2.2,0.6689767753637951,0.23820068375923736
40,16,10,3.0,6,0.22,2.2,0.6689804430506936,0.23825113309933474
40,16,20,2.5,10,0.18,1.8,0.6689807463279106,0.23822959584070683
36,20,25,3.0,14,0.18,2.6,0.668982367091771,0.2382998392085396
36,12,15,2.0,10,0.22,2.6,0.6689837320348795,0.23820507530368729
36,20,10,2.5,14,0.18,2.6,0.6689909995606834,0.23824241806107696
36,12,20,2.0,14,0.15,2.6,0.6689918894494464,0.23820786554538348
36,16,20,3.0,10,0.18,2.2,0.668994989152352,0.23824291994653682
40,12,10,2.5,6,0.22,1.8,0.6689952543466058,0.2382162844933337
40,12,25,2.0,10,0.22,1.8,0.6689961813957752,0.23824968745300584
36,16,10,2.5,10,0.22,2.6,0.6689968799799222,0.23822911240256503
36,16,20,2.5,10,0.22,2.6,0.668998232160467,0.23826621812414597
32,12,15,3.0,10,0.22,2.2,0.6690030815230966,0.23821718065323813
36,12,20,2.5,10,0.15,2.6,0.6690045432449696,0.2382133871521104
36,12,25,3.0,10,0.15,2.2,0.6690061901320856,0.2382219964103429
40,20,15,2.0,14,0.15,2.6,0.6690098121021111,0.23825196592624467
32,12,20,3.0,10,0.22,2.6,0.6690106156586019,0.23824126348851166
36,16,25,2.5,14,0.22,1.8,0.669011221331088,0.23827697004841641
40,20,25,2.5,14,0.22,1.8,0.6690114834555893,0.23833059709847534
36,12,25,2.0,14,0.22,2.2,0.6690135603777712,0.2382553843124825
40,12,15,2.0,6,0.22,2.6,0.6690160035664354,0.23824718116960214
36,16,20,2.5,14,0.15,1.8,0.6690179903304355,0.2382246990591752
40,12,10,1.5,14,0.22,2.2,0.6690188570704168,0.23821087162571122
32,16,10,3.0,14,0.18,2.6,0.6690232630311564,0.23823265126508805
36,20,20,2.5,14,0.22,2.6,0.6690232745419936,0.23831420101687986
40,16,25,2.0,14,0.18,2.2,0.669026106909067,0.23828325885577414
40,12,20,1.5,14,0.15,2.6,0.6690268459508691,0.23823212661227844
32,16,15,3.0,14,0.15,1.8,0.6690284758548206,0.23821439373932374
40,12,15,2.5,6,0.22,1.8,0.6690290398275396,0.23823953120574273
40,20,25,3.0,14,0.15,1.8,0.6690291448869125,0.2382890425812432
40,16,25,2.0,10,0.22,2.6,0.6690340206165979,0.23831062894943114
40,16,20,2.0,14,0.15,1.8,0.669035446898581,0.2382417341953528
32,16,20,3.0,14,0.18,2.2,0.6690360721821931,0.2382532782838262
40,12,15,1.5,10,0.18,2.6,0.6690362736361003,0.2382255760448739
40,20,20,2.5,10,0.22,2.2,0.6690369287061956,0.23832150142802802
40,20,15,2.5,10,0.18,2.2,0.6690381510680156,0.23827378303439253
36,16,25,2.5,14,0.18,2.2,0.6690420409230093,0.23827865053060934
32,16,10,3.0,14,0.22,2.6,0.6690477595946169,0.23825692102629079
40,12,20,1.5,10,0.22,2.2,0.6690481656082319,0.23825632830888774
40,16,15,1.5,14,0.18,2.6,0.6690487193327563,0.23825492339839485
36,16,25,3.0,10,0.22,2.2,0.6690502413289401,0.2383106587322303
40,20,10,2.5,10,0.15,2.6,0.6690507388353545,0.23825782345051014
40,20,20,2.5,14,0.15,1.8,0.6690550203830532,0.23827429508151138
32,16,20,3.0,14,0.15,2.6,0.6690552403007485,0.23825122203250704
40,16,10,1.5,14,0.22,2.6,0.6690553994337106,0.2382488346721944
36,20,10,3.0,10,0.22,2.2,0.6690570351904577,0.2382896898129611
40,20,10,2.0,14,0.18,1.8,0.6690576600226292,0.23826077189462813
32,16,20,3.0,14,0.22,1.8,0.669058956911426,0.23827447780870872
36,12,10,2.5,10,0.18,2.2,0.6690620502139779,0.23823364832329197
40,20,20,3.0,10,0.18,2.2,0.6690627756926083,0.23831429059324497
32,16,10,3.0,14,0.18,2.2,0.6690652255042069,0.2382472264633625
40,20,25,2.5,14,0.18,2.2,0.6690654040415994,0.23833790531809282
40,12,20,3.0,6,0.22,2.2,0.6690677599967715,0.2383061575991284
36,12,15,2.0,14,0.15,1.8,0.6690679885159092,0.2382252195409468
32,16,10,3.0,14,0.15,2.6,0.6690687780416441,0.23824268705568769
40,16,15,3.0,6,0.22,2.6,0.6690700512572924,0.2383284667702762
32,16,10,3.0,14,0.22,2.2,0.6690706331926841,0.2382627899599375
40,16,10,2.0,10,0.18,2.2,0.6690718184842646,0.23825132930882065
40,16,20,2.5,10,0.15,2.2,0.6690730499086907,0.2382627196835218
40,16,25,3.0,10,0.18,1.8,0.6690833922947637,0.23829922763862005
32,12,15,2.5,14,0.22,2.6,0.6690843587070548,0.2382525407067657
36,12,25,2.5,10,0.18,2.6,0.6690872385705319,0.23827977884509113
40,12,10,2.5,6,0.18,2.2,0.6690877590029091,0.2382541799920922
40,16,20,2.0,10,0.18,2.6,0.6690911547149913,0.23829345176093064
36,12,15,2.5,10,0.15,1.8,0.6690912446830917,0.23823615290738442
36,20,15,2.5,14,0.22,1.8,0.6690918102506814,0.23830618998203698
36,12,20,2.0,14,0.18,1.8,0.669092829656668,0.23825474770355537
32,12,20,2.5,14,0.22,2.6,0.6690945516803563,0.238273257154858
36,20,10,2.5,14,0.22,1.8,0.6690957824513153,0.23829265507887273
32,16,10,3.0,14,0.22,1.8,0.6690980129411468,0.23826881590169455
40,12,15,1.5,14,0.15,1.8,0.6691015605617245,0.2382469665855564
40,16,15,2.0,10,0.15,2.6,0.6691057481753746,0.2382686364574859
36,16,15,2.0,14,0.22,2.2,0.6691067251975095,0.23828573710575685
36,12,20,2.0,10,0.22,2.6,0.6691074147866999,0.2382814423507494
40,20,10,2.0,14,0.15,2.2,0.6691080534403473,0.23827825361497584
36,20,15,3.0,10,0.22,2.2,0.6691083065953365,0.2383293590621499
36,16,15,2.5,10,0.18,2.6,0.6691084066440158,0.23828062820777915
40,12,20,2.5,6,0.22,2.6,0.6691088712647042,0.23832880906581844
40,20,20,2.0,14,0.18,2.6,0.6691090874714127,0.23833530921008836
36,12,25,2.0,14,0.18,2.6,0.6691093265437645,0.23828833489680853
32,12,15,3.0,10,0.18,2.6,0.6691096149545397,0.23826055763809414
40,12,15,1.5,10,0.22,1.8,0.669110210592347,0.2382608717868118
32,12,15,2.5,14,0.18,2.6,0.669113173558832,0.2382564590281204
36,20,10,2.5,14,0.18,2.2,0.6691134059175271,0.23829196262366467
40,16,25,2.5,10,0.22,1.8,0.6691140623117579,0.23833379227098014
40,12,15,2.5,6,0.18,2.2,0.6691153365221391,0.2382685536700745
40,20,25,3.0,10,0.22,2.2,0.6691168117730181,0.23839524250005842
36,20,15,2.5,14,0.18,2.2,0.6691186121921144,0.23830721277455758
32,12,15,2.5,14,0.22,2.2,0.6691191284842634,0.23826537725278069
36,16,25,2.5,14,0.15,2.6,0.6691219435262274,0.23830233344964175
40,20,25,2.0,14,0.22,2.6,0.6691235125340732,0.23838765244862192
40,16,15,1.5,10,0.22,2.6,0.6691261017018529,0.23829830889237516
36,12,20,2.0,14,0.15,2.2,0.6691274864500559,0.23826561832833898
40,12,25,2.0,10,0.18,2.2,0.6691283576558666,0.23829937191093595
32,16,10,3.0,14,0.15,2.2,0.6691290361974591,0.23826568423765512
36,12,20,2.5,10,0.18,1.8,0.6691303815580467,0.2382704919836304
40,12,25,1.5,14,0.18,2.6,0.6691345260310267,0.23831100449732892
36,20,20,3.0,14,0.15,1.8,0.6691351842962624,0.23830076008257076
32,16,10,3.0,14,0.18,1.8,0.6691355087283819,0.23827316849677344
32,16,25,3.0,14,0.22,2.6,0.6691386115784776,0.23834481350522818
36,16,20,2.0,14,0.22,2.6,0.669141435270609,0.23832580579759352
40,20,15,2.0,14,0.18,1.8,0.66914239347763,0.23831228824204467
40,12,20,1.5,14,0.18,1.8,0.6691448142276945,0.23828707008286215
40,16,10,3.0,6,0.18,2.6,0.6691471711041693,0.23831188238251116
36,20,25,3.0,14,0.22,1.8,0.6691479797288197,0.23837887030712296
40,16,15,1.5,14,0.22,1.8,0.6691487973263552,0.2383032848765827
40,12,10,1.5,14,0.18,2.6,0.6691489362996554,0.23827108943317318
40,12,25,2.5,10,0.15,1.8,0.6691496294286335,0.23828268821223975
36,20,25,3.0,14,0.18,2.2,0.6691502562749527,0.23836302993803266
36,16,20,3.0,10,0.15,2.6,0.6691504767007438,0.23830138996611905
32,12,20,3.0,10,0.22,2.2,0.6691560391424123,0.2383019185877667
36,16,10,2.5,10,0.22,2.2,0.6691577785071905,0.23829951677135167
32,12,20,2.5,14,0.22,2.2,0.6691579993956224,0.23829769308685855
32,16,20,3.0,14,0.15,2.2,0.6691586394254919,0.238290602067472
36,12,15,2.0,10,0.22,2.2,0.6691588670687821,0.23828355152774136
32,16,20,3.0,14,0.18,1.8,0.6691601100627529,0.23829898022126067
32,12,20,2.5,14,0.18,2.6,0.6691632486080575,0.2382912299953219
40,16,25,2.0,14,0.15,2.6,0.6691634455837933,0.23833281641246795
32,12,15,3.0,10,0.22,1.8,0.6691705979916465,0.2382891099308424
32,12,15,2.5,14,0.18,2.2,0.669171653138233,0.23828021674100747
40,16,20,1.5,14,0.22,2.2,0.6691718870439402,0.23834141385366506
40,16,25,3.0,10,0.15,2.2,0.6691727660950668,0.2383271371651586
40,12,25,1.5,10,0.22,2.6,0.6691785886280202,0.23834253738567504
36,20,10,2.5,14,0.15,2.6,0.6691785945869444,0.23831312306971877
32,12,15,2.5,14,0.22,1.8,0.6691787172818057,0.23828844134829907
36,16,15,3.0,10,0.15,1.8,0.6691814204247363,0.23828811517487897
40,20,25,2.5,14,0.15,2.6,0.6691883936855947,0.23837581763964494
40,12,10,1.5,14,0.22,1.8,0.6691911366843297,0.23829182512933417
40,20,10,2.5,10,0.18,1.8,0.6691911712752696,0.23832065147584755
36,16,15,2.0,14,0.18,2.6,0.6691928427995226,0.2383166443157892
36,20,15,2.5,14,0.15,2.6,0.6691938762975753,0.23833012436444287
32,12,15,2.5,14,0.15,2.6,0.6691952489496237,0.23828643072464317
40,12,10,2.0,10,0.15,1.8,0.6691960860932163,0.23829545547718783
40,20,15,2.0,14,0.15,2.2,0.669197884354558,0.23832974204720336
36,12,10,2.0,14,0.22,2.6,0.6691983830829988,0.23829454239886233
36,20,20,2.5,14,0.22,2.2,0.6691994363353742,0.23838485160538117
36,16,10,3.0,10,0.15,1.8,0.6692004672356103,0.23830053376231017
36,12,15,3.0,6,0.22,2.6,0.6692019453175871,0.23834546822662264
40,20,15,3.0,10,0.15,1.8,0.6692031381273277,0.23831856848907368
36,12,10,2.5,10,0.15,2.6,0.6692048921337729,0.23829965842560966
36,12,20,2.5,10,0.15,2.2,0.6692064573468494,0.23829995614630145
36,16,15,2.5,10,0.22,1.8,0.669209412808413,0.23832781822622573
36,12,25,2.5,10,0.22,1.8,0.6692098737020142,0.238337352553365
40,12,20,1.5,14,0.15,2.2,0.6692101781264629,0.2383120314957912
40,16,10,1.5,14,0.22,2.2,0.6692154456979763,0.23832158779265925
36,20,10,3.0,10,0.18,2.6,0.6692171118552191,0.23835059513817183
36,12,25,2.0,14,0.22,1.8,0.6692196451630031,0.23834160468971416
40,20,10,2.0,10,0.22,2.2,0.6692204725033123,0.23835167186606557
32,16,10,3.0,14,0.15,1.8,0.6692218285560242,0.2383022465031739
36,20,20,3.0,10,0.22,2.6,0.6692230330105433,0.23841167691176435
40,12,15,3.0,6,0.15,1.8,0.6692237449065855,0.23827094279492417
36,20,25,3.0,14,0.15,2.6,0.6692240955316873,0.2383792779985394
36,16,20,2.5,10,0.22,2.2,0.669225186002558,0.23836108391675576
32,16,25,3.0,14,0.18,2.6,0.6692259153553018,0.23835960486757765
40,20,25,2.5,10,0.22,2.6,0.669227124722416,0.2384406659506074
40,20,15,2.5,10,0.15,2.6,0.6692311519045349,0.2383487320676972
40,16,20,2.0,10,0.22,1.8,0.6692314286549221,0.23835926513271954
40,16,10,2.5,6,0.22,2.6,0.6692319531063476,0.23836494889806392
32,16,25,3.0,14,0.22,2.2,0.6692320001926818,0.23837832162669145
40,20,15,2.0,10,0.22,2.2,0.6692334926626035,0.23837636975387275
40,12,10,2.5,6,0.15,2.6,0.6692337556724698,0.2383162970776977
36,16,25,3.0,10,0.18,2.6,0.6692337967019625,0.23837584301943518
32,12,15,3.0,10,0.18,2.2,0.6692370120556504,0.23831492256725234
40,16,15,2.0,10,0.18,1.8,0.669239288139104,0.23832915691184808
40,16,15,1.5,14,0.18,2.2,0.6692406617032539,0.23833904151301785
40,12,10,1.5,10,0.22,2.6,0.6692447334410063,0.2383132057326474
40,12,20,3.0,6,0.18,2.6,0.6692470783527243,0.23836265925829825
32,12,20,2.5,14,0.22,1.8,0.6692486201438976,0.23833270394242087
40,16,25,2.5,10,0.18,2.2,0.6692492459447233,0.23838033246930923
32,12,20,2.5,14,0.18,2.2,0.6692499858853047,0.2383264429619623
36,16,25,2.5,14,0.18,1.8,0.6692523126287117,0.238361469311465
40,12,15,1.5,10,0.18,2.2,0.6692546397009951,0.2383241890633014
40,12,25,1.5,14,0.22,1.8,0.6692552536228703,0.23836916690934737
36,12,10,2.0,14,0.22,2.2,0.6692562239745836,0.23832112909280712
40,20,20,3.0,10,0.15,2.6,0.669256348956968,0.23838328077663562
40,16,10,2.0,10,0.15,2.6,0.6692564038921703,0.2383332455633623
36,12,10,2.5,10,0.18,1.8,0.669257103164578,0.23832311111980667
40,20,20,2.0,14,0.22,1.8,0.6692576003064015,0.23840607334542474
40,12,15,2.5,6,0.15,2.6,0.6692612800304655,0.23832352464605008
32,12,15,2.5,14,0.18,1.8,0.6692645483250235,0.2383187381863855
32,12,15,2.5,14,0.15,2.2,0.6692686761496782,0.23831708134715318
36,12,25,2.0,14,0.18,2.2,0.6692705476118583,0.2383562709166055
40,12,10,1.5,14,0.18,2.2,0.66927103792047,0.23832811247335034
40,12,10,2.0,6,0.22,2.6,0.6692713248257705,0.23834630656297467
32,12,20,3.0,10,0.18,2.6,0.669272109572128,0.23834597829894066
40,12,15,2.0,6,0.22,2.2,0.669276233247231,0.23835910305417482
36,20,20,2.5,14,0.18,2.6,0.6692767103147336,0.23840293432504397
40,12,20,2.0,10,0.15,1.8,0.6692802155624341,0.23833167221874238
32,12,25,3.0,10,0.22,2.6,0.6692811726688436,0.2383808153358653
36,20,10,2.5,14,0.18,1.8,0.6692821046360672,0.2383601940369436
36,16,25,2.5,14,0.15,2.2,0.6692832137199528,0.23836647850823237
40,20,10,2.5,10,0.15,2.2,0.6692834083580586,0.23835653865408465
36,20,15,3.0,10,0.18,2.6,0.6692837037632813,0.23839280512716401
40,20,20,2.5,10,0.18,2.6,0.669284822824491,0.23841434856824226
32,12,20,2.5,14,0.15,2.6,0.6692859009424162,0.2383361772911838
36,16,15,2.0,14,0.22,1.8,0.6692880545585119,0.23836261795254216
32,12,25,2.5,14,0.22,2.6,0.6692897814820578,0.2383783019966604
40,20,15,1.5,14,0.22,2.6,0.6692908576696431,0.238406166254411
36,12,25,3.0,10,0.15,1.8,0.6692945846949196,0.23834092269337742
36,12,10,3.0,6,0.22,2.6,0.6692992926711594,0.23837386908943534
40,12,20,1.5,10,0.18,2.6,0.6692994169209081,0.23836414971023365
32,16,20,3.0,14,0.15,1.8,0.6693016470161317,0.23834542926471564
40,16,10,3.0,6,0.22,1.8,0.6693032287218075,0.23838084271766535
36,16,20,3.0,10,0.18,1.8,0.6693036686836845,0.23836954158147255
40,16,25,2.0,14,0.18,1.8,0.6693076236238917,0.2383981540445012
36,20,10,2.5,14,0.15,2.2,0.6693084553406389,0.2383659874114703
36,16,15,2.5,10,0.18,2.2,0.6693089531197425,0.2383655883155738
40,16,25,1.5,14,0.22,2.6,0.6693095535190223,0.23843093622174213
36,16,20,2.0,14,0.22,2.2,0.6693097752952373,0.23839688877035284
36,12,25,2.5,10,0.18,2.2,0.6693101316834209,0.23837307500660904
36,12,20,2.0,14,0.15,1.8,0.6693113864805209,0.23834400534285738
36,12,10,2.0,14,0.18,2.6,0.6693147340914642,0.2383469108649488
36,20,15,2.5,14,0.18,1.8,0.6693155463917821,0.23838524871053443
36,12,20,2.0,10,0.22,2.2,0.6693235365539026,0.23837633451300547
40,20,10,2.0,14,0.15,1.8,0.6693237826213684,0.23836959824400397
40,20,20,2.0,10,0.22,2.6,0.6693243526979521,0.23844859213152889
36,16,10,2.5,10,0.18,2.6,0.6693262252077078,0.23837207117462972
40,12,25,2.0,10,0.15,2.6,0.6693274563548571,0.2383797419425903
36,20,10,3.0,10,0.22,1.8,0.6693296880349826,0.2384026310784691
36,20,25,2.5,14,0.22,2.6,0.6693333618701566,0.23847128580137833
36,16,15,2.0,14,0.18,2.2,0.6693354645740548,0.23837745725324969
40,16,15,2.0,10,0.15,2.2,0.6693363448291755,0.23836823311239577
36,16,10,2.0,14,0.22,2.6,0.6693369071524787,0.23838015085598274
32,16,25,3.0,14,0.18,2.2,0.6693387726236514,0.23840203619424213
40,16,25,2.0,10,0.22,2.2,0.6693391455373147,0.23843884946251945
32,12,15,3.0,10,0.15,2.6,0.6693401951057084,0.23835786911367673
36,12,15,2.0,10,0.18,2.6,0.6693402318229988,0.2383631825985926
36,12,10,2.5,10,0.15,2.2,0.6693403078426164,0.23836114460200658
40,20,20,2.0,14,0.18,2.2,0.6693405390428179,0.23843086172850714
40,12,10,2.5,6,0.18,1.8,0.6693449417587596,0.23836416590842996
36,20,15,2.5,14,0.15,2.2,0.6693459248068794,0.23839096372114968
40,16,10,2.0,10,0.18,1.8,0.6693471858917182,0.23837432922475876
36,16,25,2.5,10,0.22,2.6,0.6693510765919788,0.2384443740509593
40,20,25,3.0,10,0.18,2.6,0.6693520513866548,0.2384751749653383
40,20,25,2.5,14,0.18,1.8,0.669353447909105,0.23844965534751777
32,16,25,3.0,14,0.22,1.8,0.6693539594092213,0.23842112172442922
40,12,25,1.5,14,0.18,2.2,0.6693555806909964,0.23840628535047942
36,12,10,2.0,14,0.22,1.8,0.6693566910405275,0.23836742878142633
40,16,20,1.5,14,0.18,2.6,0.6693596592068239,0.23841647262235663
32,12,20,3.0,10,0.22,1.8,0.6693604351902874,0.2383873596641355
40,16,15,3.0,6,0.22,2.2,0.6693662306225048,0.23844376323693434
40,16,20,2.0,10,0.18,2.2,0.669367001232099,0.23841049908814463
40,16,10,1.5,14,0.18,2.6,0.6693676462867627,0.2383883075081435
32,16,25,3.0,14,0.15,2.6,0.6693688806006243,0.23840337857794655
40,16,25,2.0,14,0.15,2.2,0.6693691690215603,0.23841685027529214
36,12,25,2.0,14,0.15,2.6,0.6693708727252738,0.23839361386935817
36,20,25,3.0,14,0.18,1.8,0.66937262063321,0.23844570367591617
40,16,10,3.0,6,0.18,2.2,0.6693732215693379,0.23840088709198018
32,12,20,2.5,14,0.18,1.8,0.6693732604272133,0.23837662221867165
32,12,15,2.5,14,0.15,1.8,0.6693735997602053,0.23836124577664178
36,16,25,3.0,10,0.22,1.8,0.6693780115722192,0.23844279039037372
36,16,20,3.0,10,0.15,2.2,0.6693783464404396,0.23839495799908952
32,12,25,2.5,14,0.22,2.2,0.6693799908039249,0.2384136856815677
32,12,20,2.5,14,0.15,2.2,0.669381181022673,0.2383752299238885
40,16,15,1.5,14,0.15,2.6,0.6693814557732797,0.23839739768893523
36,16,10,2.5,10,0.22,1.8,0.6693860807487152,0.23839966410722588
40,12,10,1.5,14,0.15,2.6,0.669387358145531,0.23838190726690428
36,12,10,2.0,14,0.18,2.2,0.6693907259851388,0.23838160045226006
40,20,25,2.0,14,0.22,2.2,0.6693915296922096,0.23849862320193038
40,16,15,1.5,10,0.22,2.2,0.6693925693420005,0.23841670292492365
40,16,20,1.5,10,0.22,2.6,0.669396471227672,0.23844503143834572
40,20,15,2.5,10,0.18,1.8,0.6693965551723928,0.23842218995602682
36,20,25,3.0,14,0.15,2.2,0.6693994138518645,0.23844575875039506
32,12,25,2.5,14,0.18,2.6,0.6694014522971621,0.2384126090706702
40,12,20,1.5,10,0.22,1.8,0.6694046847266371,0.23841407674467063
40,16,20,2.5,10,0.15,1.8,0.6694057747256069,0.2384008126365027
40,20,25,2.5,14,0.15,2.2,0.669406159300131,0.23846099324957548
32,20,15,3.0,14,0.22,2.6,0.6694067500100747,0.23846696145165525
36,12,15,2.0,10,0.22,1.8,0.6694096665190153,0.2383960809863585
40,16,15,2.5,6,0.22,2.6,0.6694132558661364,0.23846936947891073
36,12,25,2.0,10,0.22,2.6,0.669413595344979,0.23844009282852824
40,20,10,1.5,14,0.22,2.6,0.6694136886574272,0.2384410219738529
40,12,20,2.5,6,0.22,2.2,0.6694139262350075,0.23845253468693461
36,12,15,3.0,6,0.22,2.2,0.6694149904441512,0.23843076857798798
36,16,20,2.0,14,0.18,2.6,0.6694154132723115,0.23843387201730612
40,12,10,2.5,6,0.15,2.2,0.6694175705081195,0.23839425292611569
36,16,20,2.5,10,0.18,2.6,0.6694179911677426,0.2384360714735145
40,12,15,2.5,6,0.18,1.8,0.6694180610272513,0.23839086793328546
36,20,20,2.5,14,0.22,1.8,0.6694189692846041,0.23847081239157164
36,20,15,3.0,10,0.22,1.8,0.6694193779780285,0.23845561887023511
40,12,10,1.5,10,0.22,2.2,0.669424064083495,0.2383973846189072
36,20,10,3.0,10,0.18,2.2,0.6694249475361875,0.23843653901473302
36,16,25,2.0,14,0.22,2.6,0.6694260785331813,0.23847325720137336
36,16,15,2.0,14,0.15,2.6,0.669427429894526,0.23841289883897512
32,12,15,3.0,10,0.18,1.8,0.6694294431386321,0.23839845400092607
32,12,20,3.0,10,0.18,2.2,0.6694323179463793,0.23841308407486622
40,16,10,1.5,14,0.22,1.8,0.6694394472597543,0.23842309190009242
36,16,10,2.0,14,0.22,2.2,0.6694407836687172,0.23842563595918895
40,20,20,2.5,10,0.22,1.8,0.6694431216837651,0.23848754445559614
40,16,25,2.5,10,0.15,2.6,0.6694451349959367,0.23845347898502353
40,20,20,3.0,10,0.18,1.8,0.6694453889042429,0.23846611359845435
40,12,10,1.5,14,0.18,1.8,0.6694455238535669,0.23840952977071878
40,20,15,2.0,14,0.15,1.8,0.6694476357398211,0.23843290610988518
40,16,10,2.0,10,0.15,2.2,0.669448425436862,0.23841846206577508
40,12,15,1.5,10,0.15,2.6,0.6694497955181034,0.2384114302243354
32,12,10,3.0,10,0.22,2.6,0.669450943837531,0.23841948700717744
32,12,25,3.0,10,0.22,2.2,0.6694523404400036,0.2384512574161233
40,12,20,1.5,14,0.15,1.8,0.6694533986063982,0.23841793734362368
36,20,15,2.5,10,0.22,2.6,0.6694565297268209,0.2384849607816573
36,12,10,2.0,14,0.15,2.6,0.6694566740315417,0.2384111178696265
40,20,10,2.0,10,0.18,2.6,0.6694576306018312,0.238451680183117
36,20,20,2.5,14,0.18,2.2,0.669458179414886,0.23847561568186076
40,12,20,3.0,6,0.22,1.8,0.6694582252082246,0.23845667634273945
40,16,10,1.5,10,0.22,2.6,0.6694597132261226,0.23843394508531499
36,16,15,2.5,10,0.15,2.6,0.6694634861022009,0.23842875434982252
36,12,25,2.5,10,0.15,2.6,0.669470655493592,0.2384365309048144
36,12,20,2.5,10,0.15,1.8,0.6694713660391527,0.2384135332946144
36,12,10,3.0,6,0.22,2.2,0.669471919565809,0.23844641097088443
36,20,20,3.0,10,0.22,2.2,0.6694725307755518,0.2385112105367949
40,12,25,1.5,10,0.22,2.2,0.6694755264616693,0.23847224101250808
40,12,10,2.0,6,0.22,2.2,0.669477769262982,0.23843850918999673
40,12,15,2.5,6,0.15,2.2,0.6694807699910958,0.23841181523570987
40,16,20,1.5,14,0.22,1.8,0.6694811303846614,0.238474812623144
40,20,15,2.0,10,0.18,2.6,0.6694813763296147,0.23847605541670136
36,20,10,2.5,14,0.15,1.8,0.6694824027528505,0.2384368115730327
40,12,15,2.0,6,0.18,2.6,0.6694825260910598,0.238442950333779
40,20,20,2.0,14,0.15,2.6,0.6694842783302571,0.2384828966675996
36,16,25,3.0,10,0.18,2.2,0.6694849679018032,0.2384773484573075
32,16,25,3.0,14,0.18,1.8,0.6694854299433385,0.23845621775290574
36,12,25,2.0,14,0.18,1.8,0.6694871714476038,0.23844717395361403
40,16,10,2.5,6,0.22,2.2,0.6694881795439332,0.2384726202319447
32,12,15,3.0,10,0.15,2.2,0.6694882650204395,0.23842232624249304
40,12,25,2.0,10,0.18,1.8,0.669488547633665,0.2384525672254609
32,16,25,3.0,14,0.15,2.2,0.669489082211009,0.23844913616507724
36,16,10,2.5,10,0.18,2.2,0.6694918980280732,0.23844409786787638
32,20,10,3.0,14,0.22,2.6,0.6694926475012165,0.23849180816519822
40,20,15,2.5,10,0.15,2.2,0.669492704224688,0.2384570500508086
32,16,15,3.0,10,0.22,2.6,0.669494315927176,0.23847329945083812
36,16,25,2.5,14,0.15,1.8,0.6694965326624553,0.23845104251118918
40,16,15,1.5,14,0.18,1.8,0.6694986645000169,0.23845182439245466
32,12,25,2.5,14,0.22,1.8,0.6694999038793387,0.23846021263040487
32,20,15,3.0,14,0.18,2.6,0.6695002778022595,0.2384850630529578
32,20,15,3.0,14,0.22,2.2,0.6695018505093555,0.2385012849795774
36,12,10,2.0,14,0.18,1.8,0.6695075441232676,0.2384350994960728
36,20,10,2.5,10,0.22,2.6,0.669507779858071,0.23849193513340464
40,12,25,1.5,14,0.15,2.6,0.6695090172772895,0.23846760265797592
32,12,25,2.5,14,0.18,2.2,0.6695100148380947,0.2384564508880951
40,12,10,1.5,14,0.15,2.2,0.6695107635023411,0.2384392549413917
32,12,20,2.5,14,0.15,1.8,0.6695119086555334,0.2384289841345884
36,16,15,2.0,10,0.22,2.6,0.6695143013634622,0.23847457928552895
40,16,10,3.0,6,0.15,2.6,0.6695154304786911,0.23845268295407107
40,16,25,3.0,10,0.15,1.8,0.6695198219207599,0.23846439497429944
36,16,10,2.0,14,0.18,2.6,0.6695212760127995,0.23845775476493491
36,12,20,2.0,10,0.18,2.6,0.669522026303262,0.23846004788094005
36,20,15,3.0,10,0.18,2.2,0.6695230345126955,0.2384901900533598
32,12,10,3.0,10,0.22,2.2,0.6695236390748447,0.23845129732749354
36,12,15,2.0,10,0.18,2.2,0.6695238916565475,0.23844528860735245
40,16,10,1.5,14,0.18,2.2,0.6695281424933236,0.23846068650547256
36,16,20,2.0,14,0.22,1.8,0.669529025390592,0.2384884822962836
36,12,25,2.0,14,0.15,2.2,0.6695296922784568,0.23846028634379038
36,16,15,2.0,14,0.18,1.8,0.6695313019806741,0.2384608763523421
36,20,25,2.5,14,0.22,2.2,0.669532858696955,0.23855113841336192
40,12,20,3.0,6,0.18,2.2,0.669533837733451,0.2384722170558885
32,16,15,2.5,14,0.22,2.6,0.6695341797677686,0.23848522089984997
40,20,25,3.0,10,0.22,1.8,0.6695343528567959,0.23855930225607813
40,12,20,2.0,6,0.22,2.6,0.6695345606867869,0.23851044326005058
36,12,10,2.5,10,0.15,1.8,0.6695348627446376,0.23845021834011465
40,20,15,1.5,14,0.22,2.2,0.6695351018625079,0.23851219837326834
40,20,20,3.0,10,0.15,2.2,0.6695385397313506,0.23849544308921583
40,20,25,2.5,10,0.22,2.2,0.6695406412221616,0.23856683666888054
36,12,10,2.0,14,0.15,2.2,0.6695411271589915,0.23844953918073178
32,12,20,3.0,10,0.15,2.6,0.6695434058497575,0.23845677464957687
36,16,20,2.5,10,0.22,1.8,0.6695438803159941,0.23849486838262324
36,12,15,3.0,6,0.18,2.6,0.6695485226008354,0.23847691495144308
36,20,15,2.5,14,0.15,1.8,0.669548684312471,0.23847199450686501
36,20,20,2.5,14,0.15,2.6,0.6695491161540496,0.2385034994245504
40,16,15,3.0,6,0.18,2.6,0.669551136271742,0.23850380112288264
40,12,15,1.5,10,0.18,1.8,0.6695513265425157,0.23845835434905147
32,20,10,3.0,14,0.18,2.6,0.6695546192923508,0.23849962339602418
40,12,20,1.5,10,0.18,2.2,0.6695552567430731,0.2384770814283553
32,12,25,2.5,14,0.15,2.6,0.6695596594951595,0.23847080276115928
40,20,10,2.0,10,0.22,1.8,0.6695631296590655,0.23850069002925575
36,20,15,2.0,14,0.22,2.6,0.6695631589370244,0.23852818502691606
40,16,15,1.5,14,0.15,2.2,0.6695674221299375,0.23847861561294514
32,20,10,3.0,14,0.22,2.2,0.6695677460029532,0.23851854611655587
40,20,25,2.0,14,0.18,2.6,0.6695681933286894,0.23855988331450628
36,16,15,2.0,14,0.15,2.2,0.6695703222649467,0.23847369003070826
40,16,20,2.0,10,0.15,2.6,0.6695706143733113,0.2384929224345781
40,16,25,1.5,14,0.22,2.2,0.6695764216271937,0.2385456173966533
36,20,10,3.0,10,0.15,2.6,0.6695784157315355,0.2384968858511662
40,20,20,1.5,14,0.22,2.6,0.6695792919785052,0.23855985633207846
32,20,20,3.0,14,0.22,2.6,0.6695798953858744,0.23856003122089023
36,12,15,1.5,14,0.22,2.6,0.669580758019846,0.23847890392526602
40,20,20,2.5,10,0.18,2.2,0.6695841271756696,0.2385363471334876
32,12,25,3.0,10,0.18,2.6,0.6695846254212875,0.2385000596727515
40,16,20,1.5,14,0.18,2.2,0.669584786993599,0.23851344516269865
36,16,20,2.0,14,0.18,2.2,0.6695857972254622,0.23850550613257293
36,20,25,3.0,10,0.22,2.6,0.6695861514859457,0.23859147406158676
40,12,25,2.0,10,0.15,2.2,0.6695902103341579,0.23849145780063846
40,20,10,2.5,10,0.15,1.8,0.6695909860430256,0.23848736713632665
36,16,15,2.5,10,0.18,1.8,0.6695912897598346,0.23848638440714698
36,16,10,2.0,14,0.22,1.8,0.6695922331914826,0.23849204388243853
40,16,25,2.0,10,0.18,2.6,0.6695995631976304,0.23854102289768794
36,12,20,1.5,14,0.22,2.6,0.6696001572867025,0.23850562333447603
36,12,10,3.0,6,0.18,2.6,0.6696014386836137,0.23849831738306054
36,16,25,2.5,10,0.22,2.2,0.6696073584734876,0.23855057336965707
40,12,20,2.5,6,0.18,2.6,0.6696144911801488,0.23852346430315347
32,20,15,3.0,14,0.18,2.2,0.6696145871103103,0.23852824530249916
32,16,15,2.5,14,0.22,2.2,0.6696169832947331,0.23851790460759764
36,12,25,2.5,10,0.18,1.8,0.6696171446903182,0.238502585832987
36,12,20,2.0,10,0.22,1.8,0.6696210620939071,0.2385068713729015
40,20,15,2.0,10,0.22,1.8,0.6696223342967598,0.23854182330940435
40,20,10,1.5,14,0.22,2.2,0.6696232374268886,0.23853377272609552
36,20,25,3.0,14,0.15,1.8,0.6696237609776973,0.23852974976614089
36,16,25,2.0,14,0.22,2.2,0.6696240657888686,0.23855636480577727
32,20,15,3.0,14,0.22,1.8,0.6696252944533533,0.23854487483000944
36,12,10,2.0,10,0.22,2.6,0.6696278950898263,0.2384930530261864
40,12,15,2.0,6,0.22,1.8,0.6696279537855321,0.2385099288688243
40,16,25,2.5,10,0.18,1.8,0.6696291972679306,0.23853533691873616
36,20,25,2.5,14,0.18,2.6,0.6696301320847253,0.23857634890341664
32,16,20,2.5,14,0.22,2.6,0.6696309719931661,0.23854434824863854
40,20,20,2.0,14,0.18,1.8,0.6696332886804629,0.23855016281883334
32,12,10,3.0,10,0.18,2.6,0.6696346968259574,0.23850137252256942
36,16,10,2.0,14,0.18,2.2,0.6696361627176343,0.23850798731507225
32,16,15,2.5,14,0.18,2.6,0.6696373206015905,0.23851763559325057
40,16,25,2.0,14,0.15,1.8,0.6696392208176029,0.2385268199534855
40,20,20,2.0,10,0.22,2.2,0.6696398695275823,0.23858091190931333
40,16,15,2.0,10,0.15,1.8,0.6696408495381645,0.23849986902733078
32,20,10,3.0,14,0.18,2.2,0.6696446698706158,0.23853322308146357
40,12,25,1.5,14,0.18,1.8,0.6696457056858788,0.23853068058366617
36,16,10,2.5,10,0.15,2.6,0.6696465610068483,0.2385113809838305
32,20,15,3.0,14,0.15,2.6,0.6696484114767164,0.23853168713291673
36,16,20,2.5,10,0.18,2.2,0.669649754706637,0.23853275852614403
40,16,15,1.5,10,0.18,2.6,0.6696507086382819,0.2385281877202059
40,12,25,3.0,6,0.22,2.6,0.6696508355964765,0.23861395851397818
36,16,25,3.0,10,0.15,2.6,0.669653907580362,0.23853940578001512
32,16,25,3.0,14,0.15,1.8,0.6696545488729981,0.23851245932800114
40,12,10,1.5,10,0.18,2.6,0.6696547903490627,0.23850572767012557
32,12,20,3.0,10,0.18,1.8,0.6696549473696678,0.23850721768915498
40,12,15,1.5,10,0.15,2.2,0.6696560610828765,0.23850422264122192
32,16,15,3.0,10,0.22,2.2,0.6696576349412889,0.23854127184884513
40,16,10,1.5,14,0.15,2.6,0.6696591505138618,0.2385181601723621
32,12,25,2.5,14,0.18,1.8,0.6696607589874459,0.2385173043216547
36,12,25,2.0,10,0.22,2.2,0.6696608013966359,0.23854714563971277
32,12,15,2.5,10,0.22,2.6,0.669661307116103,0.23851857590290043
32,20,10,3.0,14,0.22,1.8,0.6696613106137718,0.23855069095556544
32,12,10,3.0,10,0.22,1.8,0.6696614415437944,0.23851332688542493
40,12,10,2.5,6,0.15,1.8,0.6696626878217308,0.2384982687680553
32,16,20,3.0,10,0.22,2.6,0.6696643375980464,0.23856576721887207
36,12,10,2.0,14,0.15,1.8,0.6696666688156415,0.23850697618561076
40,20,25,3.0,10,0.18,2.2,0.6696687627182918,0.2386000326061411
36,20,20,3.0,10,0.18,2.6,0.6696709620526643,0.23858195068106788
40,16,10,2.5,6,0.18,2.6,0.6696724868212758,0.23854460565849797
40,12,10,2.0,6,0.18,2.6,0.6696725825262446,0.2385244187992494
36,16,15,2.5,10,0.15,2.2,0.669672950787342,0.23851840360207863
32,20,10,3.0,14,0.15,2.6,0.6696735407659611,0.23853659995414922
40,16,10,3.0,6,0.18,1.8,0.6696738303061983,0.2385187831221064
32,12,25,2.5,14,0.15,2.2,0.6696742742480161,0.2385173357068605
36,16,20,3.0,10,0.15,1.8,0.6696780896408391,0.23851823175189293
40,12,10,1.5,14,0.15,1.8,0.6696807513627646,0.23851837439586832
36,12,15,2.0,10,0.15,2.6,0.6696818468824867,0.2385151072439962
40,20,25,2.5,14,0.15,1.8,0.6696835591342543,0.23856829636374532
32,12,15,3.0,10,0.15,1.8,0.6696842270771475,0.23850767778495263
40,12,10,1.5,10,0.22,1.8,0.6696847605990183,0.23851978753524644
40,16,10,1.5,10,0.22,2.2,0.6696854941742948,0.2385368629470075
36,20,20,2.5,14,0.18,1.8,0.6696875705732293,0.2385659620502902
36,20,15,3.0,10,0.15,2.6,0.6696891608315118,0.23855270642158385
32,12,25,3.0,10,0.22,1.8,0.6696893704170149,0.2385489462688379
40,12,20,3.0,6,0.15,2.6,0.6696925593207379,0.2385236109507646
36,16,20,2.0,14,0.15,2.6,0.6696930024491196,0.23854558904075734
32,20,20,3.0,14,0.22,2.2,0.6696967254582704,0.23860303859197557
36,20,10,2.0,14,0.22,2.6,0.669697032060057,0.2385729504959757
40,12,15,1.5,6,0.22,2.6,0.669697036797629,0.23855225194153837
36,12,25,2.5,10,0.15,2.2,0.6696983753298772,0.23853264584439904
40,20,20,2.0,14,0.15,2.2,0.6696985305966207,0.2385703038233909
40,16,20,1.5,10,0.22,2.2,0.669698767827045,0.2385770226320925
36,20,15,2.5,10,0.22,2.2,0.6696998042856891,0.23858632525886656
36,12,15,2.5,6,0.22,2.6,0.6697032923451496,0.23856470816121914
40,20,10,2.0,10,0.18,2.2,0.6697035218244232,0.2385579298704142
36,16,20,2.0,10,0.22,2.6,0.6697069866566049,0.2385806512439161
36,12,15,3.0,6,0.22,1.8,0.669710740019237,0.23854998541738492
32,20,20,3.0,14,0.18,2.6,0.6697116020072323,0.23859239785341674
40,16,10,2.0,10,0.15,1.8,0.6697136780713897,0.23853683915991103
32,12,20,2.5,10,0.22,2.6,0.6697149578625602,0.23855738683188998
32,12,20,3.0,10,0.15,2.2,0.6697166413864809,0.2385304870131619
36,20,10,3.0,10,0.18,1.8,0.6697184432906784,0.23855915514311368
36,16,10,2.0,14,0.15,2.6,0.6697188871556856,0.23854215387190206
40,12,25,1.5,14,0.15,2.2,0.6697196803571694,0.2385579818572596
36,12,10,3.0,6,0.22,1.8,0.6697201584576745,0.2385517730811812
40,16,15,2.5,6,0.22,2.2,0.6697216242505563,0.2385949978055469
36,12,15,1.5,14,0.22,2.2,0.6697218745356692,0.23854293936670254
36,20,20,2.5,14,0.15,2.2,0.669723204560823,0.2385725951442943
40,16,25,2.5,10,0.15,2.2,0.6697240043624375,0.2385674688640668
36,20,10,2.5,10,0.22,2.2,0.6697259115693444,0.23858480739089039
32,16,15,2.5,14,0.22,1.8,0.6697275413516686,0.23856112870959154
40,20,25,2.0,14,0.22,1.8,0.6697303840982585,0.23863680710755003
36,20,20,2.5,10,0.22,2.6,0.6697312048903341,0.23862694564029457
40,16,20,2.0,10,0.18,1.8,0.6697323826913208,0.2385658313737512
40,20,15,1.5,14,0.18,2.6,0.6697324116154523,0.23859149246449876
40,16,10,3.0,6,0.15,2.2,0.6697351607146876,0.23853846314979932
32,12,10,3.0,10,0.18,2.2,0.6697374969415354,0.23854706985641239
36,16,10,2.5,10,0.18,1.8,0.669737730225715,0.2385524017947271
32,16,15,2.5,14,0.18,2.2,0.6697384180772304,0.23855873572292213
36,12,20,2.0,10,0.18,2.2,0.6697394736864377,0.23855514368411385
32,16,20,2.5,14,0.22,2.2,0.6697398904373485,0.23858756360288316
36,16,15,2.0,10,0.22,2.2,0.6697410116099076,0.23857401622410854
36,12,25,2.0,14,0.15,1.8,0.6697420683036786,0.2385494063204166
40,16,20,1.5,14,0.15,2.6,0.6697421089825308,0.2385765033443334
40,12,15,2.0,6,0.18,2.2,0.6697433731688102,0.23855488153385737
40,20,25,2.0,10,0.22,2.6,0.6697477074026703,0.2386589020514019
40,16,10,1.5,14,0.18,1.8,0.6697477992524985,0.23855963257277848
36,16,25,2.0,14,0.18,2.6,0.6697491659680649,0.23860004255761996
40,12,25,1.5,10,0.18,2.6,0.6697492796982109,0.2385869992087002
36,20,15,2.0,14,0.22,2.2,0.6697495117794517,0.23860681131242675
40,16,15,1.5,10,0.22,1.8,0.6697541401591505,0.23857703635027483
40,16,15,3.0,6,0.22,1.8,0.6697560629739765,0.2385946129456366
40,16,25,2.0,10,0.22,1.8,0.6697562515656127,0.23861412241051566
40,20,15,1.5,10,0.22,2.6,0.6697562881081556,0.23861477555399496
36,12,20,3.0,6,0.22,2.6,0.6697583312337606,0.2386216303880819
32,16,10,3.0,10,0.22,2.6,0.6697587689310956,0.23858366229573474
36,12,15,3.0,6,0.18,2.2,0.6697614525859305,0.23856186685585098
40,12,15,2.5,6,0.15,1.8,0.6697616723314052,0.23852411108492344
32,20,15,3.0,14,0.18,1.8,0.6697622870338479,0.23858305977378855
40,20,15,2.0,10,0.18,2.2,0.6697639039973619,0.23859574847783455
40,12,20,1.5,10,0.15,2.6,0.6697639832909587,0.23856701038684472
36,16,15,2.0,14,0.15,1.8,0.6697640450860909,0.23855622945336782
36,12,10,2.0,10,0.22,2.2,0.6697680366440188,0.23855807844899038
32,12,25,3.0,10,0.18,2.2,0.6697683677499432,0.2385759874600951
32,20,15,3.0,14,0.15,2.2,0.6697690105555165,0.23857768952133926
32,12,10,2.5,14,0.22,2.6,0.6697694300994326,0.23856189691152407
36,20,20,2.0,14,0.22,2.6,0.6697699369754675,0.23863977621052881
40,12,10,2.0,6,0.22,1.8,0.6697702810106891,0.23856926202551726
32,20,10,3.0,14,0.18,1.8,0.6697726023596519,0.23858134672905268
36,12,20,1.5,14,0.22,2.2,0.6697727174377222,0.2385822538100709
36,12,15,2.0,10,0.18,1.8,0.6697735257275772,0.23855718289228306
32,16,20,2.5,14,0.18,2.6,0.6697744880252189,0.23859156726179973
32,20,10,3.0,14,0.15,2.2,0.6697757523544196,0.2385757749382746
32,12,10,2.5,14,0.18,2.6,0.6697780302888978,0.23856163033486924
32,12,10,2.5,14,0.22,2.2,0.6697809199082109,0.23856574682168807
36,12,10,3.0,6,0.18,2.2,0.6697810381990027,0.23857389249566063
40,16,25,1.5,10,0.22,2.6,0.6697826809808387,0.23864110132803232
36,20,25,2.5,14,0.22,1.8,0.6697834632540189,0.23864924102298488
32,16,15,2.5,14,0.15,2.6,0.6697857318016028,0.2385730956987483
40,20,20,2.5,10,0.15,2.6,0.669786825717365,0.23861207842721283
40,16,25,1.5,14,0.18,2.6,0.6697879717569265,0.23862881765342264
32,16,15,3.0,10,0.18,2.6,0.6697891619318184,0.23859151035862872
32,20,25,3.0,14,0.22,2.6,0.6697942678882717,0.2386691909995137
36,20,10,3.0,10,0.15,2.2,0.6697955424376653,0.23858753611363054
36,16,10,2.0,14,0.18,1.8,0.6698001568967112,0.23857989263169993
32,12,15,2.5,10,0.22,2.2,0.6698008901646422,0.23858014503654015
40,20,25,2.5,10,0.18,2.6,0.6698024343688096,0.23866249365260425
40,20,10,1.5,14,0.18,2.6,0.6698027750384803,0.23860891629898176
40,20,10,3.0,6,0.22,2.6,0.6698032010317502,0.23867005830380209
40,12,20,2.5,6,0.22,1.8,0.6698125746099325,0.23861290544089492
36,16,20,2.0,14,0.18,1.8,0.6698134988453104,0.2386008287278455
40,16,15,1.5,14,0.15,1.8,0.6698136714979012,0.23858604480185314
32,12,10,2.5,14,0.18,2.2,0.6698142603060022,0.23857687648419804
40,16,10,1.5,14,0.15,2.2,0.6698167628003545,0.23858899125413865
36,16,20,2.5,10,0.15,2.6,0.6698178099056672,0.23859919570739885
36,16,25,2.5,10,0.18,2.6,0.6698178599224194,0.23863078281782804
32,12,10,2.5,14,0.22,1.8,0.6698178725848628,0.2385810263665335
40,16,10,2.0,6,0.22,2.6,0.6698216678324369,0.2386249374750751
36,16,10,2.5,10,0.15,2.2,0.6698220063311799,0.2385882408007258
36,20,20,3.0,10,0.22,1.8,0.6698221664089967,0.2386517321703839
36,16,25,3.0,10,0.18,1.8,0.6698232400898193,0.23861427627299786
40,16,10,2.5,6,0.22,1.8,0.6698239390964548,0.23861293103469072
40,20,25,2.0,14,0.18,2.2,0.6698263743681278,0.2386657131574415
36,12,25,1.5,14,0.22,2.6,0.6698273063599903,0.23862726884061414
32,12,25,2.5,14,0.15,1.8,0.6698283322463987,0.23857990279661317
36,20,25,2.5,14,0.18,2.2,0.6698310541165241,0.23865636270113091
32,16,25,2.5,14,0.22,2.6,0.6698315341949731,0.238649166534076
40,20,15,2.5,10,0.15,1.8,0.6698345077027757,0.23859886353808993
40,16,20,2.0,10,0.15,2.2,0.6698362137890672,0.23860572475645872
40,12,10,1.5,10,0.18,2.2,0.6698376613241523,0.23859115538576775
36,16,10,2.0,14,0.15,2.2,0.6698376659735119,0.2385940362963087
32,12,10,2.5,14,0.15,2.6,0.6698381799780461,0.23858596876319219
40,16,15,3.0,6,0.18,2.2,0.6698384459317592,0.2386140537082451
32,20,20,3.0,14,0.18,2.2,0.6698450983304646,0.23864299507111728
40,12,20,2.0,6,0.22,2.2,0.6698460915743413,0.2386415052720259
36,16,10,2.0,10,0.22,2.6,0.6698471290981347,0.23861474118955137
40,16,15,2.0,6,0.22,2.6,0.6698474264930453,0.23865566175904207
32,20,20,3.0,14,0.22,1.8,0.6698489034412458,0.23865792733809363
36,20,15,3.0,10,0.18,1.8,0.6698503782239359,0.23862401732009855
32,12,10,3.0,10,0.15,2.6,0.6698511026707193,0.23859879861583527
32,16,20,3.0,10,0.22,2.2,0.6698526350046343,0.2386429919768341
36,12,15,1.5,14,0.18,2.6,0.6698528931376602,0.2385998697715906
36,20,10,2.0,14,0.22,2.2,0.6698547587719472,0.23864046887603096
40,20,15,1.5,14,0.22,1.8,0.669855169565746,0.23865017751012094
40,20,20,1.5,14,0.22,2.2,0.6698571707756381,0.23867906713469017
36,12,15,2.0,10,0.15,2.2,0.6698595865481783,0.23859438482902845
36,16,20,2.0,14,0.15,2.2,0.6698597748611319,0.23861542220835957
36,20,25,3.0,10,0.22,2.2,0.6698605835309709,0.23870038492609874
40,20,10,1.5,10,0.22,2.6,0.669861421739431,0.23864441794404606
40,12,25,2.5,6,0.22,2.6,0.6698615713329644,0.2386939998090982
36,20,15,2.0,14,0.18,2.6,0.669869891129382,0.23864980458069082
40,12,25,1.5,10,0.22,1.8,0.6698732572875714,0.23864539522114064
36,16,25,2.0,14,0.22,1.8,0.669875726753397,0.2386605981928933
36,12,25,2.0,10,0.18,2.6,0.6698784360334505,0.2386367181947483
40,20,25,3.0,10,0.15,2.6,0.669879630942418,0.2386739998617213
32,16,15,2.5,14,0.18,1.8,0.6698797069323016,0.2386162611754234
32,16,20,2.5,14,0.22,1.8,0.6698799333033623,0.2386422572974581
36,12,15,3.0,6,0.15,2.6,0.6698801255593196,0.2386037386604644
40,16,20,1.5,14,0.18,1.8,0.6698804182483373,0.23864016662191956
28,12,20,3.0,14,0.18,2.6,0.6698809264766588,0.23861751237631723
32,12,10,2.5,14,0.18,1.8,0.66988251566528,0.23860663456642328
40,16,20,3.0,6,0.22,2.6,0.6698845903868401,0.23872236106467928
32,16,15,3.0,10,0.22,1.8,0.6698855207879846,0.2386362861947961
32,16,10,2.5,14,0.22,2.6,0.6698864152355847,0.2386362453522645
32,16,10,3.0,10,0.22,2.2,0.6698887605436691,0.23863865504005227
32,20,20,3.0,14,0.15,2.6,0.669889515056346,0.2386496281142708
40,12,10,2.0,6,0.18,2.2,0.6698897568903163,0.23862136749787274
32,12,20,2.5,10,0.22,2.2,0.6698904406453152,0.23863349757487975
32,12,10,2.5,14,0.15,2.2,0.6698919126620222,0.23860932533551113
32,12,25,3.0,10,0.15,2.6,0.6698921662139662,0.23862339396979088
32,16,15,2.5,14,0.15,2.2,0.6698933562955119,0.23861712373903288
40,12,20,3.0,6,0.18,1.8,0.6698935240077311,0.2386073765565266
40,20,20,3.0,10,0.15,1.8,0.6698960251837682,0.23863655199137992
40,12,20,1.5,10,0.18,1.8,0.6698964305068612,0.2386276909966319
32,16,20,2.5,14,0.18,2.2,0.6698976107466652,0.23864130623603808
36,12,10,3.0,6,0.15,2.6,0.6698989584417852,0.2386217098091038
40,20,10,1.5,14,0.22,1.8,0.6699023163050463,0.23865663980725316
28,12,15,3.0,14,0.18,2.6,0.6699045559263727,0.23862117281472867
36,16,25,3.0,10,0.15,2.2,0.6699047108271596,0.2386411653173909
40,20,10,2.0,10,0.15,2.6,0.6699056977319006,0.23864372396843725
40,16,25,2.0,10,0.18,2.2,0.6699057965761184,0.23866950909691653
32,12,10,3.0,10,0.18,1.8,0.6699063112355926,0.23862357362846273
40,12,20,2.5,6,0.18,2.2,0.6699077875085401,0.23864114867564987
36,20,15,2.5,10,0.18,2.6,0.669908282065258,0.238667628919917
36,12,20,2.0,10,0.15,2.6,0.6699085579458632,0.23862696616154444
40,20,20,2.0,10,0.18,2.6,0.6699095439923878,0.23868673502757434
40,16,15,1.5,10,0.18,2.2,0.6699105655552479,0.23864313610301788
40,12,15,2.0,6,0.15,2.6,0.6699137657829976,0.23862434937624358
28,12,15,3.0,14,0.15,2.6,0.6699147001709395,0.23861674693329815
32,20,10,3.0,14,0.15,1.8,0.6699191539353212,0.23863137428719122
28,12,20,3.0,14,0.22,2.6,0.6699193874891017,0.23864994722940405
36,12,20,1.5,14,0.18,2.6,0.6699195703461265,0.23864343599258542
36,20,10,2.5,10,0.18,2.6,0.669920278361678,0.23866377747579343
36,12,15,1.5,14,0.22,1.8,0.6699216507703074,0.23863337322113423
32,16,25,3.0,10,0.22,2.6,0.6699218788677999,0.23869620328357558
28,12,20,3.0,14,0.15,2.6,0.6699224802253384,0.23862469803390765
40,16,25,1.5,14,0.22,1.8,0.6699246528157166,0.2386940875862535
40,16,10,2.5,6,0.18,2.2,0.6699251571383575,0.23865019302555188
40,16,15,2.5,6,0.18,2.6,0.6699264842770422,0.23866865689812425
28,12,20,3.0,14,0.18,2.2,0.6699274759111775,0.23863392103194744
40,12,25,2.0,10,0.15,1.8,0.6699278532722135,0.23863454710311371
28,12,15,3.0,14,0.18,2.2,0.6699280779418949,0.23862813398411176
32,20,25,3.0,14,0.22,2.2,0.6699289485429507,0.23871933009909255
40,20,25,1.5,14,0.22,2.6,0.6699296544761284,0.23873745553216655
36,12,15,2.5,6,0.22,2.2,0.6699304071698947,0.23865988711977137
36,20,15,3.0,10,0.15,2.2,0.6699304110632479,0.23865142007414591
28,12,20,3.0,14,0.22,2.2,0.66993146250466,0.238650024893667
40,12,15,1.5,10,0.15,1.8,0.6699327593590583,0.23862898871076316
32,12,25,2.5,10,0.22,2.6,0.6699345669702971,0.23867199154836857
40,16,10,1.5,10,0.18,2.6,0.6699351416670002,0.238649614924026
32,20,15,3.0,14,0.15,1.8,0.6699351448020293,0.23864149192321776
36,20,25,2.5,14,0.15,2.6,0.6699358213775185,0.23868887951028958
36,20,20,3.0,10,0.18,2.2,0.6699374380231453,0.23868923005471737
32,12,15,2.5,10,0.18,2.6,0.6699385458692293,0.2386392918500804
32,12,20,3.0,10,0.15,1.8,0.669942927852301,0.238626736507194
36,16,25,2.0,14,0.18,2.2,0.6699443008308994,0.23868143890194068
32,16,10,2.5,14,0.22,2.2,0.6699453418869118,0.23865963974492105
36,16,15,2.5,10,0.15,1.8,0.6699484141534526,0.23863632721553427
36,16,15,2.0,10,0.18,2.6,0.6699504689431726,0.23866260868571423
36,12,10,2.5,6,0.22,2.6,0.6699512201581793,0.23866601641057344
36,12,10,2.0,10,0.18,2.6,0.6699516773905613,0.23864369611687522
36,20,20,2.5,14,0.15,1.8,0.6699517959353984,0.23866296763414416
40,16,20,1.5,14,0.15,2.2,0.6699568313990026,0.23866859592178494
40,12,20,3.0,6,0.15,2.2,0.669957198459075,0.23862301081425802
32,16,20,2.5,14,0.15,2.6,0.6699576763235315,0.2386596719144454
28,12,15,3.0,14,0.15,2.2,0.6699583637239519,0.2386331359819512
32,20,25,3.0,14,0.18,2.6,0.6699586915136756,0.23871400710495036
28,12,20,3.0,14,0.22,1.8,0.6699590178011616,0.23865536312821162
36,16,25,2.5,10,0.22,1.8,0.6699605823105454,0.2386972219042132
28,12,15,3.0,14,0.22,2.2,0.6699620297515404,0.2386547718466456
36,20,10,2.0,14,0.18,2.6,0.6699620965995505,0.2386806968863921
32,16,25,2.5,14,0.22,2.2,0.6699630258319896,0.23870153608019948
32,16,10,2.5,14,0.18,2.6,0.6699641420487061,0.23866170410762014
40,20,15,1.5,14,0.18,2.2,0.6699645916828697,0.23869138365439269
36,16,20,2.0,10,0.22,2.2,0.6699649808183865,0.2386920810792534
32,16,15,3.0,10,0.18,2.2,0.6699652247210064,0.23866497799284028
28,12,15,3.0,14,0.22,1.8,0.669966116644285,0.23865108286296435
40,12,15,1.5,6,0.22,2.2,0.6699670928444379,0.2386717782928998
36,16,20,2.5,10,0.18,1.8,0.6699688669415945,0.2386670027746827
36,12,15,1.5,10,0.22,2.6,0.669970399165858,0.23865873789753414
28,12,15,3.0,14,0.22,2.6,0.6699715355363,0.2386633908638227
32,12,10,3.0,10,0.15,2.2,0.6699738376514189,0.2386539954778975
28,12,15,3.0,14,0.18,1.8,0.6699748620831613,0.23864455461521009
40,20,15,2.0,10,0.15,2.6,0.6699756648366686,0.2386818306263088
40,20,20,2.5,10,0.18,1.8,0.6699759166119976,0.2386958615127657
32,12,10,2.5,14,0.15,1.8,0.6699763710012545,0.23864663542720363
40,16,20,1.5,10,0.18,2.6,0.6699781575540336,0.23869433138365936
40,20,20,2.0,14,0.15,1.8,0.6699783777044924,0.23868408010609576
36,12,10,2.0,10,0.22,1.8,0.6699789803036825,0.2386562206719258
40,12,25,3.0,6,0.22,2.2,0.6699827624835465,0.23873976200868935
28,12,20,3.0,14,0.15,2.2,0.6699829226091276,0.23864752406960457
40,20,25,2.5,10,0.22,1.8,0.6699834715809788,0.23874610993305423
36,16,15,1.5,14,0.22,2.6,0.6699855146288862,0.2386891374491936
36,20,20,2.0,14,0.22,2.2,0.6699858941956114,0.23873027797115304
40,20,25,2.0,14,0.15,2.6,0.6699870959347696,0.23872336920423123
36,20,15,2.0,14,0.22,1.8,0.669988213629415,0.23870632712267123
36,12,25,2.0,10,0.22,1.8,0.6699952842718103,0.23869163343648106
36,12,25,2.5,10,0.15,1.8,0.6699966606539229,0.2386584895993227
36,12,15,1.5,14,0.18,2.2,0.6699967001727812,0.23866474212325056
28,12,20,3.0,14,0.18,1.8,0.6699968379741433,0.2386589186919001
40,12,25,1.5,14,0.15,1.8,0.6699968726662212,0.23867667863413677
32,16,20,3.0,10,0.18,2.6,0.6699987598607557,0.23869697409883367
40,16,15,3.0,6,0.15,2.6,0.669999253194531,0.2386671705524844
40,16,10,1.5,10,0.22,1.8,0.6700001013835521,0.23868024158491874
32,12,15,2.5,10,0.22,1.8,0.6700013948711667,0.23866888378965798
32,12,20,2.0,14,0.22,2.6,0.6700027812276629,0.23868675687475946
36,20,20,2.5,10,0.22,2.2,0.6700035247504936,0.23873933877052775
36,16,10,2.0,14,0.15,1.8,0.6700044457014532,0.23866724269712639
40,12,20,1.5,10,0.15,2.2,0.6700044734895164,0.23867271841090282
40,20,10,1.5,14,0.18,2.2,0.6700054321429569,0.23869788716393314
36,16,25,2.0,10,0.22,2.6,0.6700085990031368,0.2387341496416441
36,12,10,3.0,6,0.18,1.8,0.6700108245092908,0.23866920300195701
36,12,20,1.5,14,0.22,1.8,0.6700112378308501,0.2386878521026782
32,16,25,2.5,14,0.18,2.6,0.6700127069695642,0.238710720754996
32,20,20,3.0,14,0.18,1.8,0.6700164981241055,0.23870677809362517
36,12,20,3.0,6,0.22,2.2,0.6700180574490463,0.2387235101044548
32,16,10,3.0,10,0.18,2.6,0.6700201344671297,0.23869294685575013
36,12,20,1.5,10,0.22,2.6,0.6700208522446565,0.2386983437233096
36,20,10,2.5,10,0.22,1.8,0.670023029999599,0.23871115087040917
28,12,15,3.0,14,0.15,1.8,0.6700234764006483,0.23865828724608762
32,12,25,3.0,10,0.18,1.8,0.6700236805147267,0.238682457040212
28,12,25,3.0,14,0.18,2.6,0.6700237115029564,0.23869123758070757
32,20,20,3.0,14,0.15,2.2,0.6700260457677221,0.23870158315791892
36,12,20,2.0,10,0.18,1.8,0.6700260575014748,0.23868059063291994
40,16,10,3.0,6,0.15,1.8,0.670026077257462,0.23865237827005947
40,16,10,1.5,14,0.15,1.8,0.6700273350447804,0.23868362646414304
36,12,25,1.5,14,0.22,2.2,0.6700278842632341,0.23871513875265074
32,16,10,2.5,14,0.22,1.8,0.6700319646897773,0.23869435944055745
40,12,25,1.5,10,0.18,2.2,0.6700332450812982,0.23871029967726465
28,12,25,3.0,14,0.22,2.6,0.6700332851854639,0.23871310128838355
36,12,15,3.0,6,0.18,1.8,0.6700340412869004,0.23866911599555493
40,12,10,1.5,10,0.15,2.6,0.6700345091629543,0.23868360675141015
36,20,25,2.0,14,0.22,2.6,0.670034573515372,0.2387746114854639
36,16,10,2.0,10,0.22,2.2,0.6700358726066135,0.23869938795476509
40,20,10,2.0,10,0.18,1.8,0.6700364017475162,0.23870238431982166
36,20,15,2.5,10,0.22,1.8,0.6700387261872249,0.23872811776067593
32,16,15,2.5,14,0.15,1.8,0.6700397414971377,0.2386771813505674
32,16,10,2.5,14,0.18,2.2,0.6700398353521989,0.23869272452021953
40,16,25,1.5,14,0.18,2.2,0.6700418233745805,0.2387369742411399
32,12,20,2.5,10,0.18,2.6,0.6700427553570601,0.23869620663073757
32,12,15,2.0,14,0.22,2.6,0.6700445824191511,0.23869299707652536
36,20,25,2.5,10,0.22,2.6,0.6700472144831788,0.23878440064242115
36,16,15,2.0,10,0.22,1.8,0.6700527467107488,0.2387106664724875
36,20,15,2.0,14,0.18,2.2,0.6700537978134005,0.23872688372018802
36,16,20,2.5,10,0.15,2.2,0.670053858134971,0.23869850917629426
36,16,10,3.0,6,0.22,2.6,0.670054952181184,0.23874756734913238
40,20,20,1.5,10,0.22,2.6,0.6700581516875824,0.23877247638941587
36,20,10,2.0,14,0.22,1.8,0.6700595335102854,0.2387272911779041
36,16,10,2.5,10,0.15,1.8,0.6700609165911106,0.23869341144031844
40,12,15,2.0,6,0.18,1.8,0.6700644776002909,0.23869074402814924
36,16,25,2.0,14,0.15,2.6,0.6700647062093498,0.23872570054512937
32,16,20,2.5,14,0.18,1.8,0.6700661265597729,0.2387092437585183
28,12,25,3.0,14,0.22,2.2,0.6700667493113508,0.23872200573753388
40,20,15,1.5,10,0.22,2.2,0.6700676674666419,0.23875062298573085
36,12,10,3.0,6,0.15,2.2,0.6700679354905743,0.23869144344867654
28,12,20,3.0,14,0.15,1.8,0.6700682474802173,0.23868021438993184
40,12,10,2.0,6,0.15,2.6,0.6700682908570537,0.23870098001755471
40,12,20,1.5,6,0.22,2.6,0.6700699667011324,0.23874679279009595
40,20,20,2.0,10,0.22,1.8,0.6700702893119533,0.23876144012363817
40,12,20,2.5,6,0.15,2.6,0.6700734044009109,0.23869954573591373
40,20,20,2.5,10,0.15,2.2,0.6700741550763031,0.2387292778353988
36,20,25,3.0,10,0.18,2.6,0.6700775573981784,0.2387770640912023
40,20,20,1.5,14,0.18,2.6,0.670077840012828,0.23876594556809239
36,16,25,2.5,10,0.18,2.2,0.6700784014342078,0.23873864871922446
40,12,20,2.0,6,0.18,2.6,0.6700788557366154,0.2387315726679127
32,16,10,2.5,14,0.15,2.6,0.670080554914175,0.2387064306750178
36,12,15,3.0,6,0.15,2.2,0.6700815534004303,0.23868290797526914
40,20,25,2.0,10,0.22,2.2,0.670082265261748,0.2387975962780252
36,16,20,2.0,14,0.15,1.8,0.6700826105854059,0.23870873577848853
40,16,10,2.0,6,0.22,2.2,0.6700830186702746,0.23873817487558974
36,20,10,3.0,10,0.15,1.8,0.6700830717697559,0.23870797192225426
40,16,10,2.5,6,0.15,2.6,0.6700830889177858,0.2387121909160207
40,20,25,3.0,10,0.18,1.8,0.6700834503211115,0.23876270958603305
32,16,20,2.5,14,0.15,2.2,0.6700847191297875,0.23871111991341526
40,16,25,2.5,10,0.15,1.8,0.6700855819403283,0.23871504143123828
32,16,10,3.0,10,0.22,1.8,0.6700861500248361,0.238723409033551
32,12,15,2.5,10,0.18,2.2,0.670086200094808,0.23870426966437633
32,16,15,3.0,10,0.15,2.6,0.6700868611499156,0.23871273589823452
36,20,25,2.5,14,0.18,1.8,0.6700870484727678,0.23875682887054375
36,12,15,2.5,6,0.18,2.6,0.6700876171283728,0.23872003828430005
28,12,25,3.0,14,0.18,2.2,0.6700904810085103,0.23871596396755898
40,16,20,2.5,6,0.22,2.6,0.6700907372566358,0.23880074165842252
32,12,25,3.0,10,0.15,2.2,0.6700909283700338,0.23870693545599694
40,12,10,1.5,10,0.18,1.8,0.6700925485852963,0.23871037023446767
36,12,20,1.5,14,0.18,2.2,0.6700938099278033,0.23872048195962403
28,12,25,3.0,14,0.15,2.6,0.6700939763909282,0.23870928316352014
36,16,20,1.5,14,0.22,2.6,0.6700968076223233,0.23875703274909135
36,12,10,2.0,10,0.18,2.2,0.670101399670307,0.23871287355082527
36,12,15,2.0,10,0.15,1.8,0.6701031149665253,0.23870351107020954
40,16,20,1.5,10,0.22,1.8,0.6701035384165192,0.23875321677879327
32,20,25,3.0,14,0.22,1.8,0.67010474968823,0.23878353412794842
32,20,15,2.5,14,0.22,2.6,0.6701056138305651,0.23877510752327671
32,12,20,2.0,14,0.22,2.2,0.670107556982008,0.23873140102313267
36,12,15,1.5,14,0.15,2.6,0.67010782217458,0.23871305617552982
32,20,25,3.0,14,0.18,2.2,0.670108098727759,0.23877078180472192
40,20,10,3.0,6,0.22,2.2,0.6701105284819567,0.23879067944990004
32,16,20,3.0,10,0.22,1.8,0.6701110192479351,0.2387490461678676
40,12,10,1.5,6,0.22,2.6,0.6701139038949702,0.23873032444257503
28,12,25,3.0,14,0.22,1.8,0.670114369558438,0.2387350472147226
40,16,25,1.5,10,0.22,2.2,0.6701150222088368,0.23878450615952043
36,12,20,2.0,10,0.15,2.2,0.670115467659686,0.23871728754105528
36,20,20,3.0,10,0.15,2.6,0.6701163241219761,0.23875478513847748
40,16,15,2.5,6,0.22,1.8,0.6701197903218211,0.23875562171886336
36,20,10,2.0,14,0.18,2.2,0.670119984277891,0.23874784632007987
36,12,25,2.0,10,0.18,2.2,0.6701200478281324,0.23874068902812073
36,20,20,2.0,14,0.18,2.6,0.6701241368960988,0.2387789899595122
40,16,15,1.5,10,0.15,2.6,0.6701245740241895,0.23873590154393765
32,12,15,2.0,14,0.22,2.2,0.6701245943313014,0.23872777487932295
40,16,25,2.0,10,0.15,2.6,0.6701248962481686,0.238756236484815
40,20,15,1.5,14,0.15,2.6,0.6701285587268566,0.23875736677170903
32,12,20,2.5,10,0.22,1.8,0.6701290865228071,0.238736957436114
40,20,25,2.5,10,0.18,2.2,0.6701292946027457,0.23879457946487373
36,20,25,2.5,14,0.15,2.2,0.6701299261901934,0.23876567956518602
32,16,25,2.5,14,0.22,1.8,0.6701300496237274,0.2387669482446216
36,12,10,2.5,6,0.22,2.2,0.6701302097023225,0.23874373845626212
32,16,25,3.0,10,0.22,2.2,0.6701311118873532,0.23878122577028735
40,12,15,2.0,6,0.15,2.2,0.6701340939243144,0.23871638446522164
32,12,25,2.5,10,0.22,2.2,0.6701370565178462,0.2387588029827057
36,20,10,2.5,10,0.18,2.2,0.6701380086857845,0.23875584223184532
40,20,15,2.0,10,0.18,1.8,0.6701383479745852,0.2387547857089292
40,20,10,1.5,10,0.22,2.2,0.6701394933693811,0.23876813101344577
40,20,10,2.5,6,0.22,2.6,0.670140514608927,0.23880948723517387
36,20,15,2.0,10,0.22,2.6,0.6701416457753677,0.23878877394059136
36,12,20,2.5,6,0.22,2.6,0.6701417781708393,0.23878579057888122
40,20,10,2.0,10,0.15,2.2,0.6701431218189451,0.23874632388326378
32,12,10,3.0,10,0.15,1.8,0.6701436632742015,0.2387308257196575
40,20,25,2.0,14,0.18,1.8,0.6701509244123361,0.23879690909379891
36,20,15,2.5,10,0.18,2.2,0.6701530069282341,0.23876924993113108
32,12,25,2.0,14,0.22,2.6,0.6701537142413665,0.2387694160562646
32,16,10,2.5,14,0.18,1.8,0.6701556172872642,0.23874098074555727
32,16,25,2.5,14,0.18,2.2,0.6701566286177103,0.2387688120154207
40,20,10,1.5,14,0.15,2.6,0.6701574366164728,0.2387616604736608
40,16,10,1.5,10,0.18,2.2,0.6701591405160228,0.2387512963480531
40,16,15,2.0,6,0.22,2.2,0.6701597088287389,0.23878730523878752
32,20,25,3.0,14,0.15,2.6,0.6701631561048919,0.23878103884129417
32,16,10,3.0,10,0.18,2.2,0.6701674477830522,0.2387557334160215
40,12,25,2.0,6,0.22,2.6,0.6701685684504853,0.23882132294932054
36,16,15,1.5,14,0.22,2.2,0.6701687261905244,0.23877041484108663
32,16,10,2.5,14,0.15,2.2,0.6701691862555146,0.23874345621685023
36,20,15,2.0,14,0.15,2.6,0.6701710420578182,0.23877093449448372
28,12,25,3.0,14,0.15,2.2,0.6701718993235984,0.23873912962378022
36,12,20,3.0,6,0.18,2.6,0.6701722100245731,0.23877300842803972
32,16,15,2.5,10,0.22,2.6,0.670173406054426,0.2387779217907955
40,12,10,2.0,6,0.18,1.8,0.6701757554050931,0.2387485316182264
36,16,15,2.0,10,0.18,2.2,0.6701784236892876,0.23876224427198575
40,16,20,2.0,10,0.15,1.8,0.6701787663674935,0.2387508575483824
36,12,15,1.5,10,0.22,2.2,0.6701789719100861,0.2387540859513094
32,12,20,2.0,14,0.18,2.6,0.6701809025895566,0.23875824913758212
28,12,25,3.0,14,0.18,1.8,0.6701816537273568,0.2387495090001199
40,20,25,3.0,10,0.15,2.2,0.670184620834679,0.2387939415267764
32,12,15,2.0,14,0.18,2.6,0.670185614655252,0.23875142666344196
40,12,25,3.0,6,0.18,2.6,0.6701859735366357,0.2388008454190434
36,16,20,2.0,10,0.18,2.6,0.6701921532773016,0.2387854816272059
36,12,25,1.5,14,0.18,2.6,0.6701931697758708,0.23878241401785918
32,20,15,3.0,10,0.22,2.6,0.6701954870861406,0.23882183623408149
40,16,15,3.0,6,0.18,1.8,0.6701957138563384,0.23874865079409918
36,12,15,1.5,14,0.18,1.8,0.6701971397885115,0.23875516714693018
36,16,25,2.0,14,0.18,1.8,0.6701975945492993,0.23878622862385196
32,16,20,3.0,10,0.18,2.2,0.6701978432317365,0.23877887243359222
36,16,15,3.0,6,0.22,2.6,0.6701978470180631,0.2388282632954391
40,12,25,2.5,6,0.22,2.2,0.670205536535347,0.23883093901304614
40,12,10,1.5,10,0.15,2.2,0.6702075974399654,0.23876413118614428
32,12,15,2.5,10,0.15,2.6,0.670209297264865,0.2387577027494332
32,16,15,3.0,10,0.18,1.8,0.6702115135194638,0.23876875260081323
32,20,20,3.0,14,0.15,1.8,0.6702116291735316,0.23877243155353275
40,12,15,1.5,6,0.18,2.6,0.6702137412133339,0.23877789361826607
40,16,25,1.5,14,0.15,2.6,0.6702159825344921,0.23880549839624862
32,12,20,2.5,10,0.18,2.2,0.6702165757469679,0.23877114375987285
40,20,20,1.5,14,0.22,1.8,0.6702177638673237,0.23883251252574444
36,12,20,1.5,14,0.15,2.6,0.6702180049999021,0.2387723715770602
40,16,15,2.5,6,0.18,2.2,0.6702211072527529,0.23878734327743045
40,16,20,3.0,6,0.22,2.2,0.6702217083542307,0.2388502457337924
32,16,25,2.5,14,0.15,2.6,0.6702249495505948,0.2387894467529054
40,20,20,2.0,10,0.18,2.2,0.6702250518193077,0.23881882851244282
40,20,25,2.0,14,0.15,2.2,0.6702260698255251,0.23882023499341823
36,20,10,2.0,14,0.15,2.6,0.6702266436347326,0.2387896472989775
36,16,25,3.0,10,0.15,1.8,0.6702282085444232,0.23877233510481372
36,20,20,2.5,10,0.18,2.6,0.6702283515836883,0.23882495490376565
40,16,10,2.5,6,0.18,1.8,0.6702307992868941,0.23877528181135335
40,20,25,1.5,14,0.22,2.2,0.6702361020844244,0.23886795296285238
32,20,20,2.5,14,0.22,2.6,0.670237237001455,0.23884738767898564
40,16,20,1.5,14,0.15,1.8,0.6702387888539177,0.2387892825200465
36,16,10,2.0,10,0.18,2.6,0.6702389195688545,0.2387894552454839
32,20,15,2.5,14,0.22,2.2,0.6702394729223294,0.23882862112289896
36,20,25,3.0,10,0.22,1.8,0.6702402275364164,0.23885187936476915
32,20,10,2.5,14,0.22,2.6,0.6702403841621863,0.2388253646672861
36,12,15,2.5,6,0.22,1.8,0.6702404690481939,0.2387899901287315
36,20,15,3.0,10,0.15,1.8,0.6702458970390284,0.2387806084716726
40,20,15,2.0,10,0.15,2.2,0.6702459191909165,0.2387963612115862
32,12,15,2.0,14,0.22,1.8,0.6702495198132216,0.2387824968680436
36,16,25,2.0,14,0.15,2.2,0.670251613780571,0.23880318614444074
36,12,15,1.5,14,0.15,2.2,0.6702528056102472,0.23877838183166256
32,16,20,2.5,14,0.15,1.8,0.6702540240267703,0.23877965093171438
40,12,20,2.0,6,0.22,1.8,0.6702559387755478,0.2388126736712387
40,16,15,1.5,10,0.18,1.8,0.6702561003430355,0.23879597203754904
36,16,25,2.5,10,0.15,2.6,0.6702571906694582,0.2388076305543439
36,20,20,2.0,14,0.22,1.8,0.6702572125945848,0.23884234840784146
40,12,10,2.0,6,0.15,2.2,0.6702573688977057,0.23878376745260932
40,12,25,1.5,10,0.15,2.6,0.6702577456451887,0.23880470946236476
36,20,10,2.0,10,0.22,2.6,0.6702581097497239,0.23882854449348173
40,16,15,3.0,6,0.15,2.2,0.6702626534661988,0.2387663605125693
36,12,10,2.0,10,0.15,2.6,0.6702646283891017,0.23878908340307795
32,12,20,2.0,14,0.22,1.8,0.6702650334494452,0.23879899829732304
36,12,25,1.5,10,0.22,2.6,0.6702661646838712,0.23882712551491403
40,12,20,2.5,6,0.18,1.8,0.6702669583548528,0.23878223426197248
36,12,20,1.5,10,0.22,2.2,0.6702673356091655,0.2388090064371825
40,16,20,1.5,10,0.18,2.2,0.6702674247395235,0.23881991824242974
32,20,10,3.0,10,0.22,2.6,0.6702686931579236,0.23884445937190885
40,20,15,1.5,14,0.18,1.8,0.6702696238227959,0.2388220478040555
36,20,25,2.0,14,0.22,2.2,0.6702733293696638,0.23887414783348504
28,12,25,3.0,14,0.15,1.8,0.6702751774931179,0.2387785939793458
40,20,10,1.5,14,0.18,1.8,0.6702752357707824,0.23881602566673807
32,16,15,3.0,10,0.15,2.2,0.6702772521463503,0.23879343812036025
32,12,10,2.5,10,0.22,2.6,0.6702794091848364,0.23879923758824942
36,12,10,2.5,6,0.18,2.6,0.6702815084600493,0.23880784108973505
32,12,15,2.0,14,0.18,2.2,0.670282169912663,0.23879375227633495
36,16,10,3.0,6,0.22,2.2,0.6702823325245619,0.23883953919713946
32,12,25,2.0,14,0.22,2.2,0.6702825011448349,0.23882383107333918
40,20,15,3.0,6,0.22,2.6,0.6702840697203932,0.23890812898485947
32,16,10,3.0,10,0.15,2.6,0.6702885931433417,0.23880648104491375
32,16,20,2.5,10,0.22,2.6,0.6702915358493242,0.23884476989603445
36,16,25,2.0,10,0.22,2.2,0.6702920611072374,0.23885528179279866
32,16,25,3.0,10,0.18,2.6,0.6702927896495354,0.23884011864268065
32,20,15,2.5,14,0.18,2.6,0.6702937605088383,0.23884031583103918
36,20,20,3.0,10,0.18,1.8,0.6702940918671778,0.2388329862706935
40,12,20,3.0,6,0.15,1.8,0.670294358109243,0.2387487420831176
32,16,10,2.5,14,0.15,1.8,0.6702950884210088,0.23879655165435384
36,20,15,2.0,14,0.18,1.8,0.6702977968643006,0.23882868833873144
36,12,10,3.0,6,0.15,1.8,0.6702979874393604,0.23878706977915232
36,12,15,2.0,6,0.22,2.6,0.6702987037161239,0.23883150933259717
32,20,25,3.0,14,0.18,1.8,0.6703001103914689,0.23884251585436383
36,12,25,1.5,14,0.22,1.8,0.6703005935531997,0.23883418629042247
32,12,15,2.5,10,0.18,1.8,0.6703005941288345,0.2387995965994176
36,12,25,2.0,10,0.15,2.6,0.6703025043640806,0.23881626200423206
40,16,10,2.0,6,0.18,2.6,0.6703028535695627,0.23882985072667634
36,16,10,2.0,10,0.22,1.8,0.6703039724112527,0.2388198383595371
32,12,20,2.0,14,0.18,2.2,0.6703040528955777,0.23881138916941444
40,16,10,2.5,6,0.15,2.2,0.6703043991152956,0.2388022646595284
32,12,25,2.5,10,0.18,2.6,0.6703049038846143,0.2388262023257532
40,16,25,2.0,10,0.18,1.8,0.670306640209474,0.23883762744830925
36,16,20,1.5,14,0.22,2.2,0.6703083460028427,0.23884949749046805
36,20,10,2.5,10,0.15,2.6,0.6703089818803033,0.23882617786305804
40,20,10,3.0,6,0.18,2.6,0.6703113382217434,0.23885894297896454
36,16,20,2.0,10,0.22,1.8,0.6703132628354985,0.23884216280396453
32,20,25,3.0,14,0.15,2.2,0.6703151733385398,0.23883903312461058
36,12,10,2.0,10,0.18,1.8,0.670316742889013,0.238812728033565
40,12,20,1.5,10,0.15,1.8,0.6703218704660678,0.23881251174620619
36,16,15,1.5,14,0.18,2.6,0.6703266060562963,0.23883653364566035
36,12,15,2.5,6,0.18,2.2,0.6703268554019389,0.2388209446528308
36,12,20,1.5,14,0.18,1.8,0.6703289034956501,0.2388242234544162
32,16,20,3.0,10,0.15,2.6,0.6703317022989834,0.23882995599111626
40,12,20,2.5,6,0.15,2.2,0.6703321984783287,0.23880079290795497
36,20,15,2.5,10,0.15,2.6,0.6703324027149064,0.23884018632562576
36,16,25,1.5,14,0.22,2.6,0.6703340057366111,0.23888076888710585
36,20,20,2.0,14,0.18,2.2,0.6703341155796742,0.2388663436063263
36,20,10,2.0,14,0.18,1.8,0.6703358404753755,0.23883964044538047
40,12,15,1.5,6,0.22,1.8,0.6703395010079798,0.2388365496457591
40,20,20,1.5,14,0.18,2.2,0.6703403573974642,0.2388775529002449
40,12,10,1.5,6,0.22,2.2,0.6703414150707545,0.23883461892516544
36,20,25,2.5,10,0.22,2.2,0.6703431253352374,0.2389057595954821
32,12,15,2.0,14,0.15,2.6,0.6703460290529246,0.23881968907478987
32,16,25,2.5,14,0.18,1.8,0.6703462622000881,0.23884469386474938
40,20,25,2.5,10,0.15,2.6,0.6703463531397262,0.23887438740144407
32,12,20,2.5,10,0.15,2.6,0.6703472649590111,0.23882547274013488
36,12,10,1.5,14,0.22,2.6,0.67034748394946,0.23882685540145498
32,12,25,3.0,10,0.15,1.8,0.670347862600209,0.2388146993130076
36,12,15,3.0,6,0.15,1.8,0.6703483628839617,0.2387880293403337
36,20,15,2.0,14,0.15,2.2,0.6703497754214771,0.23884553006202833
40,20,15,1.5,14,0.15,2.2,0.6703502906001727,0.23885240588298406
40,20,10,1.5,14,0.15,2.2,0.6703528640929315,0.23884718442200753
32,20,10,2.5,14,0.22,2.2,0.6703532012450149,0.23887073867473751
36,16,15,2.0,10,0.15,2.6,0.6703541956911684,0.23883698866555886
40,20,15,1.5,10,0.18,2.6,0.6703566126846494,0.23887219068887433
36,16,20,2.5,10,0.15,1.8,0.6703621701119548,0.2388281696625714
36,20,20,2.0,10,0.22,2.6,0.6703629866628605,0.2389049153463928
36,20,25,3.0,10,0.18,2.2,0.6703657772375502,0.23889226290002932
40,16,15,1.5,10,0.15,2.2,0.6703664545930913,0.23884235037550763
32,16,15,2.5,10,0.22,2.2,0.6703670399444347,0.23886159106827096
40,16,10,1.5,10,0.15,2.6,0.6703671667891734,0.23884540565695178
36,12,20,3.0,6,0.22,1.8,0.6703675822408447,0.23886072114998935
32,12,25,2.0,14,0.18,2.6,0.6703687140834643,0.23885461322559104
40,16,25,1.5,14,0.18,1.8,0.6703691659829792,0.2388754695567204
32,12,15,2.5,10,0.15,2.2,0.6703700268287898,0.23882910409297825
32,16,25,2.5,14,0.15,2.2,0.6703707050803376,0.23884830428088716
40,20,25,2.0,10,0.18,2.6,0.6703743628616079,0.2389108494165036
28,16,15,3.0,14,0.22,2.6,0.6703769334511551,0.2388734240313778
36,20,20,2.5,10,0.22,1.8,0.6703771399045533,0.2388938365954948
32,12,20,2.0,14,0.15,2.6,0.6703785473196605,0.23884022393218632
36,20,25,2.5,14,0.15,1.8,0.6703788255905049,0.23886333607813284
32,20,20,3.0,10,0.22,2.6,0.6703788317242666,0.23891708341750906
36,20,20,3.0,10,0.15,2.2,0.6703805935982385,0.23886155339182708
40,12,20,2.0,6,0.18,2.2,0.6703806907012215,0.23885771343906434
28,16,15,3.0,14,0.18,2.6,0.6703816691958817,0.23885854012886418
36,20,10,2.0,14,0.15,2.2,0.6703831139380617,0.23885604622883552
32,16,10,3.0,10,0.18,1.8,0.6703841787815406,0.238849458737055
40,12,20,1.5,6,0.22,2.2,0.6703880522350807,0.23888467051198792
32,12,10,2.5,10,0.22,2.2,0.6703886094997674,0.2388489990277942
36,12,20,1.5,14,0.15,2.2,0.6703888305314283,0.2388477563974826
40,16,15,1.5,6,0.22,2.6,0.6703895673278816,0.23889588919471977
40,16,15,2.5,6,0.15,2.6,0.6703899292548205,0.23884785355497776
36,12,20,2.0,10,0.15,1.8,0.6703910391772429,0.23883785241167615
36,12,10,2.5,6,0.22,1.8,0.670391042227749,0.23885792950975973
32,20,20,2.5,14,0.22,2.2,0.6703923413864888,0.23890941114556316
40,16,20,2.0,6,0.22,2.6,0.6703931114374664,0.23892639818376626
36,12,25,1.5,14,0.18,2.2,0.6703932995604397,0.23886976238041147
36,12,25,3.0,6,0.22,2.6,0.6703943200774223,0.2389293366269032
36,12,15,1.5,10,0.18,2.6,0.6703974241041938,0.23885245915294814
32,20,10,2.5,14,0.18,2.6,0.6703979064496298,0.23888040898817076
40,16,15,2.0,6,0.18,2.6,0.6703980891592609,0.23888063795147527
40,20,20,1.5,10,0.22,2.2,0.6704002483725444,0.2389197706194561
32,20,15,3.0,10,0.22,2.2,0.67040755289655,0.2389084026843576
32,20,15,2.5,14,0.22,1.8,0.6704090414605489,0.23889533868677781
36,12,20,2.5,6,0.22,2.2,0.6704092865499898,0.23889526996756216
28,16,20,3.0,14,0.22,2.6,0.6704118957648605,0.23889910822587396
36,16,10,1.5,14,0.22,2.6,0.6704127452276128,0.23887468081099722
36,12,10,2.0,10,0.15,2.2,0.670412953475314,0.23885739192932917
40,12,25,1.5,10,0.18,1.8,0.6704133288063427,0.2388754675324933
32,12,25,2.5,10,0.22,1.8,0.6704136946120125,0.2388773451100899
36,16,15,1.5,10,0.22,2.6,0.6704141677709156,0.23888577242940506
40,20,10,1.5,10,0.18,2.6,0.6704143414470035,0.23888777580594528
40,16,25,1.5,10,0.18,2.6,0.6704144815003434,0.23890797625134327
28,16,15,3.0,14,0.22,2.2,0.6704152822878146,0.238884605675508
36,20,15,2.0,10,0.22,2.2,0.6704154258463492,0.23890658821025554
32,16,25,3.0,10,0.22,1.8,0.6704165901268302,0.23889736932726607
40,12,15,2.0,6,0.15,1.8,0.6704171103155075,0.238833847775705
40,16,25,2.0,10,0.15,2.2,0.67041775398548,0.23887910343085608
32,20,25,2.5,14,0.22,2.6,0.6704188826139291,0.23894043662599218
36,16,15,1.5,14,0.22,1.8,0.6704190639410644,0.23888110603254925
32,16,15,2.0,14,0.22,2.6,0.6704200560616347,0.23888843128040302
32,12,15,2.0,14,0.18,1.8,0.6704227862028757,0.23885567370547822
40,20,25,1.5,10,0.22,2.6,0.670423518162133,0.23895525197368198
40,12,25,3.0,6,0.22,1.8,0.670425547497064,0.23890703000661676
36,16,25,2.5,10,0.18,1.8,0.6704264012101315,0.2388832766304293
36,12,20,3.0,6,0.18,2.2,0.6704265233164912,0.23887211251689544
36,20,25,2.0,14,0.18,2.6,0.6704292106624085,0.2389290525891812
40,16,20,3.0,6,0.18,2.6,0.6704305421331572,0.23891393619931806
40,12,25,2.5,6,0.18,2.6,0.6704312692785086,0.2389079685509705
36,16,10,2.0,10,0.18,2.2,0.6704328177112902,0.23887617819373477
36,16,10,3.0,6,0.18,2.6,0.6704377863430989,0.23889642144193046
32,20,15,2.5,14,0.18,2.2,0.6704387702307619,0.23889897935638513
40,16,10,2.0,6,0.22,1.8,0.6704401345135743,0.23889276036639284
40,16,20,2.5,6,0.22,2.2,0.6704408273919776,0.23894026005063998
36,20,10,2.5,10,0.18,1.8,0.6704419560883356,0.23888557418392714
36,12,15,1.5,14,0.15,1.8,0.6704430268710739,0.2388640795997176
28,16,20,3.0,14,0.18,2.6,0.6704433847987463,0.23889374110863254
36,16,20,2.0,10,0.18,2.2,0.6704437059341678,0.23889346765176797
36,12,25,2.0,10,0.18,1.8,0.6704449196635361,0.23888088213682523
40,12,10,1.5,10,0.15,1.8,0.6704454351992887,0.23887505074362142
40,20,20,2.5,10,0.15,1.8,0.6704458093921639,0.23888062235816834
32,12,15,2.0,14,0.15,2.2,0.670449939332764,0.2388653918999834
28,16,15,3.0,14,0.18,2.2,0.6704502729565021,0.23888409574320202
40,20,20,2.0,10,0.15,2.6,0.6704507591508198,0.23890810498835835
32,16,10,3.0,10,0.15,2.2,0.6704530521777805,0.23887773124264391
40,16,25,1.5,14,0.15,2.2,0.6704533784992666,0.23890603057000473
40,20,10,2.0,10,0.15,1.8,0.6704579576057645,0.23888268840267016
32,12,20,2.5,10,0.18,1.8,0.6704593294169348,0.23887661161608192
28,16,15,3.0,14,0.15,2.6,0.6704600135832467,0.23888059209518975
32,20,10,3.0,10,0.22,2.2,0.670460031068546,0.23892381304274785
36,12,10,1.5,14,0.22,2.2,0.6704601129156261,0.23887974253930985
32,20,20,2.5,14,0.18,2.6,0.6704602580388005,0.23892555245401045
40,20,10,2.5,6,0.22,2.2,0.6704607435453829,0.23894074548034325
40,16,10,1.5,10,0.18,1.8,0.6704622357131813,0.2388890254331241
36,20,20,2.0,14,0.15,2.6,0.6704643641837416,0.2389143112875888
36,12,15,2.5,6,0.15,2.6,0.6704654436585379,0.23887490793852573
36,12,15,1.5,10,0.22,1.8,0.6704667084623117,0.2388855340187855
36,16,15,3.0,6,0.22,2.2,0.6704669469771397,0.2389338920834977
32,12,25,2.0,14,0.22,1.8,0.670467059998655,0.23890204641578355
28,16,20,3.0,14,0.22,2.2,0.6704692154173489,0.23891793477410006
28,16,15,3.0,14,0.22,1.8,0.6704697598982551,0.23890088898086037
32,16,20,2.0,14,0.22,2.6,0.6704718068478674,0.23892451049323007
32,16,20,3.0,10,0.18,1.8,0.6704718094422113,0.2388925212162997
32,12,20,2.0,14,0.18,1.8,0.6704727774604244,0.23888410709628025
40,20,25,1.5,14,0.18,2.6,0.6704778360751813,0.2389620659687794
36,16,15,2.0,10,0.18,1.8,0.6704779879627768,0.23889319260272762
40,20,15,2.5,6,0.22,2.6,0.6704791156857639,0.2389821257535488
40,12,15,1.5,6,0.18,2.2,0.6704793901723702,0.23889507250281886
36,12,10,2.5,6,0.18,2.2,0.6704810537966066,0.23889529015482366
36,16,20,1.5,14,0.18,2.6,0.6704830273269975,0.2389206281481582
40,20,15,1.5,10,0.22,1.8,0.6704843608766171,0.23893193028463297
36,20,15,2.5,10,0.18,1.8,0.6704899881411205,0.2389104812851419
32,16,10,2.5,10,0.22,2.6,0.6704940524026551,0.23891722973854482
40,16,20,1.5,10,0.15,2.6,0.6704958799680049,0.23891611101969595
32,20,10,2.5,14,0.22,1.8,0.6704959480164248,0.23892719118850897
36,20,15,1.5,14,0.22,2.6,0.670496505764347,0.23894935112567953
40,12,10,2.0,6,0.15,1.8,0.6704989165156856,0.238889039840131
36,16,25,2.0,14,0.15,1.8,0.6704993659003784,0.23890580363138075
36,12,20,1.5,10,0.18,2.6,0.6705014353166339,0.2389111613565523
36,20,20,2.5,10,0.18,2.2,0.6705031235279206,0.238938216752538
32,12,20,2.0,14,0.15,2.2,0.670504078792972,0.23889439733540604
36,20,10,2.0,10,0.22,2.2,0.6705044516845162,0.238936353094717
32,12,25,2.5,10,0.18,2.2,0.6705057256346733,0.2389118203903359
32,16,25,2.5,10,0.22,2.6,0.6705075864721249,0.23895509576436594
36,16,15,1.5,14,0.18,2.2,0.6705086231396234,0.2389168718898735
32,16,20,2.5,10,0.22,2.2,0.6705112820168704,0.23893857390746234
40,20,10,3.0,6,0.22,1.8,0.6705114910062975,0.2389470377166338
32,20,15,2.5,14,0.15,2.6,0.6705115961005162,0.23892204132677822
32,16,25,3.0,10,0.18,2.2,0.6705121788717948,0.2389296368390465
40,16,10,1.5,6,0.22,2.6,0.6705128780779084,0.23893651573118693
40,12,25,3.0,6,0.18,2.2,0.670513047303276,0.2389235947800467
32,20,25,3.0,14,0.15,1.8,0.6705140028079827,0.23891442810516417
32,12,25,2.0,14,0.18,2.2,0.6705146360461551,0.2389169814579304
40,20,10,1.5,10,0.22,1.8,0.6705167815253444,0.23893578605573293
36,16,25,2.5,10,0.15,2.2,0.6705172099333525,0.23891595100104865
32,12,20,2.0,10,0.22,2.6,0.6705207014022191,0.23892579733810776
40,20,20,1.5,14,0.15,2.6,0.670520975319429,0.23894862289505278
32,20,10,2.5,14,0.18,2.2,0.670522032128626,0.23893092822513137
40,12,25,2.0,6,0.22,2.2,0.670523975147282,0.23896882373016523
28,12,10,3.0,14,0.15,2.6,0.6705244108648497,0.23890352512016713
32,12,15,2.0,10,0.22,2.6,0.6705245563265207,0.23891594056163654
32,16,15,3.0,10,0.15,1.8,0.6705248873348543,0.23889833705388835
40,12,25,1.5,10,0.15,2.2,0.6705271748474704,0.2389213934550947
32,12,10,2.5,10,0.18,2.6,0.670528572117268,0.2389133596199777
28,16,20,3.0,14,0.18,2.2,0.6705289219944546,0.23892602420438963
32,12,20,2.5,10,0.15,2.2,0.6705312416086999,0.23890553988690402
36,12,25,1.5,14,0.15,2.6,0.6705317783973954,0.23892628013446335
40,20,25,2.0,14,0.15,1.8,0.6705322248552109,0.2389435137986864
28,12,10,3.0,14,0.18,2.6,0.6705323741101226,0.23891286909256562
36,20,10,2.5,10,0.15,2.2,0.6705325769222348,0.2389215360163107
32,16,15,2.5,10,0.18,2.6,0.6705338736176452,0.23893014332256382
28,16,25,3.0,14,0.22,2.6,0.6705348280939507,0.2389642103414736
36,16,25,2.0,10,0.18,2.6,0.6705359521955891,0.23895375338825003
28,12,10,3.0,14,0.18,2.2,0.6705360164081311,0.23891193649571618
36,12,15,2.0,6,0.22,2.2,0.6705360821222008,0.23893448362065628
28,16,15,3.0,14,0.15,2.2,0.670538310988578,0.23891058489826994
36,12,25,2.0,10,0.15,2.2,0.6705387710142772,0.23891807306479712
36,12,25,1.5,10,0.22,2.2,0.6705419239469641,0.2389493567381067
32,16,15,2.0,14,0.22,2.2,0.670542073805167,0.23894040597934751
36,16,20,1.5,10,0.22,2.6,0.6705427938072758,0.23896008466150928
28,16,20,3.0,14,0.22,1.8,0.6705434825069454,0.23894179808911584
32,16,20,3.0,10,0.15,2.2,0.6705439270756229,0.23891865451604816
28,16,15,3.0,14,0.18,1.8,0.6705451755966604,0.2389194220104796
28,16,20,3.0,14,0.15,2.6,0.6705454408297777,0.23892420733842937
40,20,25,2.0,10,0.22,1.8,0.6705480799284038,0.238991204541634
36,20,25,3.0,10,0.15,2.6,0.6705485486984103,0.23895717739307473
40,20,25,2.5,10,0.18,1.8,0.670550380162023,0.23896422790665303
36,16,10,2.5,6,0.22,2.6,0.6705513036649385,0.23896603994163185
28,12,10,3.0,14,0.15,2.2,0.6705534957903201,0.23891460297905256
32,12,10,2.5,10,0.22,1.8,0.67055488874231,0.23892519411744428
40,16,25,1.5,10,0.22,1.8,0.6705557284908639,0.23897391820143066
32,16,25,2.5,14,0.15,1.8,0.670559943755491,0.2389243189027984
36,12,20,3.0,6,0.15,2.6,0.6705635547423268,0.23891752136490232
40,12,20,2.0,6,0.15,2.6,0.6705641242798637,0.23892826448642007
28,12,10,3.0,14,0.18,1.8,0.670565088045234,0.23892223800878154
36,16,15,2.5,6,0.22,2.6,0.6705668048718988,0.23898640709066343
40,16,10,2.0,6,0.18,2.2,0.6705670033278043,0.23894412384694802
36,16,10,1.5,14,0.22,2.2,0.6705677650828918,0.23894503028112293
28,12,10,3.0,14,0.22,1.8,0.6705692066319349,0.23893067594087652
40,20,25,3.0,10,0.15,1.8,0.6705696818120689,0.2389441011662804
40,20,10,2.0,6,0.22,2.6,0.6705704216416432,0.23899514273540468
36,16,25,1.5,14,0.22,2.2,0.6705707036836063,0.23898328918782635
36,16,15,2.0,10,0.15,2.2,0.6705710742225088,0.238931524120706
40,16,15,2.0,6,0.22,1.8,0.670572501514001,0.23896030570353427
32,20,15,3.0,10,0.18,2.6,0.6705732028091165,0.23896966050874943
36,20,25,2.0,14,0.22,1.8,0.6705733175902976,0.23899743508969223
40,16,10,1.5,10,0.15,2.2,0.6705774311738506,0.23894048028044843
40,12,10,1.5,6,0.18,2.6,0.6705775388444477,0.23894223414557178
36,20,15,2.5,10,0.15,2.2,0.6705812241218417,0.23894445719815693
40,16,15,2.5,6,0.18,1.8,0.6705813408578931,0.23892943384357954
32,12,15,2.5,10,0.15,1.8,0.6705825071683272,0.23892359976995006
28,12,10,3.0,14,0.22,2.2,0.6705837437431952,0.23894095916162364
36,20,25,2.5,10,0.18,2.6,0.6705846115513955,0.23899665160178546
32,20,20,2.5,14,0.22,1.8,0.6705874431528069,0.23898613399836116
32,20,10,2.5,14,0.15,2.6,0.6705879992310997,0.23895282865988693
36,20,15,2.0,14,0.15,1.8,0.6705881941465018,0.23894508847703136
36,12,10,1.5,14,0.18,2.6,0.670589635411854,0.23893977345473863
40,12,25,1.5,6,0.22,2.6,0.6705896980067979,0.23900493352393828
36,12,20,2.5,6,0.18,2.6,0.6705901173663062,0.23896100529167363
32,12,15,2.0,14,0.15,1.8,0.6705904717697765,0.23892731938788694
32,20,25,2.5,14,0.22,2.2,0.6705914247292173,0.23900945513641741
28,16,25,3.0,14,0.18,2.6,0.6705934991050501,0.23896920131759766
36,16,20,1.5,14,0.22,1.8,0.6705936754255905,0.23897374343870634
40,16,10,2.5,6,0.15,1.8,0.670593690622526,0.23891984612622091
36,12,20,1.5,10,0.22,1.8,0.6705951384869009,0.2389557777587331
36,20,10,2.0,14,0.15,1.8,0.6705958613432954,0.2389466060809734
36,16,10,3.0,6,0.22,1.8,0.6705963767457562,0.23896740203166147
40,20,15,2.0,10,0.15,1.8,0.670596915444968,0.23894497702617878
32,12,15,3.0,6,0.22,2.6,0.6705978130136673,0.2389793569342577
32,20,25,3.0,10,0.22,2.6,0.6705982445297112,0.23902658530042664
32,12,25,2.0,14,0.15,2.6,0.6706010563966393,0.23894972376939375
40,16,15,3.0,6,0.15,1.8,0.6706013608110443,0.23889343479079178
40,20,10,3.0,6,0.18,2.2,0.6706015739378747,0.23897070939143078
36,12,15,1.5,10,0.18,2.2,0.6706022499870861,0.23894576298599732
28,12,10,3.0,14,0.15,1.8,0.670602571267141,0.23893436584052713
36,20,20,2.0,14,0.18,1.8,0.6706040338730884,0.23897759451325443
36,16,10,2.0,10,0.15,2.6,0.670606246373559,0.23895340712766072
40,20,10,1.5,14,0.15,1.8,0.6706089970058257,0.23895906613503953
28,16,25,3.0,14,0.22,2.2,0.6706092726328617,0.23899005757763292
32,20,20,3.0,10,0.22,2.2,0.6706101415465832,0.23901060162880872
36,12,20,1.5,14,0.15,1.8,0.6706106078577379,0.23894547318474432
28,12,10,3.0,14,0.22,2.6,0.6706106638724211,0.238956248233241
36,12,15,2.5,6,0.18,1.8,0.6706127862938845,0.23893903738598465
36,12,20,2.0,6,0.22,2.6,0.6706159022633272,0.23899531581695785
32,20,10,3.0,10,0.18,2.6,0.6706166513980497,0.23898406981522524
28,12,20,3.0,10,0.22,2.6,0.6706169359953006,0.23897295812559868
32,16,20,2.0,14,0.22,2.2,0.6706171857543368,0.238985835259257
28,12,15,3.0,10,0.22,2.6,0.670623356156019,0.23896689526395815
32,20,20,2.5,14,0.18,2.2,0.6706240772369972,0.2389915915567001
36,12,10,2.0,10,0.15,1.8,0.6706250696698239,0.23895567406064705
36,12,10,1.5,14,0.22,1.8,0.6706267595455018,0.23895786332173355
36,12,10,2.5,6,0.15,2.6,0.6706298313682849,0.23895974776013923
40,20,25,1.5,14,0.22,1.8,0.6706299073541298,0.23903408258815145
32,16,15,2.0,14,0.18,2.6,0.6706301285294689,0.23897334364649028
40,20,15,3.0,6,0.22,2.2,0.6706301326336296,0.239039563848983
32,20,15,2.5,14,0.18,1.8,0.6706306547092671,0.2389760527103222
32,16,15,2.5,10,0.22,1.8,0.6706318327853796,0.23897599360654828
36,16,20,2.0,10,0.15,2.6,0.6706328995695293,0.23897168240603633
36,16,15,3.0,6,0.18,2.6,0.670633176760524,0.23898873435775173
32,16,25,2.0,14,0.22,2.6,0.6706352160995525,0.23901073108349544
40,20,20,2.0,10,0.18,1.8,0.6706370406214436,0.23899125239511518
36,20,25,2.0,10,0.22,2.6,0.6706374698261416,0.23904261530805943
36,16,15,1.5,14,0.15,2.6,0.6706401624172315,0.23897200597593748
40,20,15,1.5,14,0.15,1.8,0.6706403673740963,0.2389764704585887
28,16,20,3.0,14,0.15,2.2,0.6706417285506623,0.2389614660412101
32,12,25,2.5,10,0.15,2.6,0.6706442143638596,0.2389676202856297
28,16,15,3.0,14,0.15,1.8,0.6706449783035762,0.23895169561373047
28,16,20,3.0,14,0.18,1.8,0.6706450162711584,0.23896959035921414
40,16,15,2.5,6,0.15,2.2,0.6706504230697619,0.23895024048071525
32,12,10,2.5,10,0.18,2.2,0.6706508127601947,0.23896893137480674
40,16,20,1.5,10,0.18,1.8,0.6706529103403629,0.2389873577360928
36,20,20,1.5,14,0.22,2.6,0.6706540676892588,0.23903608339818133
40,20,15,1.5,10,0.18,2.2,0.670654802518718,0.23900160246758753
32,16,10,2.5,10,0.22,2.2,0.6706550193244446,0.23898801024704885
40,20,25,2.5,10,0.15,2.2,0.6706561756698568,0.23899945087268012
40,12,20,1.5,6,0.18,2.6,0.6706563825804102,0.23899559006410476
32,16,25,3.0,10,0.15,2.6,0.6706565712056267,0.23898376322360274
32,20,15,2.5,14,0.15,2.2,0.6706566852241189,0.23898064065039634
36,20,15,2.0,10,0.18,2.6,0.6706567827735227,0.2390056727768757
40,12,10,1.5,6,0.22,1.8,0.6706579149856035,0.23897957176963533
36,12,25,1.5,14,0.18,1.8,0.6706587395033929,0.23898521312427723
36,20,25,2.0,14,0.18,2.2,0.6706601152170704,0.23902461394756244
40,12,25,2.5,6,0.22,1.8,0.6706605296203569,0.23901115182319316
40,12,20,2.5,6,0.15,1.8,0.6706610773582528,0.23892827432135225
36,20,20,2.0,10,0.22,2.2,0.6706620349481803,0.23903217113234795
36,16,10,3.0,6,0.18,2.2,0.670662390969375,0.2389867903201929
36,20,20,2.0,14,0.15,2.2,0.6706628723744331,0.2389962728417316
36,12,15,2.5,6,0.15,2.2,0.6706647511667853,0.23895627547699327
32,16,10,3.0,10,0.15,1.8,0.6706691559720107,0.2389714115974904
40,16,20,3.0,6,0.22,1.8,0.670669561776434,0.23901952885012562
32,12,20,2.0,14,0.15,1.8,0.670670066053369,0.2389659505824995
36,16,25,2.0,10,0.22,1.8,0.6706704313699002,0.2390164028861587
36,16,15,1.5,10,0.22,2.2,0.6706709068249764,0.23900087986918933
40,16,20,2.5,6,0.18,2.6,0.6706710874143325,0.23901932322104286
32,20,25,2.5,14,0.18,2.6,0.6706720079384125,0.23903002370356632
40,12,15,1.5,6,0.15,2.6,0.6706736731911948,0.23897830735773112
36,12,10,2.0,6,0.22,2.6,0.6706773816652367,0.238996633743969
40,20,10,2.5,6,0.18,2.6,0.6706781527351798,0.23902083342646246
40,20,20,1.5,14,0.18,1.8,0.6706783188650214,0.23902024333198268
28,16,10,3.0,14,0.18,2.6,0.67068479491071,0.23899524396683616
40,20,10,1.5,10,0.18,2.2,0.6706849278091267,0.23900765196809323
40,16,15,1.5,10,0.15,1.8,0.6706867513971196,0.23898367656557384
36,20,10,1.5,14,0.22,2.6,0.6706868750899951,0.23902390128873618
36,12,25,2.5,6,0.22,2.6,0.6706876575920535,0.23905239749240223
36,12,10,1.5,10,0.22,2.6,0.6706880859696828,0.23898551788170905
40,16,25,3.0,6,0.22,2.6,0.6706885035329916,0.23910441279076056
28,16,25,3.0,14,0.18,2.2,0.6706908952566424,0.23900599912009585
32,12,25,2.0,10,0.22,2.6,0.6706913302722055,0.23901628505557862
36,16,20,1.5,14,0.18,2.2,0.6706916736368905,0.23901143307814812
36,20,20,2.5,10,0.15,2.6,0.6706918574853914,0.2390108141368623
32,20,10,2.5,14,0.18,1.8,0.6706922421076762,0.23900020288369586
32,16,20,2.5,10,0.18,2.6,0.6706926103536308,0.2390111057606611
32,12,15,2.0,10,0.22,2.2,0.6706930122995972,0.23899210742671448
28,16,10,3.0,14,0.22,2.6,0.6706935840974902,0.23901275598451446
36,12,25,3.0,6,0.22,2.2,0.6706956429900467,0.23904638223229768
32,20,15,3.0,10,0.22,1.8,0.6706957771020748,0.23902608354970903
40,12,25,3.0,6,0.15,2.6,0.670696705857459,0.2389813984334226
36,16,10,2.0,10,0.18,1.8,0.6706974316320852,0.2389948623844405
40,16,15,2.0,6,0.18,2.2,0.6707025366443348,0.2390083148174028
28,16,25,3.0,14,0.22,1.8,0.6707035438567747,0.23902192879516895
32,20,20,2.5,14,0.15,2.6,0.6707048359645433,0.23901673474421306
36,12,10,1.5,14,0.18,2.2,0.6707080026391768,0.23899497349478174
40,16,15,1.5,6,0.22,2.2,0.6707084190039815,0.23903434458948702
32,12,25,2.0,14,0.18,1.8,0.6707086730153274,0.23899953917669667
40,20,20,1.5,10,0.18,2.6,0.6707087474422543,0.23904685375528867
40,20,25,2.0,10,0.18,2.2,0.6707149019715263,0.23905217185153566
32,20,10,2.5,14,0.15,2.2,0.6707152565649716,0.23900472661597164
28,16,10,3.0,14,0.22,2.2,0.6707153323018952,0.23901758479908042
28,16,25,3.0,14,0.15,2.6,0.670715710098476,0.23900692431022977
32,16,20,2.0,14,0.18,2.6,0.6707162805815512,0.23902166598253602
36,20,20,3.0,10,0.15,1.8,0.6707184400030108,0.23899775911379087
32,16,15,2.0,14,0.22,1.8,0.670718757540708,0.23901599284830577
36,16,10,1.5,14,0.18,2.6,0.6707189142996781,0.23901155906407365
32,12,20,2.0,10,0.22,2.2,0.6707191687739942,0.2390140215664902
32,20,10,3.0,10,0.22,1.8,0.6707239184388241,0.23903340046379637
36,20,15,1.5,14,0.22,2.2,0.6707241918187947,0.23904856920749676
36,12,25,1.5,14,0.15,2.2,0.670725015789113,0.23901039546710665
32,16,15,2.5,10,0.18,2.2,0.6707272219075795,0.23901324958917575
36,12,15,2.0,6,0.18,2.6,0.6707291662908862,0.2390144436575707
40,16,25,1.5,10,0.18,2.2,0.6707294965414826,0.2390430177322099
28,12,15,3.0,10,0.22,2.2,0.6707305319187465,0.2390129959186006
28,16,10,3.0,14,0.18,2.2,0.6707321440990626,0.23901212168642633
28,12,20,2.5,14,0.22,2.6,0.6707333095149293,0.23902283745643343
36,20,10,2.0,10,0.18,2.6,0.6707342300739347,0.23903384830106247
36,12,20,1.5,10,0.18,2.2,0.6707359276201919,0.23901598131213944
28,16,10,3.0,14,0.15,2.6,0.6707373918968706,0.2390083184571977
36,12,10,2.5,6,0.18,1.8,0.6707404617114826,0.23900809152681857
36,20,25,3.0,10,0.18,1.8,0.6707445390039641,0.23904337691987146
32,12,25,2.0,14,0.15,2.2,0.6707453417542713,0.23901125380918622
36,20,25,2.5,10,0.22,1.8,0.6707467301924206,0.23907152235349896
36,12,20,3.0,6,0.18,1.8,0.670748916332507,0.23899589310122513
32,16,25,2.5,10,0.22,2.2,0.670749169530589,0.23905740111534135
40,12,20,2.0,6,0.18,1.8,0.6707492189844781,0.23900925978533605
28,12,20,3.0,10,0.22,2.2,0.6707495035599903,0.23902920175295667
40,20,20,2.0,10,0.15,2.2,0.6707514347686778,0.2390339614345459
40,16,20,2.0,6,0.22,2.2,0.6707528363323794,0.23907564632157507
28,16,10,3.0,14,0.22,1.8,0.6707530646090442,0.23902798210506615
36,16,15,1.5,14,0.18,1.8,0.6707538241613262,0.2390249200243417
36,16,20,3.0,6,0.22,2.6,0.6707545549746904,0.23909895185849162
28,12,25,3.0,10,0.22,2.6,0.6707547971018631,0.23904577323366938
40,16,10,2.0,6,0.15,2.6,0.6707549567365554,0.23902315660345744
40,16,20,3.0,6,0.18,2.2,0.6707614260625455,0.23903819509282587
36,16,25,1.5,14,0.18,2.6,0.6707628403489647,0.23906034005029284
40,16,25,1.5,14,0.15,1.8,0.6707646706151633,0.23903757948601054
40,20,25,1.5,14,0.18,2.2,0.670765241142714,0.23908326615302916
28,16,20,3.0,14,0.15,1.8,0.6707653086863841,0.23900883920146707
40,20,20,1.5,14,0.15,2.2,0.6707660905658814,0.23905221083376266
32,16,15,2.0,14,0.18,2.2,0.6707668496118863,0.23903209229464834
40,12,25,2.5,6,0.18,2.2,0.6707678084722134,0.23904111574907932
40,16,20,1.5,10,0.15,2.2,0.6707688312330919,0.2390342388271635
40,20,15,2.0,6,0.22,2.6,0.6707702929626609,0.2391033436532647
40,20,10,3.0,6,0.15,2.6,0.6707710728474935,0.23902852884967551
32,12,20,2.5,10,0.15,1.8,0.6707711407915679,0.23900991684203446
36,12,20,2.5,6,0.22,1.8,0.6707714607858684,0.2390435942918255
32,12,10,2.0,14,0.22,2.6,0.6707763737676009,0.23902854316028063
32,12,25,2.5,10,0.18,1.8,0.6707782201598254,0.23902847310867903
36,16,20,2.0,10,0.18,1.8,0.6707796709764511,0.23903801419760384
32,12,10,2.5,10,0.15,2.6,0.6707803259235919,0.23902869179108743
40,12,25,2.0,6,0.18,2.6,0.6707821205207759,0.239065827381641
28,12,20,2.5,14,0.22,2.2,0.6707824924941747,0.23904111862566083
36,12,15,1.5,10,0.15,2.6,0.6707835414036908,0.2390275911709141
36,20,15,2.0,10,0.22,1.8,0.6707840708254813,0.23906491403767666
40,20,25,1.5,10,0.22,2.2,0.6707851160347267,0.23910938472389404
36,16,10,1.5,14,0.22,1.8,0.6707852713864554,0.23904357577407143
32,20,15,2.5,10,0.22,2.6,0.670785675843649,0.23908365000421528
40,16,10,1.5,6,0.22,2.2,0.6707875223703355,0.23905897734734347
36,16,10,2.5,6,0.22,2.2,0.670787695242524,0.23906546620310837
40,16,25,2.0,10,0.15,1.8,0.6707895199268373,0.2390344044267967
40,16,25,2.5,6,0.22,2.6,0.6707908469795401,0.23913652238159097
32,20,20,3.0,10,0.18,2.6,0.6707910180250839,0.23907658377696597
28,12,20,2.5,14,0.18,2.6,0.6707920376965572,0.23903798525213296
36,16,25,1.5,10,0.22,2.6,0.6707920548209816,0.23908813184749467
36,16,10,3.0,6,0.15,2.6,0.6707927720566332,0.2390344537360142
36,16,10,2.0,10,0.15,2.2,0.6707929169874782,0.23903666968895135
36,12,25,1.5,10,0.18,2.6,0.6707930105110413,0.23905669159429627
32,20,15,3.0,10,0.18,2.2,0.6707938124998143,0.23905990039962133
32,12,15,3.0,6,0.22,2.2,0.6707947083728231,0.23905947805193717
36,12,20,3.0,6,0.15,2.2,0.670800999396995,0.23900870020759318
40,12,10,1.5,6,0.18,2.2,0.6708016706313585,0.23904445613168415
36,20,25,2.0,14,0.15,2.6,0.6708020600345969,0.23907635171165081
32,16,25,2.0,14,0.22,2.2,0.6708021324754239,0.2390808465503845
28,16,10,3.0,14,0.15,2.2,0.6708021670224206,0.2390333894255179
36,12,10,2.5,6,0.15,2.2,0.6708048494077463,0.23903472088772632
32,20,25,2.5,14,0.22,1.8,0.6708078596706619,0.23909458512020298
40,16,20,1.5,6,0.22,2.6,0.6708082972416739,0.2391077036562031
32,16,20,2.5,10,0.22,1.8,0.6708085238567681,0.23906530868604117
36,16,25,2.0,10,0.18,2.2,0.670808784729691,0.2390695302460901
28,16,10,3.0,14,0.18,1.8,0.6708089883594186,0.23904097637731514
32,16,25,3.0,10,0.18,1.8,0.670809734963712,0.23905185060983405
36,16,10,1.5,10,0.22,2.6,0.6708129063682524,0.2390602094441674
28,12,25,2.5,14,0.22,2.6,0.6708139282854405,0.23906910484225738
40,12,20,1.5,6,0.22,1.8,0.670814026756943,0.2390688362144209
32,16,10,2.5,10,0.18,2.6,0.6708153149180454,0.23905713042291013
32,16,20,3.0,10,0.15,1.8,0.6708164250082567,0.23903222275919878
32,20,10,3.0,10,0.18,2.2,0.6708178514418102,0.2390675878857356
36,16,15,1.5,14,0.15,2.2,0.6708184649373625,0.23905058348864852
32,16,10,2.0,14,0.22,2.6,0.6708188857365558,0.239064689993589
36,12,10,1.5,14,0.15,2.6,0.670819624927652,0.23904664666500272
32,16,20,2.0,14,0.22,1.8,0.6708200657160989,0.23907146621004866
40,12,20,2.0,6,0.15,2.2,0.670823289789787,0.23903379622946136
40,12,15,1.5,6,0.18,1.8,0.6708245248156832,0.23904672983004474
28,12,15,2.5,14,0.22,2.6,0.6708246226917058,0.23905665560563108
36,20,10,2.5,10,0.15,1.8,0.670825676555026,0.23904663755199335
28,16,25,3.0,14,0.18,1.8,0.6708266166379054,0.2390574037243256
28,16,25,3.0,14,0.15,2.2,0.6708273229192799,0.23905040619987097
36,16,15,3.0,6,0.22,1.8,0.6708277257264559,0.23907563412093616
36,16,20,1.5,10,0.22,2.2,0.6708289171837654,0.23908658101658456
28,12,15,3.0,10,0.18,2.6,0.6708298237477804,0.2390540785226179
36,20,25,3.0,10,0.15,2.2,0.6708299773522486,0.23906988277787286
32,12,10,2.0,14,0.22,2.2,0.6708323321141754,0.23905380096855314
32,12,10,2.5,10,0.18,1.8,0.6708354864244941,0.2390536749916576
32,20,20,2.5,14,0.18,1.8,0.6708364961071441,0.23907632398284015
36,16,20,1.5,14,0.15,2.6,0.6708367386136684,0.23907059171959533
40,20,15,2.5,6,0.22,2.2,0.6708385811096519,0.23912547484611826
36,20,10,2.0,10,0.22,1.8,0.6708405685108287,0.2390833713359657
32,12,10,3.0,6,0.22,2.6,0.6708448845837347,0.23908554073085458
36,16,15,2.5,6,0.22,2.2,0.6708451458122899,0.23910045879148065
36,12,25,2.0,10,0.15,1.8,0.6708462021504119,0.23905052027904478
32,20,25,3.0,10,0.22,2.2,0.6708470195034175,0.23912670280337797
32,20,15,2.5,14,0.15,1.8,0.6708484283455729,0.23905799982223752
40,20,15,3.0,6,0.18,2.6,0.6708487906251508,0.23910767584074347
32,20,25,2.5,14,0.18,2.2,0.6708501271731064,0.23910157598026524
36,16,25,2.5,10,0.15,1.8,0.670850477612478,0.23905426876648989
32,16,15,2.0,14,0.15,2.6,0.6708518428618478,0.2390651877766473
40,20,20,1.5,10,0.22,1.8,0.6708537395447528,0.23911429499918926
32,12,25,2.5,10,0.15,2.2,0.6708538507627614,0.2390578236778657
28,12,15,2.5,14,0.22,2.2,0.670854875754697,0.23906739988180706
28,12,15,2.5,14,0.18,2.6,0.6708554836054661,0.23906209278417606
36,16,15,2.0,10,0.15,1.8,0.6708565799300046,0.2390562661236414
40,16,10,1.5,10,0.15,1.8,0.6708574571522226,0.2390673464938223
28,12,20,3.0,10,0.18,2.6,0.6708593163853875,0.2390726161162365
36,12,10,1.5,10,0.22,2.2,0.6708625741238254,0.23906750038233288
36,12,15,2.0,6,0.22,1.8,0.6708637568509764,0.2390767995413112
32,12,15,2.0,10,0.18,2.6,0.6708642951778315,0.23906825028678277
36,12,20,2.5,6,0.18,2.2,0.6708662598461237,0.23907473287801598
40,20,10,2.5,6,0.22,1.8,0.6708664953881951,0.23910505687882452
32,20,20,2.5,14,0.15,2.2,0.6708683336770824,0.2390826009545675
32,16,15,2.5,10,0.15,2.6,0.6708683462914192,0.23907169035948211
28,12,20,2.5,14,0.22,1.8,0.6708684281697253,0.23907492422752158
36,12,25,3.0,6,0.18,2.6,0.6708685200435237,0.23909957238768811
36,20,20,2.5,10,0.18,1.8,0.6708689244149261,0.239089582747586
28,12,20,2.5,14,0.18,2.2,0.6708731579012628,0.23907138803373604
36,16,10,1.5,14,0.18,2.2,0.6708745528718867,0.23908179537962299
36,12,10,2.0,6,0.22,2.2,0.6708754342399675,0.2390855588864852
32,16,20,2.0,14,0.18,2.2,0.6708755711293642,0.2390894424462311
36,16,20,2.0,10,0.15,2.2,0.6708767017179366,0.23907639617186613
36,12,10,1.5,14,0.18,1.8,0.6708781392671048,0.23907436046520514
36,20,25,1.5,14,0.22,2.6,0.6708789955514843,0.23915125886230612
36,12,15,1.5,10,0.18,1.8,0.6708796296397319,0.23907219548320374
32,16,10,2.5,10,0.22,1.8,0.6708802508202272,0.23908725341488904
40,12,25,1.5,10,0.15,1.8,0.6708805509087198,0.23907454925747135
28,12,25,2.5,14,0.22,2.2,0.6708811755692796,0.2390947120932748
36,20,25,2.5,10,0.18,2.2,0.6708818200904033,0.23911846202390186
36,16,25,1.5,14,0.22,1.8,0.6708865290408943,0.23911946413877677
32,16,25,3.0,10,0.15,2.2,0.6708869631652634,0.23907915356949985
32,20,10,2.5,14,0.15,1.8,0.6708881673877757,0.23907554825012833
36,20,10,1.5,14,0.22,2.2,0.6708893288648891,0.2391135021017616
28,12,15,3.0,10,0.22,1.8,0.6708898372711126,0.23908217028641293
40,20,15,1.5,10,0.15,2.6,0.6708899934754216,0.2391007776463939
40,20,10,2.0,6,0.22,2.2,0.670890966199261,0.23913065731598687
40,16,15,2.0,6,0.15,2.6,0.6708917955102288,0.2390821400799797
36,12,20,2.0,6,0.22,2.2,0.6708927631682051,0.23911288194195207
28,16,10,3.0,14,0.15,1.8,0.6708929284302773,0.23906897969862576
36,16,15,3.0,6,0.18,2.2,0.6708943789070899,0.23909048144753006
32,12,10,2.0,14,0.18,2.6,0.6708949867230556,0.23908139127280525
40,16,10,2.0,6,0.18,1.8,0.6708981543202122,0.23908597409650217
40,16,20,2.5,6,0.22,1.8,0.6709000018153074,0.23912205788053936
28,12,25,2.5,14,0.18,2.6,0.6709007321551019,0.23909465293164478
32,12,20,2.0,10,0.18,2.6,0.6709029963387146,0.23909306637045905
36,20,15,2.5,10,0.15,1.8,0.6709037485402196,0.2390794504958618
28,12,20,2.5,14,0.15,2.6,0.670905353244492,0.23908053657570366
32,20,10,2.5,10,0.22,2.6,0.6709062719008493,0.2391301522973798
36,20,20,1.5,14,0.22,2.2,0.6709068036381679,0.2391451743095764
32,16,20,2.5,10,0.18,2.2,0.6709075004493931,0.23910222820514382
36,12,25,1.5,10,0.22,1.8,0.6709076981168611,0.23911096891478703
40,12,15,1.5,6,0.15,2.2,0.6709094051908892,0.2390809082871476
40,20,10,1.5,10,0.15,2.6,0.6709110359021181,0.23910635210167042
32,20,15,2.0,14,0.22,2.6,0.6709126715511607,0.23913923572041113
32,12,15,3.0,6,0.18,2.6,0.6709127819100018,0.23910088640748778
36,20,15,1.5,14,0.18,2.6,0.6709128153296524,0.239125400463894
32,12,10,2.5,10,0.15,2.2,0.6709132949070076,0.23908935916409324
28,12,25,3.0,10,0.22,2.2,0.670914442551782,0.23911316912246536
32,16,25,2.0,14,0.18,2.6,0.6709144476482013,0.2391210978617324
28,12,15,2.5,14,0.18,2.2,0.6709154309966503,0.2390868303542251
36,16,15,1.5,10,0.18,2.6,0.6709157611059066,0.23910785270897217
28,20,15,3.0,14,0.22,2.6,0.6709160161105431,0.23914667894328592
28,12,15,2.5,14,0.22,1.8,0.6709160746544643,0.23909143713509318
32,12,25,2.0,10,0.22,2.2,0.6709184674696371,0.2391161765363109
36,20,20,2.0,10,0.18,2.6,0.6709187808598294,0.23913545111601997
32,16,10,2.0,14,0.22,2.2,0.6709205158743916,0.2391089373137853
36,20,15,2.0,10,0.18,2.2,0.6709229864089272,0.23911956936561157
32,20,20,3.0,10,0.22,1.8,0.6709239548274083,0.2391376341831226
40,12,25,3.0,6,0.18,1.8,0.6709244038699193,0.23907567638585822
36,20,20,2.0,14,0.15,1.8,0.6709261314740795,0.23910492656006968
36,12,20,1.5,10,0.15,2.6,0.6709284220549337,0.2391002239475919
32,20,20,2.5,10,0.22,2.6,0.670928665261004,0.23915923952243476
32,12,15,2.0,10,0.22,1.8,0.6709290476106164,0.23909890934850245
32,12,10,2.0,14,0.22,1.8,0.6709324362589437,0.23909952286959904
32,12,25,2.0,14,0.15,1.8,0.6709339172753542,0.23909147047648505
36,12,15,2.5,6,0.15,1.8,0.6709348373687176,0.2390670283966854
32,12,20,3.0,6,0.22,2.6,0.6709368700585963,0.23914941174351323
28,12,20,3.0,10,0.22,1.8,0.6709393445085454,0.23911025928748927
28,12,15,2.5,14,0.15,2.6,0.6709397521749328,0.23909391020979504
36,12,10,1.5,14,0.15,2.2,0.6709409951766556,0.23910310199727183
32,20,25,2.5,14,0.15,2.6,0.670941063497885,0.23913024686249415
32,20,15,3.0,10,0.15,2.6,0.670941903898928,0.23911616898349236
32,16,25,2.5,10,0.18,2.6,0.6709443320381433,0.2391342290374669
36,16,10,3.0,6,0.18,1.8,0.6709443746005295,0.2390984449834328
40,12,25,1.5,6,0.22,2.2,0.670947922627704,0.23915810228943285
40,16,20,3.0,6,0.15,2.6,0.6709480259791731,0.23909732637465814
28,12,15,3.0,10,0.18,2.2,0.6709496099164183,0.23910577229083824
36,20,15,1.5,10,0.22,2.6,0.6709522387466129,0.239156761513624
32,16,15,2.0,14,0.18,1.8,0.6709528059680457,0.239111906076999
32,16,15,2.0,10,0.22,2.6,0.6709530870388156,0.23913438751679256
40,20,25,2.0,10,0.15,2.6,0.6709531887320377,0.2391447459121168
36,20,25,2.0,14,0.18,1.8,0.6709539215248045,0.23914488865425199
40,12,25,2.5,6,0.15,2.6,0.670954226700142,0.23910465052780427
32,20,10,3.0,10,0.15,2.6,0.6709564975789706,0.2391218788253851
36,20,25,2.0,10,0.22,2.2,0.6709571586154567,0.23917760716131065
40,12,20,1.5,6,0.18,2.2,0.6709613236513776,0.23912708927599444
40,20,25,1.5,14,0.15,2.6,0.6709614610864747,0.2391595186714996
36,16,10,2.5,6,0.18,2.6,0.6709626694275563,0.23913425286627943
36,20,20,2.5,10,0.15,2.2,0.6709645315467782,0.23912387685069333
28,16,25,3.0,14,0.15,1.8,0.6709655859711973,0.2391033075122842
40,20,10,3.0,6,0.18,1.8,0.6709659943799834,0.23910889073780592
36,16,20,1.5,14,0.18,1.8,0.6709681075332344,0.2391313474031276
32,12,10,2.0,14,0.18,2.2,0.6709697480340316,0.239115289641156
32,16,20,2.0,14,0.15,2.6,0.6709715929567184,0.2391258797938676
36,12,15,2.0,6,0.18,2.2,0.6709725248030393,0.23912019196995843
40,16,25,1.5,10,0.15,2.6,0.6709737913167582,0.23914404318366178
36,12,25,1.5,14,0.15,1.8,0.670973924791652,0.23911844161755477
40,16,10,2.0,6,0.15,2.2,0.6709789372346252,0.23911775635718735
36,20,10,2.0,10,0.18,2.2,0.6709792269952943,0.23914067378783063
36,12,15,1.5,10,0.15,2.2,0.6709805786462073,0.2391171590009509
40,16,15,2.5,6,0.15,1.8,0.6709808504215421,0.2390789869886745
32,16,10,2.5,10,0.18,2.2,0.6709812185261003,0.23912985964982914
40,20,10,2.5,6,0.18,2.2,0.670981291668007,0.23914363986611117
40,12,25,2.0,6,0.22,1.8,0.6709823266706194,0.23915699868413803
28,20,20,3.0,14,0.22,2.6,0.6709828271094515,0.23918452447331262
40,16,15,1.5,6,0.18,2.6,0.670983530105857,0.2391489926868475
28,12,20,2.5,14,0.18,1.8,0.6709845507201624,0.23911720947568466
36,12,15,1.5,6,0.22,2.6,0.6709854046315895,0.23914492565817716
28,12,25,2.5,14,0.22,1.8,0.6709884075827136,0.23913693311714998
40,16,25,2.0,6,0.22,2.6,0.6709890841798524,0.23921516264937062
36,12,25,2.5,6,0.22,2.2,0.6709891745910919,0.2391739732149562
32,12,20,2.0,10,0.22,1.8,0.6709894919116955,0.23913404531207502
32,16,15,2.0,14,0.15,2.2,0.6709897262124308,0.23912443667008346
32,16,15,2.5,10,0.18,1.8,0.6709908063519381,0.23912721826082678
28,12,20,2.5,14,0.15,2.2,0.6709908805901135,0.23911593176949916
36,16,25,1.5,14,0.18,2.2,0.6709934930311895,0.23915975914431387
40,12,10,1.5,6,0.15,2.6,0.6709952306966955,0.23913266557102203
40,12,25,3.0,6,0.15,2.2,0.6709984156700665,0.23909293052333996
36,16,10,1.5,14,0.15,2.6,0.6709993085569248,0.23913661187046467
28,12,25,2.5,14,0.18,2.2,0.671000208001181,0.23913556884981524
28,12,20,3.0,10,0.18,2.2,0.6710006821168177,0.23913265232732248
36,16,10,3.0,6,0.15,2.2,0.671002945501773,0.23911769702492888
32,12,10,3.0,6,0.22,2.2,0.6710033771326875,0.23915227212379406
28,20,15,3.0,14,0.18,2.6,0.6710043087764868,0.2391639776566958
32,16,10,2.0,14,0.18,2.6,0.6710050666029489,0.23914308119767852
28,12,15,2.5,14,0.18,1.8,0.6710051536539134,0.2391243329256288
28,20,15,3.0,14,0.22,2.2,0.6710064683816759,0.2391792244161539
32,20,20,2.0,14,0.22,2.6,0.6710070209549314,0.23919270460400804
28,12,15,2.5,14,0.15,2.2,0.6710090251655744,0.23912298716172412
40,16,20,2.5,6,0.18,2.2,0.6710108645459912,0.2391537125687394
36,16,25,2.0,10,0.15,2.6,0.6710120465985778,0.23915217834811267
36,12,20,2.5,6,0.15,2.6,0.671012651576714,0.2391278079464144
36,16,15,1.5,10,0.22,1.8,0.6710133576700421,0.23915406251393234
40,16,20,2.0,6,0.18,2.6,0.6710159112069272,0.23917485594010854
36,20,25,2.0,14,0.15,2.2,0.6710183680207409,0.23916512907235457
32,16,20,2.0,10,0.22,2.6,0.6710218957863737,0.23917673001788414
32,12,20,1.5,14,0.22,2.6,0.6710247999270433,0.23915945502335056
36,20,10,3.0,6,0.22,2.6,0.6710249438834222,0.23921805999545778
36,16,20,2.5,6,0.22,2.6,0.671026507454623,0.23921272103814264
36,16,15,2.0,6,0.22,2.6,0.6710280710549609,0.2391906999656751
36,20,15,1.5,14,0.22,1.8,0.6710280969790897,0.2391804420590136
32,16,25,2.0,14,0.22,1.8,0.6710290009541504,0.23917588931193492
32,20,15,2.5,10,0.22,2.2,0.6710294873617124,0.23918714699796784
32,20,20,3.0,10,0.18,2.2,0.671030538733025,0.23917375832496982
40,20,20,1.5,10,0.18,2.2,0.6710327695863144,0.23918546657521558
36,12,10,2.5,6,0.15,1.8,0.6710332756605693,0.23913248479736307
36,16,10,1.5,10,0.22,2.2,0.6710341494201518,0.23916136271365487
28,20,10,3.0,14,0.22,2.6,0.6710343573316816,0.23919429821266963
32,12,15,2.0,10,0.18,2.2,0.671034664158244,0.23914504415112034
32,12,10,2.0,14,0.15,2.6,0.6710346676751919,0.23914427303873872
36,16,15,2.5,6,0.18,2.6,0.6710356224799079,0.23917036835205385
28,12,25,3.0,10,0.18,2.6,0.6710368267869984,0.23916045057179322
36,16,15,3.0,6,0.15,2.6,0.6710380141193338,0.23913873962392143
36,16,20,1.5,14,0.15,2.2,0.6710381725747772,0.23915805555661582
28,12,15,3.0,10,0.15,2.6,0.6710398633197713,0.23914371533941856
40,20,10,3.0,6,0.15,2.2,0.6710400137547771,0.2391304337996995
28,12,25,2.5,14,0.15,2.6,0.6710404571312051,0.23914717355185938
32,20,25,3.0,10,0.18,2.6,0.6710420984896339,0.23919751494664493
40,20,10,1.5,10,0.18,1.8,0.6710433315861954,0.2391664645473969
40,20,20,3.0,6,0.22,2.6,0.671048803182229,0.23927219445008646
36,16,10,2.0,10,0.15,1.8,0.6710488752832294,0.23915144803720373
40,16,10,1.5,6,0.18,2.6,0.6710489387640134,0.23917332507702985
36,16,15,1.5,14,0.15,1.8,0.6710493684166615,0.23915215524440006
40,20,15,1.5,10,0.18,1.8,0.6710495715825399,0.2391729193010068
36,12,20,1.5,10,0.18,1.8,0.6710505093312925,0.2391565953819369
40,20,25,2.5,10,0.15,1.8,0.6710535473416501,0.2391593232224596
32,16,20,2.5,10,0.15,2.6,0.6710553518701889,0.2391614544847076
36,12,25,1.5,10,0.18,2.2,0.6710565114004461,0.23917299001433692
36,20,20,2.0,10,0.22,1.8,0.671060042520002,0.2392009492106649
36,12,10,2.0,6,0.18,2.6,0.6710620218300564,0.2391684059861848
40,16,25,3.0,6,0.22,2.2,0.671063500217108,0.23924481800111477
36,12,25,2.0,6,0.22,2.6,0.6710641054158363,0.2392166639797294
32,12,15,3.0,6,0.22,1.8,0.671066329402167,0.23917083465174424
36,16,20,3.0,6,0.22,2.2,0.6710675429947764,0.23922034870525252
36,20,10,1.5,14,0.18,2.6,0.6710679870530386,0.23918880820800062
32,16,15,2.5,10,0.15,2.2,0.6710682466374194,0.23915826379918542
32,16,10,2.0,14,0.22,1.8,0.6710709917948242,0.23917477386362243
32,16,25,2.5,10,0.22,1.8,0.6710714666290127,0.23919346047331083
40,16,15,2.0,6,0.18,1.8,0.6710750038796746,0.2391621594015933
40,20,15,2.5,6,0.18,2.6,0.6710782176382888,0.23920870269338335
32,20,20,2.5,14,0.15,1.8,0.6710787892758898,0.2391668360987176
36,20,25,2.5,10,0.15,2.6,0.6710799295030622,0.23919333391137168
32,20,15,2.0,14,0.22,2.2,0.6710819739967162,0.23921052371749704
32,20,25,2.5,14,0.18,1.8,0.6710822389287713,0.23919397841488643
36,12,10,1.5,10,0.18,2.6,0.6710827561031412,0.2391711149444229
32,16,20,2.0,14,0.18,1.8,0.6710864070199116,0.23917874122747929
40,20,20,1.5,14,0.15,1.8,0.6710867442054274,0.23918742104330984
32,12,10,2.0,14,0.18,1.8,0.6710868667991996,0.23916878160802055
28,20,20,3.0,14,0.22,2.2,0.6710870337817955,0.23922260558804895
40,20,15,3.0,6,0.22,1.8,0.6710870517496543,0.23921240776999342
28,20,25,3.0,14,0.22,2.6,0.6710885728634494,0.23923905764799566
32,20,10,2.0,14,0.22,2.6,0.6710887507274491,0.23921128429665542
36,16,10,1.5,14,0.18,1.8,0.6710889725984216,0.23917857147566102
36,16,20,1.5,10,0.18,2.6,0.6710891599479161,0.23919762994540975
36,12,25,3.0,6,0.22,1.8,0.6710901632552992,0.2391987559092864
32,16,25,2.0,14,0.18,2.2,0.6710908007698038,0.23919555140667276
28,20,20,3.0,14,0.18,2.6,0.6710936125338792,0.23921017115436982
32,20,15,3.0,10,0.18,1.8,0.6710938652140809,0.23918353939437528
32,20,10,3.0,10,0.18,1.8,0.6710941026289601,0.23918316454598879
28,12,20,3.0,10,0.15,2.6,0.6710956807761713,0.2391706770289323
32,12,20,2.0,10,0.18,2.2,0.6710987246306902,0.23917975692736154
32,12,10,2.5,10,0.15,1.8,0.6711014320297533,0.23917577355720915
40,12,10,1.5,6,0.18,1.8,0.6711019136417915,0.2391813377448905
36,16,25,1.5,10,0.22,2.2,0.6711025792066256,0.2392240803916532
36,12,10,1.5,14,0.15,1.8,0.6711027867237924,0.23917846564252424
28,20,10,3.0,14,0.18,2.6,0.6711029130126965,0.23920507654917963
28,16,15,3.0,10,0.22,2.6,0.671104519860654,0.23920969765024933
40,20,10,1.5,6,0.22,2.6,0.6711048411298095,0.23923311738072459
28,12,15,2.5,14,0.15,1.8,0.6711058559249459,0.2391639241762739
36,12,20,2.0,6,0.18,2.6,0.6711063204109676,0.239197610194513
36,12,20,3.0,6,0.15,1.8,0.6711067384783453,0.23912556435838317
28,12,20,2.5,14,0.15,1.8,0.6711068943879012,0.2391640895023349
28,20,10,3.0,14,0.22,2.2,0.6711093574857403,0.23922069661598336
40,20,25,1.5,10,0.18,2.6,0.6711106069169379,0.23924159297511385
36,20,20,1.5,14,0.18,2.6,0.6711118260999033,0.23922723100598478
36,16,10,2.5,6,0.22,1.8,0.6711133857598469,0.23920290753230125
36,12,10,1.5,10,0.22,1.8,0.6711139158843114,0.2391857147248567
28,20,15,3.0,14,0.18,2.2,0.6711140458712604,0.23920577760793973
32,12,15,1.5,14,0.22,2.6,0.6711154249706004,0.2391912060470476
32,12,25,2.0,10,0.18,2.6,0.6711173534889461,0.23919994118104335
32,20,25,2.5,14,0.15,2.2,0.6711179697920792,0.23920129016380146
40,12,25,2.0,6,0.18,2.2,0.6711180775999754,0.23920378609800758
32,16,10,2.0,14,0.18,2.2,0.6711181153552086,0.23919245502802022
32,12,10,3.0,6,0.18,2.6,0.6711187200493283,0.2391982347309343
32,20,25,2.5,10,0.22,2.6,0.6711189900303678,0.23925485467886806
28,20,15,3.0,14,0.22,1.8,0.6711192700181017,0.23921875784394364
32,12,10,2.0,14,0.15,2.2,0.6711198040730981,0.23918297848663414
36,20,20,1.5,10,0.22,2.6,0.6711200305568675,0.2392466786289721
32,12,25,2.5,10,0.15,1.8,0.6711206988801042,0.23917223657392742
32,16,10,2.5,10,0.15,2.6,0.6711212012364144,0.23919064985142707
36,20,15,2.0,10,0.15,2.6,0.671122039045554,0.23920162961932967
32,12,15,3.0,6,0.18,2.2,0.6711249516830537,0.23918846825849538
32,12,15,2.5,6,0.22,2.6,0.6711254500037951,0.2392170322262698
40,16,20,1.5,10,0.15,1.8,0.6711265338904708,0.23918918481169293
32,16,20,2.0,14,0.15,2.2,0.671127823104455,0.23919218643783363
32,20,10,2.5,10,0.22,2.2,0.6711280633917173,0.23922547072995792
40,20,20,2.5,6,0.22,2.6,0.6711285214113989,0.23929460796760807
36,20,10,1.5,10,0.22,2.6,0.671129272950943,0.23922732378756983
28,12,25,2.5,14,0.18,1.8,0.6711309680158744,0.23918891273612825
40,20,25,1.5,14,0.18,1.8,0.6711316504524316,0.2392365212068198
36,16,10,2.0,6,0.22,2.6,0.6711319228164336,0.23922731524460178
28,12,15,3.0,10,0.18,1.8,0.6711321055173554,0.23918610602499865
40,20,20,2.0,10,0.15,1.8,0.6711330331503369,0.23919301140987081
32,12,25,1.5,14,0.22,2.6,0.6711334620745317,0.2392206150164261
36,20,15,1.5,14,0.18,2.2,0.671134084661329,0.23922131914586214
28,12,25,3.0,10,0.22,1.8,0.6711353151215556,0.23920668085334018
40,20,15,2.0,6,0.22,2.2,0.6711376259018454,0.23925565410719385
36,12,15,2.0,6,0.15,2.6,0.6711385696664185,0.23918974437408547
40,16,15,1.5,6,0.22,1.8,0.6711386520440487,0.2392208759609978
28,12,25,2.5,14,0.15,2.2,0.6711416937450192,0.23918884698501452
40,20,10,2.0,6,0.18,2.6,0.6711435844068417,0.23923115471907375
28,20,15,3.0,14,0.15,2.6,0.6711483482298669,0.2392105148185189
40,16,25,1.5,10,0.18,1.8,0.6711487165360943,0.23922288202496242
40,12,20,2.0,6,0.15,1.8,0.6711505924537644,0.23916582886676155
36,16,25,1.5,14,0.15,2.6,0.6711511461536236,0.23922297576251705
40,16,15,2.0,6,0.15,2.2,0.6711512149237628,0.23918809967007948
36,20,25,1.5,14,0.22,2.2,0.6711526212843937,0.2392686211150067
36,12,20,1.5,10,0.15,2.2,0.6711530409567578,0.2392004071417399
36,16,10,1.5,14,0.15,2.2,0.6711546718786463,0.23920665769944807
36,12,10,2.0,6,0.22,1.8,0.671155846874035,0.23921172433541577
40,20,25,2.0,10,0.18,1.8,0.6711568975977154,0.23923524676202024
36,12,25,3.0,6,0.18,2.2,0.6711577574033097,0.2392107121968284
28,16,20,3.0,10,0.22,2.6,0.6711581624332995,0.2392422553270407
28,16,15,2.5,14,0.22,2.6,0.6711585979507029,0.2392308881578422
32,20,25,2.0,14,0.22,2.6,0.671158878489073,0.23927099077705133
28,16,20,2.5,14,0.22,2.6,0.6711605361905556,0.2392396428244603
36,16,15,1.5,10,0.18,2.2,0.6711608563309011,0.23921726827556047
40,20,10,2.5,6,0.15,2.6,0.6711613172405287,0.2392099621617641
40,20,10,1.5,10,0.15,2.2,0.6711618961711343,0.2392169508489685
36,20,10,1.5,14,0.22,1.8,0.671162088409572,0.23923380222127918
40,16,10,1.5,6,0.22,1.8,0.6711668241478286,0.23922802069456203
40,20,15,1.5,10,0.15,2.2,0.6711690407556273,0.23922139248080396
32,20,10,3.0,10,0.15,2.2,0.6711690836783978,0.23921136371261117
32,12,20,3.0,6,0.22,2.2,0.671169915563765,0.23924241144846636
36,20,10,2.0,10,0.15,2.6,0.6711700122175474,0.2392219853776632
40,16,20,1.5,6,0.22,2.2,0.6711709572578853,0.23926272486121675
32,16,15,2.0,14,0.15,1.8,0.6711713516325299,0.23920240939710785
40,12,20,1.5,6,0.15,2.6,0.6711714028946278,0.23921343708563397
40,12,25,2.5,6,0.18,1.8,0.6711714113716226,0.23919664945032057
32,16,15,2.0,10,0.22,2.2,0.6711723689443181,0.23923152152275307
40,20,15,1.5,6,0.22,2.6,0.6711726096804362,0.23927938407516616
32,20,15,3.0,10,0.15,2.2,0.6711729826721416,0.2392120524838679
40,16,25,2.5,6,0.22,2.2,0.6711733297153651,0.2392865718070225
36,16,25,2.0,10,0.18,1.8,0.6711748783149055,0.23922537475188144
32,16,25,2.5,10,0.18,2.2,0.6711769339107485,0.2392319243943696
32,12,15,2.0,10,0.15,2.6,0.6711778767298874,0.23920889249655908
40,16,20,3.0,6,0.18,1.8,0.6711782705211288,0.23919251416808865
32,16,25,3.0,10,0.15,1.8,0.6711790172052893,0.23919944370688773
32,12,20,1.5,14,0.22,2.2,0.6711796797523801,0.2392286644051316
36,12,20,1.5,6,0.22,2.6,0.6711831966449757,0.23925176104568321
32,20,25,3.0,10,0.22,1.8,0.6711842634515115,0.23926269553057392
28,12,15,3.0,10,0.15,2.2,0.6711861253936772,0.2392084549923401
40,20,15,3.0,6,0.18,2.2,0.6711866242852642,0.23923467182134117
32,20,20,3.0,10,0.15,2.6,0.6711875151107192,0.23923223699625049
36,20,25,3.0,10,0.15,1.8,0.6711887203329872,0.23921307395587918
36,12,25,2.5,6,0.18,2.6,0.6711905028970764,0.23924485734298082
32,20,20,2.5,10,0.22,2.2,0.6711928465583222,0.23927050948938414
36,12,20,2.5,6,0.18,1.8,0.6711933283305084,0.2392061504574066
36,16,20,2.0,10,0.15,1.8,0.6711941862484742,0.23921277793306414
32,16,25,2.0,14,0.15,2.6,0.6711965163669587,0.23923507041999229
28,12,10,3.0,10,0.22,2.6,0.6711968798760163,0.23923129056841916
32,20,20,2.0,14,0.22,2.2,0.6711973955698596,0.23927255271423176
32,16,20,2.5,10,0.18,1.8,0.6711976612137384,0.23922574460783966
32,16,10,2.0,14,0.15,2.6,0.6711979458058415,0.23922540227366895
32,16,25,2.0,10,0.22,2.6,0.6711979820334819,0.2392675680641136
40,12,15,1.5,6,0.15,1.8,0.6711991235868567,0.23920589078607818
32,20,15,2.0,14,0.18,2.6,0.6711996149525171,0.23925360920208424
40,12,10,1.5,6,0.15,2.2,0.6712004218913943,0.23922550219570918
40,16,20,2.5,6,0.15,2.6,0.6712006413991383,0.23921877314053122
32,12,10,2.0,10,0.22,2.6,0.6712010218137509,0.23922747551118717
28,12,25,3.0,10,0.18,2.2,0.6712018405221025,0.23923005208337497
28,20,10,3.0,14,0.18,2.2,0.6712022998331874,0.23924316153348738
28,20,25,3.0,14,0.22,2.2,0.6712035266760684,0.23928143645588615
28,20,10,3.0,14,0.22,1.8,0.6712049995208134,0.23925368512491071
36,20,20,2.0,10,0.18,2.2,0.6712057787281882,0.23925674757125734
28,12,20,3.0,10,0.18,1.8,0.6712076228290431,0.23922201718207536
36,16,20,1.5,10,0.22,1.8,0.6712078719026224,0.2392536064664349
36,16,10,2.5,6,0.18,2.2,0.6712127776943354,0.2392402081829463
28,20,20,3.0,14,0.18,2.2,0.671214789464133,0.23925638153926904
28,20,20,3.0,14,0.22,1.8,0.6712167896563558,0.2392687996013323
32,16,10,2.5,10,0.18,1.8,0.671216994556422,0.23923413166708096
40,16,20,2.0,6,0.22,1.8,0.6712173330358138,0.23926638655930021
36,16,15,2.5,6,0.22,1.8,0.6712185033769734,0.23925333924144992
28,20,25,3.0,14,0.18,2.6,0.6712185870285138,0.23927198288862708
32,12,25,2.0,10,0.22,1.8,0.6712242212724394,0.23925038253944803
36,16,15,3.0,6,0.18,1.8,0.6712264798725525,0.23921812076838683
40,20,25,1.5,14,0.15,2.2,0.6712271737282941,0.23927079742477944
36,20,25,2.0,10,0.18,2.6,0.671227918351471,0.2392851188600741
32,20,15,2.5,10,0.18,2.6,0.6712298054405381,0.2392668713650916
28,16,15,2.5,14,0.22,2.2,0.6712306834820614,0.23925877627393763
32,12,15,3.0,6,0.15,2.6,0.6712317713828422,0.2392271075904562
28,20,10,3.0,14,0.15,2.6,0.6712323790961768,0.23924728528642272
32,12,10,3.0,6,0.22,1.8,0.6712377585530318,0.23925251619060686
32,20,10,2.0,14,0.22,2.2,0.6712379363583155,0.23927474265512222
32,12,10,2.0,14,0.15,1.8,0.6712392007263408,0.23923754154080698
36,12,15,1.5,10,0.15,1.8,0.6712397550278961,0.23923499960098454
40,12,25,1.5,6,0.18,2.6,0.6712400261286939,0.23927590303569124
36,20,20,1.5,14,0.22,1.8,0.6712412183471919,0.23928880360221869
36,12,15,1.5,6,0.22,2.2,0.6712437305107235,0.23926060697126703
32,12,15,1.5,14,0.22,2.2,0.6712464809935237,0.23925081511740798
40,12,25,2.5,6,0.15,2.2,0.6712470203721194,0.23921723658638727
36,12,20,2.5,6,0.15,2.2,0.6712486896552635,0.23922217758246564
36,16,20,3.0,6,0.18,2.6,0.6712503090845094,0.2392772242158188
28,16,20,2.5,14,0.22,2.2,0.6712510664796573,0.23927504069698693
32,12,20,2.0,10,0.15,2.6,0.6712513833670706,0.23924565250262042
36,20,15,1.5,10,0.22,2.2,0.6712535495971826,0.2392894875600164
40,16,20,3.0,6,0.15,2.2,0.6712536055334425,0.2392104071497689
28,20,20,3.0,14,0.15,2.6,0.6712542788344025,0.23926248785999216
28,16,25,2.5,14,0.22,2.6,0.671256311777354,0.23929110883645274
36,12,10,1.5,10,0.18,2.2,0.67125847364303,0.23925336658843363
28,16,15,2.5,14,0.18,2.6,0.6712586377807765,0.23926293244226263
36,12,25,1.5,10,0.15,2.6,0.6712613787169307,0.23926077295191395
28,12,20,3.0,10,0.15,2.2,0.6712627203152783,0.23924347655165812
36,20,10,1.5,14,0.18,2.2,0.671264792613916,0.2392753794052939
32,16,20,2.0,10,0.22,2.2,0.6712655175752104,0.2392833784239928
28,20,15,3.0,14,0.18,1.8,0.6712657298503665,0.2392636620824473
40,16,10,2.0,6,0.15,1.8,0.6712657473996635,0.2392381038006584
32,12,15,2.0,10,0.18,1.8,0.6712667570440409,0.23924992919394322
28,16,15,3.0,10,0.22,2.2,0.6712675591197683,0.23927875809524005
36,12,20,2.0,6,0.22,1.8,0.6712681825701748,0.23927228029759262
40,20,25,1.5,10,0.22,1.8,0.6712688909058625,0.2393148986414675
36,12,10,2.0,6,0.18,2.2,0.6712689505430655,0.23926132772211703
28,20,15,3.0,14,0.15,2.2,0.6712715384992938,0.23925868536889908
36,20,25,2.5,10,0.18,1.8,0.6712715809836727,0.23927833500821985
40,16,25,1.5,10,0.15,2.2,0.6712726004289814,0.23927190610977225
36,16,10,1.5,10,0.18,2.6,0.6712731649132813,0.23926966782181489
28,12,25,2.5,14,0.15,1.8,0.6712749596389911,0.23924359873728152
36,20,15,2.0,10,0.18,1.8,0.6712753064541858,0.23927052285535427
40,20,25,2.0,10,0.15,2.2,0.6712765805972737,0.2392788175091651
32,16,20,2.5,10,0.15,2.2,0.6712778305726744,0.23925664752093923
36,16,25,2.0,10,0.15,2.2,0.6712791330048342,0.23926581064951374
28,12,10,3.0,10,0.22,2.2,0.6712799006638221,0.23926799691672226
36,12,15,2.0,6,0.18,1.8,0.6712803275451399,0.23925287843432305
32,16,10,2.0,14,0.18,1.8,0.6712808143209325,0.23926387782989994
36,16,10,3.0,6,0.15,1.8,0.6712816535274575,0.2392284230784704
40,20,20,1.5,10,0.15,2.6,0.6712834181589709,0.23928897466162077
36,16,15,3.0,6,0.15,2.2,0.6712839636933969,0.23923337465907832
28,16,20,2.5,14,0.18,2.6,0.671285845009998,0.23928070323567
40,16,25,3.0,6,0.18,2.6,0.67128784255726,0.2393096741249527
36,20,15,1.5,14,0.15,2.6,0.6712889785076355,0.23928440720717217
40,16,15,1.5,6,0.18,2.2,0.6712909258190525,0.23928187028188283
36,20,15,3.0,6,0.22,2.6,0.6712922340564766,0.23935190221406072
28,16,25,3.0,10,0.22,2.6,0.6712953373196529,0.23931262231161654
36,16,25,1.5,14,0.18,1.8,0.6712956360475251,0.23928941342449486
32,16,10,2.5,10,0.15,2.2,0.6712957670055487,0.23926772355119807
32,20,25,3.0,10,0.18,2.2,0.6712964370011116,0.239300085714946
36,16,20,1.5,14,0.15,1.8,0.6712968448120081,0.23927001282136312
32,12,10,3.0,6,0.18,2.2,0.671299205247995,0.23927556703395525
36,20,10,2.0,10,0.18,1.8,0.6712994164722386,0.2392802673465225
40,16,25,1.5,6,0.22,2.6,0.671301467683469,0.23934953998451985
36,20,25,2.0,14,0.15,1.8,0.6713017896611626,0.23928119404711867
28,12,25,3.0,10,0.15,2.6,0.671303482189421,0.23926948386126207
32,12,20,3.0,6,0.18,2.6,0.6713049464675825,0.2392871014204441
40,20,20,2.0,6,0.22,2.6,0.671305491022219,0.2393641274044832
40,20,15,2.5,6,0.22,1.8,0.6713063189790054,0.23931062199626288
32,12,25,1.5,14,0.22,2.2,0.6713092054325898,0.23929823535155206
32,20,15,2.0,14,0.22,1.8,0.6713113245911836,0.23930686224292244
36,20,10,3.0,6,0.22,2.2,0.6713127623218442,0.23933120927824236
36,20,20,2.5,10,0.15,1.8,0.6713129210718525,0.23926776837416297
36,16,15,2.0,6,0.22,2.2,0.6713136694262914,0.23931189520416712
40,20,10,2.0,6,0.22,1.8,0.6713154633466761,0.23930928533925155
36,12,25,3.0,6,0.15,2.6,0.6713155084862152,0.2392617369822486
32,16,10,2.0,14,0.15,2.2,0.6713175194445059,0.23927782602819248
32,12,20,1.5,14,0.18,2.6,0.6713181538950573,0.23928754446838424
32,20,10,2.5,10,0.18,2.6,0.6713182762333189,0.23930339383488977
40,12,25,2.0,6,0.15,2.6,0.6713184943170234,0.23927826868742838
40,16,10,1.5,6,0.18,2.2,0.6713185287879451,0.23929299385952887
36,16,15,2.5,6,0.18,2.2,0.6713203624341738,0.23928762287431066
32,16,25,2.0,14,0.18,1.8,0.6713229373766033,0.2392930386861882
32,16,10,2.0,10,0.22,2.6,0.6713230254347404,0.23929944471980552
32,16,15,2.5,10,0.15,1.8,0.671323398027846,0.23926863676241897
32,20,20,2.0,14,0.18,2.6,0.6713266568225398,0.2393192553936173
28,12,20,2.5,10,0.22,2.6,0.6713315220923143,0.23930148987543495
32,16,20,2.0,14,0.15,1.8,0.6713317856317731,0.23927856606470882
32,12,15,2.5,6,0.22,2.2,0.6713319370241464,0.23930443792048442
32,16,25,2.5,10,0.15,2.6,0.6713352376694731,0.23929429812952674
28,20,10,3.0,14,0.18,1.8,0.671335883913286,0.23929405895565686
36,16,25,3.0,6,0.22,2.6,0.6713362059990934,0.23937697883056458
32,12,25,2.0,10,0.18,2.2,0.6713382803875567,0.23929670276794524
36,16,10,1.5,10,0.22,1.8,0.6713392749741995,0.23930087624079466
36,16,20,2.5,6,0.22,2.2,0.6713396390895137,0.2393387917935412
28,20,10,3.0,14,0.15,2.2,0.6713396673443595,0.23928903483439762
28,16,20,3.0,10,0.22,2.2,0.6713409150949673,0.2393189929862503
32,12,10,2.0,10,0.22,2.2,0.6713415597796683,0.23929275339110645
28,16,15,2.5,14,0.22,1.8,0.6713435349860505,0.23930367949107248
32,20,25,2.5,14,0.15,1.8,0.6713441705621107,0.23929139364380472
28,20,25,3.0,14,0.22,1.8,0.6713475627235521,0.23933328304591234
32,12,15,2.0,10,0.15,2.2,0.6713476624740572,0.2392854552399719
28,20,25,3.0,14,0.18,2.2,0.6713492150295195,0.23932185893913405
40,12,20,1.5,6,0.18,1.8,0.6713493439478513,0.23929321514245291
32,20,10,2.0,14,0.18,2.6,0.6713494854805458,0.23931733107059677
36,12,15,2.0,6,0.15,2.2,0.6713495597531021,0.23927964698265855
40,20,10,2.5,6,0.18,1.8,0.6713501625923934,0.23928999524079425
32,20,20,3.0,10,0.18,1.8,0.6713520745331456,0.2393049276932663
36,20,25,1.5,10,0.22,2.6,0.6713521641075618,0.23936400092647858
32,20,15,2.5,10,0.22,1.8,0.6713551327000812,0.23932506721473135
36,20,20,1.5,14,0.18,2.2,0.6713557263426825,0.239331937350837
40,16,20,2.0,6,0.18,2.2,0.6713563083478314,0.23931465416635278
36,16,10,1.5,14,0.15,1.8,0.6713578526251543,0.2392982383352238
28,16,15,2.5,14,0.18,2.2,0.6713595700883799,0.23930451175916015
36,16,15,1.5,10,0.15,2.6,0.6713607902172677,0.2393048023123589
36,20,10,2.5,6,0.22,2.6,0.6713611965975651,0.2393622492272738
36,16,20,1.5,10,0.18,2.2,0.671361899530238,0.2393176929139408
32,12,20,2.0,10,0.18,1.8,0.6713630542355942,0.23929705861287928
28,16,25,2.5,14,0.22,2.2,0.6713637269301795,0.2393335067500083
32,20,25,2.0,14,0.22,2.2,0.6713666725450318,0.23935792834712766
32,16,25,2.0,14,0.15,2.2,0.6713692876166003,0.23930786811214735
36,16,10,2.5,6,0.15,2.6,0.67136957703829,0.23930310193125776
32,16,15,2.0,10,0.18,2.6,0.6713708471449518,0.2393165620191648
28,12,15,3.0,10,0.15,1.8,0.6713719201415622,0.23929042367057896
36,16,25,1.5,14,0.15,2.2,0.6713719952823881,0.23931790846278805
32,12,15,1.5,14,0.18,2.6,0.6713722868254687,0.23930615187807883
32,12,20,2.5,6,0.22,2.6,0.6713726278328372,0.2393437214432694
36,20,25,2.5,10,0.15,2.2,0.6713728086447684,0.23931398907978593
36,20,25,1.5,14,0.18,2.6,0.6713730326188934,0.23935596926234484
36,12,25,2.0,6,0.22,2.2,0.6713761610070949,0.23934751523397374
32,20,15,2.0,14,0.18,2.2,0.6713770912218735,0.23932865418918026
36,20,15,2.0,10,0.15,2.2,0.6713772998576295,0.23931078550380144
32,12,15,3.0,6,0.18,1.8,0.6713785309103184,0.23929056891801767
36,16,25,1.5,10,0.18,2.6,0.6713785401926982,0.23934005808124387
40,12,25,3.0,6,0.15,1.8,0.6713786986898271,0.23923198096112316
40,20,15,3.0,6,0.15,2.6,0.6713787056014057,0.23929617307590467
32,12,25,3.0,6,0.22,2.6,0.6713788038237968,0.2393645331678842
36,20,25,2.0,10,0.22,1.8,0.6713797019398714,0.23935524628092156
36,16,20,2.0,6,0.22,2.6,0.6713814783615857,0.23936758098499342
40,16,25,2.0,6,0.22,2.2,0.6713817728383833,0.23937590023128236
28,20,20,3.0,14,0.18,1.8,0.671381781206039,0.23932018871563096
36,16,10,2.0,6,0.22,2.2,0.6713819300640445,0.23933622174548605
28,16,20,2.5,14,0.22,1.8,0.6713821938058295,0.2393268832172465
28,12,10,3.0,10,0.18,2.6,0.6713826697491366,0.23931399010062096
28,12,15,2.5,10,0.22,2.6,0.67138439229391,0.23931877009877242
36,12,20,2.0,6,0.18,2.2,0.6713847189891934,0.239316025784701
40,20,10,3.0,6,0.15,1.8,0.6713867185178838,0.2392614760921637
28,20,20,3.0,14,0.15,2.2,0.6713900703753783,0.23931566855910763
28,20,25,3.0,14,0.15,2.6,0.671394577818933,0.23932990676456647
36,12,25,2.5,6,0.22,1.8,0.671394635533505,0.23933745541536605
28,16,15,3.0,10,0.18,2.6,0.6713962682630118,0.23932936725092016
28,16,10,3.0,10,0.22,2.6,0.6713965779050595,0.23934015102151932
32,20,25,2.5,10,0.22,2.2,0.6713990209040298,0.23937211183937565
36,20,10,2.0,10,0.15,2.2,0.671399923401978,0.2393218277602299
32,12,20,1.5,14,0.22,1.8,0.671401032743535,0.23932765386094673
28,16,20,2.5,14,0.18,2.2,0.6714040614063445,0.23932926468951696
36,20,10,1.5,10,0.22,2.2,0.6714040765922796,0.23935017898112615
32,20,20,2.5,10,0.18,2.6,0.6714054394566223,0.23935373126672677
28,16,15,2.5,14,0.15,2.6,0.6714058673055919,0.23931917771525069
36,12,25,1.5,10,0.18,1.8,0.6714059577063337,0.23932712137285994
28,16,25,2.5,14,0.18,2.6,0.6714071070730379,0.23934189323443275
40,20,15,2.0,6,0.18,2.6,0.6714094046608081,0.2393586836735038
36,20,10,1.5,14,0.15,2.6,0.6714103463836152,0.23933661923701371
28,12,10,3.0,10,0.22,1.8,0.6714117745403608,0.2393270356921941
32,12,15,3.0,6,0.15,2.2,0.6714154589770516,0.23930071303190512
32,12,10,3.0,6,0.15,2.6,0.6714180875585937,0.2393248299401157
40,12,25,1.5,6,0.22,1.8,0.6714185764847017,0.23935839445329762
36,20,20,2.0,10,0.15,2.6,0.6714187346343367,0.23934298373280988
32,16,15,1.5,14,0.22,2.6,0.6714189917300768,0.23935042881493995
40,16,20,2.5,6,0.18,1.8,0.6714200111001534,0.2393115361490608
28,20,15,3.0,14,0.15,1.8,0.6714230819383336,0.23931685200166583
40,16,25,2.5,6,0.18,2.6,0.6714232071878893,0.23936963602242964
40,20,15,2.5,6,0.18,2.2,0.671423564368625,0.23934519458051332
32,20,10,2.5,10,0.22,1.8,0.6714260362566479,0.23935335967108218
36,20,15,1.5,14,0.18,1.8,0.6714266474036981,0.2393477564932979
32,16,20,1.5,14,0.22,2.6,0.6714276755085647,0.2393643249464561
28,12,25,3.0,10,0.18,1.8,0.6714289038730221,0.23932675453405075
40,20,10,2.5,6,0.15,2.2,0.6714303537345775,0.23931644325334206
40,20,10,1.5,6,0.22,2.2,0.6714311783838149,0.2393751015042328
32,12,20,1.5,10,0.22,2.6,0.671432495960108,0.2393491134299377
40,20,20,3.0,6,0.22,2.2,0.6714344830064568,0.2394163822360637
32,20,20,3.0,10,0.15,2.2,0.6714357186762331,0.2393342948432358
32,12,15,1.5,14,0.22,1.8,0.6714360802079391,0.23933711030485783
28,12,25,2.5,10,0.22,2.6,0.6714361206700648,0.23935775196064946
36,12,10,2.0,6,0.15,2.6,0.6714383931933403,0.23933729906742238
40,12,20,1.5,6,0.15,2.2,0.671438440475825,0.23932667846044728
36,12,10,1.5,10,0.15,2.6,0.671441747070121,0.23933961302644285
32,20,10,3.0,10,0.15,1.8,0.6714428586046686,0.2393264282407678
32,20,10,2.0,14,0.22,1.8,0.6714449254305752,0.23936284577487865
36,20,20,1.5,10,0.22,2.2,0.6714455809789452,0.23938862251894014
32,12,20,2.0,10,0.15,2.2,0.6714456243030856,0.2393317854180837
36,12,20,1.5,10,0.15,1.8,0.6714472864339083,0.23933163178783012
32,20,20,2.0,14,0.22,1.8,0.6714495399748548,0.2393777055179626
40,12,10,1.5,6,0.15,1.8,0.6714560287719665,0.23934049872358454
28,16,20,2.5,14,0.15,2.6,0.6714562913906063,0.2393453355642879
40,20,10,2.0,6,0.18,2.2,0.6714569602728314,0.23936308858341648
40,20,25,1.5,10,0.18,2.2,0.6714582241720735,0.2393889664024954
32,12,25,1.5,14,0.18,2.6,0.6714615533223962,0.2393616910642885
32,20,25,3.0,10,0.15,2.6,0.6714618803110503,0.23936104106584802
32,16,25,2.0,10,0.22,2.2,0.6714620178503146,0.23938222427319272
40,20,20,1.5,10,0.18,1.8,0.6714628106630445,0.2393695726411258
32,20,15,2.5,10,0.18,2.2,0.6714642725121709,0.23936559849568412
32,16,15,2.0,10,0.22,1.8,0.6714646388344113,0.2393607160397787
32,20,15,3.0,10,0.15,1.8,0.6714672405872465,0.23933368692443438
40,16,20,1.5,6,0.18,2.6,0.6714680950333576,0.23938278457746542
28,12,20,3.0,10,0.15,1.8,0.671468594137946,0.23933242866629717
32,16,15,3.0,6,0.22,2.6,0.6714740768845262,0.2394049108586726
36,16,20,3.0,6,0.22,1.8,0.671475454249469,0.2393775947892495
36,12,15,1.5,6,0.18,2.6,0.671475535354022,0.23936174821381526
36,16,15,2.5,6,0.15,2.6,0.6714757678515086,0.23934470290101362
32,12,15,2.5,6,0.18,2.6,0.6714763800289895,0.23936079326843224
32,12,10,2.5,6,0.22,2.6,0.6714764293656467,0.23937390431235078
32,16,20,2.0,10,0.18,2.6,0.6714771166882634,0.23937203266401352
32,16,10,2.0,14,0.15,1.8,0.6714781789773986,0.23934837452875365
28,20,10,3.0,14,0.15,1.8,0.6714782983015646,0.23934266060847112
32,20,15,2.0,10,0.22,2.6,0.6714788334834596,0.23939824081931296
28,16,20,3.0,10,0.18,2.6,0.6714804239302604,0.23937259639070985
36,12,20,1.5,6,0.22,2.2,0.6714804613077858,0.23938255866312447
40,16,15,2.0,6,0.15,1.8,0.6714806888493282,0.2393215157713469
32,12,20,1.5,14,0.18,2.2,0.6714809985734109,0.23936034503994066
28,12,10,3.0,10,0.18,2.2,0.6714823495871444,0.2393582581285717
32,16,10,3.0,6,0.22,2.6,0.6714837860939659,0.23940140701877943
32,12,20,3.0,6,0.22,1.8,0.6714842664525481,0.2393684557268966
36,16,15,1.5,10,0.18,1.8,0.6714852552176965,0.2393620418933282
28,12,25,3.0,10,0.15,2.2,0.6714864380345497,0.23934824453954612
32,20,15,2.0,14,0.15,2.6,0.671486686368773,0.2393702800114114
28,12,20,2.5,10,0.22,2.2,0.6714886385211702,0.23937040556899628
32,16,25,2.5,10,0.18,1.8,0.6714890730167327,0.23936344041973992
36,16,10,1.5,10,0.18,2.2,0.6714893077753928,0.23936813769872317
40,20,10,1.5,10,0.15,1.8,0.6714908825791699,0.23936220542992542
32,12,15,1.5,10,0.22,2.6,0.6714929934286943,0.23936783083717178
28,16,15,3.0,10,0.22,1.8,0.6714935256512962,0.23937474495405428
28,16,25,3.0,10,0.22,2.2,0.6714945658674395,0.2393958093484623
28,16,15,2.5,14,0.18,1.8,0.6714949108107612,0.23936006114547914
40,16,20,2.5,6,0.15,2.2,0.6714974484734519,0.2393329909951733
28,12,10,2.5,14,0.22,2.6,0.6714976893270194,0.23936870777699068
36,12,25,2.5,6,0.18,2.2,0.671497875243722,0.23936949618411163
36,12,10,1.5,10,0.18,1.8,0.6715004230490638,0.2393667886581522
36,12,10,1.5,6,0.22,2.6,0.6715005629391165,0.23937732001424034
36,20,10,3.0,6,0.18,2.6,0.6715006519089103,0.23939536153774243
32,12,25,2.0,10,0.15,2.6,0.6715018035099347,0.23936580047388942
36,20,15,1.5,14,0.15,2.2,0.6715024515933529,0.2393767741229944
40,16,15,1.5,6,0.15,2.6,0.6715049101962385,0.23937048823761412
32,20,25,2.0,14,0.18,2.6,0.6715069226844241,0.2394083683586186
32,20,10,2.0,14,0.18,2.2,0.6715077481956875,0.23938492936942388
28,16,15,2.5,14,0.15,2.2,0.6715082917788057,0.23936140476867196
28,16,10,2.5,14,0.22,2.6,0.6715087720476409,0.2393884081120031
28,12,10,2.5,14,0.22,2.2,0.6715092258032951,0.23937203026208773
32,12,15,1.5,14,0.18,2.2,0.6715101091292578,0.23936874347792425
28,16,25,2.5,14,0.22,1.8,0.6715108739243986,0.23939152691597973
36,16,25,1.5,10,0.22,1.8,0.6715112727392091,0.23940239975578076
36,12,25,1.5,10,0.15,2.2,0.6715117880748659,0.239371015645761
32,16,10,2.0,10,0.22,2.2,0.6715120205493216,0.2393845734991186
36,20,25,1.5,14,0.22,1.8,0.6715124885258734,0.23942211162497215
28,12,10,2.5,14,0.18,2.6,0.6715149627278854,0.23937166189856068
32,12,10,2.0,10,0.18,2.6,0.671515279493412,0.23937376304405966
36,16,10,2.5,6,0.18,1.8,0.6715160324083268,0.2393665105228332
28,12,15,2.5,10,0.22,2.2,0.6715181503914414,0.23937831108933713
32,20,20,2.0,14,0.18,2.2,0.6715208079131392,0.23940077524680176
36,20,20,1.5,14,0.15,2.6,0.6715220856379179,0.23939839442768968
40,20,20,2.5,6,0.22,2.2,0.6715222943228409,0.23944888112369578
36,16,25,2.5,6,0.22,2.6,0.6715232322653981,0.23945224776064666
36,12,25,3.0,6,0.18,1.8,0.6715232833807036,0.23934905286257224
40,16,10,1.5,6,0.15,2.6,0.6715256630827813,0.23938338357609373
36,20,15,1.5,10,0.18,2.6,0.671527386558602,0.23940603892109283
40,12,25,2.0,6,0.18,1.8,0.6715288083149605,0.23936963323543578
28,20,25,3.0,14,0.18,1.8,0.6715288277036913,0.2393905828614876
36,20,10,1.5,14,0.18,1.8,0.6715295148745986,0.2393917207070432
32,16,10,2.5,10,0.15,1.8,0.6715295389669168,0.23937129294953102
36,20,15,2.5,6,0.22,2.6,0.6715311041465822,0.23945126217497975
32,12,10,3.0,6,0.18,1.8,0.671531408868361,0.23937395097097885
28,16,10,3.0,10,0.22,2.2,0.6715327167124335,0.23939843473939204
40,20,15,1.5,10,0.15,1.8,0.6715343062321957,0.23937945137321842
36,20,25,2.0,10,0.18,2.2,0.671534599792709,0.23941384474486496
32,20,10,2.5,10,0.18,2.2,0.6715356777674206,0.23939624561113337
36,16,15,2.0,6,0.18,2.6,0.6715373708702621,0.23940109177406582
28,16,25,2.5,14,0.18,2.2,0.6715374499183605,0.23939517519596298
36,12,25,1.5,6,0.22,2.6,0.671538941946887,0.2394299201681826
28,20,25,3.0,14,0.15,2.2,0.6715395246145722,0.2393866538216596
32,20,20,2.5,10,0.22,1.8,0.6715415050131673,0.23941672571770534
40,20,15,1.5,6,0.22,2.2,0.6715431013077351,0.23943766917882287
32,12,10,2.0,10,0.22,1.8,0.6715451240244751,0.23938750320792265
36,16,20,3.0,6,0.18,2.2,0.6715487928360587,0.23939165326778503
36,12,10,2.0,6,0.18,1.8,0.6715490852098093,0.23938709968547733
32,12,20,3.0,6,0.18,2.2,0.671549399688979,0.23938597430603958
36,16,20,2.5,6,0.18,2.6,0.6715496371245945,0.23941284889490644
28,12,10,2.5,14,0.22,1.8,0.6715523315288702,0.2393896345277614
40,16,25,3.0,6,0.22,1.8,0.6715537068495367,0.2394268280629189
36,12,20,2.5,6,0.15,1.8,0.6715545253450599,0.23934407185635734
28,20,20,3.0,14,0.15,1.8,0.6715550080070496,0.2393788876654949
32,16,25,1.5,14,0.22,2.6,0.6715555560830149,0.23943266882454603
28,12,10,2.5,14,0.18,2.2,0.6715557200630768,0.23938874357115314
28,16,20,2.5,14,0.18,1.8,0.6715575267279176,0.23939172083300492
32,12,25,1.5,14,0.22,1.8,0.6715580287398806,0.23940821101412435
32,12,25,1.5,10,0.22,2.6,0.6715583967548152,0.239417391358936
32,16,20,2.5,10,0.15,1.8,0.6715601576864275,0.23937698680789937
40,16,20,2.0,6,0.15,2.6,0.6715608037936995,0.23939099335746244
36,12,20,2.0,6,0.15,2.6,0.6715618516092535,0.2393868847473848
28,16,15,3.0,10,0.18,2.2,0.6715638851755195,0.23940022148081086
28,16,10,2.5,14,0.22,2.2,0.6715678000643169,0.23941155258087132
40,20,25,1.5,14,0.15,1.8,0.671571202131847,0.2394143809965537
36,16,20,1.5,10,0.15,2.6,0.6715731432932118,0.23940799788642672
28,16,20,2.5,14,0.15,2.2,0.6715747555934836,0.2393939928884794
32,16,25,2.5,10,0.15,2.2,0.6715761297541271,0.2393965305417202
32,12,15,2.0,10,0.15,1.8,0.6715771872652397,0.2393892812797551
40,12,25,1.5,6,0.18,2.2,0.6715773122361532,0.23941906185141829
36,16,10,2.5,6,0.15,2.2,0.6715784789911039,0.23938893302571457
28,12,10,3.0,10,0.15,2.6,0.6715793338512424,0.23940202499184626
36,16,15,1.5,6,0.22,2.6,0.6715793830970115,0.2394403647153033
32,12,10,3.0,6,0.15,2.2,0.6715806629421619,0.2393929300772962
36,12,25,3.0,6,0.15,2.2,0.6715811709520852,0.23936205270708338
28,12,10,2.5,14,0.15,2.6,0.6715815039770221,0.23939849771097602
32,16,15,2.0,10,0.18,2.2,0.6715825438303004,0.23940990770730253
32,20,20,2.0,10,0.22,2.6,0.6715837669421838,0.23945516559991675
32,16,15,1.5,14,0.22,2.2,0.6715891039827043,0.23942612262062912
36,20,20,2.0,10,0.18,1.8,0.6715891087240785,0.23941922057749282
40,20,20,1.5,10,0.15,2.2,0.6715898036218639,0.2394197749373687
28,16,20,3.0,10,0.22,1.8,0.6715912958404562,0.2394243227672138
32,16,20,2.0,10,0.22,1.8,0.6715913164296189,0.2394256828924811
36,16,10,2.0,6,0.18,2.6,0.671592006119473,0.2394244370351882
36,16,15,1.5,10,0.15,2.2,0.6715922872816111,0.23940788481962802
32,16,25,2.0,14,0.15,1.8,0.6715927635148006,0.23940170977919276
28,16,10,2.5,14,0.18,2.6,0.6715937871859204,0.2394168987048607
36,12,15,1.5,6,0.22,1.8,0.6715949720920898,0.23941781151625796
40,20,20,1.5,6,0.22,2.6,0.6715952811834982,0.2394886507998769
32,12,20,1.5,14,0.15,2.6,0.6715954046171043,0.23940898335448108
28,16,25,2.5,14,0.15,2.6,0.6715974451860937,0.23941382877477688
36,16,15,3.0,6,0.15,1.8,0.671598955504022,0.239353920690247
36,20,10,1.5,14,0.15,2.2,0.6716026209055713,0.23942112042106975
36,12,10,1.5,10,0.15,2.2,0.6716089076868094,0.239417640680907
32,20,10,2.0,14,0.15,2.6,0.6716096443156724,0.23942483346056975
40,12,25,2.0,6,0.15,2.2,0.6716097943187748,0.23939487900822962
36,12,25,2.0,6,0.18,2.6,0.671609859066962,0.23943780054772898
32,12,20,2.5,6,0.22,2.2,0.671611249170155,0.2394426439045383
32,20,15,2.0,14,0.18,1.8,0.6716115275039006,0.23942736535754258
40,20,15,3.0,6,0.18,1.8,0.6716116373603784,0.23939214850342028
40,20,15,2.0,6,0.22,1.8,0.671612364793001,0.23945059856642834
40,12,25,2.5,6,0.15,1.8,0.6716143144268204,0.23935663697375803
32,12,15,1.5,14,0.15,2.6,0.671615628824265,0.2394151725069868
28,12,25,2.5,10,0.22,2.2,0.6716176777919477,0.23943675055583172
32,12,15,2.5,6,0.22,1.8,0.6716177511727546,0.23942603140897345
36,12,15,2.0,6,0.15,1.8,0.6716185587505978,0.2393935030398172
32,16,20,1.5,14,0.22,2.2,0.6716187578184244,0.23944836494395233
28,20,15,2.5,14,0.22,2.6,0.6716192201918706,0.23946523002279102
40,20,15,2.5,6,0.15,2.6,0.6716197187714058,0.23941306455305011
36,16,25,2.0,10,0.15,1.8,0.6716206943900549,0.2394107576230561
36,20,15,3.0,6,0.22,2.2,0.6716221688056648,0.23947958749640524
32,20,25,2.5,10,0.18,2.6,0.6716225686391479,0.23945872601812335
36,12,10,2.0,6,0.15,2.2,0.6716254612602248,0.23942026916248552
32,20,15,2.5,10,0.15,2.6,0.6716255095686267,0.23942971896651336
28,12,10,2.5,14,0.18,1.8,0.6716276364341096,0.2394199254443632
28,12,20,2.5,10,0.18,2.6,0.6716314855350116,0.23943072307858032
32,12,25,2.0,10,0.18,1.8,0.6716317144252009,0.23942534820730266
28,12,20,2.0,14,0.22,2.6,0.6716351850223704,0.23944161995923977
36,20,25,1.5,14,0.18,2.2,0.671635967323572,0.23946811480757293
32,20,25,3.0,10,0.18,1.8,0.6716363397542543,0.23943788020664603
28,12,10,2.5,14,0.15,2.2,0.6716365440813237,0.23942231027292016
40,16,20,3.0,6,0.15,1.8,0.6716373432615598,0.23935076869151306
32,20,25,2.0,14,0.22,1.8,0.6716375744589239,0.23947037013863715
32,20,20,2.0,14,0.15,2.6,0.6716380642674854,0.23944447698609947
32,12,25,3.0,6,0.22,2.2,0.6716403223414603,0.23946752223523549
28,12,10,3.0,10,0.18,1.8,0.6716414012072704,0.2394302652821825
32,20,10,2.0,10,0.22,2.6,0.6716432526773686,0.23946702771786507
28,16,25,3.0,10,0.18,2.6,0.6716447737494887,0.23945283134306872
32,12,25,1.5,14,0.18,2.2,0.6716458183271148,0.23944320821346304
28,16,15,2.5,14,0.15,1.8,0.6716458674921206,0.23941826786402506
32,12,10,2.5,6,0.22,2.2,0.6716471509503996,0.23944843768272478
40,16,20,1.5,6,0.22,1.8,0.6716481545704971,0.23946581434991202
28,12,15,2.5,10,0.18,2.6,0.6716495542938012,0.23943559758328894
36,20,15,1.5,10,0.22,1.8,0.6716519433493329,0.23946448146494098
40,16,25,3.0,6,0.18,2.2,0.6716540583392777,0.23944532278202524
36,16,25,1.5,14,0.15,1.8,0.6716541693058553,0.2394386985095338
32,20,20,2.5,10,0.18,2.2,0.6716563993089256,0.23945842656295233
28,16,10,3.0,10,0.18,2.6,0.6716568217088614,0.23944957968503375
36,12,25,2.5,6,0.15,2.6,0.6716573900120161,0.23942510434604752
32,12,20,1.5,10,0.22,2.2,0.6716577879501414,0.23945126856697613
36,16,15,2.5,6,0.18,1.8,0.671658676971921,0.23942371989880795
32,12,10,2.0,10,0.18,2.2,0.6716591169517916,0.2394402829910209
40,16,25,1.5,10,0.15,1.8,0.6716596006583103,0.23943738509491497
32,20,15,2.0,14,0.15,2.2,0.6716598008521467,0.23944330735702216
36,20,10,2.5,6,0.22,2.2,0.6716601909570451,0.2394849713712694
28,16,10,2.5,14,0.22,1.8,0.671661627285681,0.2394493886755611
40,20,10,2.0,6,0.15,2.6,0.6716617185144605,0.23944467960032975
28,20,20,2.5,14,0.22,2.6,0.6716619598656524,0.23949090686323904
32,12,20,3.0,6,0.15,2.6,0.6716638454410048,0.2394242628846202
28,16,20,3.0,10,0.18,2.2,0.6716653500540157,0.23945006861491783
40,20,20,3.0,6,0.18,2.6,0.6716653539640793,0.2394832776648107
36,20,10,1.5,10,0.18,2.6,0.6716685857985277,0.23946582943248135
40,16,25,2.0,6,0.18,2.6,0.6716688316927114,0.2394819145522634
32,12,15,3.0,6,0.15,1.8,0.6716689188437465,0.23940317188176186
40,16,10,1.5,6,0.18,1.8,0.6716696756409267,0.23944852351258553
28,16,15,3.0,10,0.15,2.6,0.6716718495106826,0.2394429695637362
36,20,20,1.5,14,0.18,1.8,0.6716735056465648,0.23946770671783002
36,16,25,1.5,10,0.18,2.2,0.6716736078019246,0.23946867584490805
40,16,25,2.5,6,0.22,1.8,0.6716747811046057,0.23948202536376864
36,16,25,3.0,6,0.22,2.2,0.6716755398520073,0.2395066206730354
28,16,10,2.5,14,0.18,2.2,0.6716761990529159,0.23945104638378342
40,20,25,2.0,10,0.15,1.8,0.6716820272943069,0.23944597750670607
40,16,15,1.5,6,0.18,1.8,0.6716832800618606,0.23945045032477816
28,12,25,2.0,14,0.22,2.6,0.6716832925640187,0.23947132725027914
36,16,10,1.5,10,0.15,2.6,0.6716843026037699,0.23945655892974993
32,16,25,2.0,10,0.18,2.6,0.6716864242713235,0.23947493476720325
40,20,15,3.0,6,0.15,2.2,0.6716899601409286,0.23941139148360258
28,20,15,3.0,10,0.22,2.6,0.6716908963080772,0.23950143038030808
32,12,15,1.5,10,0.22,2.2,0.6716913825234861,0.2394591813713239
32,20,10,2.5,10,0.15,2.6,0.6716941322654764,0.23946152900417836
32,12,20,1.5,14,0.18,1.8,0.6716951674447081,0.23945575695375854
32,12,15,1.5,14,0.18,1.8,0.671697237476525,0.23945364506560116
36,20,25,1.5,10,0.22,2.2,0.6716975047045783,0.2395134888207526
36,20,20,2.0,10,0.15,2.2,0.6716978815602972,0.23946120389641828
36,20,10,3.0,6,0.22,1.8,0.671698135913079,0.23948300446689805
32,12,15,2.5,6,0.18,2.2,0.6716989406187113,0.23945609339869586
40,16,25,1.5,6,0.22,2.2,0.671699744225872,0.2395179924502348
32,16,10,3.0,6,0.22,2.2,0.6717002239812782,0.23948958717773816
36,16,15,2.0,6,0.22,1.8,0.6717009936648336,0.2394763044114824
28,12,10,3.0,10,0.15,2.2,0.6717023659470274,0.23945766487676662
32,12,20,2.0,10,0.15,1.8,0.6717026179042765,0.23944587964833305
36,16,20,2.0,6,0.22,2.2,0.6717045680434641,0.2395027871558987
36,20,10,2.0,10,0.15,1.8,0.6717055035261801,0.2394549759524277
32,16,10,2.0,10,0.18,2.6,0.6717056967951379,0.23947066491516608
28,12,15,2.5,10,0.22,1.8,0.6717074403864142,0.23946277955200326
40,20,20,2.0,6,0.22,2.2,0.6717075047900488,0.2395282848773425
28,16,25,2.5,14,0.18,1.8,0.6717081479689152,0.23946443331745487
28,12,20,2.5,10,0.22,1.8,0.6717084170933315,0.2394670065419717
36,20,15,2.0,10,0.15,1.8,0.671709481154457,0.2394528927897435
28,12,25,3.0,10,0.15,1.8,0.6717114499216278,0.23944419172827602
32,16,20,2.0,10,0.18,2.2,0.6717123302581725,0.23947454030526885
36,16,20,3.0,6,0.15,2.6,0.6717134243143537,0.23944513957383812
32,20,25,2.0,14,0.18,2.2,0.6717146275317993,0.23949514343191178
28,20,25,3.0,14,0.15,1.8,0.6717155867395627,0.23945411419788543
36,16,15,2.5,6,0.15,2.2,0.6717176898665441,0.23944133825504044
32,12,25,2.0,10,0.15,2.2,0.6717184944815563,0.23946082875696076
28,16,10,2.5,14,0.15,2.6,0.6717191813683961,0.23946584134618848
28,12,10,2.5,14,0.15,1.8,0.6717192877713403,0.23945866116034337
36,12,10,1.5,6,0.22,2.2,0.6717198758201308,0.23947822660844392
32,20,10,2.0,14,0.18,1.8,0.6717212252797087,0.23947601682956954
36,16,20,1.5,10,0.18,1.8,0.6717223956900679,0.23947626648755804
40,20,10,1.5,6,0.18,2.6,0.6717228219056989,0.23949795957225847
40,20,25,1.5,10,0.15,2.6,0.6717232687293325,0.23949696933827713
32,20,25,3.0,10,0.15,2.2,0.6717233633780113,0.23946784003091104
32,12,15,2.0,6,0.22,2.6,0.6717236784203069,0.23949075582982132
36,16,10,2.0,6,0.22,1.8,0.6717245018376672,0.23948550330520826
32,16,15,3.0,6,0.22,2.2,0.6717254050523527,0.23950506573623515
28,16,10,3.0,10,0.22,1.8,0.6717264607269302,0.2394818288452314
36,12,15,1.5,6,0.18,2.2,0.6717274605303718,0.23947418304077833
28,16,20,2.5,14,0.15,1.8,0.6717280116348917,0.23945666729073994
28,12,20,2.0,14,0.22,2.2,0.6717284781260676,0.2394815872964277
28,16,25,2.5,14,0.15,2.2,0.6717295052238188,0.23946796357602673
36,12,20,1.5,6,0.18,2.6,0.6717301089934771,0.23948786117384643
36,12,20,2.0,6,0.18,1.8,0.6717313548158447,0.23946188783990485
36,20,20,1.5,10,0.18,2.6,0.671733899209765,0.23950930398662132
32,12,25,2.5,6,0.22,2.6,0.6717388529879856,0.2395237498616512
36,20,25,2.5,10,0.15,1.8,0.6717415943926183,0.23946486192451266
32,16,15,1.5,14,0.18,2.6,0.6717416681465727,0.23949088454924375
28,20,15,2.5,14,0.22,2.2,0.6717426273214988,0.23951442138041146
32,20,25,2.0,10,0.22,2.6,0.6717437100496595,0.23953612167567598
32,16,15,2.0,10,0.15,2.6,0.6717450695277929,0.23947971144208963
32,20,15,2.0,10,0.22,2.2,0.6717454520226224,0.2395142553873513
28,20,25,2.5,14,0.22,2.6,0.6717482014022628,0.23953574468368052
32,20,20,3.0,10,0.15,1.8,0.6717483896928036,0.23946207886753848
40,20,25,2.5,6,0.22,2.6,0.6717510684815939,0.23958985592714496
32,12,20,1.5,14,0.15,2.2,0.6717514974718677,0.23947856085653624
32,12,15,1.5,14,0.15,2.2,0.6717518662783672,0.239476970744349
36,20,20,1.5,14,0.15,2.2,0.6717550449191036,0.2394981398912499
40,20,15,2.0,6,0.18,2.2,0.6717575294710684,0.23950165936672127
36,16,20,2.5,6,0.22,1.8,0.6717582584584009,0.2395071831148367
36,20,25,2.0,10,0.15,2.6,0.6717585738765475,0.2395033947611511
40,20,25,3.0,6,0.22,2.6,0.6717607900076098,0.2396067362854706
28,12,15,2.0,14,0.22,2.6,0.6717636611720401,0.23949490617346791
28,20,10,2.5,14,0.22,2.6,0.6717647795550616,0.23952718716380964
28,16,25,3.0,10,0.22,1.8,0.6717653702074905,0.2395090106194778
40,16,10,1.5,6,0.15,2.2,0.6717658454100975,0.239488831758
32,16,25,1.5,14,0.22,2.2,0.671765956799202,0.23952453966144108
28,20,20,3.0,10,0.22,2.6,0.6717662913542154,0.23954179800393924
32,20,25,2.5,10,0.22,1.8,0.6717667381542813,0.23952529113182708
32,20,10,2.0,14,0.15,2.2,0.6717677857668033,0.23949241418309886
40,20,10,2.5,6,0.15,1.8,0.6717698686494951,0.23944965755745762
32,12,25,1.5,14,0.15,2.6,0.6717708601516816,0.23949527615684038
36,20,10,1.5,10,0.22,1.8,0.6717718570447064,0.23951433763649946
40,12,20,1.5,6,0.15,1.8,0.6717718795504529,0.239466960220125
40,16,20,2.0,6,0.18,1.8,0.6717725434376849,0.23948281224659976
32,12,20,2.5,6,0.18,2.6,0.671772833044369,0.2395029416936382
32,16,10,2.0,10,0.22,1.8,0.6717728848847253,0.23950212811503532
28,12,25,2.5,10,0.18,2.6,0.6717732992707917,0.23950121477447933
32,20,20,2.0,14,0.18,1.8,0.6717747496492934,0.23950679268549724
40,16,15,1.5,6,0.15,2.2,0.6717752917347206,0.2394855886658382
36,20,15,1.5,14,0.15,1.8,0.6717755238322675,0.23949448581888821
36,20,10,3.0,6,0.18,2.2,0.6717781328496664,0.23950362164326386
28,16,20,3.0,10,0.15,2.6,0.6717786584814882,0.23949357534481813
40,20,20,2.5,6,0.18,2.6,0.6717790918244372,0.23953426034402783
32,20,15,2.5,10,0.18,1.8,0.6717791533097425,0.23949866241774267
36,16,10,1.5,10,0.18,1.8,0.671779448574415,0.2395004083814669
32,16,20,1.5,14,0.18,2.6,0.6717829847225418,0.23951647168002294
28,16,15,2.5,10,0.22,2.6,0.671785616971245,0.23952241383360734
28,12,15,2.5,10,0.18,2.2,0.6717856744166163,0.2394959732597712
28,12,20,2.5,10,0.18,2.2,0.6717867448339909,0.2394984903096504
32,12,25,3.0,6,0.18,2.6,0.6717901159300558,0.23951530916153677
36,20,10,2.0,6,0.22,2.6,0.6717908103492561,0.23955302815185006
36,12,25,2.0,6,0.22,1.8,0.6717918119014497,0.23952135592392773
28,12,25,2.0,14,0.22,2.2,0.671793081592642,0.23951797337702804
32,12,10,2.5,6,0.18,2.6,0.671793138425328,0.23951088329704046
32,12,10,3.0,6,0.15,1.8,0.6717941115902655,0.23948238838036784
28,16,10,2.5,14,0.18,1.8,0.671794764930191,0.2395005970128295
28,12,20,2.0,14,0.18,2.6,0.6717956680258371,0.23950683462437897
28,16,15,3.0,10,0.18,1.8,0.6717976794744761,0.23950025816142267
36,16,25,2.0,6,0.22,2.6,0.6717980548073088,0.23957057592466133
28,20,15,2.5,14,0.18,2.6,0.6717990319194976,0.23952819050924076
28,20,10,3.0,10,0.22,2.6,0.6717990537724492,0.23954646640081692
28,20,20,2.5,14,0.22,2.2,0.6717996794469994,0.2395459586006964
40,16,25,2.5,6,0.18,2.2,0.6717997354854673,0.23951684753413935
28,16,10,3.0,10,0.18,2.2,0.6718014682911694,0.2395115181109147
36,12,20,2.0,6,0.15,2.2,0.6718017523689711,0.23948667526469286
28,16,20,2.5,10,0.22,2.6,0.6718042941695858,0.2395375393925441
40,12,25,1.5,6,0.15,2.6,0.6718044387846223,0.23950991558650392
36,16,10,1.5,6,0.22,2.6,0.6718051870511993,0.23953592055892492
32,12,10,2.0,10,0.15,2.6,0.6718060428413885,0.23950884057525196
28,16,10,2.5,14,0.15,2.2,0.6718085958310629,0.23950328313654526
40,16,20,1.5,6,0.18,2.2,0.6718098321786093,0.23952781566823259
32,12,25,1.5,10,0.22,2.2,0.6718105893492702,0.23953059000882926
36,20,25,1.5,14,0.15,2.6,0.6718123547456525,0.23953770089421877
32,16,25,2.0,10,0.22,1.8,0.6718128990909367,0.23953420430164918
36,20,15,1.5,10,0.18,2.2,0.6718137423743002,0.23953163869448219
36,20,20,3.0,6,0.22,2.6,0.671814514145798,0.2396016072069219
36,20,15,3.0,6,0.18,2.6,0.6718198934348887,0.2395420572731918
36,16,15,2.0,6,0.18,2.2,0.6718243240618945,0.2395230797417
32,20,20,2.0,14,0.15,2.2,0.6718274667910049,0.2395238604779948
32,20,20,2.5,10,0.15,2.6,0.6718277005452447,0.2395254810983274
32,16,15,1.5,14,0.22,1.8,0.6718293764845725,0.23953309547606455
32,20,10,2.5,10,0.18,1.8,0.6718299593571744,0.23952258379243085
32,16,20,3.0,6,0.22,2.6,0.6718304068037803,0.23957907169401196
36,16,20,1.5,10,0.15,2.2,0.671831482509664,0.23952142226359235
32,12,15,2.5,6,0.15,2.6,0.6718323878565283,0.23950980760965979
36,16,20,1.5,6,0.22,2.6,0.6718336082873697,0.23957075322751978
36,12,10,1.5,10,0.15,1.8,0.671833700264338,0.2395226789097776
32,20,15,1.5,14,0.22,2.6,0.6718347389816776,0.23956295131945
36,12,25,1.5,10,0.15,1.8,0.6718374884320694,0.23951430846488844
28,12,15,2.0,14,0.22,2.2,0.6718376939064712,0.2395270243688197
32,20,25,2.0,14,0.15,2.6,0.6718391173899978,0.2395410739183858
32,12,20,3.0,6,0.18,1.8,0.6718394776401295,0.23950001408287697
32,16,15,1.5,10,0.22,2.6,0.67184000090763,0.23954623695919944
32,16,10,3.0,6,0.18,2.6,0.6718402646903568,0.2395403603295136
40,20,15,2.5,6,0.18,1.8,0.6718424713363308,0.23950700543116094
40,20,10,2.0,6,0.18,1.8,0.6718428131728633,0.2395233968214445
40,20,25,2.0,6,0.22,2.6,0.671843498078698,0.23962193235422968
28,16,25,3.0,10,0.18,2.2,0.6718441233382318,0.23953584886654763
36,16,10,2.0,6,0.18,2.2,0.6718455683829969,0.23953489914144604
40,20,15,1.5,6,0.18,2.6,0.6718489057064954,0.23956154232022794
36,20,10,1.5,14,0.15,1.8,0.6718506715220144,0.23952989261329943
36,20,15,2.0,6,0.22,2.6,0.6718533118528272,0.23959175753080258
40,16,20,2.0,6,0.15,2.2,0.6718556315849746,0.23950904917750465
36,16,10,2.5,6,0.15,1.8,0.6718576121740806,0.2395038882200608
28,16,15,3.0,10,0.15,2.2,0.6718590002926663,0.23952378119783688
32,16,10,1.5,14,0.22,2.6,0.6718601800083817,0.2395499517407383
36,12,10,2.0,6,0.15,1.8,0.6718604801291105,0.2395239100793008
32,12,10,2.0,10,0.18,1.8,0.6718612837808138,0.23953410436486205
36,20,15,2.5,6,0.22,2.2,0.6718614534592783,0.23958399971895286
36,12,25,2.5,6,0.18,1.8,0.6718618986312309,0.23951327857244298
32,16,20,1.5,10,0.22,2.6,0.6718623583134566,0.23956534797257512
40,16,25,3.0,6,0.15,2.6,0.6718625217468256,0.2395100037625246
28,20,20,2.5,14,0.18,2.6,0.6718629032956897,0.2395617095694323
28,12,25,2.5,10,0.22,1.8,0.6718632124997265,0.23954359283885912
32,16,15,2.0,10,0.18,1.8,0.6718634189868796,0.23953388872918252
32,20,15,2.5,10,0.15,2.2,0.6718664520231755,0.2395320997592064
36,16,20,2.5,6,0.18,2.2,0.6718669383290213,0.2395412248148761
36,16,25,2.5,6,0.22,2.2,0.6718672103615715,0.239589363107749
28,12,10,3.0,10,0.15,1.8,0.6718672466029755,0.23953244982347763
36,20,10,2.5,6,0.18,2.6,0.6718685827249408,0.23956243865003132
32,20,20,2.0,10,0.22,2.2,0.671868906091465,0.23957824223770804
40,16,20,2.5,6,0.15,1.8,0.671869423949541,0.23947433879596267
36,12,25,1.5,6,0.22,2.2,0.6718701496427892,0.23957399063015375
28,12,25,2.0,14,0.18,2.6,0.6718708829142804,0.23954670231076744
28,12,20,2.0,14,0.22,1.8,0.6718720622732788,0.23954372613176772
36,20,20,1.5,10,0.22,1.8,0.6718733038232227,0.23957450590394005
28,20,10,2.5,14,0.22,2.2,0.6718735672861857,0.23957055144486072
32,16,15,3.0,6,0.18,2.6,0.6718748360902664,0.2395551308648316
32,12,20,2.0,6,0.22,2.6,0.6718749492795897,0.2395716117303432
40,20,10,1.5,6,0.22,1.8,0.6718755189680918,0.23956836715053972
32,16,15,2.5,6,0.22,2.6,0.6718760203186938,0.23958415641156353
36,12,20,1.5,6,0.22,1.8,0.6718760914921419,0.2395561272924591
32,16,25,2.5,10,0.15,1.8,0.6718772945159076,0.23952349775957796
32,12,20,1.5,10,0.18,2.6,0.6718774062464359,0.23954874974817694
36,16,25,3.0,6,0.18,2.6,0.6718780420244659,0.2395683758471406
28,20,25,3.0,10,0.22,2.6,0.6718780600250703,0.23959803431734622
32,12,20,3.0,6,0.15,2.2,0.6718789718729257,0.2395088941672752
32,12,25,1.5,14,0.18,1.8,0.6718839312214255,0.23954799968869656
32,16,20,2.0,10,0.15,2.6,0.6718847225937616,0.23954692577048559
36,16,15,1.5,6,0.22,2.2,0.6718852603153493,0.239574798785955
32,12,10,1.5,14,0.22,2.6,0.67188529448104,0.23954875575618886
32,16,20,1.5,14,0.22,1.8,0.6718854189890546,0.23956564465132438
32,20,15,2.0,14,0.15,1.8,0.6718854468411609,0.23953832468362365
40,16,25,2.0,6,0.22,1.8,0.6718882912445338,0.23958107748993163
32,20,25,2.5,10,0.18,2.2,0.6718888077942271,0.23956924157865847
36,16,10,1.5,10,0.15,2.2,0.671889185655216,0.239549667347804
32,20,10,2.0,10,0.22,2.2,0.6718894706021739,0.2395754303988529
32,16,10,2.0,10,0.18,2.2,0.6718924773797337,0.2395544586895679
36,16,15,1.5,10,0.15,1.8,0.6718937744945827,0.23954207924704723
28,12,15,2.5,10,0.15,2.6,0.6718950338383168,0.2395437878051457
32,20,20,1.5,14,0.22,2.6,0.6718950918819739,0.2395991346856315
28,12,15,2.0,14,0.18,2.6,0.6718963055936965,0.23955013199870506
36,16,25,1.5,10,0.15,2.6,0.6718964746086573,0.23956244551730818
28,16,25,2.5,14,0.15,1.8,0.6718967895951096,0.2395359749078882
28,20,25,2.5,14,0.22,2.2,0.6718971553505054,0.2395953649786715
32,12,10,2.5,6,0.22,1.8,0.6718981456469527,0.23955926371095926
32,12,15,1.5,10,0.18,2.6,0.6718992601245729,0.2395537869391477
28,12,20,2.5,10,0.15,2.6,0.6719026132021685,0.23954746070607452
28,20,15,3.0,10,0.22,2.2,0.671904995554615,0.23959070729405857
28,20,15,2.5,14,0.22,1.8,0.6719064642260374,0.23957930504413405
28,16,10,3.0,10,0.15,2.6,0.6719098477309101,0.23955669175997363
36,12,15,1.5,6,0.15,2.6,0.6719100489739227,0.23955360018370708
28,12,20,2.0,14,0.18,2.2,0.6719119556862276,0.2395576536432637
28,16,25,2.5,10,0.22,2.6,0.6719130328080931,0.2395939804423493
32,20,10,2.5,10,0.15,2.2,0.6719145909585794,0.23955625551262474
36,12,25,2.0,6,0.18,2.2,0.6719163253412017,0.23956615980467885
32,16,15,1.5,14,0.18,2.2,0.6719175383678538,0.23956913102293398
40,20,25,1.5,10,0.18,1.8,0.6719178297208996,0.2395839400073815
28,16,20,3.0,10,0.18,1.8,0.6719206707581682,0.23955795853274653
36,12,25,3.0,6,0.15,1.8,0.671921470497426,0.2394899401548612
40,20,15,2.5,6,0.15,2.2,0.671923265903544,0.23952997962009118
36,12,25,2.5,6,0.15,2.2,0.6719237604730313,0.23953022547669484
28,20,10,2.5,14,0.18,2.6,0.6719265945785512,0.23958430529718214
36,16,20,3.0,6,0.18,1.8,0.6719266629081528,0.23953445941616874
40,20,10,2.0,6,0.15,2.2,0.6719270528906817,0.23955348383928388
32,12,15,1.5,14,0.15,1.8,0.6719288495271143,0.23955726856702153
36,20,10,1.5,10,0.18,2.2,0.6719308506061065,0.2395825901294811
28,16,10,2.5,14,0.15,1.8,0.6719315834490486,0.23955511570554444
36,20,10,3.0,6,0.15,2.6,0.6719346192829514,0.23955723917624355
40,20,20,3.0,6,0.22,1.8,0.671936385016272,0.23960235661393006
32,12,20,2.5,6,0.22,1.8,0.6719375491953062,0.23957861246726567
32,16,25,2.0,10,0.18,2.2,0.6719399158557803,0.23958448492630519
36,12,10,1.5,6,0.18,2.6,0.6719401864823554,0.23957894670680205
28,20,15,2.5,14,0.18,2.2,0.67194113055282,0.23958626483915502
32,16,25,1.5,14,0.18,2.6,0.6719414467566602,0.23959624940824395
36,20,25,2.0,10,0.18,1.8,0.6719421707481561,0.23958524198567643
32,12,15,2.0,6,0.22,2.2,0.6719446002873865,0.23958762252341634
32,12,25,1.5,14,0.15,2.2,0.6719447451692974,0.23957189825355057
28,12,25,2.5,10,0.18,2.2,0.6719454590093054,0.2395755783563281
36,16,20,2.0,6,0.18,2.6,0.6719468453670883,0.23959630867718837
32,16,15,2.0,10,0.15,2.2,0.6719511023020122,0.239570582882034
32,12,10,2.0,10,0.15,2.2,0.6719520842892778,0.2395763726325896
32,12,20,1.5,14,0.15,1.8,0.671952694872505,0.23956814796195128
28,12,15,2.0,14,0.22,1.8,0.6719571793163253,0.23957956151727947
28,12,25,2.0,14,0.22,1.8,0.6719588275451627,0.23958907554281916
32,12,20,1.5,10,0.22,1.8,0.671962597574394,0.23958937364640123
28,16,25,3.0,10,0.15,2.6,0.6719638450138714,0.23958102429801606
32,12,15,1.5,10,0.22,1.8,0.6719639096664692,0.23958463995554105
36,20,20,2.5,6,0.22,2.6,0.6719640813441591,0.2396604894365805
28,20,25,2.5,14,0.18,2.6,0.6719674332815886,0.23961350348946597
40,20,15,2.0,6,0.15,2.6,0.6719691294626877,0.2395811552448891
32,12,15,2.5,6,0.18,1.8,0.6719713933822035,0.23957111932723058
28,16,15,2.5,10,0.22,2.2,0.6719719961765264,0.23960375716044896
32,16,10,2.5,6,0.22,2.6,0.6719735532072783,0.23962245058367784
40,12,25,2.0,6,0.15,1.8,0.6719739853857327,0.2395390996028464
32,20,10,2.0,14,0.15,1.8,0.6719741099866335,0.23958045480957918
36,20,25,1.5,14,0.18,1.8,0.6719743170125295,0.23961152242455527
32,20,15,2.0,10,0.18,2.6,0.6719749090615339,0.23960973519346498
28,20,20,2.5,14,0.22,1.8,0.6719785480836807,0.23961668035658001
28,12,20,2.0,14,0.15,2.6,0.6719791003647972,0.23958413541495835
32,16,20,1.5,14,0.18,2.2,0.6719804198720521,0.23960339709770564
28,12,15,2.5,10,0.18,1.8,0.6719810907712305,0.2395834148284485
28,16,20,3.0,10,0.15,2.2,0.6719821264071109,0.2395804466714499
32,12,10,2.5,6,0.18,2.2,0.6719840613315625,0.23959519173120603
32,20,25,2.0,14,0.18,1.8,0.6719848293283401,0.23960732147710373
40,20,20,1.5,10,0.15,1.8,0.6719861460133814,0.23958886788343217
36,16,20,3.0,6,0.15,2.2,0.6719883369220485,0.23954881160162714
32,12,25,3.0,6,0.22,1.8,0.6719909889957153,0.23960619411896228
28,12,15,2.0,14,0.18,2.2,0.6719925442051069,0.23959271633267476
32,20,20,2.5,10,0.18,1.8,0.6719926563835824,0.23959918922313106
32,12,10,1.5,14,0.22,2.2,0.6719934024549702,0.23959925792878708
28,20,20,3.0,10,0.22,2.2,0.6719940806016459,0.23963630904873562
28,20,10,3.0,10,0.22,2.2,0.6719982979511959,0.23963023924945617
32,12,25,2.0,10,0.15,1.8,0.6719984402801846,0.23958346376375061
28,16,20,2.0,14,0.22,2.6,0.6719989861089627,0.23962689179596802
32,16,10,3.0,6,0.22,1.8,0.6719990953757411,0.23961232472172989
36,20,25,1.5,10,0.18,2.6,0.6719996973966802,0.23963863671675367
32,16,25,1.5,10,0.22,2.6,0.6720001281123618,0.23963738806905702
28,12,10,2.5,10,0.22,2.6,0.6720010783608867,0.23960611248779473
40,12,25,1.5,6,0.18,1.8,0.6720021773113753,0.23959775007801384
40,20,20,2.0,6,0.18,2.6,0.6720031458031533,0.2396374972950549
40,20,20,1.5,6,0.22,2.2,0.6720037122293616,0.23966107947161705
32,12,25,2.5,6,0.22,2.2,0.6720042112226832,0.23963225601106913
28,12,25,2.0,14,0.18,2.2,0.6720045507010586,0.2396046660151264
28,12,20,2.5,10,0.18,1.8,0.6720077577196907,0.23959580976512782
28,16,20,2.5,10,0.22,2.2,0.6720088743011812,0.23962600407806117
36,16,15,2.0,6,0.15,2.6,0.6720091167311667,0.23959730425613854
40,16,25,2.5,6,0.15,2.6,0.6720101053381566,0.2395874321286818
32,16,10,1.5,14,0.22,2.2,0.6720103901965613,0.2396179910185921
28,20,15,2.5,14,0.15,2.6,0.6720104514433892,0.23960869514280114
28,16,10,3.0,10,0.18,1.8,0.6720133206747403,0.23960374282868532
36,12,20,1.5,6,0.18,2.2,0.6720140130226576,0.23961214035911932
28,20,20,2.5,14,0.18,2.2,0.6720146971373451,0.23962344434147173
36,12,10,1.5,6,0.22,1.8,0.6720174623589239,0.2396150329915864
40,16,25,1.5,6,0.18,2.6,0.672019108628399,0.23964463714148637
32,20,25,1.5,14,0.22,2.6,0.6720192913579678,0.23966362877430752
32,12,15,2.5,6,0.15,2.2,0.6720233381204164,0.23958963687454082
28,20,10,2.5,14,0.22,1.8,0.6720239677508258,0.2396306166213546
32,12,20,2.5,6,0.18,2.2,0.6720249630849471,0.23960881792081345
32,16,20,2.0,10,0.18,1.8,0.6720255202163297,0.2396111552983619
36,16,10,2.0,6,0.15,2.6,0.6720255836460313,0.23961127804466167
28,16,15,2.0,14,0.22,2.6,0.6720271290062878,0.2396336700224441
40,20,15,1.5,6,0.22,1.8,0.6720314255261117,0.23964546548136556
36,16,15,2.5,6,0.15,1.8,0.6720324430680429,0.23956685861559526
36,16,20,2.5,6,0.15,2.6,0.6720337550787419,0.2395995778547653
36,20,15,1.5,10,0.15,2.6,0.6720344792452723,0.23962568981506413
40,20,20,2.5,6,0.22,1.8,0.6720349158579454,0.2396481930007156
40,20,10,1.5,6,0.18,2.2,0.6720393861413401,0.23963515776275526
40,16,25,2.0,6,0.18,2.2,0.6720398012002914,0.2396322411357857
40,16,20,1.5,6,0.15,2.6,0.6720405290482756,0.23962027766517172
40,20,20,3.0,6,0.18,2.2,0.6720411344848227,0.23962228273366606
32,16,15,1.5,14,0.15,2.6,0.6720418632990722,0.23962182393040338
32,20,25,2.0,14,0.15,2.2,0.6720420229763164,0.23962575915823128
36,20,20,1.5,10,0.18,2.2,0.6720426049522845,0.23964331985665238
32,20,25,2.0,10,0.22,2.2,0.6720435756804234,0.23966479266860347
32,12,25,1.5,10,0.18,2.6,0.672044052130747,0.239632479588144
28,12,15,2.5,10,0.15,2.2,0.6720444631085731,0.2396106990551616
40,20,25,1.5,6,0.22,2.6,0.6720467025877146,0.23970749142198244
32,20,15,1.5,14,0.22,2.2,0.6720476870472648,0.23965610055487105
32,20,10,1.5,14,0.22,2.6,0.6720487152306002,0.23965519795733758
36,12,15,1.5,6,0.18,1.8,0.6720490349418327,0.23961714592367206
36,20,15,3.0,6,0.22,1.8,0.6720498820309437,0.2396440422403121
40,20,25,1.5,10,0.15,2.2,0.6720512116451348,0.23963573452547227
32,16,10,2.0,10,0.15,2.6,0.6720514267010698,0.23962521133402415
36,20,20,1.5,14,0.15,1.8,0.6720516482525908,0.23962453778176274
32,20,25,3.0,10,0.15,1.8,0.6720517971794582,0.23960107990777094
28,12,15,2.0,14,0.15,2.6,0.6720527059972181,0.23961742938102806
36,20,20,2.0,10,0.15,1.8,0.6720542250520063,0.23961171777551274
32,16,25,1.5,14,0.22,1.8,0.6720544113785083,0.23965032132896705
36,20,10,2.5,6,0.22,1.8,0.6720549592955579,0.23964650058007106
36,20,25,2.0,10,0.15,2.2,0.6720563360855236,0.23962861229283794
28,20,10,2.5,14,0.18,2.2,0.6720568436454292,0.23963786934289472
32,16,15,3.0,6,0.22,1.8,0.6720609840914799,0.23963918283408303
36,20,25,1.5,14,0.15,2.2,0.6720613790376606,0.2396435636333301
36,16,25,1.5,10,0.18,1.8,0.6720614228887296,0.23963752742059682
32,12,25,3.0,6,0.18,2.2,0.6720616768287951,0.2396236763402949
40,16,10,1.5,6,0.15,1.8,0.6720633639919059,0.23961845141464247
28,12,20,2.0,14,0.18,1.8,0.6720642638062991,0.23962388856415548
28,20,15,3.0,10,0.18,2.6,0.6720680871671383,0.2396529331311921
32,20,25,2.5,10,0.15,2.6,0.6720681434654042,0.2396386659803584
32,16,10,3.0,6,0.18,2.2,0.6720691828253211,0.23963471289267504
28,12,25,2.5,10,0.15,2.6,0.6720693332855734,0.23962679870530415
28,16,25,2.0,14,0.22,2.6,0.672070260254055,0.23966598097802347
32,20,20,2.0,14,0.15,1.8,0.6720715056820247,0.239625776378527
28,12,20,2.5,10,0.15,2.2,0.6720717457312436,0.2396221152295939
36,16,10,1.5,6,0.22,2.2,0.6720745160742861,0.2396567185490277
28,16,10,3.0,10,0.15,2.2,0.6720765737927891,0.23962964458602826
28,12,25,2.0,14,0.15,2.6,0.6720793551831389,0.23963351530532995
40,20,15,3.0,6,0.15,1.8,0.6720813059272859,0.23955474007902833
32,16,15,1.5,10,0.22,2.2,0.6720831950724924,0.23965607651124504
36,20,15,2.5,6,0.18,2.6,0.6720844459543394,0.23966281649840152
32,20,20,2.5,10,0.15,2.2,0.6720859070147314,0.2396343274970381
28,16,15,3.0,10,0.15,1.8,0.6720867860712684,0.23962118689884693
28,20,25,2.5,14,0.22,1.8,0.6720891609499041,0.23967129350681868
32,12,15,1.5,10,0.18,2.2,0.6720899376278892,0.23964127744098987
28,20,20,2.5,14,0.15,2.6,0.6720905524612252,0.2396479595573377
28,12,20,2.0,14,0.15,2.2,0.6720922368472575,0.239633408555151
32,12,20,1.5,10,0.18,2.2,0.6720926726831783,0.2396460071852322
36,20,10,2.0,6,0.22,2.2,0.6720953257468282,0.23968222206545642
36,16,25,2.5,6,0.18,2.6,0.6720971646746521,0.23966891038449184
40,12,25,1.5,6,0.15,2.2,0.6720977378585974,0.2396320832315745
32,20,15,2.0,10,0.22,1.8,0.6720991608595595,0.2396677670919001
36,12,20,2.0,6,0.15,1.8,0.6721022903701568,0.23961044743275547
36,12,25,2.0,6,0.15,2.6,0.6721068469967997,0.2396401686716605
32,20,20,2.0,10,0.18,2.6,0.672109685588318,0.2396770270443992
32,16,20,3.0,6,0.22,2.2,0.6721102245722862,0.2396889415120323
28,16,10,2.5,10,0.22,2.6,0.6721107699461757,0.23967031179727968
40,16,15,1.5,6,0.15,1.8,0.6721110420166365,0.239627283851822
32,20,10,2.0,10,0.18,2.6,0.6721110587485651,0.23966987137203188
40,16,25,3.0,6,0.18,1.8,0.6721114252232524,0.23961199367866523
28,12,10,2.5,10,0.22,2.2,0.6721132524139797,0.23965729423308058
28,16,25,3.0,10,0.18,1.8,0.6721141097881769,0.23964885087234206
32,16,20,1.5,14,0.15,2.6,0.6721144059479693,0.23965891959653918
32,16,20,2.0,10,0.15,2.2,0.6721154748021518,0.2396476116477091
28,20,25,3.0,10,0.22,2.2,0.6721170560152536,0.23969686408612556
32,12,10,1.5,14,0.18,2.6,0.6721202935939493,0.23965807167002182
32,16,25,2.0,10,0.15,2.6,0.67212179366336,0.2396597236519212
28,20,10,2.5,14,0.15,2.6,0.6721232485469361,0.23966021373967433
28,12,15,2.0,14,0.18,1.8,0.6721236073971124,0.23965067014242572
36,16,25,3.0,6,0.22,1.8,0.672124431122484,0.23967787294375545
32,12,15,2.0,6,0.18,2.6,0.6721252764770482,0.23966380544992205
32,20,20,1.5,14,0.22,2.2,0.6721264092347671,0.23969963976975467
28,20,15,2.5,14,0.18,1.8,0.6721264631823184,0.239661449316047
32,12,20,2.0,6,0.22,2.2,0.6721266027479736,0.23968001743064615
32,12,10,2.5,6,0.15,2.6,0.6721269615465435,0.23965767696116352
36,20,10,3.0,6,0.18,1.8,0.672128225042642,0.2396382807073879
28,20,25,2.5,14,0.18,2.2,0.6721283556527757,0.23967881695922197
28,16,20,2.0,14,0.22,2.2,0.672128763863101,0.23968185399966332
32,16,20,1.5,10,0.22,2.2,0.6721303094976726,0.23968508916750642
28,12,20,2.0,10,0.22,2.6,0.6721305527205864,0.2396737771262749
36,20,15,3.0,6,0.18,2.2,0.6721319686122955,0.2396613164383375
32,16,15,2.5,6,0.22,2.2,0.6721321065577629,0.23969004443427222
36,12,15,1.5,6,0.15,2.2,0.6721325080490751,0.23965186302507488
28,16,25,2.5,10,0.22,2.2,0.6721330227217629,0.23968852203437957
36,16,20,2.0,6,0.22,1.8,0.6721330233532861,0.23968153685185167
28,16,15,2.5,10,0.18,2.6,0.6721331495617251,0.23967113607796203
32,16,15,3.0,6,0.18,2.2,0.6721344335948906,0.23965973250736644
36,12,25,1.5,6,0.18,2.6,0.6721353973141364,0.23968316655235103
28,16,15,2.0,14,0.22,2.2,0.6721421195046497,0.23968280061275335
32,12,25,1.5,10,0.22,1.8,0.6721440179752358,0.23968000160061587
36,20,10,1.5,10,0.15,2.6,0.6721441854132326,0.23967594907937984
32,16,10,2.0,10,0.18,1.8,0.672144988700186,0.23966801571366084
36,16,15,1.5,6,0.18,2.6,0.6721456657109914,0.23968493333560098
32,16,15,1.5,14,0.18,1.8,0.672148078170588,0.23967135424951064
36,20,25,1.5,10,0.22,1.8,0.6721500854923393,0.2397087570282373
28,12,15,2.0,14,0.15,2.2,0.6721501236075892,0.23966051286675807
36,16,25,2.0,6,0.22,2.2,0.6721511760804464,0.2397169442336721
32,12,10,2.0,10,0.15,1.8,0.6721520100547193,0.23966909611727513
28,20,15,2.5,14,0.15,2.2,0.6721528918633688,0.23966701130398832
32,16,20,2.5,6,0.22,2.6,0.6721541888358568,0.2397220746878891
28,20,10,3.0,10,0.18,2.6,0.6721546316665362,0.23969123537064974
36,12,10,1.5,6,0.18,2.2,0.6721562334072877,0.23967808304679752
32,16,25,1.5,14,0.18,2.2,0.6721567289389139,0.23969034408347437
32,12,10,1.5,14,0.22,1.8,0.6721568838453887,0.23967574246255652
36,16,10,1.5,10,0.15,1.8,0.6721571108043726,0.2396714311202973
32,16,10,1.5,14,0.18,2.6,0.6721579202000536,0.2396830475265634
32,12,20,3.0,6,0.15,1.8,0.6721605872885493,0.2396197583520253
32,12,20,2.5,6,0.15,2.6,0.6721641529906283,0.2396616626384273
40,20,20,2.5,6,0.18,2.2,0.672164896480123,0.23968481588846666
32,12,25,2.0,6,0.22,2.6,0.6721652807377081,0.23971602744165477
28,20,20,3.0,10,0.18,2.6,0.6721659795027257,0.2397011906052362
36,16,20,1.5,10,0.15,1.8,0.6721664639429209,0.23966837556681406
32,12,25,1.5,14,0.15,1.8,0.6721673122382026,0.23966975268090426
36,20,10,2.5,6,0.18,2.2,0.6721690193930879,0.23968601981807375
32,20,15,2.5,10,0.15,1.8,0.6721698953816502,0.2396604081605813
36,16,10,2.0,6,0.18,1.8,0.6721701097343327,0.23967553087138616
36,20,20,3.0,6,0.22,2.2,0.6721718814099555,0.23973773879230953
36,16,25,1.5,6,0.22,2.6,0.6721735342439394,0.239738492365305
36,16,20,1.5,6,0.22,2.2,0.6721749638343101,0.23971888196788427
36,16,25,1.5,10,0.15,2.2,0.672175085939335,0.23968357163940654
40,20,25,2.5,6,0.22,2.2,0.6721755623124505,0.2397544959972013
28,12,25,2.0,14,0.18,1.8,0.6721756058455456,0.23967826588700275
28,12,15,3.0,6,0.22,2.6,0.6721771845938973,0.23970921535899695
40,20,25,3.0,6,0.22,2.2,0.6721773020157795,0.2397607302198283
28,16,25,3.0,10,0.15,2.2,0.6721798964910357,0.23967257693756078
28,16,20,2.5,10,0.18,2.6,0.6721810719374038,0.23969668077719622
32,12,25,2.5,6,0.18,2.6,0.6721817980303679,0.23969671119139005
36,16,15,2.0,6,0.18,1.8,0.6721820080474257,0.2396736068715947
40,20,15,2.0,6,0.18,1.8,0.6721833681208969,0.23967380619772843
32,12,10,2.0,6,0.22,2.6,0.6721834474407318,0.23970124671960366
28,12,25,2.5,10,0.18,1.8,0.6721883915444213,0.2396813893060221
32,12,25,3.0,6,0.15,2.6,0.6721890970923916,0.23966510700907392
36,20,15,1.5,10,0.18,1.8,0.6721905642921739,0.2396967639248316
36,20,15,2.0,6,0.22,2.2,0.6721927463022147,0.23973341237688428
28,20,15,3.0,10,0.22,1.8,0.6721937641361522,0.23971115789830838
32,16,10,3.0,6,0.15,2.6,0.6721945763008583,0.23968137846885587
36,20,10,3.0,6,0.15,2.2,0.6721963167675111,0.2396582093905823
40,16,25,3.0,6,0.15,2.2,0.672197514107973,0.23963208293310023
40,20,15,1.5,6,0.18,2.2,0.6721983189370788,0.23970977863856888
32,20,10,2.5,10,0.15,1.8,0.6721988281828685,0.2396783131306978
32,16,10,2.5,6,0.22,2.2,0.6721990775744048,0.23971784243955294
36,20,20,2.0,6,0.22,2.6,0.6721994283804773,0.23976128432357974
28,12,25,2.0,10,0.22,2.6,0.6722028048528829,0.23971390196773973
28,12,25,2.0,14,0.15,2.2,0.6722069956933563,0.2396885943807983
36,16,25,3.0,6,0.18,2.2,0.6722070119921877,0.23969323756186753
28,20,25,2.5,14,0.15,2.6,0.6722093685409385,0.2397049915310944
36,12,20,1.5,6,0.15,2.6,0.6722097251767716,0.23969438755492706
32,16,15,1.5,14,0.15,2.2,0.6722100994738446,0.23969648151465645
28,16,25,2.0,14,0.22,2.2,0.6722145895442942,0.23972689048354334
28,20,20,2.5,14,0.18,1.8,0.6722149486596533,0.23970444769694793
40,16,25,1.5,6,0.22,1.8,0.6722152326324663,0.23973454054230184
32,20,10,2.0,10,0.22,1.8,0.6722176981744659,0.2397196411006614
32,12,10,1.5,10,0.22,2.6,0.6722203647968797,0.2397066945716814
28,16,15,2.5,10,0.22,1.8,0.6722205190253495,0.23971209115927297
32,16,25,3.0,6,0.22,2.6,0.6722212106287493,0.23976673510426044
28,16,20,2.0,14,0.18,2.6,0.6722222734637577,0.23971665320379687
32,16,15,2.0,10,0.15,1.8,0.6722226600259612,0.23969049483830845
32,16,10,1.5,14,0.22,1.8,0.6722241691323909,0.23971489773635715
40,16,20,2.0,6,0.15,1.8,0.6722245027161401,0.23965521038080773
28,12,15,2.0,10,0.22,2.6,0.6722256566680359,0.23971242156333997
40,20,20,2.0,6,0.22,1.8,0.6722267693580821,0.2397382425451245
28,16,15,2.0,14,0.18,2.6,0.672226975099178,0.23971509931333135
28,20,10,2.5,14,0.18,1.8,0.672227697678948,0.23970770347192694
32,20,15,1.5,14,0.18,2.6,0.6722284668049308,0.239730622170521
32,20,15,2.0,10,0.18,2.2,0.6722301006553949,0.23972022838451867
28,16,20,3.0,10,0.15,1.8,0.6722327934593534,0.2396864741399568
32,16,20,1.5,14,0.18,1.8,0.6722344978012857,0.23971465579387713
32,16,10,2.0,10,0.15,2.2,0.6722352935042089,0.23970771354837148
32,12,10,1.5,14,0.18,2.2,0.6722362920973903,0.2397120972611719
32,12,10,2.5,6,0.18,1.8,0.6722364611606955,0.2397061975000097
40,16,20,1.5,6,0.18,1.8,0.6722406421178903,0.23970906166310155
32,20,25,2.5,10,0.18,1.8,0.6722424364519328,0.2397163071938517
36,16,20,2.5,6,0.18,1.8,0.672243154179055,0.23968957044444508
32,20,10,1.5,14,0.22,2.2,0.6722431664514111,0.23974119437372474
28,12,20,2.0,14,0.15,1.8,0.6722432022865044,0.2396993088193271
28,20,20,2.5,14,0.15,2.2,0.6722449016737526,0.23971103593774942
28,12,10,2.5,10,0.18,2.6,0.6722454150994535,0.23971788594507162
32,20,20,2.0,10,0.22,1.8,0.6722460286257262,0.23974060043639908
40,16,25,2.5,6,0.18,1.8,0.6722477448485089,0.23968711043790047
36,16,10,2.0,6,0.15,2.2,0.6722477614533651,0.23970646522686245
28,12,15,2.5,10,0.15,1.8,0.6722490869127165,0.23970272124777708
28,20,10,2.5,14,0.15,2.2,0.6722518282778887,0.23971300713728932
32,16,10,1.5,10,0.22,2.6,0.6722543885165466,0.23973474181148097
28,12,25,2.5,10,0.15,2.2,0.6722549260625938,0.2397079020730493
32,12,15,2.0,6,0.22,1.8,0.672255340193439,0.2397245832396318
40,20,20,3.0,6,0.15,2.6,0.6722559803938342,0.23968915770361024
36,16,15,2.0,6,0.15,2.2,0.6722563260295131,0.23970011247805467
32,12,15,1.5,10,0.15,2.6,0.6722571384266534,0.23971738192241895
32,16,15,3.0,6,0.15,2.6,0.6722600243801876,0.2397022064439447
40,16,25,2.0,6,0.15,2.6,0.6722611552787756,0.23971288298172888
36,16,20,2.0,6,0.18,2.2,0.6722627782755815,0.2397283030383916
36,12,25,2.5,6,0.15,1.8,0.672263303470088,0.23966339752935914
40,20,10,1.5,6,0.15,2.6,0.6722636237283429,0.2397289326656217
40,20,10,2.0,6,0.15,1.8,0.6722648346389892,0.239690927184083
32,20,25,1.5,14,0.22,2.2,0.6722659997176217,0.2397703374841405
28,20,10,3.0,10,0.22,1.8,0.672268210301734,0.23974378069795468
32,12,20,1.5,10,0.15,2.6,0.6722683450492708,0.23972395782572128
40,20,15,2.0,6,0.15,2.2,0.6722701623410986,0.2397017286970328
36,20,15,1.5,6,0.22,2.6,0.6722710191433173,0.23977963489614118
32,16,20,3.0,6,0.18,2.6,0.6722726332394936,0.23974092863822863
28,16,10,2.5,10,0.22,2.2,0.6722730792215218,0.239742048698063
36,20,20,1.5,10,0.15,2.6,0.6722742571044906,0.2397403287536168
40,20,25,2.0,6,0.22,2.2,0.6722743933912507,0.23979614301727298
28,12,10,2.5,10,0.22,1.8,0.6722761554105322,0.23973188828973688
32,16,25,2.0,10,0.18,1.8,0.6722762560965021,0.2397299435448354
32,12,15,2.5,6,0.15,1.8,0.6722766647472467,0.23969549532764375
36,20,10,1.5,10,0.18,1.8,0.6722774304006067,0.2397368246268115
28,20,15,3.0,10,0.18,2.2,0.6722801124620519,0.23974101475608792
32,12,25,1.5,10,0.18,2.2,0.672280724636651,0.23973825895167292
28,12,15,2.0,14,0.15,1.8,0.6722815931464116,0.23971888365952349
32,20,15,1.5,10,0.22,2.6,0.672281909959186,0.23976931653694872
28,16,20,2.5,10,0.22,1.8,0.6722871388447107,0.2397463474258452
32,16,25,1.5,10,0.22,2.2,0.6722875163722521,0.23976485099093967
28,20,15,2.5,10,0.22,2.6,0.6722887800148136,0.23977384245656777
28,16,10,3.0,10,0.15,1.8,0.6722894861057821,0.23972259738099047
36,16,15,1.5,6,0.22,1.8,0.6722932369922868,0.23975371277831603
32,20,25,2.0,10,0.18,2.6,0.6722949774196868,0.23976702785821943
36,12,25,2.0,6,0.18,1.8,0.6722964924626842,0.23972353600002552
28,20,25,3.0,10,0.18,2.6,0.6722972285200076,0.23976451477691157
32,12,10,2.5,6,0.15,2.2,0.6722972316691919,0.23973151644921983
28,12,20,2.5,10,0.15,1.8,0.6722984448542312,0.23972241157416224
36,20,15,2.5,6,0.22,1.8,0.6722994918841927,0.2397596295057048
32,16,25,1.5,14,0.15,2.6,0.6722999381949218,0.23974884551751807
28,20,20,3.0,10,0.22,1.8,0.6723000390803267,0.23976325295375303
32,16,20,1.5,14,0.15,2.2,0.6723001352440404,0.239740372226103
32,20,25,2.0,14,0.15,1.8,0.6723012768829303,0.23973342882315662
36,12,25,1.5,6,0.22,1.8,0.6723014379524517,0.23976052321304758
40,20,15,2.5,6,0.15,1.8,0.6723037608839393,0.23967481297366997
36,20,15,1.5,10,0.15,2.2,0.6723045220442594,0.23974380153586766
36,20,15,3.0,6,0.15,2.6,0.6723070294725244,0.23971854838978957
32,16,15,2.5,6,0.18,2.6,0.672307400879244,0.23975555259139805
36,20,10,1.5,6,0.22,2.6,0.6723074727553205,0.23978766504823387
36,16,20,2.5,6,0.15,2.2,0.6723081307293145,0.23970758951685822
28,16,15,2.5,10,0.18,2.2,0.6723086867033558,0.23974714092869073
32,16,10,1.5,14,0.18,2.2,0.6723112592404759,0.23975234811013102
28,16,15,2.0,14,0.22,1.8,0.6723119788382395,0.23975589211779674
28,12,20,2.0,10,0.22,2.2,0.6723128930865919,0.23975573706453643
28,16,25,2.5,10,0.18,2.6,0.6723148707448381,0.23976227970570954
28,16,25,2.0,14,0.18,2.6,0.6723158283927931,0.23976407927051915
32,16,15,1.5,10,0.18,2.6,0.6723163615942213,0.23975913047488334
36,20,25,3.0,6,0.22,2.6,0.6723171356495629,0.23983908939075468
32,20,20,1.5,14,0.18,2.6,0.6723176186899253,0.23977732588555298
28,16,20,2.0,14,0.22,1.8,0.6723191369907697,0.23976308254428016
36,16,10,1.5,6,0.18,2.6,0.6723217610828078,0.2397653644640565
36,20,20,2.5,6,0.22,2.2,0.6723229510756737,0.23980283008859976
36,16,25,2.5,6,0.22,1.8,0.6723235056945409,0.23977085009671004
36,20,25,1.5,10,0.18,2.2,0.6723265120026553,0.23977947816712247
32,12,20,2.0,6,0.18,2.6,0.6723269919750533,0.23976194360090639
32,12,20,2.5,6,0.18,1.8,0.6723302144393825,0.239734720686463
40,20,20,1.5,6,0.18,2.6,0.6723315496325504,0.23979096565791488
28,20,15,2.5,14,0.15,1.8,0.6723339275944983,0.23974061800364724
40,16,25,2.5,6,0.15,2.2,0.6723353077954923,0.23971079903411024
36,20,10,2.0,6,0.18,2.6,0.6723371961596523,0.23977921678353956
40,16,20,1.5,6,0.15,2.2,0.6723381899752487,0.2397443154314996
36,16,20,3.0,6,0.15,1.8,0.6723391429980685,0.2396804047745329
32,20,15,1.5,14,0.22,1.8,0.6723392300913568,0.23978349085325038
28,20,20,2.5,10,0.22,2.6,0.6723397454532422,0.2398021911946137
32,20,25,2.5,10,0.15,2.2,0.6723399632416487,0.2397525896215589
28,20,25,2.5,14,0.18,1.8,0.6723399971391159,0.23976421638243453
32,20,10,3.0,6,0.22,2.6,0.6723420068476177,0.23981711489176954
36,20,10,2.5,6,0.15,2.6,0.6723428192139456,0.23975119193092753
32,12,10,1.5,14,0.15,2.6,0.6723433290314619,0.23976162805367318
36,12,10,1.5,6,0.15,2.6,0.6723433328352988,0.23976384273108398
32,16,15,2.0,6,0.22,2.6,0.6723435980896095,0.23979641622875048
28,12,20,3.0,6,0.22,2.6,0.6723439636341365,0.23979412906740316
32,16,10,3.0,6,0.18,1.8,0.6723473954147751,0.2397470963097978
32,20,10,2.0,10,0.18,2.2,0.6723477652773597,0.23977357508418173
32,12,15,1.5,10,0.18,1.8,0.6723491698088714,0.23976032974242276
32,20,20,1.5,10,0.22,2.6,0.6723504537979885,0.23980826447204118
28,20,10,3.0,10,0.18,2.2,0.6723532736683896,0.23977439833754327
32,12,15,2.0,6,0.18,2.2,0.67235841958944,0.23976667638105917
28,12,15,3.0,6,0.22,2.2,0.6723591205073083,0.2397846482952194
28,16,15,2.0,14,0.18,2.2,0.6723622478235198,0.23977382272933445
28,12,10,2.5,10,0.18,2.2,0.6723635144337803,0.23977157795246504
32,12,25,2.5,6,0.22,1.8,0.67236514305578,0.23978065745911759
32,16,10,2.5,6,0.18,2.6,0.672366428729641,0.23978420181454996
32,16,25,2.0,10,0.15,2.2,0.6723701708402262,0.23976725245998504
32,12,10,2.0,6,0.22,2.2,0.6723725621698675,0.2397864498190793
36,12,25,2.0,6,0.15,2.2,0.6723726265016308,0.2397491770515494
28,20,25,2.5,14,0.15,2.2,0.6723729973862167,0.23977175284626934
28,16,20,2.0,14,0.18,2.2,0.6723740866078426,0.23978209456006122
28,12,25,2.0,14,0.15,1.8,0.6723755341402692,0.23976137548612472
32,16,20,1.5,10,0.18,2.6,0.6723757245871708,0.2397916190080368
28,16,20,2.5,10,0.18,2.2,0.6723766742523963,0.23978068025524354
36,20,25,1.5,14,0.15,1.8,0.6723773659333235,0.23977715856171714
36,12,20,1.5,6,0.18,1.8,0.6723777201701876,0.23977071018464594
32,12,20,2.5,6,0.15,2.2,0.6723812854038882,0.23975057450937792
32,12,20,1.5,10,0.18,1.8,0.6723813026768248,0.23977643090237516
40,20,20,2.5,6,0.15,2.6,0.6723818633614465,0.23975778480971063
32,20,20,2.0,10,0.18,2.2,0.6723820146758053,0.23979398938750873
40,20,20,2.0,6,0.18,2.2,0.6723834064831217,0.23979130028433324
32,12,25,3.0,6,0.18,1.8,0.6723843117935286,0.23974887320637375
36,20,20,3.0,6,0.18,2.6,0.6723845871257056,0.23980236511958042
28,12,15,2.0,10,0.22,2.2,0.6723859639905083,0.2397854513357985
40,16,25,1.5,6,0.18,2.2,0.6723885007877902,0.2397993694295384
36,16,25,3.0,6,0.15,2.6,0.6723896888377124,0.2397516120388245
28,20,20,3.0,10,0.18,2.2,0.6723900205606551,0.2397937932682946
32,12,10,1.5,10,0.22,2.2,0.6723915514074252,0.23978723650865574
36,20,10,1.5,10,0.15,2.2,0.6723917521694843,0.23978587434902804
32,16,10,3.0,6,0.15,2.2,0.6723946195832599,0.23976166771683888
36,20,25,2.5,6,0.22,2.6,0.672399432418601,0.23986802559584738
32,12,10,1.5,14,0.18,1.8,0.6724004423610085,0.2397886352615658
28,12,25,2.0,10,0.22,2.2,0.6724036428506845,0.2398033290235771
36,12,15,1.5,6,0.15,1.8,0.6724052242658951,0.2397711588724766
32,20,20,2.5,10,0.15,1.8,0.6724068924080784,0.2397686123113532
32,16,15,1.5,10,0.22,1.8,0.6724071623790059,0.239802212945385
28,16,10,2.0,14,0.22,2.6,0.6724094113066375,0.23980871706325368
28,20,15,3.0,10,0.15,2.6,0.6724096433134247,0.23979013880724193
36,16,25,2.0,6,0.18,2.6,0.6724127949071091,0.2398161548125896
32,16,20,2.0,10,0.15,1.8,0.6724135833166563,0.23977751151552515
32,20,15,2.0,10,0.15,2.6,0.6724150152266977,0.23979722728254627
28,20,15,2.0,14,0.22,2.6,0.6724153272179049,0.23983195749007435
36,20,15,2.5,6,0.18,2.2,0.6724164101768014,0.2397967086488865
32,12,15,1.5,6,0.22,2.6,0.6724169627819792,0.2398129484834202
32,20,10,1.5,14,0.18,2.6,0.672418261062395,0.23981528737229088
28,16,25,2.0,14,0.22,1.8,0.6724211515936472,0.23981447436208278
28,20,10,2.5,14,0.15,1.8,0.6724212271900969,0.23978257417248516
28,20,10,2.5,10,0.22,2.6,0.672424846235633,0.23983309539875203
32,16,15,1.5,14,0.15,1.8,0.6724258473774037,0.239792056768799
40,20,25,3.0,6,0.18,2.6,0.6724274552551223,0.23983148165084048
28,16,10,2.5,10,0.18,2.6,0.6724274581315202,0.23980869697320556
32,12,25,3.0,6,0.15,2.2,0.6724303712907744,0.23975907542795316
32,16,25,1.5,14,0.18,1.8,0.6724310861254962,0.23980946976124556
28,16,25,2.5,10,0.22,1.8,0.6724311298200785,0.23981664367087693
28,20,25,2.5,10,0.22,2.6,0.6724321684070724,0.23984905341651466
36,20,25,2.0,10,0.15,1.8,0.6724322955233337,0.23978599314625632
32,16,10,1.5,14,0.15,2.6,0.6724324652258808,0.23980575548119293
40,20,15,1.5,6,0.15,2.6,0.672435105341049,0.23980491412967658
28,20,20,2.0,14,0.22,2.6,0.6724363444533092,0.2398465652818799
32,16,20,2.5,6,0.22,2.2,0.6724368027410768,0.23983718049701885
28,20,25,3.0,10,0.22,1.8,0.6724370480442555,0.23982915341598912
28,16,15,2.5,10,0.15,2.6,0.6724376023913353,0.23980100201575202
36,16,15,1.5,6,0.18,2.2,0.6724376173303348,0.23981261757997593
28,20,20,2.5,14,0.15,1.8,0.6724376822385356,0.23978900327216612
32,20,20,1.5,14,0.22,1.8,0.6724385040873531,0.2398349023100247
36,16,10,1.5,6,0.22,1.8,0.6724386493030913,0.239819938488875
32,20,25,2.0,10,0.22,1.8,0.6724400300568639,0.23983452367582245
36,16,25,2.5,6,0.18,2.2,0.6724408914598485,0.23980633676328278
28,16,15,2.0,14,0.15,2.6,0.6724421774153974,0.2398052891656153
32,16,15,3.0,6,0.18,1.8,0.6724435757113387,0.23978100674567726
32,12,25,2.0,6,0.22,2.2,0.6724438992139842,0.23983468760427495
32,12,15,1.5,10,0.15,2.2,0.6724439858825759,0.2398030630427105
32,20,15,1.5,14,0.18,2.2,0.6724444001703684,0.2398250963823838
40,20,10,1.5,6,0.18,1.8,0.6724448863953486,0.23981011919346798
40,20,25,2.5,6,0.18,2.6,0.6724450969433955,0.2398412042968119
28,16,25,3.0,10,0.15,1.8,0.6724459136505898,0.2397841952141748
36,12,10,1.5,6,0.18,1.8,0.6724466731068206,0.23981135579631815
36,20,20,1.5,10,0.18,1.8,0.6724468545058216,0.23981857830257167
36,12,25,1.5,6,0.18,2.2,0.6724469063346972,0.23981773776924528
36,20,15,2.0,6,0.18,2.6,0.6724478398347619,0.23983176544606175
36,16,20,1.5,6,0.18,2.6,0.6724493677140826,0.23983168417587447
32,12,25,2.5,6,0.18,2.2,0.6724585964576159,0.23981138082007755
36,16,20,2.0,6,0.15,2.6,0.6724599023308108,0.23980479638586974
28,16,20,2.0,14,0.15,2.6,0.6724600169763901,0.23981509595335426
32,12,10,1.5,14,0.15,2.2,0.6724607514329413,0.2398162405878164
32,20,15,3.0,6,0.22,2.6,0.6724612724423585,0.23987797249791634
36,12,20,1.5,6,0.15,2.2,0.6724615820603487,0.23980333865654047
28,12,10,2.0,14,0.22,2.6,0.6724628752699215,0.23982236276491783
32,12,25,1.5,10,0.15,2.6,0.6724661608003629,0.23981908827938703
40,12,25,1.5,6,0.15,1.8,0.6724671618981893,0.23978495657712262
32,20,25,1.5,14,0.18,2.6,0.6724676099657038,0.2398515744516971
40,20,25,1.5,10,0.15,1.8,0.6724721597868699,0.23981350910147012
32,16,10,1.5,10,0.22,2.2,0.6724728910632368,0.23983499885392465
28,12,15,3.0,6,0.18,2.6,0.6724732071359427,0.23982648027803224
32,12,20,1.5,6,0.22,2.6,0.6724741424442449,0.23984851624556072
28,12,10,2.5,10,0.15,2.6,0.6724763936439152,0.23982342457145603
32,12,20,1.5,10,0.15,2.2,0.6724779112177725,0.23981859679822576
32,16,15,2.5,6,0.22,1.8,0.672478763467955,0.23983392062167805
32,12,20,2.0,6,0.22,1.8,0.672479496005175,0.23983295564064927
28,16,25,2.0,14,0.18,2.2,0.6724804463292626,0.23983464689011433
28,20,10,3.0,10,0.15,2.6,0.6724806814771521,0.23982418325404076
32,20,25,1.5,10,0.22,2.6,0.6724809755577339,0.2398749266718591
32,16,10,2.0,10,0.15,1.8,0.6724813184959574,0.23981840378989597
40,20,25,1.5,6,0.22,2.2,0.6724813923382422,0.23988919349350488
32,16,20,3.0,6,0.22,1.8,0.6724817704397924,0.23983515670669164
32,16,25,2.5,6,0.22,2.6,0.6724830724099103,0.23988144593779237
28,12,20,2.0,10,0.18,2.6,0.672484668237149,0.23983101076049304
32,16,20,1.5,10,0.22,1.8,0.6724856846638912,0.2398436185998763
32,20,10,1.5,10,0.22,2.6,0.6724861032353207,0.2398585370486756
32,16,15,3.0,6,0.15,2.2,0.6724876808456307,0.2397914099144078
40,16,25,2.0,6,0.18,1.8,0.6724931241107907,0.23981277258260392
28,16,10,2.5,10,0.22,1.8,0.6724947629275784,0.2398400176605769
28,12,25,2.5,10,0.15,1.8,0.6725000439228587,0.2398150891795597
32,16,25,1.5,14,0.15,2.2,0.6725009194113553,0.23983629461317668
36,20,10,2.0,6,0.22,1.8,0.6725044327541161,0.2398556736605602
28,20,25,2.0,14,0.22,2.6,0.6725050307262949,0.23988262135375787
28,12,10,3.0,6,0.22,2.6,0.6725071193463477,0.23986074566074717
28,16,10,2.0,14,0.22,2.2,0.672509713182246,0.23985221395896555
40,20,20,3.0,6,0.18,1.8,0.672510293380066,0.23979306139960088
32,16,10,2.5,6,0.22,1.8,0.6725118103540807,0.23985092219563695
28,16,20,2.5,10,0.15,2.6,0.6725118222557377,0.23983592346271035
32,12,15,2.0,6,0.15,2.6,0.6725127949070608,0.23983239786193808
32,20,10,1.5,14,0.22,1.8,0.6725135014061897,0.23986077227567695
32,12,10,2.5,6,0.15,1.8,0.6725174436527253,0.2398268979432535
32,16,10,1.5,14,0.18,1.8,0.6725196012482548,0.23984650959443285
28,12,10,2.0,14,0.22,2.2,0.672520616428712,0.2398481205005521
28,20,15,2.5,10,0.22,2.2,0.6725237188309392,0.23987461120837622
28,16,25,2.5,10,0.18,2.2,0.6725246832673235,0.23985182146857537
28,20,20,3.0,10,0.15,2.6,0.6725249592968804,0.2398442197111957
32,20,10,2.0,10,0.15,2.6,0.6725260286983633,0.23984958724277816
32,16,25,3.0,6,0.22,2.2,0.672527390717221,0.23988614014919676
36,20,15,3.0,6,0.18,1.8,0.6725281386980985,0.2398107507656728
36,20,10,3.0,6,0.15,1.8,0.6725282394858462,0.239785348132559
36,20,10,2.5,6,0.18,1.8,0.6725302531134484,0.23983169005585717
28,20,25,3.0,10,0.18,2.2,0.6725303979968269,0.23986048815686792
36,16,10,2.0,6,0.15,1.8,0.6725305148750672,0.23982683977365574
40,20,20,1.5,6,0.22,1.8,0.6725317694538571,0.23988249135904077
36,16,25,1.5,10,0.15,1.8,0.6725325831463963,0.23983863345996217
28,12,10,2.5,10,0.18,1.8,0.6725345281396164,0.23984995043895294
32,16,10,2.0,6,0.22,2.6,0.6725349332815869,0.23987999208313443
28,16,20,2.0,10,0.22,2.6,0.6725362330437766,0.23987715206767718
32,16,20,1.5,14,0.15,1.8,0.6725369397766595,0.23984392773306695
28,16,15,2.0,14,0.18,1.8,0.6725373536925058,0.23984940132638713
36,20,20,1.5,6,0.22,2.6,0.6725375728836299,0.2399125609593369
36,12,10,1.5,6,0.15,2.2,0.672542575546667,0.23985474719003955
32,16,20,2.0,6,0.22,2.6,0.6725432174364229,0.23989742352706056
36,16,25,1.5,6,0.22,2.2,0.6725433838639011,0.23989753825418356
40,20,10,1.5,6,0.15,2.2,0.6725439955788963,0.2398488273038373
32,12,10,2.0,6,0.18,2.6,0.6725440311986667,0.23986271930041708
32,16,25,1.5,10,0.18,2.6,0.6725450417725186,0.23987530304942956
32,16,15,1.5,10,0.18,2.2,0.6725452119540202,0.2398620603226435
28,16,15,2.0,10,0.22,2.6,0.6725496641243703,0.23987813118298643
32,20,20,1.5,14,0.18,2.2,0.6725498931718448,0.23987822285975358
28,12,15,2.0,10,0.18,2.6,0.6725502926797446,0.23985936251830065
28,16,15,2.5,10,0.18,1.8,0.6725541417705238,0.23985423982252027
28,12,20,3.0,6,0.22,2.2,0.6725574016762494,0.2398815992462361
32,16,20,3.0,6,0.18,2.2,0.6725596364129296,0.2398548988184539
36,20,20,1.5,10,0.15,2.2,0.6725647292381438,0.23986607667532595
28,12,20,2.0,10,0.22,1.8,0.6725651888074875,0.2398692487980411
36,16,15,2.0,6,0.15,1.8,0.6725653283363398,0.23982737794225764
36,20,20,2.5,6,0.18,2.6,0.6725656162833662,0.2398866629699114
28,20,15,3.0,10,0.18,1.8,0.672566209868886,0.23986047182707682
28,16,20,2.0,14,0.18,1.8,0.6725665412201718,0.23986433395664955
32,20,15,2.0,10,0.18,1.8,0.6725671495222615,0.2398662203796948
36,20,25,2.0,6,0.22,2.6,0.672567773894224,0.23993864647904595
36,20,25,1.5,10,0.15,2.6,0.6725685935878439,0.23987971937607053
36,20,20,2.0,6,0.22,2.2,0.6725691380465919,0.23991396289849928
32,20,15,1.5,10,0.22,2.2,0.6725718796436388,0.23989814035632318
28,16,15,2.0,14,0.15,2.2,0.6725722249617477,0.23986153792472029
28,16,25,2.0,14,0.15,2.6,0.6725733229909518,0.2398699185587939
28,20,15,2.0,14,0.22,2.2,0.672573913810693,0.2398989027063986
32,16,15,2.5,6,0.18,2.2,0.6725744647847287,0.23986722839681845
32,20,20,2.0,10,0.15,2.6,0.6725755761154448,0.23987340107802888
28,20,25,2.5,14,0.15,1.8,0.672575912305928,0.23985357111447475
32,20,25,2.0,10,0.18,2.2,0.6725813187895275,0.23988931204742076
40,16,25,2.0,6,0.15,2.2,0.6725832144852605,0.23984005191833851
32,16,10,1.5,14,0.15,2.2,0.6725833894648173,0.23987392635643368
28,12,10,2.0,14,0.18,2.6,0.6725834603503354,0.23987558568381248
28,20,10,2.0,14,0.22,2.6,0.672584565769549,0.2399065692896487
32,12,20,2.0,6,0.18,2.2,0.672585042371122,0.23987359759389565
36,16,10,1.5,6,0.18,2.2,0.6725855489655758,0.2398833933517575
28,12,25,2.0,10,0.18,2.6,0.6725857504083821,0.23988178890119494
40,20,25,2.0,6,0.18,2.6,0.6725859555483692,0.23990880406402387
28,16,10,2.5,10,0.18,2.2,0.6725872575585268,0.23987895138296528
28,20,20,2.5,10,0.22,2.2,0.6725873014700304,0.23990780197698514
32,20,15,1.5,14,0.15,2.6,0.672591337787911,0.23988561932401348
28,16,10,2.0,14,0.18,2.6,0.6725921290759348,0.2398853576984187
36,20,15,2.5,6,0.15,2.6,0.672594278202207,0.23985922669755752
32,12,25,1.5,10,0.18,1.8,0.6725952384014808,0.23987879151497343
36,20,15,3.0,6,0.15,2.2,0.6725959459355495,0.23982733464939537
32,20,25,1.5,14,0.22,1.8,0.6725961082421352,0.23991264197640538
36,20,10,2.5,6,0.15,2.2,0.6725971233675451,0.23985267194628004
40,20,20,3.0,6,0.15,2.2,0.6725994130531151,0.23981414319406824
32,12,10,1.5,10,0.18,2.6,0.6726010089945491,0.23988593405994615
28,16,20,2.0,14,0.15,2.2,0.67260413000601,0.2398769203436188
32,16,10,2.5,6,0.18,2.2,0.6726060481052017,0.23988656479591491
28,12,10,2.5,10,0.15,2.2,0.6726072966839792,0.23988335159254695
28,20,20,2.0,14,0.22,2.2,0.6726074692640799,0.2399185829719755
32,12,25,2.5,6,0.15,2.6,0.6726087045035954,0.23986678865674232
40,20,20,2.0,6,0.15,2.6,0.672611035468423,0.23987424387842354
32,16,15,2.0,6,0.22,2.2,0.6726119277143372,0.239911598550411
28,12,15,2.0,10,0.22,1.8,0.6726129579303226,0.23988907895816752
36,16,25,2.0,6,0.22,1.8,0.6726144963524044,0.23990808071672592
32,20,10,1.5,14,0.18,2.2,0.6726148226484187,0.23990213086231116
28,12,15,3.0,6,0.22,1.8,0.6726152748249122,0.23989183613607973
32,12,10,1.5,14,0.15,1.8,0.6726154278490769,0.23988830214323065
28,12,25,3.0,6,0.22,2.6,0.6726176630617662,0.2399280048427678
28,16,25,2.0,10,0.22,2.6,0.6726179596941936,0.23992030478542717
36,16,20,1.5,6,0.22,1.8,0.672619558737374,0.2399107543872932
36,16,25,3.0,6,0.18,1.8,0.672620182585488,0.23984754914858789
36,16,25,2.5,6,0.15,2.6,0.6726203543156436,0.23986746990046964
28,12,10,2.0,14,0.22,1.8,0.6726208184579949,0.23989352634235592
40,16,25,3.0,6,0.15,1.8,0.6726213257739112,0.23978506642452901
32,20,10,3.0,6,0.22,2.2,0.6726221858203546,0.23992849854689338
28,16,15,2.5,10,0.15,2.2,0.672624228954878,0.23988263791318876
40,20,20,2.5,6,0.18,1.8,0.6726245386734266,0.23985927156854592
32,16,20,2.5,6,0.18,2.6,0.6726263942993229,0.23990573444236976
36,20,15,1.5,6,0.22,2.2,0.6726277569190355,0.23993394239065102
28,20,10,3.0,10,0.18,1.8,0.6726284775635314,0.23989082582569823
32,16,20,1.5,10,0.18,2.2,0.6726285425247622,0.2399041040466361
36,20,10,1.5,6,0.22,2.2,0.6726302987379493,0.2399292556166083
32,12,10,1.5,10,0.22,1.8,0.6726345241566387,0.23990167484528696
40,16,25,1.5,6,0.15,2.6,0.672634810835399,0.23989600712885306
28,12,20,1.5,14,0.22,2.6,0.6726350359383401,0.2399115371531075
28,20,15,3.0,10,0.15,2.2,0.6726363387646086,0.23988584415272068
36,20,20,3.0,6,0.22,1.8,0.6726381135736372,0.23991453006399402
32,12,10,2.0,6,0.22,1.8,0.6726383812244003,0.2399066671885466
40,20,15,1.5,6,0.18,1.8,0.6726393024411588,0.23989535507083987
36,16,15,1.5,6,0.15,2.6,0.6726399900474406,0.2398977605021405
36,20,15,2.0,6,0.22,1.8,0.6726400872812158,0.23991939137878388
36,20,10,2.0,6,0.18,2.2,0.6726401424171974,0.23990781292095753
28,20,10,2.5,10,0.22,2.2,0.6726466036304415,0.23992901823381152
40,20,15,2.0,6,0.15,1.8,0.6726472235241089,0.23985124399697244
28,16,20,2.5,10,0.18,1.8,0.6726478860434296,0.23989795203942232
32,12,15,2.0,6,0.18,1.8,0.6726517242211006,0.23989524383827027
28,12,25,1.5,14,0.22,2.6,0.6726525674938091,0.23992558576839207
36,20,15,1.5,10,0.15,1.8,0.6726530265993087,0.23989606214673773
36,16,20,2.0,6,0.18,1.8,0.6726547618687606,0.23989021692845436
32,12,15,1.5,6,0.22,2.2,0.6726560315337117,0.23992092438111437
36,12,25,1.5,6,0.15,2.6,0.6726561948490767,0.23990370633805594
32,20,20,1.5,10,0.22,2.2,0.6726579742520378,0.23994385965174803
36,16,20,2.5,6,0.15,1.8,0.6726581998999157,0.23984462412644425
32,12,20,2.5,6,0.15,1.8,0.6726583203191782,0.23986345440046544
32,12,25,2.0,6,0.18,2.6,0.6726597779211985,0.2399209448750671
32,20,10,2.0,10,0.18,1.8,0.6726600984706346,0.2399104837122235
28,16,10,2.0,14,0.22,1.8,0.6726605302331382,0.23991812693879913
28,12,10,3.0,6,0.22,2.2,0.67266093795991,0.2399262295821796
28,12,10,2.0,14,0.18,2.2,0.6726610611794065,0.2399106921911619
32,16,10,3.0,6,0.15,1.8,0.6726618986197791,0.23986932802317876
32,20,15,2.0,10,0.15,2.2,0.6726630940747879,0.23990472594138157
28,12,20,2.0,10,0.18,2.2,0.6726640239352493,0.23991142586374303
32,16,25,1.5,10,0.22,1.8,0.6726662452719305,0.2399324607424053
28,16,25,2.5,10,0.15,2.6,0.6726665625648119,0.2399090350993484
28,12,15,3.0,6,0.18,2.2,0.6726689728089602,0.23990867718683692
28,20,25,3.0,10,0.15,2.6,0.6726710516868083,0.23991268714847494
32,20,25,2.5,10,0.15,1.8,0.6726754918748579,0.23989192386525907
28,12,25,2.0,10,0.22,1.8,0.6726785136365574,0.23992577590921974
28,12,20,3.0,6,0.18,2.6,0.6726796684799894,0.2399238242797004
32,16,25,2.0,10,0.15,1.8,0.6726855798026182,0.23990325570280177
32,12,15,1.5,10,0.15,1.8,0.672686125016553,0.23991390043393507
28,20,25,2.0,14,0.22,2.2,0.6726866323347575,0.2399589042837308
32,20,10,2.5,6,0.22,2.6,0.6726868136427141,0.2399708735657899
28,20,15,2.0,14,0.18,2.6,0.6726872205331856,0.23994107469486908
36,16,25,3.0,6,0.15,2.2,0.6726886713906005,0.23986294466454078
28,20,20,3.0,10,0.18,1.8,0.6726887595744407,0.2399175701856029
28,16,25,2.0,14,0.18,1.8,0.6726888591548998,0.23992318796229747
32,12,25,1.5,6,0.22,2.6,0.6726892243066518,0.23995733006246636
28,20,25,2.5,10,0.22,2.2,0.6726902072657563,0.239958732718025
32,12,25,1.5,10,0.15,2.2,0.6726944360952728,0.23992104274547166
28,20,10,3.0,10,0.15,2.2,0.6726966427932749,0.23991627606491617
32,16,20,3.0,6,0.15,2.6,0.6726971118751404,0.23989969220766239
36,20,25,3.0,6,0.22,2.2,0.672698657890521,0.2399831191281303
32,16,10,1.5,10,0.18,2.6,0.6727013220075759,0.23993877392104704
32,16,25,3.0,6,0.18,2.6,0.6727029938721094,0.23994109140636258
28,12,15,2.5,6,0.22,2.6,0.6727045174184791,0.23995228690253545
32,20,20,1.5,14,0.15,2.6,0.6727047121013711,0.23994104518623247
36,12,25,2.0,6,0.15,1.8,0.6727047389187744,0.23988383902900356
28,12,15,2.0,10,0.18,2.2,0.6727083631074283,0.23993116717362933
36,20,10,1.5,10,0.15,1.8,0.6727092522390333,0.2399266855449833
40,20,20,1.5,6,0.18,2.2,0.6727097706516569,0.2399490669673253
28,16,10,2.0,14,0.18,2.2,0.6727100223173899,0.23993711627686518
40,16,20,1.5,6,0.15,1.8,0.6727118152876259,0.2398989381281053
32,20,25,1.5,14,0.18,2.2,0.6727121602148013,0.23995721154631525
28,16,10,2.5,10,0.15,2.6,0.672713935655644,0.23993375494943406
40,20,20,2.5,6,0.15,2.2,0.6727154923272763,0.23988416505388827
32,12,15,2.0,6,0.15,2.2,0.6727158901655413,0.23992064478197217
28,20,15,2.5,10,0.18,2.6,0.6727180684244812,0.2399534588134857
40,20,25,3.0,6,0.22,1.8,0.672718104211294,0.23995879594988928
28,16,20,2.5,10,0.15,2.2,0.672718440100258,0.23992556819961133
32,20,15,1.5,14,0.18,1.8,0.6727214991846299,0.23994567394070018
40,20,25,2.5,6,0.22,1.8,0.6727224707074511,0.23996443602423403
28,12,10,2.0,14,0.15,2.6,0.6727237996839752,0.2399385253646536
32,16,15,2.5,6,0.15,2.6,0.672724177102968,0.23992407695881332
28,20,20,2.0,14,0.18,2.6,0.6727265844126209,0.23996233203959977
36,20,20,3.0,6,0.18,2.2,0.6727286748652734,0.23993245540151711
28,16,25,2.0,14,0.15,2.2,0.6727297482624945,0.23993668896630793
32,16,15,1.5,10,0.15,2.6,0.6727305266175506,0.23994389966486496
28,20,10,2.0,14,0.22,2.2,0.6727307204283958,0.23996867855064982
32,20,15,2.5,6,0.22,2.6,0.6727329374438294,0.23999773542663375
36,16,20,2.0,6,0.15,2.2,0.6727340259067427,0.23991697889377533
32,12,25,3.0,6,0.15,1.8,0.6727393315758062,0.23987874418227115
40,20,15,1.5,6,0.15,2.2,0.672740302858197,0.2399321581347211
32,20,20,2.0,10,0.18,1.8,0.6727411937801239,0.23994830337801262
40,16,25,2.5,6,0.15,1.8,0.6727412520570997,0.23986253564945462
28,16,15,2.0,14,0.15,1.8,0.6727441275196645,0.23993595806947637
32,12,20,1.5,6,0.22,2.2,0.6727442580004193,0.23996871556569402
32,12,10,2.0,6,0.18,2.2,0.672746863382975,0.23995454383838252
32,12,20,1.5,10,0.15,1.8,0.6727477017548574,0.23994015455034612
32,12,20,2.0,6,0.15,2.6,0.6727479770709518,0.239940329564746
36,20,25,1.5,10,0.18,1.8,0.6727527707940009,0.239962860657548
36,16,25,2.0,6,0.18,2.2,0.6727529510366236,0.2399566204629837
32,20,10,2.0,10,0.15,2.2,0.6727547440923416,0.2399497452873848
32,16,25,1.5,14,0.15,1.8,0.6727555512312059,0.2399466538146949
28,16,15,2.0,10,0.22,2.2,0.6727557356334153,0.23997010955881246
32,20,10,1.5,14,0.15,2.6,0.6727558885649254,0.23996168455864827
32,16,10,2.5,6,0.15,2.6,0.6727565591705037,0.23994768874963868
32,20,10,1.5,10,0.22,2.2,0.6727569689623464,0.23998017624069115
28,20,20,3.0,10,0.15,2.2,0.6727619405077928,0.23994362594931673
28,16,20,2.0,10,0.22,2.2,0.6727624784162689,0.23997729495685946
36,12,20,1.5,6,0.15,1.8,0.6727641641602378,0.23993261816481506
32,20,15,3.0,6,0.22,2.2,0.6727671604451069,0.23999763198717022
28,12,10,3.0,6,0.18,2.6,0.6727673395569229,0.2399686548855999
32,12,10,1.5,10,0.18,2.2,0.6727688470702349,0.23996463670202364
32,16,10,1.5,10,0.22,1.8,0.6727690354924447,0.23997080446169863
36,16,20,1.5,6,0.18,2.2,0.6727700199369872,0.23996986946855492
28,12,15,3.0,6,0.15,2.6,0.6727727986058429,0.23994812178681146
28,12,10,2.0,14,0.18,1.8,0.6727750596215768,0.2399625401770467
32,16,10,2.0,6,0.22,2.2,0.6727758772564781,0.2399854820082613
28,12,20,1.5,14,0.22,2.2,0.6727775760811879,0.23997573427411203
36,20,15,2.0,6,0.18,2.2,0.6727777231459331,0.23996910640145874
32,16,10,1.5,14,0.15,1.8,0.6727783091499993,0.2399619366988887
32,20,20,3.0,6,0.22,2.6,0.6727795942835295,0.24003051840057257
36,20,25,2.5,6,0.22,2.2,0.6727806550498757,0.24001784266979742
36,16,10,1.5,6,0.15,2.6,0.6727819307216756,0.23996952996526374
28,12,25,2.0,10,0.18,2.2,0.672782430323828,0.23996915036758604
32,20,25,2.0,10,0.15,2.6,0.6727832793142546,0.2399714261200047
32,16,15,3.0,6,0.15,1.8,0.672785846810091,0.23990838383231017
28,12,10,2.5,10,0.15,1.8,0.6727861066176817,0.23996546092061877
36,12,10,1.5,6,0.15,1.8,0.6727863836204561,0.23996522953549565
28,16,10,2.0,14,0.15,2.6,0.6727870334883356,0.23996878407425987
28,20,20,2.5,10,0.18,2.6,0.6727894165135357,0.239988963420848
32,16,25,2.5,6,0.22,2.2,0.6727913028733024,0.2400061001059846
28,16,20,2.0,14,0.15,1.8,0.6727919853239478,0.23995740975185031
32,12,25,2.5,6,0.18,1.8,0.6727931033505958,0.2399474673446763
32,20,15,1.5,14,0.15,2.2,0.6727934198728469,0.23997367347522056
32,20,10,3.0,6,0.18,2.6,0.6727949560936028,0.23998725405881813
28,12,15,1.5,14,0.22,2.6,0.6727962714074605,0.2399821273076556
28,20,15,2.0,14,0.22,1.8,0.6727963593578881,0.23999306057362826
36,20,20,2.5,6,0.22,1.8,0.6727994220764622,0.23999153549023405
28,12,20,2.5,6,0.22,2.6,0.6728009402521353,0.2400036080412848
28,12,20,2.0,10,0.15,2.6,0.6728013492197931,0.23997157851435474
32,20,25,1.5,10,0.22,2.2,0.672802672350677,0.24001599676576688
28,12,10,2.0,14,0.15,2.2,0.6728081930502162,0.23997683412490975
36,20,15,2.5,6,0.18,1.8,0.6728106845467028,0.23995181494255613
28,16,10,2.5,10,0.18,1.8,0.672811041082039,0.2399780614064954
36,16,15,1.5,6,0.18,1.8,0.6728112331056871,0.23997537272212272
28,12,25,1.5,14,0.22,2.2,0.6728119236619287,0.2399967355632301
28,20,25,2.0,14,0.18,2.6,0.672812456904679,0.2400049346759926
28,16,25,2.5,10,0.18,1.8,0.6728130406266062,0.23997564669241037
32,16,25,2.0,6,0.22,2.6,0.6728137353537578,0.24002991795803907
32,16,25,1.5,10,0.18,2.2,0.6728152022092939,0.23999456496356728
32,16,20,2.5,6,0.22,1.8,0.6728180071077184,0.2399931240850709
32,16,20,1.5,10,0.15,2.6,0.6728223861166656,0.2399880904845585
40,20,25,2.0,6,0.22,1.8,0.6728237150882383,0.24001538064306752
40,20,25,3.0,6,0.18,2.2,0.672824284971991,0.23997565451694716
32,16,15,2.0,6,0.18,2.6,0.672825547897459,0.23999867297246266
40,20,25,1.5,6,0.18,2.6,0.6728274017676056,0.2400242068314057
32,12,25,2.0,6,0.22,1.8,0.6728283203719786,0.23999912290267497
36,16,25,1.5,6,0.18,2.6,0.6728332717294775,0.24001460887506298
32,20,15,1.5,10,0.18,2.6,0.6728340499414918,0.24001112501682026
28,20,10,2.5,10,0.18,2.6,0.6728340544665844,0.24000638009735037
28,12,15,2.0,10,0.15,2.6,0.6728383303431846,0.23998954518250976
28,20,15,2.5,10,0.22,1.8,0.6728387870126777,0.24000962572089898
32,16,20,2.0,6,0.22,2.2,0.6728390223110209,0.24002289989056266
36,20,10,2.0,6,0.15,2.6,0.6728393047735255,0.23998822645673223
28,20,25,3.0,10,0.18,1.8,0.6728405224017762,0.23998838178734003
32,20,20,2.0,10,0.15,2.2,0.6728406164307866,0.23998740641000388
28,12,20,3.0,6,0.22,1.8,0.6728412822676231,0.23999791927555927
28,20,10,2.0,14,0.18,2.6,0.6728414738377377,0.24001114978988658
36,20,25,1.5,6,0.22,2.6,0.6728418097081202,0.24006078993687702
36,12,25,1.5,6,0.18,1.8,0.672842125439393,0.23998751796905446
28,20,20,2.0,14,0.22,1.8,0.6728433154901047,0.24001787647492778
36,20,20,2.0,6,0.18,2.6,0.6728433412947985,0.24001759495132893
32,20,20,1.5,14,0.18,1.8,0.6728459498237649,0.24000599838111344
32,12,25,2.5,6,0.15,2.2,0.6728477325679545,0.2399633411406082
40,20,20,2.0,6,0.18,1.8,0.6728480539868913,0.2399760362355144
36,16,25,2.5,6,0.18,1.8,0.6728488532126111,0.23996515731821305
32,16,15,1.5,10,0.18,1.8,0.6728500750996912,0.2399991699413538
40,16,25,1.5,6,0.18,1.8,0.6728521776008339,0.23999171948196557
28,12,25,3.0,6,0.22,2.2,0.6728561532098996,0.2400249230553726
28,16,25,2.0,10,0.22,2.2,0.6728588042944467,0.24002626205799665
40,20,25,2.5,6,0.18,2.2,0.6728603184534651,0.24000164206023405
28,20,15,2.0,14,0.18,2.2,0.6728634008251948,0.24001642010058138
32,12,15,1.5,6,0.18,2.6,0.6728677875768473,0.2400141662512253
28,16,10,2.0,14,0.18,1.8,0.6728684286752901,0.2400065952251789
28,16,15,2.5,10,0.15,1.8,0.6728715513407374,0.239990988774819
32,20,10,1.5,14,0.18,1.8,0.6728724425239693,0.24001563422537642
32,20,25,1.5,14,0.15,2.6,0.6728745668826672,0.2400225179334159
36,20,25,1.5,10,0.15,2.2,0.6728755869802078,0.24001164188711352
36,20,15,2.5,6,0.15,2.2,0.6728804996948051,0.239971514892688
28,12,10,2.0,10,0.22,2.6,0.672881533735334,0.240020810220567
28,16,10,2.5,10,0.15,2.2,0.672883141402505,0.24000873815066143
28,12,10,3.0,6,0.22,1.8,0.6728835700697178,0.24002225606479582
28,16,25,2.5,10,0.15,2.2,0.672886250840789,0.24000374127502272
40,20,10,1.5,6,0.15,1.8,0.6728891497900074,0.23999508112564438
32,16,15,2.5,6,0.18,1.8,0.6728984202996882,0.24000041934591754
28,20,25,2.5,10,0.18,2.6,0.6728995110048772,0.24004225731016102
36,16,15,1.5,6,0.15,2.2,0.6728997130410233,0.2400100971638066
28,12,15,2.5,6,0.22,2.2,0.6729000776778082,0.24003657789073138
28,12,20,3.0,6,0.18,2.2,0.6729008925735829,0.24001520454397482
32,16,20,3.0,6,0.18,1.8,0.67290120848252,0.23998687213788752
32,16,10,2.5,6,0.18,1.8,0.6729020123471351,0.24001150950755745
28,12,20,2.0,10,0.18,1.8,0.6729037147299841,0.24001894500923332
28,16,10,2.0,10,0.22,2.6,0.67290387716592,0.240041526380007
28,12,20,1.5,14,0.18,2.6,0.672904210408114,0.24003036722976548
28,16,10,2.0,14,0.15,2.2,0.6729049224216824,0.24002055670039701
32,12,10,2.0,6,0.15,2.6,0.6729069154165973,0.24002664067396887
32,16,15,1.5,6,0.22,2.6,0.6729074269419301,0.24005726852961803
32,16,10,1.5,10,0.18,2.2,0.6729085922743714,0.24003349044103378
32,12,20,2.0,6,0.18,1.8,0.6729090721787918,0.2400127377416704
36,20,10,1.5,6,0.18,2.6,0.6729096399821238,0.24004769625778413
28,12,15,3.0,6,0.18,1.8,0.6729100599269277,0.24000841238329546
28,20,20,2.0,14,0.18,2.2,0.6729133723320398,0.2400418307130934
36,20,15,1.5,6,0.18,2.6,0.6729153678594989,0.2400519226278244
28,20,15,3.0,10,0.15,1.8,0.6729157601575168,0.2400026982247316
28,20,25,3.0,10,0.15,2.2,0.6729163003108996,0.2400150868269552
32,16,20,2.5,6,0.18,2.2,0.6729182725480485,0.24002604398335756
28,20,20,2.5,10,0.22,1.8,0.6729190371204189,0.24004923320344926
36,16,10,1.5,6,0.18,1.8,0.6729197968388908,0.24003230339543935
28,12,15,1.5,14,0.22,2.2,0.6729198392529538,0.2400385109903872
36,20,25,3.0,6,0.18,2.6,0.6729211796302925,0.24004851601327934
36,16,25,2.5,6,0.15,2.2,0.6729214731961762,0.2399848648885294
32,20,20,1.5,14,0.15,2.2,0.6729215250786148,0.240034824090165
36,20,20,3.0,6,0.15,2.6,0.6729217767467727,0.2399942423405677
28,12,10,2.0,14,0.15,1.8,0.672922317388631,0.2400288560935942
28,12,15,2.0,10,0.18,1.8,0.6729231332568322,0.24002887934530837
36,20,20,1.5,6,0.22,2.2,0.6729234663135023,0.2400778869638938
36,20,20,2.5,6,0.18,2.2,0.6729242851601008,0.2400294619190702
32,16,25,3.0,6,0.22,1.8,0.6729287779091979,0.24004255629843887
36,20,10,2.5,6,0.15,1.8,0.6729288686891813,0.23998500661569963
28,16,15,3.0,6,0.22,2.6,0.6729292603515189,0.24007449221640353
28,12,25,2.0,10,0.15,2.6,0.6729294171227272,0.2400325231118428
36,12,25,1.5,6,0.15,2.2,0.6729301330944055,0.24002044099620234
32,20,20,1.5,10,0.18,2.6,0.6729308890869548,0.24006007238489432
28,16,25,2.0,14,0.15,1.8,0.6729311188669136,0.2400223627001919
28,20,25,2.0,14,0.22,1.8,0.6729340245848885,0.24006270546257297
36,20,20,1.5,10,0.15,1.8,0.6729361077421181,0.2400264202874997
32,12,10,1.5,10,0.15,2.6,0.6729374455798944,0.24004403908449737
28,16,20,1.5,14,0.22,2.6,0.6729378143243917,0.2400663477275594
28,20,10,2.0,14,0.22,1.8,0.6729393953225086,0.24005778142670567
32,12,25,2.0,6,0.18,2.2,0.6729394877764163,0.24004036867811127
28,20,15,2.5,10,0.18,2.2,0.6729398557955637,0.24004783394372117
40,20,20,2.0,6,0.15,2.2,0.6729413349600772,0.24000446086663396
28,20,10,2.5,10,0.22,1.8,0.6729426473439217,0.24005685245834033
32,20,10,1.5,14,0.15,2.2,0.6729428258639972,0.24004407084792154
28,16,15,2.0,10,0.18,2.6,0.6729446537817685,0.2400520680775927
28,12,10,3.0,6,0.18,2.2,0.6729455871307377,0.24004607523208438
32,20,15,3.0,6,0.18,2.6,0.6729473576649989,0.2400554969426482
28,12,25,1.5,14,0.18,2.6,0.6729486314526155,0.24005470908542303
28,12,15,3.0,6,0.15,2.2,0.672949695849865,0.24002095981000834
32,16,15,1.5,10,0.15,2.2,0.6729516342846796,0.24004327918493007
32,16,20,3.0,6,0.15,2.2,0.6729520388170942,0.23999854153617153
32,20,15,1.5,10,0.22,1.8,0.6729536218245005,0.24006737035537182
32,16,15,2.5,6,0.15,2.2,0.6729544368132861,0.24001802059079114
40,16,25,1.5,6,0.15,2.2,0.672955831376205,0.24002789912055275
32,20,25,2.0,10,0.18,1.8,0.6729583405457019,0.24005035908370967
36,20,25,2.0,6,0.22,2.2,0.6729593349264367,0.24009898193903256
28,16,20,2.0,10,0.18,2.6,0.6729601732937773,0.24006165132730345
32,16,20,1.5,10,0.18,1.8,0.6729613719282427,0.2400520952623896
40,20,20,1.5,6,0.15,2.6,0.67296146714159,0.2400476312390311
28,20,10,3.0,10,0.15,1.8,0.6729616489222914,0.2400282099476871
32,16,10,2.5,6,0.15,2.2,0.6729619453261468,0.240033404175373
36,16,25,2.0,6,0.15,2.6,0.6729624480746813,0.24003616570011455
36,20,15,3.0,6,0.15,1.8,0.6729625692735964,0.23996452901640206
28,20,15,2.0,14,0.15,2.6,0.6729651326712643,0.24005529494279876
32,12,15,2.0,6,0.15,1.8,0.6729670005182021,0.2400287173958437
32,20,10,2.5,6,0.22,2.2,0.6729715870687094,0.2400882403767055
32,12,20,1.5,6,0.18,2.6,0.6729720588123843,0.24006642867730346
32,12,20,2.0,6,0.15,2.2,0.6729727494588855,0.24003597701117335
28,20,15,2.0,10,0.22,2.6,0.6729732311484061,0.2400908646554292
32,16,10,2.0,6,0.18,2.6,0.6729748891778571,0.2400695544893955
32,12,15,1.5,6,0.22,1.8,0.6729763874489737,0.24006535441076673
28,12,20,2.0,10,0.15,2.2,0.6729777774888448,0.24005065960831315
32,12,10,1.5,6,0.22,2.6,0.672979746114608,0.2400745467330071
28,12,20,1.5,14,0.22,1.8,0.6729808050717309,0.24006739828092677
32,20,15,2.0,10,0.15,1.8,0.6729812986486619,0.24004231631353665
40,16,25,2.0,6,0.15,1.8,0.6729844795555985,0.23999673384009454
28,16,20,2.5,10,0.15,1.8,0.6729846254736987,0.240040945344309
36,20,15,2.0,6,0.15,2.6,0.672984764333541,0.24004933181887644
32,16,15,2.0,6,0.22,1.8,0.6729851533756462,0.24007271673135974
36,16,20,1.5,6,0.15,2.6,0.6729853520516813,0.2400581204119051
32,12,25,1.5,6,0.22,2.2,0.6729856058724998,0.24008788195456293
28,16,25,1.5,14,0.22,2.6,0.6729856305688692,0.24009351909698498
28,12,25,3.0,6,0.18,2.6,0.6729862286091102,0.24006800939607797
32,12,25,1.5,10,0.15,1.8,0.6729876856646222,0.24005170273186385
32,20,20,2.5,6,0.22,2.6,0.6729900855489217,0.24012240036319027
40,20,25,2.0,6,0.18,2.2,0.6729910099029934,0.24007083658838643
32,20,10,3.0,6,0.22,1.8,0.6729920444513265,0.24007565489847624
28,16,15,1.5,14,0.22,2.6,0.6729943233817339,0.24008786894993875
32,16,25,2.5,6,0.18,2.6,0.6729946882292166,0.24007828330233927
28,12,15,2.0,10,0.15,2.2,0.6729981043515976,0.240062203428501
32,12,10,1.5,10,0.18,1.8,0.672998694799177,0.24007258032995082
28,20,20,2.0,10,0.22,2.6,0.6730010841153391,0.24010777722056761
28,20,10,2.0,14,0.18,2.2,0.6730048281304081,0.2400814461732166
28,20,25,2.0,14,0.18,2.2,0.6730070521144693,0.24008742837694863
28,12,20,3.0,6,0.15,2.6,0.6730080247221667,0.2400532527748464
32,16,25,3.0,6,0.18,2.2,0.6730115072104254,0.2400623548652025
32,20,10,1.5,10,0.18,2.6,0.6730117852170631,0.24009208042260213
36,16,10,1.5,6,0.15,2.2,0.6730147600436152,0.2400727197458214
28,12,25,2.5,6,0.22,2.6,0.67301763081831,0.2401106801684149
32,16,25,1.5,10,0.15,2.6,0.6730177363481034,0.24008118994911556
32,12,10,2.0,6,0.18,1.8,0.6730178453935985,0.24007722008219198
36,16,25,1.5,6,0.22,1.8,0.6730179773560856,0.24010006751182902
28,12,10,2.0,10,0.22,2.2,0.6730183832184786,0.2400843589631017
36,20,10,2.0,6,0.18,1.8,0.6730184401198074,0.2400669361122148
28,20,20,2.0,14,0.15,2.6,0.6730209620081703,0.2400825402953437
28,12,20,2.5,6,0.22,2.2,0.6730216405795487,0.2400972863204686
28,12,20,1.5,10,0.22,2.6,0.6730218267708908,0.24009386919169573
28,20,20,2.5,10,0.18,2.2,0.6730232886216623,0.24008796697631302
32,20,25,1.5,14,0.18,1.8,0.6730245137480009,0.24009128616518025
28,16,10,3.0,6,0.22,2.6,0.6730282834920427,0.2401176195260319
32,16,20,1.5,6,0.22,2.6,0.6730294445526801,0.24012149986476466
28,12,15,2.5,6,0.18,2.6,0.6730320448286925,0.24008902482580954
40,20,20,3.0,6,0.15,1.8,0.6730329930104043,0.23997039398636602
28,16,15,2.0,10,0.22,1.8,0.6730349826729652,0.24009473919083646
28,20,25,2.5,10,0.22,1.8,0.673035493276524,0.24010541483817077
28,12,25,1.5,14,0.22,1.8,0.6730363357678422,0.2400970209575424
36,20,25,2.5,6,0.18,2.6,0.6730378924295227,0.24010521019605943
28,12,15,1.5,14,0.18,2.6,0.6730383199612132,0.2400910531357593
32,20,15,2.5,6,0.22,2.2,0.6730403539569406,0.2401223336132262
40,20,25,1.5,6,0.22,1.8,0.6730409714489166,0.24012135646887084
28,20,10,2.5,10,0.18,2.2,0.6730436294046463,0.2400963092720586
28,12,25,2.0,10,0.18,1.8,0.6730439686953488,0.24008533755899322
32,20,15,1.5,14,0.15,1.8,0.6730501843823212,0.2400851659871357
36,20,20,2.0,6,0.22,1.8,0.6730521673810196,0.2401123880680543
32,20,10,2.0,10,0.15,1.8,0.6730536215468932,0.24008074100640725
28,20,20,3.0,10,0.15,1.8,0.6730543054041047,0.24006507158291085
28,12,20,1.5,14,0.18,2.2,0.6730553903724816,0.24009861620513187
28,12,25,1.5,10,0.22,2.6,0.6730576387686171,0.240115896104933
40,20,25,3.0,6,0.15,2.6,0.6730586543669214,0.24004761048267573
28,16,10,2.0,14,0.15,1.8,0.6730610529365274,0.24008922453179365
28,12,10,3.0,6,0.15,2.6,0.6730611950062773,0.24009467605892945
36,20,10,1.5,6,0.22,1.8,0.6730612815809444,0.24011802944091468
32,20,20,1.5,10,0.22,1.8,0.6730614933522681,0.24012137417288698
32,20,25,2.0,10,0.15,2.2,0.6730621274665456,0.24009073882481197
32,16,20,1.5,10,0.15,2.2,0.6730645743459079,0.24009573523792252
28,16,25,2.0,10,0.18,2.6,0.673065200587768,0.24011338429311072
28,16,20,2.0,10,0.22,1.8,0.673065997958125,0.24011155813790452
32,16,20,2.0,6,0.18,2.6,0.6730664338409292,0.24011321648022527
32,20,15,2.0,6,0.22,2.6,0.673069038177596,0.24014921689921745
36,16,25,3.0,6,0.15,1.8,0.6730692091493141,0.2400037344594493
28,20,25,2.0,10,0.22,2.6,0.6730749594035716,0.2401456049981016
36,16,20,2.0,6,0.15,1.8,0.6730761187876588,0.2400554147828132
32,16,20,2.5,6,0.15,2.6,0.6730776042322899,0.24008457590497537
32,20,10,3.0,6,0.18,2.2,0.6730788008322937,0.2401010128405173
32,20,25,1.5,10,0.18,2.6,0.673085594536494,0.24013551658788407
28,20,15,2.0,14,0.18,1.8,0.6730858510639112,0.24011069956371575
32,16,10,1.5,10,0.15,2.6,0.6730902649099727,0.24011597581280172
32,12,10,2.0,6,0.15,2.2,0.6730907604191816,0.24010911963046805
28,20,15,2.5,10,0.15,2.6,0.673090818496599,0.24010869404050028
28,16,10,2.0,10,0.22,2.2,0.673091380172695,0.24012629617664985
36,20,15,1.5,6,0.22,1.8,0.6730915701284363,0.24013347184525655
32,20,10,2.0,6,0.22,2.6,0.6730963786287686,0.24015701934213296
40,20,25,2.5,6,0.15,2.6,0.6730966780271853,0.2400801434460224
32,16,15,2.0,6,0.18,2.2,0.6730986460198617,0.24011640982633894
28,12,15,1.5,14,0.22,1.8,0.673098983477843,0.240120418633252
32,12,10,1.5,10,0.15,2.2,0.6730992553310838,0.2401197893858572
36,20,10,2.0,6,0.15,2.2,0.6731008667065361,0.2400969532623327
32,12,15,1.5,6,0.18,2.2,0.6731021225233219,0.2401198198023006
28,20,10,2.0,14,0.15,2.6,0.673103651514243,0.24012016181824036
32,20,25,1.5,14,0.15,2.2,0.6731036774273305,0.2401211164823461
32,20,25,3.0,6,0.22,2.6,0.6731053227923266,0.24018504034900523
32,20,15,1.5,10,0.18,2.2,0.6731059035616764,0.2401313201852565
32,12,20,1.5,6,0.22,1.8,0.673106087023549,0.24012950965156574
32,16,10,2.0,6,0.22,1.8,0.6731090837867593,0.2401319378731892
32,20,20,3.0,6,0.22,2.2,0.6731103600288725,0.240158924146959
28,16,10,2.5,10,0.15,1.8,0.6731122838634607,0.24011069728818435
36,20,20,2.5,6,0.15,2.6,0.6731136873350209,0.24009394146009602
32,12,25,2.0,6,0.15,2.6,0.673113884370436,0.24011023343308863
28,12,10,2.5,6,0.22,2.6,0.6731148003381886,0.24014335568925066
28,16,20,1.5,14,0.22,2.2,0.6731155435319215,0.2401451708266301
32,20,10,1.5,10,0.22,1.8,0.6731156871235869,0.24014098764458564
28,12,25,1.5,14,0.18,2.2,0.6731159051342349,0.24012958894048203
28,12,25,2.0,10,0.15,2.2,0.6731196095063988,0.24011687823802136
28,20,25,2.0,14,0.15,2.6,0.6731199938273185,0.24012994665698345
40,20,15,1.5,6,0.15,1.8,0.673121287296515,0.2400898098774077
28,16,20,3.0,6,0.22,2.6,0.6731227178118453,0.24016939573098525
40,20,20,2.5,6,0.15,1.8,0.6731314964440311,0.24003946207486782
28,20,15,2.0,14,0.15,2.2,0.6731320506540708,0.24012638424945987
32,16,25,2.0,6,0.22,2.2,0.6731338480201156,0.24016473339235722
28,20,10,2.0,10,0.22,2.6,0.6731339548756098,0.2401628080441409
28,20,25,2.5,10,0.18,2.2,0.6731431357520087,0.24014501342146852
28,16,15,2.0,10,0.18,2.2,0.673143497235525,0.24014051824295046
28,20,20,2.0,14,0.18,1.8,0.6731496432600611,0.24014149972171114
32,12,25,2.5,6,0.15,1.8,0.6731533418831638,0.2400862119660547
28,16,15,1.5,14,0.22,2.2,0.6731573414216996,0.24016079325717413
28,12,15,1.5,10,0.22,2.6,0.6731596616505244,0.24015417758270638
36,20,20,3.0,6,0.18,1.8,0.6731608028584889,0.24009328446704997
28,12,20,1.5,14,0.15,2.6,0.6731610954076599,0.24014429637088813
32,16,25,3.0,6,0.15,2.6,0.6731614030920517,0.2401104066382592
28,12,25,3.0,6,0.22,1.8,0.6731640595451971,0.24014928486091497
28,12,20,3.0,6,0.18,1.8,0.6731679123762194,0.24012332509523104
32,20,15,3.0,6,0.22,1.8,0.6731679211408663,0.24015431867813272
32,20,10,2.5,6,0.18,2.6,0.6731683061163913,0.24016177386253318
28,12,15,2.5,6,0.22,1.8,0.6731685283466837,0.24015266877750266
28,16,15,3.0,6,0.22,2.2,0.6731689571180977,0.2401722389046278
28,12,20,2.5,6,0.18,2.6,0.6731693240548543,0.24015422857446017
28,16,25,2.5,10,0.15,1.8,0.6731696342246705,0.24012568291362862
32,16,25,1.5,10,0.18,1.8,0.6731707789826502,0.2401513981637642
28,12,15,1.5,14,0.18,2.2,0.6731709961405988,0.24015170761042232
28,12,10,3.0,6,0.18,1.8,0.6731728715346955,0.240143856713637
36,16,25,2.0,6,0.18,1.8,0.6731735796437942,0.24012820323620584
32,20,20,2.0,10,0.15,1.8,0.6731750754012176,0.2401305609218276
28,16,25,1.5,14,0.22,2.2,0.6731755631787255,0.2401772368153797
36,16,20,1.5,6,0.18,1.8,0.6731764485258865,0.24014404496067884
36,16,25,1.5,6,0.18,2.2,0.6731768089708343,0.24016109150201367
28,16,20,2.0,10,0.18,2.2,0.6731786087422961,0.24015802442350154
28,20,20,2.5,10,0.15,2.6,0.673179626473748,0.2401502496194619
28,12,15,3.0,6,0.15,1.8,0.6731811217174762,0.2401162084201907
32,20,10,1.5,14,0.15,1.8,0.6731816776634482,0.24014909656096645
28,16,25,2.0,10,0.22,1.8,0.673181879242517,0.24016829941439943
40,20,20,1.5,6,0.18,1.8,0.6731842160696572,0.24014549849463906
32,12,10,1.5,6,0.22,2.2,0.6731862993431,0.24016986716138536
28,12,10,2.0,10,0.18,2.6,0.6731864487754295,0.240162752786771
36,20,15,2.0,6,0.18,1.8,0.6731871924764844,0.2401377292348204
32,16,10,1.5,10,0.18,1.8,0.6731871965136755,0.2401609007291606
36,20,25,3.0,6,0.22,1.8,0.6731893761342932,0.24016674487730127
32,16,10,1.5,6,0.22,2.6,0.6731894313778131,0.24018493290029622
28,20,10,2.5,10,0.15,2.6,0.6731911607120717,0.24015700758466507
32,16,15,1.5,6,0.22,2.2,0.6731927815248275,0.24018374687507674
32,20,20,1.5,14,0.15,1.8,0.673195017084488,0.24015256484492398
36,20,20,2.0,6,0.18,2.2,0.6731977707086437,0.24016332352943892
28,20,20,2.0,14,0.15,2.2,0.6731984370525491,0.2401578115813795
32,16,25,2.5,6,0.22,1.8,0.6732012017361023,0.2401722052087631
28,12,20,3.0,6,0.15,2.2,0.6732026138030597,0.2401317892899175
36,16,15,1.5,6,0.15,1.8,0.6732114275847885,0.24014325483359422
28,20,10,2.0,14,0.18,1.8,0.6732134716328922,0.24017060278986532
28,12,15,2.0,10,0.15,1.8,0.6732142615929706,0.24016064128882714
28,12,20,2.0,10,0.15,1.8,0.6732165430009593,0.24015790565138515
28,12,10,3.0,6,0.15,2.2,0.6732174132632811,0.24016098881721534
36,20,10,1.5,6,0.18,2.2,0.6732175922008832,0.24018216274974905
32,20,20,1.5,10,0.18,2.2,0.6732190031972355,0.24018649362253663
28,20,25,3.0,10,0.15,1.8,0.6732191713493053,0.24014029902751818
28,12,10,2.0,10,0.22,1.8,0.6732199164389924,0.24017829529579593
32,20,10,3.0,6,0.15,2.6,0.6732226634432691,0.24015037044735438
32,20,25,1.5,10,0.22,1.8,0.6732242485936124,0.240200450745553
32,16,10,2.0,6,0.18,2.2,0.6732252712478707,0.24017975568270658
36,20,20,1.5,6,0.18,2.6,0.6732253735393955,0.2401992938916479
40,20,25,1.5,6,0.18,2.2,0.6732279580371727,0.24018984229605084
28,12,25,1.5,14,0.15,2.6,0.6732279901101041,0.24017711407997294
28,20,15,2.0,10,0.22,2.2,0.6732283685093402,0.2402028334738767
32,12,25,1.5,6,0.18,2.6,0.6732284053737797,0.24019013487381982
28,12,20,1.5,10,0.22,2.2,0.6732286449640164,0.2401885475160633
28,12,25,3.0,6,0.18,2.2,0.6732300986347973,0.2401678943508265
40,20,25,2.0,6,0.15,2.6,0.6732333043742459,0.24015749640845968
32,16,10,2.5,6,0.15,1.8,0.6732333084968803,0.24014665891422837
36,20,20,3.0,6,0.15,2.2,0.6732344593700648,0.2401102624191693
32,16,15,1.5,10,0.15,1.8,0.6732347482844979,0.24017019969380846
32,12,20,1.5,6,0.18,2.2,0.6732371220229798,0.2401842718908664
28,16,10,3.0,6,0.22,2.2,0.6732388981534885,0.24020458703406394
32,16,25,1.5,6,0.22,2.6,0.6732394332635545,0.24022575042560942
32,16,20,2.0,6,0.22,1.8,0.6732427751116069,0.24019471752313518
28,20,15,2.5,10,0.18,1.8,0.6732431939513049,0.24017767905368176
28,12,15,2.5,6,0.18,2.2,0.6732458121543677,0.24018228427119442
36,20,15,2.5,6,0.15,1.8,0.673246105695365,0.24011424535449652
32,20,15,2.5,6,0.18,2.6,0.6732468627289329,0.2401966169153054
32,16,15,2.5,6,0.15,1.8,0.6732471464177966,0.24013681631341077
36,20,15,1.5,6,0.18,2.2,0.6732495138862844,0.24019543114478023
36,20,25,2.0,6,0.18,2.6,0.6732495557040928,0.24020728381462333
36,20,25,1.5,6,0.22,2.2,0.6732496032409874,0.24023421687957433
28,12,20,1.5,14,0.18,1.8,0.67325068354864,0.24018641720698422
32,12,20,2.0,6,0.15,1.8,0.6732508136371077,0.24015318052811055
28,20,25,2.0,14,0.18,1.8,0.6732546124465814,0.24019152248288322
32,20,15,3.0,6,0.18,2.2,0.6732559448814672,0.24017723427391377
36,16,25,2.0,6,0.15,2.2,0.6732583834979108,0.24015586260644223
28,20,10,2.0,14,0.15,2.2,0.6732588038945184,0.24018666517913814
28,12,25,2.5,6,0.22,2.2,0.6732594590714509,0.24021228012022122
32,20,25,2.5,6,0.22,2.6,0.6732633712617102,0.24025314701164713
36,12,25,1.5,6,0.15,1.8,0.6732655294326493,0.24016183417535913
32,20,10,1.5,10,0.18,2.2,0.6732658154394037,0.24020562395667344
36,20,25,1.5,10,0.15,1.8,0.6732662812210238,0.2401789784965577
28,16,20,1.5,14,0.18,2.6,0.6732671395333184,0.2402089360491274
36,16,20,1.5,6,0.15,2.2,0.6732674626208757,0.2401780672044106
28,20,20,2.0,10,0.22,2.2,0.6732683837232979,0.24022448393327175
32,20,20,2.0,6,0.22,2.6,0.6732698158875734,0.24024801542921748
28,12,15,1.5,14,0.15,2.6,0.6732707811957447,0.2401960393235234
32,16,20,2.5,6,0.18,1.8,0.673271033662444,0.24016885982202837
32,16,15,2.0,6,0.15,2.6,0.6732710995670219,0.24018673387015088
36,20,15,2.0,6,0.15,2.2,0.6732712136984084,0.24016619739229775
32,12,15,1.5,6,0.15,2.6,0.6732752841700727,0.2401962828950854
32,16,25,1.5,10,0.15,2.2,0.6732757730279024,0.24019495303616814
32,16,20,3.0,6,0.15,1.8,0.6732776491956853,0.2401241390555121
28,16,10,2.0,10,0.18,2.6,0.6732788452997602,0.24020983425100037
28,12,10,2.5,6,0.22,2.2,0.6732835565785787,0.24021782846457568
28,12,25,1.5,10,0.22,2.2,0.6732836984937518,0.24021856791840837
36,20,25,2.5,6,0.22,1.8,0.6732837313384304,0.24021502724303476
32,16,10,1.5,10,0.15,2.2,0.6732897209923548,0.24020701508978107
40,20,20,1.5,6,0.15,2.2,0.6732901945630271,0.24018242686420227
32,12,25,2.0,6,0.18,1.8,0.6732910323690553,0.24018939478201776
36,20,25,3.0,6,0.18,2.2,0.6732917149885767,0.24018772126966814
28,16,15,2.0,10,0.15,2.6,0.6732933999427012,0.24020547605908155
28,16,25,2.0,10,0.18,2.2,0.6732979237759699,0.24021544457528793
36,16,25,2.5,6,0.15,1.8,0.6732989333786461,0.24013058689968517
36,16,10,1.5,6,0.15,1.8,0.6732994948813045,0.24019769374148267
28,16,15,1.5,14,0.18,2.6,0.6733004896917912,0.24022204644363443
32,20,20,3.0,6,0.18,2.6,0.6733030962341561,0.2402193658782996
28,12,20,1.5,14,0.15,2.2,0.6733041157075621,0.24020867813820657
28,20,25,2.5,10,0.15,2.6,0.6733051716702896,0.24020915413260194
28,20,25,2.0,14,0.15,2.2,0.6733060585197345,0.24020863298658196
32,16,25,2.5,6,0.18,2.2,0.6733071969852049,0.2402058700209615
28,16,15,3.0,6,0.18,2.6,0.6733080598630351,0.24022020267916627
28,12,15,2.0,6,0.22,2.6,0.673308116582676,0.240234273620355
32,20,15,1.5,10,0.15,2.6,0.6733116983098838,0.24021977483504578
28,20,15,1.5,14,0.22,2.6,0.6733121493112065,0.24025097135208998
28,20,20,1.5,14,0.22,2.6,0.6733128656630976,0.24025516038768105
32,12,10,2.0,6,0.15,1.8,0.673313953103823,0.24020841877771126
32,12,10,1.5,10,0.15,1.8,0.6733156247913392,0.24022108186341493
28,20,15,2.5,10,0.15,2.2,0.6733209474821279,0.24020754623457063
32,20,20,2.5,6,0.22,2.2,0.673322003982986,0.24025594237173778
28,12,10,2.0,10,0.18,2.2,0.6733243339732247,0.2402266078687902
28,12,20,2.5,6,0.22,1.8,0.6733246105591658,0.2402264360839694
40,20,25,3.0,6,0.18,1.8,0.6733277246076889,0.24015671275554054
28,12,25,1.5,14,0.18,1.8,0.6733292604136933,0.2402245783621431
32,16,20,2.5,6,0.15,2.2,0.6733300046554919,0.2401861375286876
28,20,10,2.5,10,0.18,1.8,0.6733309628343184,0.24022034900833797
28,12,20,2.0,6,0.22,2.6,0.6733331632205829,0.24025123921927222
28,16,15,2.5,6,0.22,2.6,0.6733342541064001,0.24026017983439601
28,16,25,1.5,14,0.18,2.6,0.6733358052622335,0.24024392889304702
28,16,20,2.0,10,0.15,2.6,0.6733374261129624,0.24022580437258403
28,20,20,2.5,10,0.18,1.8,0.6733411426843742,0.24022324672038173
32,16,20,1.5,6,0.22,2.2,0.6733413504829319,0.24025828047744888
28,12,15,1.5,10,0.22,2.2,0.6733429131825317,0.2402389919785113
28,12,25,3.0,6,0.15,2.6,0.6733439269697736,0.2402068119183893
28,20,15,2.0,14,0.15,1.8,0.6733458960835028,0.24021711772741974
28,12,15,1.5,14,0.18,1.8,0.673346363071019,0.2402317160396497
32,20,10,2.5,6,0.22,1.8,0.6733500139537116,0.24024434526162972
28,16,10,2.0,10,0.22,1.8,0.6733503002007193,0.2402434643758421
36,20,20,2.5,6,0.18,1.8,0.6733505458869199,0.24019477863095035
40,20,20,2.0,6,0.15,1.8,0.6733523239986585,0.24016467511139922
28,20,25,2.0,10,0.22,2.2,0.6733523413902364,0.24026627876296583
40,20,25,2.5,6,0.18,1.8,0.6733553107023236,0.2401876158867602
32,12,25,2.0,6,0.15,2.2,0.6733582264775295,0.24021280659109912
28,16,20,1.5,10,0.22,2.6,0.6733583302587779,0.24026347017450583
40,16,25,1.5,6,0.15,1.8,0.6733600265699197,0.24019284411841516
32,16,20,2.0,6,0.18,2.2,0.6733603798738488,0.24023808816353145
28,16,25,3.0,6,0.22,2.6,0.6733618739837225,0.24028463000520242
28,16,20,1.5,14,0.22,1.8,0.6733637315384108,0.24025532612054826
28,20,25,1.5,14,0.22,2.6,0.6733646246451743,0.2402827108554011
32,16,20,1.5,10,0.15,1.8,0.6733715519356474,0.24023179758063107
32,16,25,2.0,6,0.18,2.6,0.6733729763047093,0.24025800341207929
28,20,10,2.0,10,0.22,2.2,0.6733770641233441,0.24027035756028392
28,12,25,2.0,10,0.15,1.8,0.6733770722273267,0.2402313811396039
28,12,15,2.5,6,0.15,2.6,0.673377278175477,0.2402369724915239
28,16,10,3.0,6,0.18,2.6,0.673377689911853,0.24025604234232037
32,12,25,1.5,6,0.22,1.8,0.6733796997410605,0.24026115297273115
32,16,25,3.0,6,0.18,1.8,0.6733801369218497,0.24020338775208794
28,12,25,1.5,14,0.15,2.2,0.6733847248917202,0.24024702372316967
28,16,20,3.0,6,0.22,2.2,0.6733853979991938,0.2402755154109226
28,16,15,1.5,14,0.22,1.8,0.6733858532709421,0.2402630978605709
32,20,25,1.5,10,0.18,2.2,0.673387008645266,0.2402670587984891
32,20,15,2.0,6,0.22,2.2,0.6733892937508753,0.24028436079165325
32,12,10,1.5,6,0.18,2.6,0.6733902423385808,0.2402632672946511
32,20,25,1.5,14,0.15,1.8,0.6733910444061196,0.2402440858934938
32,20,10,2.0,6,0.22,2.2,0.6733925766662071,0.24028359264542531
32,16,10,2.0,6,0.15,2.6,0.6733958290806468,0.24025254403497726
28,12,15,1.5,14,0.15,2.2,0.6733982335739426,0.24025418018550562
28,16,10,1.5,14,0.22,2.6,0.6734019349029331,0.24027715902876298
28,16,15,1.5,10,0.22,2.6,0.6734021156808685,0.2402797925760831
36,16,25,1.5,6,0.15,2.6,0.6734047731911429,0.2402529060209358
32,12,15,1.5,6,0.18,1.8,0.6734048560834065,0.2402560090588793
28,12,20,2.5,6,0.18,2.2,0.6734055170553449,0.24025561065886888
28,16,15,2.0,10,0.18,1.8,0.6734065941127011,0.24025753540391656
32,20,15,3.0,6,0.15,2.6,0.6734077994285915,0.24022682720201535
28,20,10,2.5,10,0.15,2.2,0.6734083709657807,0.24025100831147964
32,20,25,2.0,10,0.15,1.8,0.6734100517878618,0.24023859980314682
28,12,10,2.5,6,0.18,2.6,0.6734102101956512,0.24027150754209606
28,16,25,1.5,10,0.22,2.6,0.6734140109881203,0.24029374671283743
36,20,20,2.0,6,0.15,2.6,0.673416415555967,0.24024598547406742
36,20,20,1.5,6,0.22,1.8,0.6734168960027495,0.24028758676348552
36,20,25,2.5,6,0.18,2.2,0.6734176407601067,0.24025503962884473
32,20,10,3.0,6,0.18,1.8,0.6734184281274155,0.24023380260319352
32,12,20,1.5,6,0.15,2.6,0.6734188300633357,0.24026216504791242
28,20,20,2.5,10,0.15,2.2,0.6734209795632539,0.24025338436692115
28,12,25,2.5,6,0.18,2.6,0.6734214574717869,0.2402736560181014
28,12,10,3.0,6,0.15,1.8,0.6734226929284693,0.24024819933502964
28,20,20,2.0,14,0.15,1.8,0.6734235601993716,0.24025278368637762
40,20,25,3.0,6,0.15,2.2,0.6734267882311263,0.24017999991515857
36,20,10,2.0,6,0.15,1.8,0.6734278361328517,0.24023167465629172
36,20,20,2.5,6,0.15,2.2,0.6734279367417044,0.24021596134139273
28,12,20,1.5,10,0.18,2.6,0.6734324862816674,0.2402803115324152
36,20,10,1.5,6,0.15,2.6,0.6734325045224742,0.240272652984928
32,20,20,1.5,10,0.15,2.6,0.6734329554811134,0.2402772982754115
32,16,15,1.5,6,0.18,2.6,0.6734339391973826,0.2402868292452105
32,16,25,3.0,6,0.15,2.2,0.6734372151182932,0.2402164336171171
32,16,15,2.0,6,0.18,1.8,0.6734404449631335,0.24026257578263677
28,16,25,1.5,14,0.22,1.8,0.6734405345343861,0.24029414093694287
28,20,15,2.0,10,0.18,2.6,0.6734468050143481,0.2402949006647163
32,16,10,1.5,6,0.22,2.2,0.6734469113663414,0.24030092406834666
32,20,25,3.0,6,0.22,2.2,0.673449267469002,0.2403172131675996
32,20,15,2.5,6,0.22,1.8,0.6734499447023059,0.24028875566969374
28,16,20,1.5,14,0.18,2.2,0.6734516828566349,0.24029099096015763
40,20,25,2.5,6,0.15,2.2,0.6734541016413164,0.2402140338956415
28,12,10,2.0,10,0.15,2.6,0.673456444904337,0.24028812290173385
28,12,20,3.0,6,0.15,1.8,0.6734574944115127,0.24023463656972466
28,16,10,2.0,10,0.18,2.2,0.6734588774988021,0.24029088643089577
32,20,10,2.5,6,0.18,2.2,0.673459057606916,0.2402825981272994
28,20,10,2.0,14,0.15,1.8,0.6734610104336548,0.24027323834116696
28,16,20,2.0,10,0.18,1.8,0.6734625059024375,0.24028316096913305
32,20,15,1.5,10,0.18,1.8,0.6734630319962969,0.240289082056543
32,12,10,1.5,6,0.22,1.8,0.6734636035000165,0.24029770597072345
28,16,25,2.0,10,0.15,2.6,0.6734645815494406,0.24028585745722822
32,20,10,1.5,10,0.15,2.6,0.6734664110700946,0.24029357143627927
28,16,15,1.5,14,0.18,2.2,0.673469761480472,0.2402978978271411
36,20,25,2.0,6,0.22,1.8,0.673470004998053,0.24030696507323304
32,20,10,3.0,6,0.15,2.2,0.6734716008863606,0.24024748222113554
28,16,20,2.5,6,0.22,2.6,0.6734719711769437,0.240328894671612
28,20,25,2.5,10,0.18,1.8,0.6734728807268954,0.24028478565318084
36,20,15,1.5,6,0.15,2.6,0.6734738727014973,0.2402870833805534
32,16,25,2.5,6,0.15,2.6,0.6734761405891678,0.24026662099618756
28,16,15,3.0,6,0.22,1.8,0.6734822613103476,0.24029961043462084
40,20,25,2.0,6,0.18,1.8,0.6734860291460562,0.24026536208115923
28,16,15,2.0,10,0.15,2.2,0.6734861651624408,0.24029113641154487
28,12,20,1.5,14,0.15,1.8,0.6734865296960879,0.24029069414314205
32,12,15,1.5,6,0.15,2.2,0.673489370666577,0.24029233044120157
28,12,25,2.0,6,0.22,2.6,0.6734925552747317,0.24033115892044424
40,20,25,1.5,6,0.15,2.6,0.6734927282835991,0.24029176626368784
28,20,20,2.0,10,0.18,2.6,0.6734937104063449,0.24031856701840737
28,16,10,2.5,6,0.22,2.6,0.673497183154268,0.2403340153371839
28,12,25,1.5,10,0.18,2.6,0.6734983059481932,0.24031391455232812
36,20,25,3.0,6,0.15,2.6,0.6734986616898677,0.24025302993054887
32,20,25,2.0,6,0.22,2.6,0.6734992501549942,0.24035891789964928
32,20,15,1.5,6,0.22,2.6,0.6735016644331958,0.24034888124115866
28,20,10,1.5,14,0.22,2.6,0.6735025133948395,0.2403370332384619
32,16,15,2.0,6,0.15,2.2,0.673508738543258,0.24028746926279093
28,12,15,2.5,6,0.18,1.8,0.6735110308161766,0.24029688580113398
28,12,20,1.5,10,0.22,1.8,0.6735135676617554,0.24031911889080249
28,20,15,1.5,14,0.22,2.2,0.6735145746861544,0.24033996936140117
28,12,10,2.5,6,0.22,1.8,0.6735163281679056,0.240320897264668
32,12,25,1.5,6,0.18,2.2,0.6735163366611965,0.2403168135789554
28,12,10,2.0,10,0.18,1.8,0.6735165897584715,0.24031591731328625
28,12,15,2.0,6,0.22,2.2,0.6735174081296501,0.24032732594750025
28,12,10,1.5,14,0.22,2.6,0.6735196343959237,0.2403239460328589
28,12,25,3.0,6,0.18,1.8,0.673520862981335,0.2402841337057735
28,20,20,1.5,14,0.22,2.2,0.6735264408934344,0.24034862982172212
28,16,20,3.0,6,0.18,2.6,0.6735299085525667,0.24032305551612596
28,16,10,3.0,6,0.22,1.8,0.6735319366665721,0.24032659589149466
28,16,25,1.5,14,0.18,2.2,0.6735326655025394,0.2403309587121732
28,12,15,1.5,10,0.18,2.6,0.6735380431849533,0.24032854981540927
28,12,20,2.5,6,0.15,2.6,0.6735391934212203,0.24030872175374657
28,20,25,2.0,14,0.15,1.8,0.6735405155775392,0.24030715111633486
32,20,20,3.0,6,0.22,1.8,0.6735407413193195,0.24032563579216631
32,20,20,2.5,6,0.18,2.6,0.6735418600213916,0.24033357665690167
32,16,10,2.0,6,0.18,1.8,0.6735421401324915,0.24031848466340913
28,16,20,2.0,10,0.15,2.2,0.6735428974288208,0.24031619479226174
32,16,20,2.0,6,0.15,2.6,0.6735436568672359,0.2403110980054693
32,16,10,1.5,10,0.15,1.8,0.6735475866298775,0.24032449794344632
28,16,10,1.5,14,0.22,2.2,0.673549939729333,0.24034419126445206
28,16,15,3.0,6,0.18,2.2,0.673551395350899,0.24031998709406002
28,20,25,2.5,10,0.15,2.2,0.6735556852184205,0.24031581420354617
28,12,25,3.0,6,0.15,2.2,0.6735571275737766,0.2402919132786475
32,20,15,2.5,6,0.18,2.2,0.6735598342488033,0.24032475161024744
28,12,15,1.5,14,0.15,1.8,0.6735617466823044,0.24032876456141172
28,12,15,2.5,6,0.15,2.2,0.6735619923185626,0.24031592194488005
32,16,25,2.0,6,0.22,1.8,0.6735622421011438,0.24034519355609302
36,20,25,1.5,6,0.18,2.6,0.673565500931832,0.24035969302693216
28,12,20,2.0,6,0.22,2.2,0.6735670794174817,0.24035385465161838
28,20,15,2.0,10,0.22,1.8,0.6735682838087149,0.24035183448465422
32,20,15,1.5,10,0.15,2.2,0.6735708494284417,0.24033420154895196
32,12,20,1.5,6,0.18,1.8,0.6735709105635883,0.24033188588283105
32,16,25,1.5,6,0.22,2.2,0.6735737731785616,0.24037132317299514
32,16,15,1.5,6,0.22,1.8,0.6735742608102457,0.24035263133131465
28,16,20,1.5,14,0.15,2.6,0.6735744710562174,0.24034257444261845
28,16,15,2.5,6,0.22,2.2,0.6735791238262683,0.240363436517326
36,20,20,1.5,6,0.18,2.2,0.6735824114469798,0.24035088822523565
28,12,25,1.5,14,0.15,1.8,0.6735836602524584,0.24033557442096215
28,20,25,2.0,10,0.18,2.6,0.6735841657849505,0.24036248641051203
40,20,25,2.0,6,0.15,2.2,0.6735851491442654,0.24029456384350018
28,16,15,1.5,14,0.15,2.6,0.6735873953468623,0.24034824705303082
28,20,25,1.5,14,0.22,2.2,0.6735880613639997,0.24038020522916992
28,12,25,1.5,10,0.22,1.8,0.6735903339024056,0.24035787368676795
28,12,25,2.5,6,0.22,1.8,0.6735910323684319,0.24035223083377025
28,20,10,2.0,10,0.18,2.6,0.673591098217542,0.24036196904727508
32,12,10,1.5,6,0.18,2.2,0.6735946098278015,0.24035744656743882
32,16,20,1.5,6,0.18,2.6,0.673596278574993,0.24036508147724522
32,20,20,1.5,10,0.18,1.8,0.6735964149158005,0.24035190940316578
28,16,10,3.0,6,0.18,2.2,0.6735974374494844,0.2403475643454735
32,20,10,1.5,10,0.18,1.8,0.6735988617029769,0.24035438821372082
28,12,10,2.0,10,0.15,2.2,0.6735990801961396,0.24035426719067066
28,12,10,2.5,6,0.18,2.2,0.6735993982410703,0.24035593979288677
32,20,10,1.5,6,0.22,2.6,0.6736014832895287,0.24039121197278723
28,12,15,1.5,10,0.22,1.8,0.6736026204465979,0.2403594602810749
28,16,25,2.0,10,0.18,1.8,0.6736033244226926,0.2403492739463867
28,16,10,2.0,10,0.15,2.6,0.6736050286887518,0.24035584842701668
32,16,25,1.5,10,0.15,1.8,0.6736052188729572,0.24033982024654194
28,16,20,1.5,10,0.22,2.2,0.6736079504053406,0.2403761637334082
32,20,25,1.5,10,0.15,2.6,0.6736088589869903,0.24036044253200767
36,16,25,1.5,6,0.18,1.8,0.6736099520745904,0.24034455086733106
36,20,10,1.5,6,0.18,1.8,0.6736099887903996,0.24035278423302378
36,16,20,1.5,6,0.15,1.8,0.673612503494187,0.24032320315088895
32,20,20,2.0,6,0.22,2.2,0.6736130632756197,0.2403917997343442
32,20,25,2.5,6,0.22,2.2,0.6736140842825413,0.2403934874802341
32,16,10,2.0,6,0.15,2.2,0.6736147388465376,0.24034755597517346
28,20,15,2.5,10,0.15,1.8,0.6736169691881356,0.24033446523335034
36,20,25,2.5,6,0.15,2.6,0.6736206480956176,0.2403232812935603
28,20,20,2.0,10,0.22,1.8,0.6736236084176521,0.240379395205612
32,20,15,3.0,6,0.18,1.8,0.673624065513036,0.24031863863611838
36,20,25,2.0,6,0.18,2.2,0.673624136809692,0.2403600032336757
28,12,10,1.5,14,0.22,2.2,0.6736253414786859,0.2403731371199818
32,20,10,2.5,6,0.15,2.6,0.6736260221641509,0.24034603745512906
32,20,10,2.0,6,0.18,2.6,0.6736262682911779,0.24037829913493297
36,16,25,2.0,6,0.15,1.8,0.6736274116136995,0.240303372769227
36,20,15,2.0,6,0.15,1.8,0.6736279566060087,0.2403101123473592
28,16,15,1.5,10,0.22,2.2,0.6736306675609118,0.24038371870915445
36,20,20,3.0,6,0.15,1.8,0.6736312525395285,0.2402564684877751
32,20,20,3.0,6,0.18,2.2,0.6736321534564036,0.24034782586915598
32,20,15,2.0,6,0.18,2.6,0.6736327835671233,0.24038026183266326
28,12,20,1.5,10,0.18,2.2,0.6736346826311183,0.24037277934948334
36,20,20,2.0,6,0.18,1.8,0.6736357575935318,0.24034123466334956
28,16,25,3.0,6,0.22,2.2,0.6736413516703265,0.24039666434213483
32,20,20,1.5,6,0.22,2.6,0.673643349482338,0.24042014713067458
32,16,20,2.5,6,0.15,1.8,0.6736516360049106,0.24031480669075808
32,20,25,3.0,6,0.18,2.6,0.6736544929517007,0.24038102632682395
32,12,20,1.5,6,0.15,2.2,0.6736552573324079,0.24036645890527983
32,12,25,2.0,6,0.15,1.8,0.6736606409103794,0.2403384572526314
28,16,25,1.5,14,0.15,2.6,0.6736614429117312,0.24038444506235124
28,16,25,2.5,6,0.22,2.6,0.6736675296554464,0.24042393454007874
28,16,15,3.0,6,0.15,2.6,0.6736706915932906,0.24036196062555587
36,20,15,1.5,6,0.18,1.8,0.6736723517952199,0.24037601055244717
28,12,25,2.5,6,0.18,2.2,0.6736751039990033,0.2403812385947445
28,12,15,2.0,6,0.18,2.6,0.6736768260959854,0.24039495866120916
32,16,10,1.5,6,0.18,2.6,0.6736770524980705,0.24040222741871725
28,16,25,1.5,10,0.22,2.2,0.6736789146062508,0.2404126999317696
32,20,15,3.0,6,0.15,2.2,0.6736818490767509,0.24033243951199681
32,16,25,2.5,6,0.18,1.8,0.6736833660937029,0.24035647793618373
32,16,25,2.0,6,0.18,2.2,0.6736851640380724,0.24038933282727995
28,16,25,2.0,10,0.15,2.2,0.6736851690006868,0.24038229993742047
28,16,20,1.5,14,0.18,1.8,0.6736856674232908,0.24039441879146614
28,20,15,1.5,14,0.18,2.6,0.6736864857190583,0.24041151815424483
28,16,15,1.5,14,0.18,1.8,0.6736873355629008,0.24039496970277457
28,16,10,1.5,14,0.18,2.6,0.6736904907347839,0.2404060687168064
28,20,10,2.5,10,0.15,1.8,0.6736909963417994,0.24037330789691141
28,20,15,2.0,10,0.18,2.2,0.6736915418370205,0.24040190870292785
28,12,20,2.5,6,0.18,1.8,0.6736920919779874,0.24037694614112967
28,20,10,1.5,14,0.22,2.2,0.6736949419846147,0.24042230652696006
28,16,10,2.0,10,0.18,1.8,0.6737008441371953,0.2403999435211478
28,20,10,2.0,10,0.22,1.8,0.6737014220688554,0.24041367698181793
40,20,20,1.5,6,0.15,1.8,0.6737036443413315,0.24035082320003406
28,20,20,1.5,14,0.18,2.6,0.6737045291838626,0.24042201067088162
36,16,25,1.5,6,0.15,2.2,0.6737057573280416,0.24037934621359133
32,20,20,1.5,10,0.15,2.2,0.6737061818376847,0.2403969724869743
36,20,10,1.5,6,0.15,2.2,0.6737070129163557,0.2403912943707413
32,20,10,1.5,10,0.15,2.2,0.6737083205790897,0.2404015604004413
32,12,25,1.5,6,0.15,2.6,0.6737104023434859,0.24039853684055806
32,16,15,1.5,6,0.18,2.2,0.6737128475550789,0.24041034433971706
28,12,25,1.5,10,0.18,2.2,0.6737158883409423,0.24041255284709243
28,16,10,3.0,6,0.15,2.6,0.6737189446101457,0.24039369587934892
28,20,25,2.0,10,0.22,1.8,0.6737201613444442,0.24042609789219538
28,16,20,3.0,6,0.22,1.8,0.673720541766454,0.2404097777823081
28,16,10,2.5,6,0.22,2.2,0.6737209343442186,0.2404299362884634
28,12,15,1.5,10,0.18,2.2,0.6737210444472355,0.24041323193318956
36,20,20,2.0,6,0.15,2.2,0.6737249046294557,0.24037024434469742
40,20,25,1.5,6,0.18,1.8,0.6737294084844974,0.24039509458745706
32,16,20,2.0,6,0.18,1.8,0.6737294291688036,0.24039376853969946
28,20,20,2.5,10,0.15,1.8,0.6737295220793879,0.24038484993032622
32,20,15,2.5,6,0.15,2.6,0.6737322467040024,0.24038768717397663
28,12,10,2.5,6,0.15,2.6,0.673736352135309,0.2404162574030807
28,16,20,2.5,6,0.22,2.2,0.6737368487388781,0.24043948460346104
28,12,20,2.5,6,0.15,2.2,0.6737378463037182,0.24039195300104702
28,12,20,2.0,6,0.18,2.6,0.6737398945081579,0.24042520227122385
28,16,15,2.5,6,0.18,2.6,0.6737444546644,0.24042680110772427
28,16,15,2.0,10,0.15,1.8,0.6737450502453741,0.24040640115965617
28,16,15,1.5,14,0.15,2.2,0.6737461594801569,0.24041916185641266
28,16,20,1.5,14,0.15,2.2,0.6737462351281154,0.2404186441501363
32,16,25,2.5,6,0.15,2.2,0.6737466143657307,0.24037441028010773
28,12,25,2.0,6,0.22,2.2,0.6737468397462743,0.24044165400869622
28,20,15,1.5,10,0.22,2.6,0.6737479220314662,0.24045453870107053
28,12,10,1.5,14,0.18,2.6,0.6737486165477522,0.2404302011025743
32,12,15,1.5,6,0.15,1.8,0.6737493831546763,0.24040782066255065
28,20,20,2.0,10,0.18,2.2,0.673749754116754,0.2404299400245228
36,20,25,3.0,6,0.18,1.8,0.6737509843004301,0.2403570341019734
28,20,20,1.5,10,0.22,2.6,0.6737545852741686,0.24046089939297224
32,16,20,1.5,6,0.22,1.8,0.6737551877404295,0.24043943374048646
28,16,10,1.5,14,0.22,1.8,0.6737591338174744,0.24043905397174098
32,20,20,2.5,6,0.22,1.8,0.6737595662539594,0.24043210765388573
36,20,15,1.5,6,0.15,2.2,0.6737680527151152,0.24041176507329706
36,20,25,1.5,6,0.22,1.8,0.6737684973721919,0.2404529576113743
28,20,25,1.5,14,0.18,2.6,0.6737718165923152,0.2404554256711411
32,12,10,1.5,6,0.15,2.6,0.6737722272216785,0.2404392107959249
28,20,10,3.0,6,0.22,2.6,0.6737785626813099,0.24047978043822454
32,20,25,1.5,10,0.18,1.8,0.6737809179203861,0.240438734361192
28,16,25,1.5,14,0.18,1.8,0.6737814843395937,0.24044025889260534
28,16,10,2.0,10,0.15,2.2,0.6737841881273227,0.24043657953844053
28,12,10,1.5,14,0.22,1.8,0.6737842476353763,0.24044731576072748
32,16,25,3.0,6,0.15,1.8,0.6737859142912126,0.24034958265239054
28,16,10,1.5,10,0.22,2.6,0.6737899789368997,0.24046086902533378
32,16,10,1.5,6,0.22,1.8,0.6737900802559021,0.24045525201663318
28,12,10,2.0,10,0.15,1.8,0.6737915068135165,0.24044357237724473
28,12,15,2.5,6,0.15,1.8,0.6737940794129343,0.24041449338800353
28,16,20,3.0,6,0.18,2.2,0.6737945272542275,0.24043059842009223
28,16,25,3.0,6,0.18,2.6,0.6737947225814227,0.240446164742095
32,20,10,3.0,6,0.15,1.8,0.6737948902783737,0.24037355910303257
28,12,10,2.0,6,0.22,2.6,0.6737951256400537,0.24046333247371132
28,20,15,1.5,14,0.22,1.8,0.6737953226947383,0.24046349943014209
32,20,20,3.0,6,0.15,2.6,0.6737956252965707,0.2404002162644955
28,12,15,2.0,6,0.22,1.8,0.6737966603409085,0.24045128970249727
32,20,10,2.0,6,0.22,1.8,0.6737971220199471,0.24045714933447998
32,16,20,2.0,6,0.15,2.2,0.6738006467238667,0.2404184619974818
28,20,15,3.0,6,0.22,2.6,0.6738007725769771,0.24049208732218572
28,12,20,1.5,10,0.15,2.6,0.6738014724342988,0.24044802140610205
32,16,15,2.0,6,0.15,1.8,0.6738020009121161,0.2404105816773612
28,20,25,1.5,10,0.22,2.6,0.6738111010177106,0.2404902267043891
32,20,10,2.5,6,0.18,1.8,0.6738131390680653,0.24042754773296238
28,16,15,2.0,6,0.22,2.6,0.6738137279511759,0.24048347605046685
28,12,25,2.5,6,0.15,2.6,0.6738150570500828,0.24043528799056227
36,20,20,1.5,6,0.15,2.6,0.6738183688303935,0.24044538886877745
28,16,20,2.0,10,0.15,1.8,0.6738193922601619,0.2404381576703698
32,20,15,2.0,6,0.22,1.8,0.6738199728884346,0.24046636051981954
28,20,20,1.5,14,0.22,1.8,0.673820581799685,0.2404773752947309
36,20,20,2.5,6,0.15,1.8,0.6738212015509278,0.24036714833262915
28,20,10,2.0,10,0.18,2.2,0.6738231264412087,0.2404641768653694
32,20,25,1.5,6,0.22,2.6,0.6738270487184307,0.2405100156986965
28,12,25,3.0,6,0.15,1.8,0.6738297073035339,0.2404003314372424
36,20,25,3.0,6,0.15,2.2,0.6738309274067287,0.24037517307722256
32,20,15,1.5,6,0.22,2.2,0.6738362246256875,0.24049477243295744
28,16,20,1.5,10,0.18,2.6,0.6738374844111772,0.24047725146115229
40,20,25,1.5,6,0.15,2.2,0.6738416257277283,0.2404332889133592
32,16,25,1.5,6,0.18,2.6,0.6738418208114001,0.24048214366957574
28,16,10,1.5,14,0.18,2.2,0.673843951830675,0.2404756279237871
28,16,25,1.5,14,0.15,2.2,0.6738446169314766,0.24046511018638103
28,16,15,3.0,6,0.18,1.8,0.6738448686745055,0.2404379160584716
32,20,25,2.5,6,0.18,2.6,0.6738463399969303,0.24047473541870013
28,12,10,2.5,6,0.18,1.8,0.673846756911825,0.24046601305881576
28,20,25,2.0,10,0.18,2.2,0.6738494177711258,0.2404774378314141
28,16,15,1.5,10,0.18,2.6,0.673850947948998,0.24048199918313573
28,12,10,1.5,10,0.22,2.6,0.6738513509682432,0.2404819792318153
36,20,25,2.0,6,0.15,2.6,0.6738526360417006,0.2404449567298215
32,20,25,2.0,6,0.22,2.2,0.6738599430117147,0.2405091644119885
28,12,10,1.5,14,0.18,2.2,0.6738615551722572,0.24048271948033054
28,20,10,1.5,14,0.18,2.6,0.6738622704437194,0.2404930843420126
28,20,15,2.0,10,0.15,2.6,0.6738662741045423,0.24047553671123736
32,20,20,2.0,6,0.18,2.6,0.6738673815431958,0.24049015855581693
28,16,10,3.0,6,0.18,1.8,0.6738700274443552,0.24045967201176555
36,20,25,2.5,6,0.18,1.8,0.6738701128135306,0.2404289234412756
32,12,10,1.5,6,0.18,1.8,0.6738715294575702,0.24048517182195275
28,20,25,2.5,10,0.15,1.8,0.6738733407714038,0.2404504778080017
32,20,20,2.5,6,0.18,2.2,0.6738744174920858,0.2404684284251595
28,16,10,2.5,6,0.18,2.6,0.6738754789051459,0.24049121155987266
32,20,10,2.5,6,0.15,2.2,0.6738772128282154,0.24044797261364456
32,16,25,2.0,6,0.15,2.6,0.6738785760520025,0.24046513193602545
32,12,25,1.5,6,0.18,1.8,0.6738795598229482,0.24047570068087076
28,12,20,2.0,6,0.22,1.8,0.6738803526036253,0.24049115625245204
28,12,15,1.5,10,0.15,2.6,0.6738803681998644,0.24048645366513582
32,16,10,2.0,6,0.15,1.8,0.6738845006713441,0.24046349363907946
28,16,15,3.0,6,0.15,2.2,0.673884655532121,0.24044769582546732
28,12,25,1.5,10,0.15,2.6,0.673891227669078,0.2404906177893545
28,20,25,1.5,14,0.22,1.8,0.6738931181341303,0.24051322313859247
28,12,15,2.0,6,0.18,2.2,0.6738931254885934,0.24049148874717974
32,20,25,1.5,10,0.15,2.2,0.6738931330028218,0.24048421393473826
40,20,25,3.0,6,0.15,1.8,0.6738938636476552,0.24034659378341414
28,20,15,1.5,14,0.18,2.2,0.673894523538804,0.24050322031796456
28,16,20,2.0,6,0.22,2.6,0.6738958034636424,0.2405258420075333
32,16,20,1.5,6,0.18,2.2,0.673897996462564,0.24049721091726822
40,20,25,2.5,6,0.15,1.8,0.6738986887062745,0.2403778747339288
32,20,15,1.5,10,0.15,1.8,0.6739003029258163,0.24047924267842144
28,12,20,1.5,10,0.18,1.8,0.6739006413687709,0.24049422485262037
32,20,25,3.0,6,0.22,1.8,0.6739027445222612,0.2404917289838688
28,12,10,2.5,6,0.15,2.2,0.6739034423027341,0.24048975831202532
32,16,15,1.5,6,0.15,2.6,0.6739051249816657,0.24049247534871762
28,16,15,2.5,6,0.22,1.8,0.6739116246690354,0.2405041358981617
32,20,10,1.5,6,0.22,2.2,0.6739118255492652,0.24052799051620097
28,16,10,3.0,6,0.15,2.2,0.6739133290556659,0.2404730076912451
28,16,20,2.5,6,0.18,2.6,0.6739145207671321,0.24050619806375828
28,16,25,1.5,10,0.18,2.6,0.6739175208456789,0.2405168621076464
28,16,20,3.0,6,0.15,2.6,0.6739200690278625,0.24047330074757164
28,20,20,1.5,14,0.18,2.2,0.6739226133998413,0.24051766491380083
32,20,10,2.0,6,0.18,2.2,0.6739233101371047,0.24050564498246937
32,16,10,1.5,6,0.18,2.2,0.6739279571806605,0.2405150448884333
28,20,20,2.0,10,0.15,2.6,0.6739313656497063,0.24050582801691323
32,12,20,1.5,6,0.15,1.8,0.6739317251885952,0.24048655856442488
28,20,10,1.5,10,0.22,2.6,0.673932568007837,0.2405388658922436
28,12,25,2.0,6,0.18,2.6,0.6739329187974785,0.24051723645497103
32,20,15,2.5,6,0.18,1.8,0.673938169717022,0.2404769223821072
28,16,20,1.5,10,0.22,1.8,0.6739386529787291,0.24052537035402594
36,20,25,1.5,6,0.18,2.2,0.673939909308184,0.24051728647779394
28,16,15,1.5,10,0.22,1.8,0.6739412763386513,0.24052502490218255
32,20,15,2.0,6,0.18,2.2,0.6739466343485105,0.24051268654730312
28,12,20,1.5,6,0.22,2.6,0.6739473361863186,0.2405404427169746
28,16,15,1.5,14,0.15,1.8,0.6739481151788423,0.24050920440912507
28,16,25,2.5,6,0.22,2.2,0.6739487854570854,0.24054057507523366
36,20,25,2.5,6,0.15,2.2,0.6739544948972874,0.24045181088567918
28,16,10,1.5,14,0.15,2.6,0.6739603073327383,0.24052691855717
28,20,10,1.5,14,0.22,1.8,0.6739607193013855,0.2405401152835111
28,16,20,1.5,14,0.15,1.8,0.6739630163460436,0.24051435437640764
28,12,10,1.5,14,0.15,2.6,0.6739639776336548,0.24053008739631265
32,12,10,1.5,6,0.15,2.2,0.6739640748665828,0.2405273442241913
32,12,25,1.5,6,0.15,2.2,0.6739645449809967,0.24050920132990095
28,12,15,1.5,10,0.18,1.8,0.6739646699965243,0.2405258880374717
28,20,20,3.0,6,0.22,2.6,0.6739677066038949,0.24057212598577135
28,16,25,2.0,10,0.15,1.8,0.6739773246254384,0.24051027910982
28,12,10,2.0,6,0.22,2.2,0.6739793593543607,0.24054696759209362
28,12,20,2.0,6,0.18,2.2,0.6739804018438157,0.2405311891496385
28,12,25,2.5,6,0.18,1.8,0.6739829743435508,0.240509958134623
28,12,15,1.5,6,0.22,2.6,0.67399107621548,0.24055681323974665
28,20,10,2.0,10,0.15,2.6,0.6739916196605638,0.24053613952607425
28,12,20,1.5,10,0.15,2.2,0.6739930859515928,0.24053537698300678
28,12,20,2.5,6,0.15,1.8,0.6739944294244234,0.2404990649268657
28,16,25,3.0,6,0.22,1.8,0.673997790029548,0.24053835997264303
28,20,25,1.5,14,0.18,2.2,0.673998186521503,0.2405543617136028
28,16,10,1.5,10,0.22,2.2,0.6739982043674311,0.24055653617725203
32,20,20,1.5,6,0.22,2.2,0.6739992751097076,0.24057425691291712
32,20,25,3.0,6,0.18,2.2,0.6739998601644704,0.24051489727871972
28,12,25,1.5,10,0.18,1.8,0.6740009520067105,0.24054153584468788
28,16,15,2.5,6,0.18,2.2,0.6740016904977941,0.24053633123242882
32,20,15,2.5,6,0.15,2.2,0.674003202062666,0.24049604799526922
28,12,10,1.5,10,0.22,2.2,0.6740099061605282,0.24055651103348197
28,20,15,2.0,10,0.18,1.8,0.6740109076220534,0.240541383085465
32,20,10,1.5,10,0.15,1.8,0.6740127718747655,0.24053702247001718
32,16,25,1.5,6,0.22,1.8,0.6740134788797557,0.24056224087397698
28,12,10,1.5,14,0.18,1.8,0.674019300079442,0.24055620124497756
28,16,10,2.5,6,0.22,1.8,0.6740228428713837,0.2405595465822972
28,16,10,2.0,10,0.15,1.8,0.6740231994297745,0.2405443579253311
40,20,25,2.0,6,0.15,1.8,0.6740239460231889,0.2404636469377815
28,20,15,1.5,10,0.22,2.2,0.6740263930498526,0.24057925343440234
32,20,20,3.0,6,0.18,1.8,0.6740270012054509,0.24049803175685455
28,16,25,1.5,10,0.22,1.8,0.6740300166259305,0.2405702043965497
28,12,25,2.5,6,0.15,2.2,0.6740303787853651,0.2405245065397942
32,20,15,3.0,6,0.15,1.8,0.6740308874709617,0.2404663369215309
36,20,20,1.5,6,0.18,1.8,0.6740318539504161,0.24054041499388962
28,20,15,1.5,14,0.15,2.6,0.6740321671686964,0.24056037413001236
36,20,10,1.5,6,0.15,1.8,0.6740360230735281,0.24053172223963468
28,20,25,2.0,10,0.15,2.6,0.6740366957853634,0.24055524195945716
28,12,15,2.0,6,0.15,2.6,0.6740370388818997,0.24055370346476707
28,16,10,2.0,6,0.22,2.6,0.6740417948540188,0.2405889008284084
28,20,20,1.5,10,0.22,2.2,0.6740448133990027,0.24059026491174787
28,16,10,1.5,14,0.18,1.8,0.6740460291086217,0.24056706713607115
28,16,25,2.0,6,0.22,2.6,0.674047722308089,0.24060049648658666
28,12,25,1.5,6,0.22,2.6,0.674050872865464,0.24059369984071377
32,20,20,1.5,10,0.15,1.8,0.6740544810229826,0.24054913710507597
28,12,15,1.5,10,0.15,2.2,0.6740545167045859,0.240566798447404
32,20,20,2.5,6,0.15,2.6,0.6740553390512438,0.24053298512166796
28,20,10,3.0,6,0.22,2.2,0.674056891362407,0.24059243578807735
28,20,10,1.5,14,0.18,2.2,0.6740583307366247,0.24058007556052247
32,16,15,1.5,6,0.18,1.8,0.6740644886589968,0.2405652509118695
28,20,20,1.5,14,0.15,2.6,0.6740652272355349,0.24057631274873947
32,20,20,2.0,6,0.22,1.8,0.6740666486867979,0.24058151713265205
28,16,15,2.0,6,0.22,2.2,0.6740703792925524,0.24059527285499707
28,16,15,1.5,10,0.18,2.2,0.6740714839684638,0.24058211646798858
28,16,20,1.5,10,0.18,2.2,0.6740722492566135,0.24058293963323538
32,20,25,2.5,6,0.22,1.8,0.6740733493506817,0.2405771722454128
28,16,25,1.5,14,0.15,1.8,0.6740742350946517,0.24056580657834276
36,16,25,1.5,6,0.15,1.8,0.6740749473222524,0.2405328355923442
28,12,10,1.5,14,0.15,2.2,0.6740755941280907,0.24058194281286657
28,16,25,3.0,6,0.18,2.2,0.6740759101092213,0.2405596416811989
32,16,25,2.0,6,0.18,1.8,0.6740766757955762,0.240552849927753
28,20,15,2.5,6,0.22,2.6,0.6740794649606809,0.24061951263120496
28,20,20,2.0,10,0.18,1.8,0.6740837536528191,0.24057504337141417
36,20,25,2.0,6,0.18,1.8,0.674084806501031,0.2405453007639195
28,12,25,2.0,6,0.22,1.8,0.674087558584279,0.24058967523387673
32,20,20,3.0,6,0.15,2.2,0.6740901535819374,0.24051274378789245
32,16,25,2.5,6,0.15,1.8,0.6740926832456146,0.24051180337065345
28,20,15,3.0,6,0.22,2.2,0.6740954700807436,0.24061008853214327
28,16,20,2.5,6,0.22,1.8,0.6740959096488668,0.24058987211927677
28,12,25,1.5,10,0.15,2.2,0.6740966608332771,0.2405834389731579
28,20,15,2.0,10,0.15,2.2,0.6740971384361447,0.2405761411115984
32,16,20,1.5,6,0.15,2.6,0.6741005093138257,0.24058200114786094
28,20,10,2.5,6,0.22,2.6,0.6741041049335125,0.24062922679020876
28,16,10,1.5,14,0.15,2.2,0.6741061394408377,0.24059287337272653
32,20,15,1.5,6,0.18,2.6,0.6741074984032189,0.2406075605130972
36,20,20,2.0,6,0.15,1.8,0.67410907712171,0.24052316098120677
28,16,20,3.0,6,0.18,1.8,0.6741103671969311,0.2405560257653985
28,12,10,2.5,6,0.15,1.8,0.6741106808951024,0.24058033722632985
28,20,25,1.5,10,0.22,2.2,0.6741110364770255,0.2406234649568078
32,20,10,2.0,6,0.15,2.6,0.6741111746669638,0.24058179312748154
28,16,10,2.5,6,0.18,2.2,0.6741130847047789,0.24059404396918196
32,16,10,1.5,6,0.15,2.6,0.674115012797487,0.24059757096146728
32,16,20,2.0,6,0.15,1.8,0.6741181746834584,0.2405497174671857
32,20,25,2.0,6,0.18,2.6,0.6741247885247653,0.24061047897560964
28,20,10,2.0,10,0.18,1.8,0.6741258435557478,0.2405973713367027
36,20,15,1.5,6,0.15,1.8,0.6741273814703829,0.2405624444045377
36,20,20,1.5,6,0.15,2.2,0.6741305378534466,0.24057591549787252
28,12,20,2.0,6,0.15,2.6,0.6741326047777739,0.24059515383479899
28,12,10,2.0,6,0.18,2.6,0.6741337359932609,0.24061548694189683
28,16,25,2.5,6,0.18,2.6,0.6741374953517125,0.24061056134044048
32,20,15,2.0,6,0.15,2.6,0.6741422037543857,0.24058991583287442
28,20,25,1.5,14,0.15,2.6,0.674145657186301,0.240614640002823
28,20,25,3.0,6,0.22,2.6,0.674145996028117,0.24065687916238596
28,16,15,2.5,6,0.15,2.6,0.6741468142277821,0.24059322356695115
32,16,25,2.0,6,0.15,2.2,0.6741518793150505,0.24057827598128825
28,16,20,3.0,6,0.15,2.2,0.6741521252605877,0.2405652871062315
32,16,15,1.5,6,0.15,2.2,0.6741533283275414,0.2406014943914215
28,20,15,1.5,14,0.18,1.8,0.674157261601666,0.24061831153966784
28,16,15,3.0,6,0.15,1.8,0.6741587288637105,0.2405571855732013
32,16,25,1.5,6,0.18,2.2,0.6741620029119328,0.24062121838936842
28,16,25,1.5,10,0.18,2.2,0.6741678529378877,0.2406289161773468
28,12,15,2.0,6,0.18,1.8,0.6741683759179172,0.2406138353136525
28,16,10,3.0,6,0.15,1.8,0.674171501005339,0.24057848294486986
28,16,20,2.0,6,0.22,2.2,0.6741717636247772,0.24064495379796585
28,20,20,2.0,10,0.15,2.2,0.674172352204191,0.24061027880023458
32,20,25,3.0,6,0.15,2.6,0.6741735294800122,0.2405700555219465
32,20,10,1.5,6,0.18,2.6,0.6741736922432743,0.24063927310016667
36,20,25,2.0,6,0.15,2.2,0.6741778756086572,0.24057471871305344
36,20,25,1.5,6,0.15,2.6,0.6741853687949789,0.24061421956201606
28,16,20,2.5,6,0.18,2.2,0.6741869243081577,0.24062080207871883
28,12,25,2.0,6,0.18,2.2,0.6741918580843007,0.2406302531280765
28,20,10,1.5,14,0.15,2.6,0.6741941500244029,0.24063749250161195
28,12,20,1.5,6,0.22,2.2,0.6741943049720616,0.24065173902820805
32,20,25,2.5,6,0.18,2.2,0.6741945674807293,0.24061500190555288
28,20,25,2.0,10,0.18,1.8,0.6741951707943048,0.240627080464274
32,20,10,2.5,6,0.15,1.8,0.6741952419513807,0.2405763164576867
28,20,10,1.5,10,0.22,2.2,0.6741972575559061,0.24065817822108213
32,20,20,2.0,6,0.18,2.2,0.6741982407743469,0.24062838814499066
28,20,20,1.5,14,0.18,1.8,0.6741982484487488,0.24063779562400184
32,20,25,1.5,6,0.22,2.2,0.6741999141266174,0.24067063709301323
32,12,10,1.5,6,0.15,1.8,0.6742005027937226,0.2406353879770487
28,12,10,1.5,10,0.18,2.6,0.6742069559556686,0.24064940033282226
28,20,20,2.5,6,0.22,2.6,0.674208707280532,0.24068219494415455
28,16,25,3.0,6,0.15,2.6,0.6742089774004766,0.2406042318588697
28,20,10,2.0,10,0.15,2.2,0.6742123842357378,0.2406331566221832
28,12,15,1.5,6,0.22,2.2,0.6742134611322446,0.24065816658436054
28,16,10,1.5,10,0.18,2.6,0.6742146327657568,0.24065501621279634
28,12,10,2.0,6,0.22,1.8,0.6742197434014706,0.24065571887384896
28,20,10,3.0,6,0.18,2.6,0.6742199627346104,0.24064819450435357
28,12,10,1.5,14,0.15,1.8,0.6742215148958931,0.2406498667419396
28,20,15,1.5,14,0.15,2.2,0.6742248003963585,0.24064492857411252
28,12,15,2.0,6,0.15,2.2,0.674233644152369,0.24064074347112718
28,12,20,1.5,10,0.15,1.8,0.6742396103569742,0.24064757922468885
28,12,10,1.5,10,0.22,1.8,0.6742457760938586,0.24066777893984145
32,16,10,1.5,6,0.18,1.8,0.6742501258624732,0.2406595608534086
28,16,15,1.5,10,0.15,2.6,0.6742501658453273,0.24066196266527742
36,20,25,3.0,6,0.15,1.8,0.6742518458197825,0.24052870163571022
32,20,25,1.5,10,0.15,1.8,0.6742563007123378,0.24064198755317265
28,16,20,1.5,10,0.15,2.6,0.6742586171543177,0.24066515139388406
28,16,15,2.0,6,0.18,2.6,0.6742604693409905,0.240673105231947
28,16,10,2.5,6,0.15,2.6,0.6742605268514411,0.24065478111708408
28,20,15,3.0,6,0.18,2.6,0.6742607208534849,0.24066408104899134
32,12,25,1.5,6,0.15,1.8,0.6742629512286289,0.2406371043621241
28,20,20,1.5,14,0.15,2.2,0.6742676842199137,0.2406647691464978
32,20,20,2.5,6,0.18,1.8,0.6742746128851899,0.24062756144722247
28,20,15,1.5,10,0.18,2.6,0.6742763774288139,0.24068811760064215
28,20,20,3.0,6,0.22,2.2,0.6742767337506306,0.24069502101950832
32,20,15,1.5,6,0.22,1.8,0.6742770704640186,0.24068656213507011
28,16,10,2.0,6,0.22,2.2,0.6742775697833555,0.24069304295049138
32,16,20,1.5,6,0.18,1.8,0.6742792576292929,0.24066326895285647
28,12,15,1.5,10,0.15,1.8,0.6742812650279429,0.24067134290458178
40,20,25,1.5,6,0.15,1.8,0.6742820105253402,0.24061079802080665
32,20,20,1.5,6,0.18,2.6,0.6742829170890058,0.24069064708182636
28,12,20,2.0,6,0.18,1.8,0.6742830722876688,0.24066377283387844
28,20,25,1.5,14,0.18,1.8,0.6742844571144191,0.24067868232887574
28,20,25,2.0,10,0.15,2.2,0.6742863630896833,0.2406630651987947
28,16,10,1.5,10,0.22,1.8,0.6742882616241493,0.24069003625068494
28,16,10,1.5,14,0.15,1.8,0.674292655057665,0.24067716734892108
32,20,10,2.0,6,0.18,1.8,0.6742936350588742,0.24066309769569758
28,20,20,1.5,10,0.18,2.6,0.6743017990288104,0.24070132150968265
28,12,25,2.5,6,0.15,1.8,0.674302708887494,0.24063663004528626
28,20,10,1.5,14,0.18,1.8,0.6743087627876985,0.24069065879476506
28,16,15,2.5,6,0.18,1.8,0.6743135186981478,0.2406672673414997
28,12,25,1.5,6,0.22,2.2,0.6743172208820502,0.24071271930112667
28,12,10,2.0,6,0.18,2.2,0.6743214517065973,0.24070073031235958
32,20,10,1.5,6,0.22,1.8,0.6743240083404243,0.24070939663803537
28,16,25,2.5,6,0.22,1.8,0.6743297946116159,0.24069906905154775
32,20,25,2.0,6,0.22,1.8,0.6743326235836106,0.24070548521239293
28,16,20,2.5,6,0.15,2.6,0.6743379671921389,0.24067844822277193
28,16,25,2.0,6,0.22,2.2,0.6743400578447836,0.2407259170466635
32,20,15,2.0,6,0.18,1.8,0.6743401047394635,0.24067753897256755
32,16,10,1.5,6,0.15,2.2,0.6743424449461877,0.2406993073552493
28,12,20,2.0,6,0.15,2.2,0.6743428940310884,0.2406866863602389
32,20,20,2.5,6,0.15,2.2,0.6743435508227803,0.24064709919781696
32,20,15,2.5,6,0.15,1.8,0.6743476489294277,0.24063306984384902
28,12,25,2.0,6,0.15,2.6,0.6743522302295482,0.2406963626955425
28,20,25,1.5,14,0.15,2.2,0.6743559490199856,0.24070621199451595
28,20,25,2.5,6,0.22,2.6,0.6743583975424423,0.24075395061220747
28,16,15,1.5,10,0.18,1.8,0.6743596444898239,0.24071269439664228
28,16,25,1.5,10,0.15,2.6,0.674360945359891,0.24071330331235777
28,12,25,1.5,10,0.15,1.8,0.6743612155916938,0.24070276759069342
28,16,15,2.5,6,0.15,2.2,0.6743640957263757,0.24068358279053406
32,16,20,1.5,6,0.15,2.2,0.6743679612726744,0.24069794989199544
32,20,10,2.0,6,0.15,2.2,0.6743694979553849,0.2406906919926544
28,12,10,1.5,10,0.18,2.2,0.6743696480383846,0.24072588805666564
36,20,25,2.5,6,0.15,1.8,0.6743703389495227,0.24061005019767798
28,16,20,2.0,6,0.18,2.6,0.6743733230613725,0.24072606717845976
32,16,25,1.5,6,0.15,2.6,0.6743738843814312,0.2407087179822319
28,20,25,1.5,10,0.18,2.6,0.6743744716922465,0.24073671602035757
28,16,15,1.5,6,0.22,2.6,0.674374551375406,0.2407478764017685
28,20,15,2.5,6,0.22,2.2,0.6743753915443538,0.24074200829984094
28,20,10,1.5,14,0.15,2.2,0.6743756278596041,0.24071767226459861
28,16,20,1.5,10,0.18,1.8,0.6743779805100029,0.24072026040571545
32,20,25,2.5,6,0.15,2.6,0.6743834724923743,0.24068150445865522
28,20,10,2.5,6,0.22,2.2,0.6743856946144449,0.24074696131627218
28,20,15,1.5,10,0.22,1.8,0.6743942357322318,0.24074379325434916
28,12,20,1.5,6,0.18,2.6,0.6743979444453938,0.24074027334878426
28,20,15,2.0,10,0.15,1.8,0.6744027959418057,0.24070956957024997
28,16,20,1.5,6,0.22,2.6,0.6744028729225836,0.2407645920661577
32,20,20,2.0,6,0.15,2.6,0.6744032072716624,0.24070800067802736
28,12,15,1.5,6,0.18,2.6,0.67440539775239,0.24074343870601442
28,16,10,2.5,6,0.18,1.8,0.6744085218617402,0.2407207822942865
28,16,25,3.0,6,0.18,1.8,0.6744097015968337,0.24069108915172824
36,20,25,1.5,6,0.18,1.8,0.6744101782184414,0.24071377656794718
28,16,15,2.0,6,0.22,1.8,0.674412475670954,0.2407441892197623
28,20,10,3.0,6,0.22,1.8,0.6744128891646087,0.24073552937176917
32,20,25,3.0,6,0.18,1.8,0.6744167693705441,0.2406725595772941
32,20,15,2.0,6,0.15,2.2,0.6744172338734501,0.24070417833355323
28,16,10,1.5,10,0.18,2.2,0.6744192394447148,0.24074895943878943
28,16,25,2.5,6,0.18,2.2,0.6744223977848746,0.24072933846577874
28,20,20,1.5,10,0.22,1.8,0.6744266215775296,0.2407601952440946
32,20,15,1.5,6,0.18,2.2,0.6744285393702508,0.24074727118643954
28,20,15,2.0,6,0.22,2.6,0.6744324218551544,0.24078397903342846
28,20,10,1.5,10,0.18,2.6,0.6744419813319534,0.24076601694405003
32,16,15,1.5,6,0.15,1.8,0.6744445992794552,0.24072753453478737
28,16,20,3.0,6,0.15,1.8,0.6744466018389847,0.24068146163359094
28,20,20,3.0,6,0.18,2.6,0.6744496331748969,0.24075058118735487
28,16,25,3.0,6,0.15,2.2,0.6744555411775757,0.24070131907240522
28,16,15,1.5,10,0.15,2.2,0.6744577097426332,0.24075586589575632
28,16,10,2.0,6,0.18,2.6,0.6744586413028223,0.24076932640666995
32,20,20,3.0,6,0.15,1.8,0.674461077532208,0.24065340002398372
28,16,10,2.5,6,0.15,2.2,0.6744635246222981,0.24074087934474395
32,20,20,1.5,6,0.22,1.8,0.6744644024842121,0.24077496959841638
28,20,15,1.5,14,0.15,1.8,0.6744665591978651,0.24075060369732804
28,20,25,3.0,6,0.22,2.2,0.6744666634107833,0.240783820627003
28,20,15,3.0,6,0.22,1.8,0.6744687954344052,0.24075816090103805
32,20,25,2.0,6,0.18,2.2,0.6744698918477657,0.2407536995404861
28,12,15,2.0,6,0.15,1.8,0.6744705330537544,0.2407445742019787
28,12,10,2.0,6,0.15,2.6,0.6744711429789862,0.2407683630844031
32,20,10,1.5,6,0.18,2.2,0.6744747373766076,0.24077182458608687
28,16,20,1.5,10,0.15,2.2,0.6744788680717366,0.24076394535006113
32,20,25,3.0,6,0.15,2.2,0.6744840396132764,0.24068798806378072
28,16,25,1.5,10,0.18,1.8,0.6744883626225836,0.2407719560353254
28,20,20,2.0,10,0.15,1.8,0.6744885727279508,0.2407474569347951
32,16,25,2.0,6,0.15,1.8,0.6744896665581354,0.24071652301400007
32,20,25,1.5,6,0.18,2.6,0.674494650815361,0.2407905507619229
28,20,10,3.0,6,0.18,2.2,0.6744956042677663,0.24076008005262148
28,20,10,2.0,10,0.15,1.8,0.674502766694685,0.24076093026333065
28,20,10,2.0,6,0.22,2.6,0.6745037878528707,0.24081585467073402
28,12,15,1.5,6,0.22,1.8,0.6745040855437572,0.24079018975183067
28,20,25,1.5,10,0.22,1.8,0.6745043682848564,0.2407978912645609
28,16,25,1.5,6,0.22,2.6,0.6745122068117073,0.24081919357711218
36,20,25,1.5,6,0.15,2.2,0.6745133483854463,0.2407501560695095
36,20,20,1.5,6,0.15,1.8,0.674513874211188,0.24073457968567144
28,12,20,1.5,6,0.22,1.8,0.6745148202941804,0.24079557080777583
28,12,25,2.0,6,0.18,1.8,0.6745177494787944,0.24077154743522522
28,16,20,2.5,6,0.18,1.8,0.6745186440726657,0.24075840267851586
28,20,20,2.5,6,0.22,2.2,0.6745194185958447,0.24081011307871925
28,20,20,1.5,14,0.15,1.8,0.674520206600125,0.24077452696976726
28,16,15,2.0,6,0.18,2.2,0.6745212670975744,0.24078717533885236
28,20,20,2.0,6,0.22,2.6,0.6745237606284479,0.2408290335546848
28,12,10,1.5,10,0.15,2.6,0.6745281868506124,0.240800582754585
28,12,25,1.5,6,0.18,2.6,0.6745331351946381,0.24080528565631268
28,20,15,1.5,10,0.18,2.2,0.6745381969707523,0.2408049628130939
28,16,20,2.0,6,0.22,1.8,0.6745393034185855,0.2408034933307166
28,20,10,1.5,10,0.22,1.8,0.674549111701274,0.2408166838642903
28,12,10,1.5,6,0.22,2.6,0.6745501468315686,0.24082184015732955
28,16,25,2.0,6,0.18,2.6,0.6745516260951565,0.24081005595004157
28,20,15,3.0,6,0.18,2.2,0.6745536999539005,0.24078192998946787
32,16,25,1.5,6,0.18,1.8,0.6745633100474077,0.2407943431552913
28,16,20,2.5,6,0.15,2.2,0.6745707308763993,0.2407741654826714
28,20,20,1.5,10,0.18,2.2,0.6745742859039929,0.2408223311175563
28,20,15,2.5,6,0.18,2.6,0.6745747890184333,0.24081602305107058
28,20,10,2.5,6,0.18,2.6,0.6745758965544716,0.2408189935128083
28,12,10,2.0,6,0.18,1.8,0.6745776339534768,0.24081732366050707
28,16,25,2.5,6,0.15,2.6,0.6745807531746414,0.24078899294111952
28,12,25,2.0,6,0.15,2.2,0.6745807620257155,0.2407949062575686
36,20,25,2.0,6,0.15,1.8,0.674583174120628,0.24073449961415827
28,16,10,2.0,6,0.22,1.8,0.6745888486739151,0.24083022369758478
28,12,10,1.5,10,0.18,1.8,0.6745895714994162,0.24082930854695195
28,16,25,1.5,10,0.15,2.2,0.6745923017902815,0.24081644816401404
28,16,10,1.5,10,0.15,2.6,0.674593806554577,0.24082844157349945
28,12,20,2.0,6,0.15,1.8,0.6745998691529439,0.24079739689529828
28,20,10,1.5,14,0.15,1.8,0.6746060581775769,0.2408192336455332
28,20,25,2.0,10,0.15,1.8,0.6746117362315172,0.24080359716108107
32,20,25,2.5,6,0.18,1.8,0.6746127192844079,0.24078000784430428
32,20,20,2.0,6,0.18,1.8,0.6746127560171735,0.2408003242664047
28,20,25,1.5,14,0.15,1.8,0.6746174173450826,0.2408194068502851
28,12,15,1.5,6,0.18,2.2,0.6746181677308482,0.24084011720186535
32,16,10,1.5,6,0.15,1.8,0.6746206297976215,0.24082262469795873
32,20,20,1.5,6,0.18,2.2,0.6746212591941391,0.24083668789783233
28,12,20,1.5,6,0.18,2.2,0.674633485307787,0.24084606151507273
28,20,10,3.0,6,0.15,2.6,0.6746337785888588,0.24080829571934514
28,16,15,2.5,6,0.15,1.8,0.6746382662631626,0.2407969023006393
32,20,15,1.5,6,0.15,2.6,0.6746429385026534,0.2408363291380202
28,16,15,1.5,6,0.22,2.2,0.6746431263134022,0.24086809588007907
28,20,25,2.0,6,0.22,2.6,0.6746441350924469,0.2408873040989071
28,20,25,3.0,6,0.18,2.6,0.674647202623955,0.2408414557900405
28,12,10,2.0,6,0.15,2.2,0.6746506471180191,0.24084969675603146
28,16,20,2.0,6,0.18,2.2,0.674651317898515,0.24084654489800772
32,16,25,1.5,6,0.15,2.2,0.6746553931130287,0.24082958524290968
28,20,25,1.5,10,0.18,2.2,0.6746554907521383,0.24086105998003743
28,16,10,1.5,6,0.22,2.6,0.6746639845598663,0.24088329151988244
28,12,25,1.5,6,0.22,1.8,0.6746651672381992,0.24086766474003501
28,20,20,3.0,6,0.22,1.8,0.6746688877247295,0.24084957253506298
32,16,20,1.5,6,0.15,1.8,0.6746805253806355,0.24083124516128104
28,20,25,2.5,6,0.22,2.2,0.6746808565382626,0.24088619266636077
32,20,10,1.5,6,0.15,2.6,0.6746820796173033,0.24085979065498395
32,20,25,2.0,6,0.15,2.6,0.6746829977480979,0.24083557204773362
28,12,10,1.5,10,0.15,2.2,0.6746835517086485,0.24087342922908037
32,20,25,1.5,6,0.22,1.8,0.6746845429823516,0.2408785540251648
28,16,15,2.0,6,0.15,2.6,0.6746851441056102,0.24085525773965816
32,20,25,2.5,6,0.15,2.2,0.6746862775757105,0.24080063713158759
32,20,10,2.0,6,0.15,1.8,0.6746870707868577,0.24082321552059535
28,16,10,1.5,10,0.18,1.8,0.6746884629093246,0.2408724270521885
28,16,20,1.5,6,0.22,2.2,0.6746895106589483,0.2408918403227105
28,20,10,1.5,10,0.18,2.2,0.6746926718845178,0.24087870731287161
32,20,20,2.0,6,0.15,2.2,0.6746931279921089,0.2408272221486733
28,20,15,3.0,6,0.15,2.6,0.6746957208768437,0.24082988778473013
28,16,10,2.0,6,0.18,2.2,0.6746989336019513,0.24087579792751496
32,20,20,2.5,6,0.15,1.8,0.6747115992457848,0.240792265817697
28,16,15,1.5,10,0.15,1.8,0.674723236694951,0.24087574845575832
28,16,10,2.5,6,0.15,1.8,0.6747248106747986,0.24085119153592685
28,20,20,2.5,6,0.18,2.6,0.6747276738490666,0.24088651742307546
28,16,25,2.0,6,0.22,1.8,0.674727954074365,0.2408921459448988
28,20,15,2.0,6,0.22,2.2,0.6747388399943651,0.24091513195835304
28,20,15,1.5,10,0.15,2.6,0.6747393523957695,0.24089261827690833
28,12,10,1.5,6,0.22,2.2,0.6747465954360269,0.24091286138278997
32,20,15,2.0,6,0.15,1.8,0.6747560015535092,0.24084325598565223
28,20,20,3.0,6,0.18,2.2,0.6747569038537259,0.24087342871433173
28,20,10,2.5,6,0.22,1.8,0.6747606303068295,0.2409038719166098
28,16,20,1.5,10,0.15,1.8,0.6747617860554143,0.24089060387262298
28,16,25,3.0,6,0.15,1.8,0.6747669530653827,0.24082314686874856
28,16,25,2.5,6,0.18,1.8,0.6747716793678097,0.24087320064887066
28,20,15,2.5,6,0.22,1.8,0.6747728060951168,0.24090684919692631
28,20,20,1.5,10,0.15,2.6,0.6747802949297492,0.24091134603843573
28,12,15,1.5,6,0.15,2.6,0.6747810616603838,0.2409129985038267
28,16,10,1.5,10,0.15,2.2,0.674786003213834,0.24091637889928463
28,12,25,1.5,6,0.18,2.2,0.6747881890946409,0.2409189250255599
28,20,10,2.0,6,0.22,2.2,0.674795157779929,0.24094160631120665
28,12,20,1.5,6,0.15,2.6,0.6748022958752689,0.24091986491154835
28,16,25,1.5,6,0.22,2.2,0.6748145135092636,0.24095265245491898
28,16,20,2.0,6,0.15,2.6,0.674822374881222,0.2409162396837295
28,16,25,2.5,6,0.15,2.2,0.6748262298900549,0.24088914821672008
28,20,10,3.0,6,0.18,1.8,0.6748290844514971,0.24089289643522638
32,20,15,1.5,6,0.18,1.8,0.6748324929528636,0.2409220220638557
32,20,20,1.5,6,0.15,2.6,0.6748430881911193,0.2409274185726851
28,16,25,2.0,6,0.18,2.2,0.674843620875753,0.24093574761386122
28,20,20,2.0,6,0.22,2.2,0.6748439148343722,0.2409653363656477
32,20,25,1.5,6,0.18,2.2,0.6748457483299054,0.24094113255873162
28,12,25,2.0,6,0.15,1.8,0.67485036428518,0.24090946305438235
28,16,15,2.0,6,0.18,1.8,0.6748504297727473,0.2409303098212762
32,20,10,1.5,6,0.18,1.8,0.6748548511428587,0.2409383070702908
28,16,10,2.0,6,0.15,2.6,0.6748597730043892,0.24094474608252536
28,16,20,2.5,6,0.15,1.8,0.6748640536476983,0.2408939474141091
28,16,15,1.5,6,0.18,2.6,0.6748641068414809,0.24096338990147925
28,20,10,2.5,6,0.18,2.2,0.6748641364120976,0.24094045168594883
28,12,10,2.0,6,0.15,1.8,0.6748656091712544,0.24094630356936123
28,20,25,1.5,10,0.15,2.6,0.6748661576360331,0.2409515674102526
28,20,15,1.5,6,0.22,2.6,0.6748686959011587,0.24099001849305515
28,20,15,2.5,6,0.18,2.2,0.6748726363859152,0.24093990249515304
32,20,25,3.0,6,0.15,1.8,0.6748727625904297,0.2408342603523237
28,20,25,3.0,6,0.22,1.8,0.6748739990598794,0.2409436778560999
28,20,15,1.5,10,0.18,1.8,0.6748759979136824,0.24095527509931497
28,20,10,3.0,6,0.15,2.2,0.6748766423087615,0.240904654650506
28,20,10,1.5,10,0.15,2.6,0.6748890215597368,0.24096528398661557
28,16,25,1.5,10,0.15,1.8,0.6748893895978452,0.24094863146218912
28,12,10,1.5,10,0.15,1.8,0.6748905688419371,0.24097054893724695
28,20,25,2.5,6,0.18,2.6,0.6748964506390043,0.24096469021518957
32,20,25,2.0,6,0.18,1.8,0.6749016165196497,0.24093153331046716
28,12,15,1.5,6,0.18,1.8,0.6749017667839872,0.24096908259067973
28,20,15,3.0,6,0.18,1.8,0.6749035212933271,0.24091949298693538
28,20,20,3.0,6,0.15,2.6,0.6749054691335973,0.24092281950768243
28,16,10,1.5,6,0.22,2.2,0.6749122975278213,0.2409957451854684
28,16,15,2.0,6,0.15,2.2,0.6749158075758496,0.24095500806602388
36,20,25,1.5,6,0.15,1.8,0.6749169759732212,0.2409157713361598
28,16,20,1.5,6,0.18,2.6,0.6749202323229345,0.24098988036841235
28,20,20,1.5,6,0.22,2.6,0.6749233193416668,0.24101784841542953
28,20,20,1.5,10,0.18,1.8,0.674924360841935,0.2409772608303955
32,20,15,1.5,6,0.15,2.2,0.6749273590267787,0.24095883562231923
28,20,20,2.5,6,0.22,1.8,0.6749339802110592,0.24098091544015052
28,12,10,1.5,6,0.18,2.6,0.6749359191079379,0.2409997596739145
28,12,20,1.5,6,0.18,1.8,0.6749403032111695,0.24098372461903098
32,20,10,1.5,6,0.15,2.2,0.6749509310244987,0.24097720663315872
28,20,15,3.0,6,0.15,2.2,0.6749536257064714,0.24093131271279866
28,20,15,2.0,6,0.18,2.6,0.6749609476847467,0.24100334206331053
28,12,25,1.5,6,0.15,2.6,0.6749641030476435,0.2409946133246432
28,20,25,3.0,6,0.18,2.2,0.6749656646875667,0.2409682276120949
28,20,25,2.0,6,0.22,2.2,0.6749752231234144,0.24102771963324826
28,12,15,1.5,6,0.15,2.2,0.6749822505235753,0.24100424112163124
28,20,15,1.5,10,0.15,2.2,0.674983173290143,0.24100099071749922
32,20,25,2.0,6,0.15,2.2,0.6749841146603814,0.2409584368318584
28,20,10,1.5,6,0.22,2.6,0.6749842750161466,0.2410430405663509
32,16,25,1.5,6,0.15,1.8,0.6749884392864506,0.2409703421530895
28,16,15,1.5,6,0.22,1.8,0.6749928647769149,0.24102409202676678
28,16,20,2.0,6,0.18,1.8,0.674999918876343,0.2409964908924654
28,16,10,2.0,6,0.18,1.8,0.6750027151046855,0.2410098068346185
28,12,10,1.5,6,0.22,1.8,0.6750092748670633,0.2410344449996493
28,20,10,2.0,6,0.18,2.6,0.6750095943556863,0.2410282672769896
28,20,10,1.5,10,0.18,1.8,0.6750136261062398,0.24102260984299087
28,20,25,1.5,6,0.22,2.6,0.6750150029624722,0.24106279782497553
28,20,25,1.5,10,0.18,1.8,0.6750158595789609,0.2410199311962325
28,12,20,1.5,6,0.15,2.2,0.6750185508079558,0.24101664185126997
28,16,25,2.0,6,0.15,2.6,0.6750217851785109,0.24100748707066247
28,20,10,2.5,6,0.15,2.6,0.6750262944012753,0.24100288097682646
28,20,20,1.5,10,0.15,2.2,0.6750334098555761,0.24102327867400922
28,16,10,1.5,10,0.15,1.8,0.6750348647080379,0.24103014335715817
28,20,20,2.5,6,0.18,2.2,0.6750356219022174,0.2410135456066633
28,20,15,2.5,6,0.15,2.6,0.675039517963479,0.241002826578234
32,20,20,1.5,6,0.18,1.8,0.6750435510251063,0.24101759087613878
32,20,20,2.0,6,0.15,1.8,0.6750513735832696,0.2409729261766533
28,16,25,1.5,6,0.18,2.6,0.675053589238948,0.2410531455155211
28,16,20,1.5,6,0.22,1.8,0.6750649182058263,0.24105798812842608
28,16,20,2.0,6,0.15,2.2,0.6750674431920289,0.24102110254399825
32,20,25,2.5,6,0.15,1.8,0.6750720179067448,0.24095174999544838
32,20,25,1.5,6,0.15,2.6,0.6750727426533469,0.24103284560231492
28,16,10,2.0,6,0.15,2.2,0.675073293516596,0.24103847798379185
28,20,20,2.0,6,0.18,2.6,0.6750751294007549,0.24105628468024973
28,20,25,2.5,6,0.22,1.8,0.6751080198538346,0.24106126093578498
28,12,25,1.5,6,0.18,1.8,0.6751147174418718,0.24106401258682195
28,16,15,1.5,6,0.18,2.2,0.6751198464128271,0.2410774922110327
28,20,10,1.5,10,0.15,2.2,0.6751199231841519,0.2410686560076513
28,20,25,3.0,6,0.15,2.6,0.6751201288018859,0.24101915314779665
28,20,20,3.0,6,0.18,1.8,0.6751215382591969,0.24101564165839273
28,16,10,1.5,6,0.18,2.6,0.6751258233960332,0.24108990487006907
28,12,10,1.5,6,0.18,2.2,0.6751263123460758,0.24108778068917608
28,20,25,1.5,10,0.15,2.2,0.6751268195594345,0.24106641097340206
28,16,25,2.5,6,0.15,1.8,0.675135930751138,0.2410146448931789
32,20,20,1.5,6,0.15,2.2,0.6751389565567312,0.24105350608905704
28,20,15,2.0,6,0.22,1.8,0.6751425633551452,0.24108761981550417
28,20,20,3.0,6,0.15,2.2,0.6751752275933078,0.24102819493655775
28,20,10,2.0,6,0.22,1.8,0.6751782604985873,0.2411066335097578
28,20,15,1.5,6,0.22,2.2,0.6751839753669041,0.24112882439437286
28,20,10,3.0,6,0.15,1.8,0.6751851063436652,0.24102651128297636
28,16,15,2.0,6,0.15,1.8,0.6751894507249121,0.2410717960196016
28,12,25,1.5,6,0.15,2.2,0.6751953304898279,0.24109712152544144
28,16,20,1.5,6,0.18,2.2,0.6751960760565096,0.24111206809058175
28,20,20,2.5,6,0.15,2.6,0.6752082765739371,0.24107775152009026
28,16,25,2.0,6,0.18,1.8,0.6752088976352256,0.2410917696829541
28,16,25,1.5,6,0.22,1.8,0.6752091756592185,0.24112626727637052
28,20,10,2.5,6,0.18,1.8,0.675212849160979,0.24108519363506278
28,20,25,2.5,6,0.18,2.2,0.6752134095713589,0.2410947400860982
28,20,25,2.0,6,0.18,2.6,0.6752144081444874,0.2411212446324473
28,12,15,1.5,6,0.15,1.8,0.6752287925732825,0.2411153464788183
28,16,10,1.5,6,0.22,1.8,0.6752346459462509,0.24114121613395087
28,20,15,2.5,6,0.18,1.8,0.6752372632676601,0.2410897112209218
28,20,20,1.5,6,0.22,2.2,0.6752521221428128,0.24116192479929774
32,20,15,1.5,6,0.15,1.8,0.6752612497901174,0.24110032754763802
28,20,15,2.0,6,0.18,2.2,0.675264778387518,0.2411337392534087
28,20,20,2.0,6,0.22,1.8,0.6752654906057342,0.24114446599784076
32,20,10,1.5,6,0.15,1.8,0.6752659005140029,0.24111271308749427
28,20,10,2.5,6,0.15,2.2,0.6752709876726658,0.2411035795722256
28,20,15,3.0,6,0.15,1.8,0.6752780545026594,0.24105791415669278
28,16,25,2.0,6,0.15,2.2,0.6752787625299533,0.2411166395927254
28,12,20,1.5,6,0.15,1.8,0.6752822187057301,0.24113361747705894
32,20,25,1.5,6,0.18,1.8,0.6752826177106003,0.24112693964799178
28,20,10,1.5,6,0.22,2.2,0.6752851682745419,0.24117648073603845
28,12,10,1.5,6,0.15,2.6,0.6752921927488745,0.24116438049918523
28,20,15,1.5,10,0.15,1.8,0.6752932092727298,0.2411384600311913
28,20,15,2.5,6,0.15,2.2,0.6752960305051646,0.24110724382737408
28,16,15,1.5,6,0.15,2.6,0.6752995663143895,0.24115525091387624
28,20,10,2.0,6,0.18,2.2,0.675300128040122,0.24115405007821308
28,16,10,2.0,6,0.15,1.8,0.6753353598770585,0.241152478990128
28,20,25,3.0,6,0.18,1.8,0.6753424734187942,0.2411143901671153
28,16,25,1.5,6,0.18,2.2,0.6753449453956437,0.2411815519936949
28,20,25,1.5,6,0.22,2.2,0.6753545491971099,0.2412110690616553
32,20,25,2.0,6,0.15,1.8,0.6753567300095973,0.24110878085669823
28,20,20,1.5,10,0.15,1.8,0.6753571248126603,0.2411660903764892
28,16,20,2.0,6,0.15,1.8,0.6753592462604353,0.24114421742285577
28,16,10,1.5,6,0.18,2.2,0.6753599321722599,0.24119551393311728
32,20,25,1.5,6,0.15,2.2,0.6753802441223694,0.24116302534302841
28,16,20,1.5,6,0.15,2.6,0.6753819009460091,0.24119118106058102
28,12,10,1.5,6,0.18,1.8,0.6753885494489202,0.24120929505726382
28,20,20,2.0,6,0.18,2.2,0.6753906071053039,0.2411908490800436
28,20,25,2.5,6,0.15,2.6,0.6753912800484216,0.24116030991803455
28,20,25,3.0,6,0.15,2.2,0.6753993392375859,0.24112770147414703
28,20,25,2.0,6,0.22,1.8,0.6754106812722568,0.24121199549394698
28,20,10,1.5,10,0.15,1.8,0.6754139332478653,0.24119993392680852
28,20,20,2.5,6,0.18,1.8,0.675414602233248,0.24116812520930025
28,20,15,1.5,6,0.18,2.6,0.6754338613829979,0.2412336421429167
28,16,15,1.5,6,0.18,1.8,0.6754490450331188,0.24122407443161417
28,20,15,2.0,6,0.15,2.6,0.6754510308888052,0.2412086144325536
28,20,25,1.5,10,0.15,1.8,0.6754603108650242,0.24121298434843494
28,12,25,1.5,6,0.15,1.8,0.675472021597589,0.2412184884094615
28,12,10,1.5,6,0.15,2.2,0.6754741614209636,0.24124840284174517
28,20,20,2.5,6,0.15,2.2,0.6754757756092463,0.24118602388153892
28,20,10,2.0,6,0.15,2.6,0.6754814541991087,0.2412281838822016
32,20,20,1.5,6,0.15,1.8,0.6754933598747784,0.24120246705475848
28,20,20,1.5,6,0.18,2.6,0.6755090249185715,0.24126867174401934
28,20,20,3.0,6,0.15,1.8,0.6755153326147814,0.24116022776100676
28,20,10,1.5,6,0.18,2.6,0.6755294711579609,0.2412804923995745
28,16,15,1.5,6,0.15,2.2,0.6755322583952925,0.24125860748319924
28,16,10,1.5,6,0.15,2.6,0.6755370087822482,0.241274004817599
28,16,25,1.5,6,0.15,2.6,0.6755379343631738,0.24126287916505443
28,20,25,2.0,6,0.18,2.2,0.6755392889530586,0.24125921339593498
28,16,20,1.5,6,0.18,1.8,0.6755436614007665,0.24126536115543976
28,20,10,2.5,6,0.15,1.8,0.6755779368594287,0.24122898705188797
28,20,20,2.0,6,0.15,2.6,0.6755828683537212,0.24126736579691196
28,16,25,2.0,6,0.15,1.8,0.6755857917394915,0.24124515687777554
28,20,15,1.5,6,0.22,1.8,0.6755944055787103,0.24130886656315492
28,20,25,2.5,6,0.18,1.8,0.6756041195357164,0.24125330034161716
28,20,25,1.5,6,0.18,2.6,0.6756179857672945,0.24131985121552896
28,20,15,2.5,6,0.15,1.8,0.6756186563528105,0.24123763149353275
28,16,20,1.5,6,0.15,2.2,0.6756285579199962,0.2412997258236168
28,20,15,2.0,6,0.18,1.8,0.6756448433468671,0.2412956442093766
28,20,10,2.0,6,0.18,1.8,0.6756648158324748,0.24131083232529774
28,20,25,2.5,6,0.15,2.2,0.675667443208803,0.24127154853476138
28,16,10,1.5,6,0.18,1.8,0.6756689892912991,0.24133499699366065
28,20,10,1.5,6,0.22,1.8,0.6756760004625258,0.24134920239727717
28,20,20,1.5,6,0.22,1.8,0.6756788509623978,0.24134813034006636
28,12,10,1.5,6,0.15,1.8,0.6757027397211098,0.2413536314171819
28,16,25,1.5,6,0.18,1.8,0.6757089142650418,0.24134102807902252
28,20,15,2.0,6,0.15,2.2,0.6757186253883188,0.24132195207531565
28,20,15,1.5,6,0.18,2.2,0.6757363493516937,0.24136655672927507
28,20,25,2.0,6,0.15,2.6,0.6757363709551637,0.24133703515477237
28,20,10,2.0,6,0.15,2.2,0.6757381356148736,0.24133796313642814
32,20,25,1.5,6,0.15,1.8,0.6757496835104247,0.24131733661757612
28,20,25,3.0,6,0.15,1.8,0.6757517774649558,0.24126395472021145
28,16,10,1.5,6,0.15,2.2,0.6757545748710572,0.2413719114213666
28,20,20,2.0,6,0.18,1.8,0.6757845852003262,0.24135762202080324
28,20,25,1.5,6,0.22,1.8,0.6757940103973764,0.24140208322816425
28,16,25,1.5,6,0.15,2.2,0.6757960060820535,0.24137568913248705
28,20,20,2.5,6,0.15,1.8,0.6758126070912608,0.24132127249563695
28,16,15,1.5,6,0.15,1.8,0.6758126198578416,0.2413819554753777
28,20,10,1.5,6,0.18,2.2,0.6758170488611857,0.24140770099103587
28,20,20,1.5,6,0.18,2.2,0.6758239362944173,0.24140635886831238
28,20,20,2.0,6,0.15,2.2,0.6758593701011315,0.24138365978516982
28,16,20,1.5,6,0.15,1.8,0.6759235450456114,0.2414281027164194
28,20,15,1.5,6,0.15,2.6,0.6759382507336683,0.24145149742341068
28,20,25,1.5,6,0.18,2.2,0.675942463256489,0.24146119276398373
28,20,25,2.0,6,0.18,1.8,0.675944236929607,0.2414298143348179
28,20,10,1.5,6,0.15,2.6,0.676012973412087,0.24149121867831114
28,20,25,2.5,6,0.15,1.8,0.6760159272962735,0.24141098274181114
28,20,25,2.0,6,0.15,2.2,0.6760191564388114,0.24145533655783713
28,16,10,1.5,6,0.15,1.8,0.676025136260957,0.2414929477614439
28,20,20,1.5,6,0.15,2.6,0.6760299654892539,0.24149217620639127
28,20,15,2.0,6,0.15,1.8,0.676038530088681,0.24145551544463573
28,20,10,2.0,6,0.15,1.8,0.676045865727673,0.24146797206119344
28,16,25,1.5,6,0.15,1.8,0.6761034262693899,0.241508430647426
28,20,15,1.5,6,0.18,1.8,0.6761153494269415,0.24153220010126916
28,20,25,1.5,6,0.15,2.6,0.6761521744996363,0.2415479103484742
28,20,10,1.5,6,0.18,1.8,0.6761793538450688,0.24156729220838896
28,20,20,2.0,6,0.15,1.8,0.6761902379459328,0.24152071939222955
28,20,15,1.5,6,0.15,2.2,0.6762057606948868,0.24156805214277796
28,20,20,1.5,6,0.18,1.8,0.6762173683183359,0.2415774045620184
28,20,10,1.5,6,0.15,2.2,0.6762697111115296,0.2416040421335391
28,20,20,1.5,6,0.15,2.2,0.6763085411556751,0.24161290474479102
28,20,25,1.5,6,0.18,1.8,0.6763465586578785,0.2416361058696682
28,20,25,2.0,6,0.15,1.8,0.6763597748083082,0.2415957416783971
28,20,25,1.5,6,0.15,2.2,0.6764400252527254,0.24167222670159696
28,20,15,1.5,6,0.15,1.8,0.6765245578584654,0.24170525915374433
28,20,10,1.5,6,0.15,1.8,0.6765783827587899,0.24173831757314626
28,20,20,1.5,6,0.15,1.8,0.6766379779274148,0.24175372854602675
28,20,25,1.5,6,0.15,1.8,0.6767782647128553,0.24181611954687676
