Event,MatchIndex,Played,PassiveChange,Date,Bey,ELO,Position,Spiele,Siege,Niederlagen,Winrate
1,1,1,0,2025-09-07,WizardArc,986,2,1,0,1,0.0
1,1,1,0,2025-09-07,ViperTail,1014,1,1,1,0,1.0
2,1,1,0,2025-09-07,TuskMammoth,1014,2,1,1,0,1.0
2,1,0,1,2025-09-07,WizardArc,986,3,1,0,1,0.0
2,1,1,0,2025-09-07,SamuraiSaber,986,4,1,0,1,0.0
3,1,1,0,2025-09-07,GolemRock,1020,1,1,1,0,1.0
3,1,0,1,2025-09-07,WizardArc,986,4,1,0,1,0.0
3,1,1,0,2025-09-07,BlackShell,980,6,1,0,1,0.0
3,1,0,1,2025-09-07,TuskMammoth,1014,3,1,1,0,1.0
3,1,0,1,2025-09-07,ViperTail,1014,2,1,1,0,1.0
3,1,0,1,2025-09-07,SamuraiSaber,986,5,1,0,1,0.0
4,1,1,0,2025-09-07,LeonCrest,987,5,1,0,1,0.0
4,1,0,1,2025-09-07,WizardArc,986,6,1,0,1,0.0
4,1,1,0,2025-09-07,ImpactDrake,1013,4,1,1,0,1.0
4,1,0,1,2025-09-07,BlackShell,980,8,1,0,1,0.0
4,1,0,1,2025-09-07,SamuraiSaber,986,7,1,0,1,0.0
5,1,0,1,2025-09-07,LeonCrest,987,6,1,0,1,0.0
5,1,0,1,2025-09-07,WizardArc,986,7,1,0,1,0.0
5,1,1,0,2025-09-07,HellsReaper,986,9,1,0,1,0.0
5,1,0,1,2025-09-07,ImpactDrake,1013,5,1,1,0,1.0
5,1,0,1,2025-09-07,BlackShell,980,10,1,0,1,0.0
5,1,1,0,2025-09-07,DranBrave,1014,4,1,1,0,1.0
5,1,0,1,2025-09-07,SamuraiSaber,986,8,1,0,1,0.0
6,1,0,1,2025-09-07,LeonCrest,987,7,1,0,1,0.0
6,1,0,1,2025-09-07,WizardArc,986,9,1,0,1,0.0
6,1,0,1,2025-09-07,HellsReaper,986,11,1,0,1,0.0
6,1,1,0,2025-09-07,HellsHammer,987,8,1,0,1,0.0
6,1,0,1,2025-09-07,BlackShell,980,12,1,0,1,0.0
6,1,0,1,2025-09-07,SamuraiSaber,986,10,1,0,1,0.0
6,1,1,0,2025-09-07,DranSword,1013,6,1,1,0,1.0
7,1,0,1,2025-09-07,LeonCrest,987,8,1,0,1,0.0
7,1,1,0,2025-09-07,CrimsonGaruda,980,14,1,0,1,0.0
7,1,0,1,2025-09-07,WizardArc,986,10,1,0,1,0.0
7,1,0,1,2025-09-07,HellsReaper,986,12,1,0,1,0.0
7,1,0,1,2025-09-07,ImpactDrake,1013,6,1,1,0,1.0
7,1,0,1,2025-09-07,HellsHammer,987,9,1,0,1,0.0
7,1,0,1,2025-09-07,BlackShell,980,13,1,0,1,0.0
7,1,1,0,2025-09-07,DranDagger,1020,2,1,1,0,1.0
7,1,0,1,2025-09-07,TuskMammoth,1014,4,1,1,0,1.0
7,1,0,1,2025-09-07,DranBrave,1014,5,1,1,0,1.0
7,1,0,1,2025-09-07,ViperTail,1014,3,1,1,0,1.0
7,1,0,1,2025-09-07,SamuraiSaber,986,11,1,0,1,0.0
7,1,0,1,2025-09-07,DranSword,1013,7,1,1,0,1.0
8,1,1,0,2025-09-07,LeonClaw,980,16,1,0,1,0.0
8,1,0,1,2025-09-07,LeonCrest,987,9,1,0,1,0.0
8,1,0,1,2025-09-07,CrimsonGaruda,980,15,1,0,1,0.0
8,1,0,1,2025-09-07,WizardArc,986,11,1,0,1,0.0
8,1,1,0,2025-09-07,UnicornSting,1020,3,1,1,0,1.0
8,1,0,1,2025-09-07,HellsReaper,986,13,1,0,1,0.0
8,1,0,1,2025-09-07,ImpactDrake,1013,7,1,1,0,1.0
8,1,0,1,2025-09-07,HellsHammer,987,10,1,0,1,0.0
8,1,0,1,2025-09-07,BlackShell,980,14,1,0,1,0.0
8,1,0,1,2025-09-07,TuskMammoth,1014,5,1,1,0,1.0
8,1,0,1,2025-09-07,DranBrave,1014,6,1,1,0,1.0
8,1,0,1,2025-09-07,ViperTail,1014,4,1,1,0,1.0
8,1,0,1,2025-09-07,SamuraiSaber,986,12,1,0,1,0.0
8,1,0,1,2025-09-07,DranSword,1013,8,1,1,0,1.0
9,1,0,1,2025-09-07,LeonClaw,980,17,1,0,1,0.0
9,1,0,1,2025-09-07,DranSword,1013,9,1,1,0,1.0
9,1,0,1,2025-09-07,LeonCrest,987,10,1,0,1,0.0
9,1,0,1,2025-09-07,GolemRock,1020,2,1,1,0,1.0
9,1,0,1,2025-09-07,WizardArc,986,12,1,0,1,0.0
9,1,0,1,2025-09-07,UnicornSting,1020,4,1,1,0,1.0
9,1,0,1,2025-09-07,HellsReaper,986,14,1,0,1,0.0
9,1,0,1,2025-09-07,CrimsonGaruda,980,16,1,0,1,0.0
9,1,0,1,2025-09-07,ImpactDrake,1013,8,1,1,0,1.0
9,1,0,1,2025-09-07,HellsHammer,987,11,1,0,1,0.0
9,1,0,1,2025-09-07,BlackShell,980,15,1,0,1,0.0
9,1,1,0,2025-09-07,DranBuster,976,18,1,0,1,0.0
9,1,0,1,2025-09-07,DranDagger,1020,3,1,1,0,1.0
9,1,0,1,2025-09-07,TuskMammoth,1014,6,1,1,0,1.0
9,1,0,1,2025-09-07,DranBrave,1014,7,1,1,0,1.0
9,1,0,1,2025-09-07,ViperTail,1014,5,1,1,0,1.0
9,1,0,1,2025-09-07,SamuraiSaber,986,13,1,0,1,0.0
9,1,1,0,2025-09-07,FoxBrush,1024,1,1,1,0,1.0
10,1,1,0,2025-09-07,HellsChain,986,16,1,0,1,0.0
10,1,0,1,2025-09-07,LeonCrest,987,11,1,0,1,0.0
10,1,0,1,2025-09-07,CrimsonGaruda,980,18,1,0,1,0.0
10,1,0,1,2025-09-07,WizardArc,986,13,1,0,1,0.0
10,1,0,1,2025-09-07,HellsReaper,986,15,1,0,1,0.0
10,1,0,1,2025-09-07,ImpactDrake,1013,9,1,1,0,1.0
10,1,0,1,2025-09-07,HellsHammer,987,12,1,0,1,0.0
10,1,0,1,2025-09-07,BlackShell,980,17,1,0,1,0.0
10,1,0,1,2025-09-07,DranBuster,976,20,1,0,1,0.0
10,1,1,0,2025-09-07,TyrannoBeat,1014,8,1,1,0,1.0
10,1,0,1,2025-09-07,LeonClaw,980,19,1,0,1,0.0
10,1,0,1,2025-09-07,SamuraiSaber,986,14,1,0,1,0.0
10,1,0,1,2025-09-07,DranSword,1013,10,1,1,0,1.0
11,1,0,1,2025-09-07,HellsChain,986,18,1,0,1,0.0
11,1,0,1,2025-09-07,LeonCrest,987,12,1,0,1,0.0
11,1,0,1,2025-09-07,CrimsonGaruda,980,20,1,0,1,0.0
11,1,0,1,2025-09-07,WizardArc,986,15,1,0,1,0.0
11,1,0,1,2025-09-07,HellsReaper,986,17,1,0,1,0.0
11,1,1,0,2025-09-07,PhoenixWing,1013,11,1,1,0,1.0
11,1,1,0,2025-09-07,WizardArrow,987,14,1,0,1,0.0
11,1,0,1,2025-09-07,HellsHammer,987,13,1,0,1,0.0
11,1,0,1,2025-09-07,BlackShell,980,19,1,0,1,0.0
11,1,0,1,2025-09-07,DranBuster,976,22,1,0,1,0.0
11,1,0,1,2025-09-07,LeonClaw,980,21,1,0,1,0.0
11,1,0,1,2025-09-07,SamuraiSaber,986,16,1,0,1,0.0
12,1,0,1,2025-09-07,HellsReaper,986,18,1,0,1,0.0
12,1,1,0,2025-09-07,SharkEdge,976,24,1,0,1,0.0
12,1,0,1,2025-09-07,TyrannoBeat,1014,9,1,1,0,1.0
12,1,0,1,2025-09-07,TuskMammoth,1014,7,1,1,0,1.0
12,1,0,1,2025-09-07,SamuraiSaber,986,17,1,0,1,0.0
12,1,0,1,2025-09-07,WizardArc,986,16,1,0,1,0.0
12,1,0,1,2025-09-07,UnicornSting,1020,5,1,1,0,1.0
12,1,0,1,2025-09-07,HellsHammer,987,14,1,0,1,0.0
12,1,1,0,2025-09-07,CobaltDragoon,1024,2,1,1,0,1.0
12,1,0,1,2025-09-07,DranDagger,1020,4,1,1,0,1.0
12,1,0,1,2025-09-07,DranBrave,1014,8,1,1,0,1.0
12,1,0,1,2025-09-07,HellsChain,986,19,1,0,1,0.0
12,1,0,1,2025-09-07,LeonCrest,987,13,1,0,1,0.0
12,1,0,1,2025-09-07,GolemRock,1020,3,1,1,0,1.0
12,1,0,1,2025-09-07,CrimsonGaruda,980,21,1,0,1,0.0
12,1,0,1,2025-09-07,ImpactDrake,1013,10,1,1,0,1.0
12,1,0,1,2025-09-07,DranBuster,976,23,1,0,1,0.0
12,1,0,1,2025-09-07,LeonClaw,980,22,1,0,1,0.0
12,1,0,1,2025-09-07,DranSword,1013,11,1,1,0,1.0
12,1,0,1,2025-09-07,PhoenixWing,1013,12,1,1,0,1.0
12,1,0,1,2025-09-07,WizardArrow,987,15,1,0,1,0.0
12,1,0,1,2025-09-07,BlackShell,980,20,1,0,1,0.0
12,1,0,1,2025-09-07,ViperTail,1014,6,1,1,0,1.0
13,1,0,1,2025-09-07,HellsReaper,986,19,1,0,1,0.0
13,1,0,1,2025-09-07,SharkEdge,976,25,1,0,1,0.0
13,1,0,1,2025-09-07,TyrannoBeat,1014,10,1,1,0,1.0
13,1,0,1,2025-09-07,TuskMammoth,1014,8,1,1,0,1.0
13,1,0,1,2025-09-07,SamuraiSaber,986,18,1,0,1,0.0
13,1,0,1,2025-09-07,WizardArc,986,17,1,0,1,0.0
13,1,0,1,2025-09-07,UnicornSting,1020,6,1,1,0,1.0
13,1,0,1,2025-09-07,HellsHammer,987,15,1,0,1,0.0
13,1,0,1,2025-09-07,DranDagger,1020,5,1,1,0,1.0
13,1,0,1,2025-09-07,DranBrave,1014,9,1,1,0,1.0
13,1,0,1,2025-09-07,HellsChain,986,20,1,0,1,0.0
13,1,0,1,2025-09-07,LeonCrest,987,14,1,0,1,0.0
13,1,0,1,2025-09-07,GolemRock,1020,4,1,1,0,1.0
13,1,0,1,2025-09-07,CrimsonGaruda,980,22,1,0,1,0.0
13,1,0,1,2025-09-07,ImpactDrake,1013,11,1,1,0,1.0
13,1,0,1,2025-09-07,DranBuster,976,24,1,0,1,0.0
13,1,1,0,2025-09-07,WhaleWave,976,26,1,0,1,0.0
13,1,0,1,2025-09-07,LeonClaw,980,23,1,0,1,0.0
13,1,1,0,2025-09-07,PerseusDark,1024,3,1,1,0,1.0
13,1,0,1,2025-09-07,DranSword,1013,12,1,1,0,1.0
13,1,0,1,2025-09-07,PhoenixWing,1013,13,1,1,0,1.0
13,1,0,1,2025-09-07,WizardArrow,987,16,1,0,1,0.0
13,1,0,1,2025-09-07,BlackShell,980,21,1,0,1,0.0
13,1,0,1,2025-09-07,ViperTail,1014,7,1,1,0,1.0
14,1,0,1,2025-09-07,HellsChain,986,22,1,0,1,0.0
14,1,0,1,2025-09-07,LeonCrest,987,15,1,0,1,0.0
14,1,0,1,2025-09-07,CrimsonGaruda,980,24,1,0,1,0.0
14,1,0,1,2025-09-07,WizardArc,986,19,1,0,1,0.0
14,1,0,1,2025-09-07,HellsReaper,986,21,1,0,1,0.0
14,1,1,0,2025-09-07,SilverWolf,987,18,1,0,1,0.0
14,1,1,0,2025-09-07,WizardRod,1013,14,1,1,0,1.0
14,1,0,1,2025-09-07,HellsHammer,987,16,1,0,1,0.0
14,1,0,1,2025-09-07,WizardArrow,987,17,1,0,1,0.0
14,1,0,1,2025-09-07,BlackShell,980,23,1,0,1,0.0
14,1,0,1,2025-09-07,DranBuster,976,26,1,0,1,0.0
14,1,0,1,2025-09-07,SharkEdge,976,27,1,0,1,0.0
14,1,0,1,2025-09-07,WhaleWave,976,28,1,0,1,0.0
14,1,0,1,2025-09-07,LeonClaw,980,25,1,0,1,0.0
14,1,0,1,2025-09-07,SamuraiSaber,986,20,1,0,1,0.0
15,1,1,0,2025-09-07,RhinoReaper,980,27,1,0,1,0.0
15,1,0,1,2025-09-07,HellsReaper,986,22,1,0,1,0.0
15,1,0,1,2025-09-07,SharkEdge,976,29,1,0,1,0.0
15,1,0,1,2025-09-07,TyrannoBeat,1014,11,1,1,0,1.0
15,1,0,1,2025-09-07,TuskMammoth,1014,9,1,1,0,1.0
15,1,0,1,2025-09-07,SamuraiSaber,986,21,1,0,1,0.0
15,1,1,0,2025-09-07,WeissTiger,1020,7,1,1,0,1.0
15,1,0,1,2025-09-07,WizardArc,986,20,1,0,1,0.0
15,1,0,1,2025-09-07,SilverWolf,987,19,1,0,1,0.0
15,1,0,1,2025-09-07,HellsHammer,987,17,1,0,1,0.0
15,1,0,1,2025-09-07,DranBrave,1014,10,1,1,0,1.0
15,1,0,1,2025-09-07,HellsChain,986,23,1,0,1,0.0
15,1,0,1,2025-09-07,LeonCrest,987,16,1,0,1,0.0
15,1,0,1,2025-09-07,CrimsonGaruda,980,25,1,0,1,0.0
15,1,0,1,2025-09-07,ImpactDrake,1013,12,1,1,0,1.0
15,1,0,1,2025-09-07,DranBuster,976,28,1,0,1,0.0
15,1,0,1,2025-09-07,WhaleWave,976,30,1,0,1,0.0
15,1,0,1,2025-09-07,LeonClaw,980,26,1,0,1,0.0
15,1,0,1,2025-09-07,DranSword,1013,13,1,1,0,1.0
15,1,0,1,2025-09-07,PhoenixWing,1013,14,1,1,0,1.0
15,1,0,1,2025-09-07,WizardRod,1013,15,1,1,0,1.0
15,1,0,1,2025-09-07,WizardArrow,987,18,1,0,1,0.0
15,1,0,1,2025-09-07,BlackShell,980,24,1,0,1,0.0
15,1,0,1,2025-09-07,ViperTail,1014,8,1,1,0,1.0
16,1,0,1,2025-09-07,RhinoReaper,980,29,1,0,1,0.0
16,1,0,1,2025-09-07,HellsReaper,986,23,1,0,1,0.0
16,1,0,1,2025-09-07,SharkEdge,976,31,1,0,1,0.0
16,1,0,1,2025-09-07,SamuraiSaber,986,22,1,0,1,0.0
16,1,0,1,2025-09-07,WizardArc,986,21,1,0,1,0.0
16,1,0,1,2025-09-07,SilverWolf,987,20,1,0,1,0.0
16,1,0,1,2025-09-07,HellsHammer,987,18,1,0,1,0.0
16,1,0,1,2025-09-07,HellsChain,986,24,1,0,1,0.0
16,1,0,1,2025-09-07,LeonCrest,987,17,1,0,1,0.0
16,1,0,1,2025-09-07,CrimsonGaruda,980,27,1,0,1,0.0
16,1,0,1,2025-09-07,ImpactDrake,1013,13,1,1,0,1.0
16,1,0,1,2025-09-07,DranBuster,976,30,1,0,1,0.0
16,1,1,0,2025-09-07,PhoenixRudder,1014,12,1,1,0,1.0
16,1,0,1,2025-09-07,WhaleWave,976,32,1,0,1,0.0
16,1,0,1,2025-09-07,LeonClaw,980,28,1,0,1,0.0
16,1,0,1,2025-09-07,DranSword,1013,14,1,1,0,1.0
16,1,0,1,2025-09-07,PhoenixWing,1013,15,1,1,0,1.0
16,1,0,1,2025-09-07,WizardRod,1013,16,1,1,0,1.0
16,1,0,1,2025-09-07,WizardArrow,987,19,1,0,1,0.0
16,1,0,1,2025-09-07,BlackShell,980,26,1,0,1,0.0
16,1,1,0,2025-09-07,ScorpioSpear,986,25,1,0,1,0.0
17,1,0,1,2025-09-07,WeissTiger,1020,8,1,1,0,1.0
17,1,0,1,2025-09-07,PhoenixRudder,1014,11,1,1,0,1.0
17,1,0,1,2025-09-07,DranSword,1013,13,1,1,0,1.0
17,1,0,1,2025-09-07,GolemRock,1020,5,1,1,0,1.0
17,1,0,1,2025-09-07,UnicornSting,1020,7,1,1,0,1.0
17,1,0,1,2025-09-07,ImpactDrake,1013,12,1,1,0,1.0
17,1,0,1,2025-09-07,PhoenixWing,1013,14,1,1,0,1.0
17,1,0,1,2025-09-07,WizardRod,1013,15,1,1,0,1.0
17,1,0,1,2025-09-07,CobaltDragoon,1024,3,1,1,0,1.0
17,1,0,1,2025-09-07,DranDagger,1020,6,1,1,0,1.0
17,1,0,1,2025-09-07,TyrannoBeat,1014,10,1,1,0,1.0
17,2,1,0,2025-09-07,TuskMammoth,1031,1,2,2,0,1.0
17,1,0,1,2025-09-07,DranBrave,1014,9,1,1,0,1.0
17,2,1,0,2025-09-07,ViperTail,997,16,2,1,1,0.5
17,1,0,1,2025-09-07,PerseusDark,1024,4,1,1,0,1.0
17,1,0,1,2025-09-07,FoxBrush,1024,2,1,1,0,1.0
18,1,0,1,2025-09-07,DranSword,1013,12,1,1,0,1.0
18,2,1,0,2025-09-07,GolemRock,997,15,2,1,1,0.5
18,2,1,0,2025-09-07,ImpactDrake,1035,1,2,2,0,1.0
18,1,0,1,2025-09-07,PhoenixWing,1013,13,1,1,0,1.0
18,1,0,1,2025-09-07,WizardRod,1013,14,1,1,0,1.0
18,1,0,1,2025-09-07,CobaltDragoon,1024,4,1,1,0,1.0
18,2,0,1,2025-09-07,TuskMammoth,1031,2,2,2,0,1.0
18,1,0,1,2025-09-07,PerseusDark,1024,5,1,1,0,1.0
18,1,0,1,2025-09-07,FoxBrush,1024,3,1,1,0,1.0
19,1,0,1,2025-09-07,WeissTiger,1020,9,1,1,0,1.0
19,2,1,0,2025-09-07,DranSword,1028,3,2,2,0,1.0
19,1,0,1,2025-09-07,UnicornSting,1020,8,1,1,0,1.0
19,1,0,1,2025-09-07,PhoenixWing,1013,12,1,1,0,1.0
19,1,0,1,2025-09-07,WizardRod,1013,13,1,1,0,1.0
19,1,0,1,2025-09-07,CobaltDragoon,1024,5,1,1,0,1.0
19,1,0,1,2025-09-07,DranDagger,1020,7,1,1,0,1.0
19,2,1,0,2025-09-07,DranBrave,999,14,2,1,1,0.5
19,1,0,1,2025-09-07,PerseusDark,1024,6,1,1,0,1.0
19,1,0,1,2025-09-07,FoxBrush,1024,4,1,1,0,1.0
20,1,0,1,2025-09-07,WeissTiger,1020,8,1,1,0,1.0
20,1,0,1,2025-09-07,PhoenixRudder,1014,10,1,1,0,1.0
20,2,1,0,2025-09-07,UnicornSting,1038,1,2,2,0,1.0
20,2,0,1,2025-09-07,ImpactDrake,1035,2,2,2,0,1.0
20,1,0,1,2025-09-07,PhoenixWing,1013,11,1,1,0,1.0
20,1,0,1,2025-09-07,WizardRod,1013,12,1,1,0,1.0
20,1,0,1,2025-09-07,FoxBrush,1024,5,1,1,0,1.0
20,1,0,1,2025-09-07,CobaltDragoon,1024,6,1,1,0,1.0
20,2,1,0,2025-09-07,DranDagger,1002,13,2,1,1,0.5
20,1,0,1,2025-09-07,TyrannoBeat,1014,9,1,1,0,1.0
20,2,0,1,2025-09-07,TuskMammoth,1031,3,2,2,0,1.0
20,1,0,1,2025-09-07,PerseusDark,1024,7,1,1,0,1.0
20,2,0,1,2025-09-07,DranSword,1028,4,2,2,0,1.0
21,1,0,1,2025-09-07,PhoenixRudder,1014,9,1,1,0,1.0
21,2,0,1,2025-09-07,DranSword,1028,5,2,2,0,1.0
21,2,0,1,2025-09-07,UnicornSting,1038,2,2,2,0,1.0
21,2,0,1,2025-09-07,ImpactDrake,1035,3,2,2,0,1.0
21,1,0,1,2025-09-07,PhoenixWing,1013,10,1,1,0,1.0
21,1,0,1,2025-09-07,WizardRod,1013,11,1,1,0,1.0
21,2,1,0,2025-09-07,TyrannoBeat,997,14,2,1,1,0.5
21,2,0,1,2025-09-07,DranDagger,1002,12,2,1,1,0.5
21,2,0,1,2025-09-07,TuskMammoth,1031,4,2,2,0,1.0
21,2,0,1,2025-09-07,DranBrave,999,13,2,1,1,0.5
21,2,1,0,2025-09-07,FoxBrush,1042,1,2,2,0,1.0
22,1,0,1,2025-09-07,WizardRod,1013,10,1,1,0,1.0
22,2,1,0,2025-09-07,CobaltDragoon,1007,11,2,1,1,0.5
22,2,0,1,2025-09-07,DranSword,1028,6,2,2,0,1.0
22,2,1,0,2025-09-07,PhoenixWing,1029,5,2,2,0,1.0
23,2,1,0,2025-09-07,WizardRod,1029,6,2,2,0,1.0
23,2,0,1,2025-09-07,CobaltDragoon,1007,10,2,1,1,0.5
23,2,1,0,2025-09-07,PerseusDark,1007,11,2,1,1,0.5
23,2,0,1,2025-09-07,DranSword,1028,7,2,2,0,1.0
24,2,1,0,2025-09-07,WeissTiger,1005,11,2,1,1,0.5
24,2,0,1,2025-09-07,CobaltDragoon,1007,9,2,1,1,0.5
24,2,1,0,2025-09-07,PhoenixRudder,1028,7,2,2,0,1.0
24,2,0,1,2025-09-07,PerseusDark,1007,10,2,1,1,0.5
24,2,0,1,2025-09-07,DranSword,1028,8,2,2,0,1.0
25,2,0,1,2025-09-07,PhoenixRudder,1028,6,2,2,0,1.0
25,2,0,1,2025-09-07,DranSword,1028,7,2,2,0,1.0
25,2,0,1,2025-09-07,UnicornSting,1038,3,2,2,0,1.0
25,2,0,1,2025-09-07,PhoenixWing,1029,4,2,2,0,1.0
25,3,1,0,2025-09-07,ImpactDrake,1059,1,3,3,0,1.0
25,2,0,1,2025-09-07,WizardRod,1029,5,2,2,0,1.0
25,3,1,0,2025-09-07,TuskMammoth,1008,8,3,2,1,0.6666666666666666
25,2,0,1,2025-09-07,FoxBrush,1042,2,2,2,0,1.0
26,2,0,1,2025-09-07,FoxBrush,1042,3,2,2,0,1.0
26,3,1,0,2025-09-07,UnicornSting,1018,7,3,2,1,0.6666666666666666
26,3,1,0,2025-09-07,DranSword,1047,2,3,3,0,1.0
27,3,0,1,2025-09-07,UnicornSting,1018,6,3,2,1,0.6666666666666666
27,3,1,0,2025-09-07,PhoenixWing,1007,10,3,2,1,0.6666666666666666
27,3,0,1,2025-09-07,ImpactDrake,1059,2,3,3,0,1.0
27,2,0,1,2025-09-07,WizardRod,1029,4,2,2,0,1.0
27,3,1,0,2025-09-07,FoxBrush,1066,1,3,3,0,1.0
27,2,0,1,2025-09-07,CobaltDragoon,1007,8,2,1,1,0.5
27,2,0,1,2025-09-07,PerseusDark,1007,9,2,1,1,0.5
27,2,0,1,2025-09-07,PhoenixRudder,1028,5,2,2,0,1.0
27,3,0,1,2025-09-07,TuskMammoth,1008,7,3,2,1,0.6666666666666666
27,3,0,1,2025-09-07,DranSword,1047,3,3,3,0,1.0
28,3,1,0,2025-09-07,WizardRod,1044,4,3,3,0,1.0
28,3,1,0,2025-09-07,PhoenixRudder,1013,6,3,2,1,0.6666666666666666
28,3,0,1,2025-09-07,UnicornSting,1018,5,3,2,1,0.6666666666666666
29,3,0,1,2025-09-07,WizardRod,1044,3,3,3,0,1.0
29,3,0,1,2025-09-07,FoxBrush,1066,2,3,3,0,1.0
29,4,1,0,2025-09-07,DranSword,1031,4,4,3,1,0.75
29,4,1,0,2025-09-07,ImpactDrake,1076,1,4,4,0,1.0
30,4,1,0,2025-09-07,WizardRod,1027,4,4,3,1,0.75
30,4,0,1,2025-09-07,DranSword,1031,3,4,3,1,0.75
30,4,0,1,2025-09-07,ImpactDrake,1076,2,4,4,0,1.0
30,4,1,0,2025-09-07,FoxBrush,1085,1,4,4,0,1.0
31,5,1,0,2025-09-07,FoxBrush,1049,2,5,4,1,0.8
31,5,1,0,2025-09-07,ImpactDrake,1111,1,5,5,0,1.0
32,3,1,0,2025-11-12,WeissTiger,998,13,3,1,2,0.3333333333333333
32,2,0,1,2025-11-12,DranBrave,999,12,2,1,1,0.5
32,2,0,1,2025-11-12,DranDagger,1002,11,2,1,1,0.5
32,6,1,0,2025-11-12,ImpactDrake,1121,1,6,6,0,1.0
33,1,0,1,2025-11-12,HellsChain,986,23,1,0,1,0.0
33,1,0,1,2025-11-12,RhinoReaper,980,28,1,0,1,0.0
33,1,0,1,2025-11-12,ScorpioSpear,986,24,1,0,1,0.0
33,2,1,0,2025-11-12,WizardArc,973,32,2,0,2,0.0
33,3,0,1,2025-11-12,UnicornSting,1018,6,3,2,1,0.6666666666666666
33,1,0,1,2025-11-12,HellsReaper,986,22,1,0,1,0.0
33,1,0,1,2025-11-12,CrimsonGaruda,980,26,1,0,1,0.0
33,1,0,1,2025-11-12,BlackShell,980,25,1,0,1,0.0
33,3,1,0,2025-11-12,CobaltDragoon,1019,5,3,2,1,0.6666666666666666
33,1,0,1,2025-11-12,DranBuster,976,29,1,0,1,0.0
33,1,0,1,2025-11-12,SharkEdge,976,30,1,0,1,0.0
33,3,0,1,2025-11-12,PhoenixRudder,1013,7,3,2,1,0.6666666666666666
33,1,0,1,2025-11-12,WhaleWave,976,31,1,0,1,0.0
33,1,0,1,2025-11-12,LeonClaw,980,27,1,0,1,0.0
33,1,0,1,2025-11-12,SamuraiSaber,986,21,1,0,1,0.0
33,3,0,1,2025-11-12,TuskMammoth,1008,8,3,2,1,0.6666666666666666
34,2,1,0,2025-11-12,HellsChain,1005,10,2,1,1,0.5
34,1,0,1,2025-11-12,LeonCrest,987,18,1,0,1,0.0
34,1,0,1,2025-11-12,HellsReaper,986,23,1,0,1,0.0
34,4,1,0,2025-11-12,PhoenixWing,991,17,4,2,2,0.5
34,1,0,1,2025-11-12,SilverWolf,987,21,1,0,1,0.0
34,1,0,1,2025-11-12,WizardArrow,987,20,1,0,1,0.0
34,1,0,1,2025-11-12,HellsHammer,987,19,1,0,1,0.0
34,1,0,1,2025-11-12,SamuraiSaber,986,22,1,0,1,0.0
35,5,1,0,2025-11-12,WizardRod,1011,7,5,3,2,0.6
35,3,0,1,2025-11-12,PhoenixRudder,1013,6,3,2,1,0.6666666666666666
35,4,1,0,2025-11-12,UnicornSting,1034,3,4,3,1,0.75
35,4,0,1,2025-11-12,DranSword,1031,4,4,3,1,0.75
36,1,0,1,2025-11-12,LeonCrest,987,19,1,0,1,0.0
36,2,1,0,2025-11-12,SilverWolf,1006,9,2,1,1,0.5
36,4,0,1,2025-11-12,PhoenixWing,991,18,4,2,2,0.5
36,5,0,1,2025-11-12,WizardRod,1011,6,5,3,2,0.6
36,1,0,1,2025-11-12,HellsHammer,987,20,1,0,1,0.0
36,1,0,1,2025-11-12,WizardArrow,987,21,1,0,1,0.0
36,4,1,0,2025-11-12,PhoenixRudder,996,17,4,2,2,0.5
36,2,0,1,2025-11-12,PerseusDark,1007,8,2,1,1,0.5
36,3,0,1,2025-11-12,TuskMammoth,1008,7,3,2,1,0.6666666666666666
37,1,0,1,2025-11-12,RhinoReaper,980,27,1,0,1,0.0
37,1,0,1,2025-11-12,HellsReaper,986,22,1,0,1,0.0
37,1,0,1,2025-11-12,SharkEdge,976,29,1,0,1,0.0
37,2,0,1,2025-11-12,TyrannoBeat,997,15,2,1,1,0.5
37,3,0,1,2025-11-12,TuskMammoth,1008,8,3,2,1,0.6666666666666666
37,1,0,1,2025-11-12,SamuraiSaber,986,21,1,0,1,0.0
37,3,0,1,2025-11-12,WeissTiger,998,14,3,1,2,0.3333333333333333
37,2,0,1,2025-11-12,SilverWolf,1006,10,2,1,1,0.5
37,1,0,1,2025-11-12,HellsHammer,987,19,1,0,1,0.0
37,2,0,1,2025-11-12,DranDagger,1002,12,2,1,1,0.5
37,2,0,1,2025-11-12,DranBrave,999,13,2,1,1,0.5
37,2,0,1,2025-11-12,HellsChain,1005,11,2,1,1,0.5
37,2,1,0,2025-11-12,LeonCrest,973,31,2,0,2,0.0
37,3,1,0,2025-11-12,GolemRock,1009,7,3,2,1,0.6666666666666666
37,1,0,1,2025-11-12,CrimsonGaruda,980,25,1,0,1,0.0
37,1,0,1,2025-11-12,DranBuster,976,28,1,0,1,0.0
37,1,0,1,2025-11-12,WhaleWave,976,30,1,0,1,0.0
37,1,0,1,2025-11-12,LeonClaw,980,26,1,0,1,0.0
37,2,0,1,2025-11-12,PerseusDark,1007,9,2,1,1,0.5
37,1,0,1,2025-11-12,WizardArrow,987,20,1,0,1,0.0
37,1,0,1,2025-11-12,BlackShell,980,24,1,0,1,0.0
37,1,0,1,2025-11-12,ScorpioSpear,986,23,1,0,1,0.0
38,1,0,1,2025-11-12,RhinoReaper,980,28,1,0,1,0.0
38,1,0,1,2025-11-12,SharkEdge,976,30,1,0,1,0.0
38,3,1,0,2025-11-12,TyrannoBeat,982,24,3,1,2,0.3333333333333333
38,3,0,1,2025-11-12,TuskMammoth,1008,9,3,2,1,0.6666666666666666
38,3,0,1,2025-11-12,WeissTiger,998,15,3,1,2,0.3333333333333333
38,2,0,1,2025-11-12,WizardArc,973,33,2,0,2,0.0
38,2,0,1,2025-11-12,SilverWolf,1006,11,2,1,1,0.5
38,2,0,1,2025-11-12,DranDagger,1002,13,2,1,1,0.5
38,2,0,1,2025-11-12,DranBrave,999,14,2,1,1,0.5
38,2,0,1,2025-11-12,HellsChain,1005,12,2,1,1,0.5
38,2,0,1,2025-11-12,LeonCrest,973,32,2,0,2,0.0
38,3,0,1,2025-11-12,GolemRock,1009,8,3,2,1,0.6666666666666666
38,1,0,1,2025-11-12,CrimsonGaruda,980,26,1,0,1,0.0
38,1,0,1,2025-11-12,DranBuster,976,29,1,0,1,0.0
38,1,0,1,2025-11-12,WhaleWave,976,31,1,0,1,0.0
38,1,0,1,2025-11-12,LeonClaw,980,27,1,0,1,0.0
38,2,0,1,2025-11-12,PerseusDark,1007,10,2,1,1,0.5
38,1,1,0,2025-11-12,CerberusFlame,1016,6,1,1,0,1.0
38,5,0,1,2025-11-12,WizardRod,1011,7,5,3,2,0.6
38,1,0,1,2025-11-12,BlackShell,980,25,1,0,1,0.0
39,1,0,1,2025-11-12,CerberusFlame,1016,7,1,1,0,1.0
39,1,0,1,2025-11-12,RhinoReaper,980,29,1,0,1,0.0
39,2,0,1,2025-11-12,LeonCrest,973,33,2,0,2,0.0
39,3,0,1,2025-11-12,GolemRock,1009,9,3,2,1,0.6666666666666666
39,1,0,1,2025-11-12,CrimsonGaruda,980,27,1,0,1,0.0
39,2,0,1,2025-11-12,WizardArc,973,34,2,0,2,0.0
39,1,1,0,2025-11-12,KnightMail,1025,5,1,1,0,1.0
39,5,0,1,2025-11-12,WizardRod,1011,8,5,3,2,0.6
39,1,0,1,2025-11-12,BlackShell,980,26,1,0,1,0.0
39,3,0,1,2025-11-12,CobaltDragoon,1019,6,3,2,1,0.6666666666666666
39,1,0,1,2025-11-12,DranBuster,976,30,1,0,1,0.0
39,1,0,1,2025-11-12,SharkEdge,976,31,1,0,1,0.0
39,3,0,1,2025-11-12,TyrannoBeat,982,25,3,1,2,0.3333333333333333
39,3,0,1,2025-11-12,TuskMammoth,1008,10,3,2,1,0.6666666666666666
39,1,0,1,2025-11-12,WhaleWave,976,32,1,0,1,0.0
39,1,0,1,2025-11-12,LeonClaw,980,28,1,0,1,0.0
39,3,1,0,2025-11-12,PerseusDark,983,24,3,1,2,0.3333333333333333
40,1,0,1,2025-11-12,CerberusFlame,1016,6,1,1,0,1.0
40,3,0,1,2025-11-12,WeissTiger,998,16,3,1,2,0.3333333333333333
40,1,0,1,2025-11-12,ScorpioSpear,986,24,1,0,1,0.0
40,1,0,1,2025-11-12,HellsReaper,986,23,1,0,1,0.0
40,4,0,1,2025-11-12,PhoenixWing,991,19,4,2,2,0.5
40,1,0,1,2025-11-12,KnightMail,1025,4,1,1,0,1.0
40,2,1,0,2025-11-12,BlackShell,1002,14,2,1,1,0.5
40,3,0,1,2025-11-12,CobaltDragoon,1019,5,3,2,1,0.6666666666666666
40,1,0,1,2025-11-12,HellsHammer,987,20,1,0,1,0.0
40,1,0,1,2025-11-12,WizardArrow,987,21,1,0,1,0.0
40,3,0,1,2025-11-12,TyrannoBeat,982,26,3,1,2,0.3333333333333333
40,3,0,1,2025-11-12,PerseusDark,983,25,3,1,2,0.3333333333333333
40,4,0,1,2025-11-12,PhoenixRudder,996,18,4,2,2,0.5
40,2,0,1,2025-11-12,DranBrave,999,15,2,1,1,0.5
40,2,0,1,2025-11-12,ViperTail,997,17,2,1,1,0.5
40,1,0,1,2025-11-12,SamuraiSaber,986,22,1,0,1,0.0
40,5,1,0,2025-11-12,DranSword,1012,7,5,3,2,0.6
41,1,0,1,2025-11-12,RhinoReaper,980,30,1,0,1,0.0
41,2,0,1,2025-11-12,LeonCrest,973,34,2,0,2,0.0
41,1,1,0,2025-11-12,PegasusBlast,983,26,1,0,1,0.0
41,1,0,1,2025-11-12,CrimsonGaruda,980,28,1,0,1,0.0
41,2,0,1,2025-11-12,WizardArc,973,35,2,0,2,0.0
41,1,0,1,2025-11-12,DranBuster,976,31,1,0,1,0.0
41,1,0,1,2025-11-12,SharkEdge,976,32,1,0,1,0.0
41,3,0,1,2025-11-12,TyrannoBeat,982,27,3,1,2,0.3333333333333333
41,1,0,1,2025-11-12,WhaleWave,976,33,1,0,1,0.0
41,1,0,1,2025-11-12,LeonClaw,980,29,1,0,1,0.0
41,6,1,0,2025-11-12,FoxBrush,1066,2,6,5,1,0.8333333333333334
42,1,0,1,2025-11-12,HellsReaper,986,22,1,0,1,0.0
42,3,0,1,2025-11-12,TyrannoBeat,982,26,3,1,2,0.3333333333333333
42,3,0,1,2025-11-12,TuskMammoth,1008,11,3,2,1,0.6666666666666666
42,1,0,1,2025-11-12,SamuraiSaber,986,21,1,0,1,0.0
42,2,0,1,2025-11-12,SilverWolf,1006,12,2,1,1,0.5
42,1,0,1,2025-11-12,HellsHammer,987,19,1,0,1,0.0
42,2,0,1,2025-11-12,DranDagger,1002,14,2,1,1,0.5
42,3,1,0,2025-11-12,DranBrave,980,27,3,1,2,0.3333333333333333
42,2,0,1,2025-11-12,HellsChain,1005,13,2,1,1,0.5
42,1,0,1,2025-11-12,PegasusBlast,983,25,1,0,1,0.0
42,3,0,1,2025-11-12,GolemRock,1009,10,3,2,1,0.6666666666666666
42,4,0,1,2025-11-12,PhoenixRudder,996,17,4,2,2,0.5
42,3,0,1,2025-11-12,PerseusDark,983,24,3,1,2,0.3333333333333333
42,5,0,1,2025-11-12,DranSword,1012,8,5,3,2,0.6
42,4,0,1,2025-11-12,PhoenixWing,991,18,4,2,2,0.5
42,5,0,1,2025-11-12,WizardRod,1011,9,5,3,2,0.6
42,2,0,1,2025-11-12,BlackShell,1002,15,2,1,1,0.5
42,1,0,1,2025-11-12,WizardArrow,987,20,1,0,1,0.0
42,3,1,0,2025-11-12,ViperTail,1016,7,3,2,1,0.6666666666666666
42,1,0,1,2025-11-12,ScorpioSpear,986,23,1,0,1,0.0
43,1,0,1,2025-11-12,RhinoReaper,980,29,1,0,1,0.0
43,2,1,0,2025-11-12,HellsReaper,971,35,2,0,2,0.0
43,1,0,1,2025-11-12,SharkEdge,976,31,1,0,1,0.0
43,3,0,1,2025-11-12,TyrannoBeat,982,25,3,1,2,0.3333333333333333
43,1,0,1,2025-11-12,SamuraiSaber,986,22,1,0,1,0.0
43,3,0,1,2025-11-12,WeissTiger,998,17,3,1,2,0.3333333333333333
43,2,0,1,2025-11-12,WizardArc,973,34,2,0,2,0.0
43,1,0,1,2025-11-12,HellsHammer,987,20,1,0,1,0.0
43,3,0,1,2025-11-12,DranBrave,980,26,3,1,2,0.3333333333333333
43,2,0,1,2025-11-12,LeonCrest,973,33,2,0,2,0.0
43,1,0,1,2025-11-12,PegasusBlast,983,24,1,0,1,0.0
43,1,0,1,2025-11-12,CrimsonGaruda,980,27,1,0,1,0.0
43,1,0,1,2025-11-12,DranBuster,976,30,1,0,1,0.0
43,4,0,1,2025-11-12,PhoenixRudder,996,18,4,2,2,0.5
43,1,0,1,2025-11-12,WhaleWave,976,32,1,0,1,0.0
43,1,0,1,2025-11-12,LeonClaw,980,28,1,0,1,0.0
43,3,0,1,2025-11-12,PerseusDark,983,23,3,1,2,0.3333333333333333
43,4,0,1,2025-11-12,PhoenixWing,991,19,4,2,2,0.5
43,1,0,1,2025-11-12,WizardArrow,987,21,1,0,1,0.0
43,2,1,0,2025-11-12,ScorpioSpear,1001,16,2,1,1,0.5
44,1,0,1,2025-11-12,RhinoReaper,980,31,1,0,1,0.0
44,1,1,0,2025-11-12,WhaleFlame,985,24,1,0,1,0.0
44,1,0,1,2025-11-12,LeonClaw,980,30,1,0,1,0.0
44,2,0,1,2025-11-12,LeonCrest,973,34,2,0,2,0.0
44,1,0,1,2025-11-12,PegasusBlast,983,26,1,0,1,0.0
44,1,0,1,2025-11-12,CrimsonGaruda,980,29,1,0,1,0.0
44,2,0,1,2025-11-12,WizardArc,973,35,2,0,2,0.0
44,2,0,1,2025-11-12,HellsReaper,971,36,2,0,2,0.0
44,4,0,1,2025-11-12,PhoenixWing,991,20,4,2,2,0.5
44,1,0,1,2025-11-12,WizardArrow,987,22,1,0,1,0.0
44,1,0,1,2025-11-12,HellsHammer,987,21,1,0,1,0.0
44,1,0,1,2025-11-12,DranBuster,976,32,1,0,1,0.0
44,1,0,1,2025-11-12,SharkEdge,976,33,1,0,1,0.0
44,3,0,1,2025-11-12,TyrannoBeat,982,27,3,1,2,0.3333333333333333
44,3,0,1,2025-11-12,PerseusDark,983,25,3,1,2,0.3333333333333333
44,2,1,0,2025-11-12,WhaleWave,994,19,2,1,1,0.5
44,3,0,1,2025-11-12,DranBrave,980,28,3,1,2,0.3333333333333333
44,1,0,1,2025-11-12,SamuraiSaber,986,23,1,0,1,0.0
45,3,0,1,2025-11-12,WeissTiger,998,18,3,1,2,0.3333333333333333
45,2,0,1,2025-11-12,LeonCrest,973,33,2,0,2,0.0
45,2,0,1,2025-11-12,WizardArc,973,34,2,0,2,0.0
45,2,0,1,2025-11-12,HellsReaper,971,35,2,0,2,0.0
45,4,0,1,2025-11-12,PhoenixWing,991,21,4,2,2,0.5
45,1,0,1,2025-11-12,HellsHammer,987,22,1,0,1,0.0
45,1,0,1,2025-11-12,WizardArrow,987,23,1,0,1,0.0
45,2,1,0,2025-11-12,DranBuster,1000,17,2,1,1,0.5
45,1,0,1,2025-11-12,SharkEdge,976,32,1,0,1,0.0
45,4,0,1,2025-11-12,PhoenixRudder,996,19,4,2,2,0.5
45,2,0,1,2025-11-12,WhaleWave,994,20,2,1,1,0.5
45,2,1,0,2025-11-12,SamuraiSaber,964,36,2,0,2,0.0
46,2,1,0,2025-11-12,RhinoReaper,995,20,2,1,1,0.5
46,2,0,1,2025-11-12,LeonCrest,973,32,2,0,2,0.0
46,2,0,1,2025-11-12,WizardArc,973,33,2,0,2,0.0
46,4,0,1,2025-11-12,PhoenixWing,991,22,4,2,2,0.5
46,2,1,0,2025-11-12,WizardArrow,972,34,2,0,2,0.0
46,1,0,1,2025-11-12,HellsHammer,987,23,1,0,1,0.0
46,1,0,1,2025-11-12,SharkEdge,976,31,1,0,1,0.0
46,2,0,1,2025-11-12,WhaleWave,994,21,2,1,1,0.5
47,1,0,1,2025-11-12,WhaleFlame,985,25,1,0,1,0.0
47,2,0,1,2025-11-12,LeonCrest,973,31,2,0,2,0.0
47,1,0,1,2025-11-12,PegasusBlast,983,27,1,0,1,0.0
47,2,1,0,2025-11-12,CrimsonGaruda,962,36,2,0,2,0.0
47,2,0,1,2025-11-12,WizardArc,973,32,2,0,2,0.0
47,2,0,1,2025-11-12,HellsReaper,971,34,2,0,2,0.0
47,4,0,1,2025-11-12,PhoenixWing,991,23,4,2,2,0.5
47,2,0,1,2025-11-12,SamuraiSaber,964,35,2,0,2,0.0
47,1,0,1,2025-11-12,HellsHammer,987,24,1,0,1,0.0
47,2,0,1,2025-11-12,WizardArrow,972,33,2,0,2,0.0
47,2,1,0,2025-11-12,SharkEdge,995,21,2,1,1,0.5
47,3,0,1,2025-11-12,TyrannoBeat,982,28,3,1,2,0.3333333333333333
47,2,0,1,2025-11-12,WhaleWave,994,22,2,1,1,0.5
47,3,0,1,2025-11-12,DranBrave,980,29,3,1,2,0.3333333333333333
47,3,0,1,2025-11-12,PerseusDark,983,26,3,1,2,0.3333333333333333
48,2,1,0,2025-11-12,LeonClaw,973,30,2,0,2,0.0
48,7,1,0,2025-11-12,ImpactDrake,1129,1,7,7,0,1.0
49,1,0,1,2025-11-12,WhaleFlame,985,24,1,0,1,0.0
49,2,0,1,2025-11-12,LeonClaw,973,29,2,0,2,0.0
49,2,0,1,2025-11-12,LeonCrest,973,30,2,0,2,0.0
49,1,0,1,2025-11-12,PegasusBlast,983,26,1,0,1,0.0
49,2,0,1,2025-11-12,WizardArc,973,31,2,0,2,0.0
49,4,0,1,2025-11-12,UnicornSting,1034,4,4,3,1,0.75
49,2,0,1,2025-11-12,HellsReaper,971,33,2,0,2,0.0
49,2,0,1,2025-11-12,SamuraiSaber,964,34,2,0,2,0.0
49,1,0,1,2025-11-12,KnightMail,1025,5,1,1,0,1.0
49,2,1,0,2025-11-12,HellsHammer,963,35,2,0,2,0.0
49,4,1,0,2025-11-12,CobaltDragoon,1042,3,4,3,1,0.75
49,2,0,1,2025-11-12,WizardArrow,972,32,2,0,2,0.0
49,3,0,1,2025-11-12,TyrannoBeat,982,27,3,1,2,0.3333333333333333
49,3,0,1,2025-11-12,DranBrave,980,28,3,1,2,0.3333333333333333
49,3,0,1,2025-11-12,PerseusDark,983,25,3,1,2,0.3333333333333333
50,3,1,0,2025-11-12,HellsChain,992,22,3,1,2,0.3333333333333333
50,1,0,1,2025-11-12,CerberusFlame,1016,7,1,1,0,1.0
50,3,0,1,2025-11-12,WeissTiger,998,17,3,1,2,0.3333333333333333
50,4,0,1,2025-11-12,PhoenixRudder,996,18,4,2,2,0.5
50,2,0,1,2025-11-12,RhinoReaper,995,19,2,1,1,0.5
50,3,0,1,2025-11-12,GolemRock,1009,11,3,2,1,0.6666666666666666
50,5,0,1,2025-11-12,WizardRod,1011,10,5,3,2,0.6
50,2,0,1,2025-11-12,BlackShell,1002,14,2,1,1,0.5
50,2,0,1,2025-11-12,DranBuster,1000,16,2,1,1,0.5
50,2,0,1,2025-11-12,SharkEdge,995,20,2,1,1,0.5
50,2,0,1,2025-11-12,DranDagger,1002,13,2,1,1,0.5
50,4,1,0,2025-11-12,TuskMammoth,1020,6,4,3,1,0.75
50,2,0,1,2025-11-12,WhaleWave,994,21,2,1,1,0.5
50,3,0,1,2025-11-12,ViperTail,1016,8,3,2,1,0.6666666666666666
50,2,0,1,2025-11-12,ScorpioSpear,1001,15,2,1,1,0.5
50,5,0,1,2025-11-12,DranSword,1012,9,5,3,2,0.6
51,5,1,0,2025-11-12,UnicornSting,1007,12,5,3,2,0.6
51,2,0,1,2025-11-12,SilverWolf,1006,13,2,1,1,0.5
51,3,1,0,2025-11-12,DranDagger,1026,4,3,2,1,0.6666666666666666
52,2,1,0,2025-11-12,CerberusFlame,1033,4,2,2,0,1.0
52,3,0,1,2025-11-12,WeissTiger,998,16,3,1,2,0.3333333333333333
52,2,0,1,2025-11-12,RhinoReaper,995,18,2,1,1,0.5
52,4,0,1,2025-11-12,PhoenixRudder,996,17,4,2,2,0.5
52,4,1,0,2025-11-12,GolemRock,994,20,4,2,2,0.5
52,5,0,1,2025-11-12,UnicornSting,1007,11,5,3,2,0.6
52,2,0,1,2025-11-12,SilverWolf,1006,12,2,1,1,0.5
52,1,0,1,2025-11-12,KnightMail,1025,6,1,1,0,1.0
52,2,0,1,2025-11-12,BlackShell,1002,13,2,1,1,0.5
52,2,0,1,2025-11-12,DranBuster,1000,15,2,1,1,0.5
52,2,0,1,2025-11-12,SharkEdge,995,19,2,1,1,0.5
52,3,0,1,2025-11-12,DranDagger,1026,5,3,2,1,0.6666666666666666
52,4,0,1,2025-11-12,TuskMammoth,1020,7,4,3,1,0.75
52,2,0,1,2025-11-12,ScorpioSpear,1001,14,2,1,1,0.5
53,3,0,1,2025-11-12,WeissTiger,998,15,3,1,2,0.3333333333333333
53,2,0,1,2025-11-12,RhinoReaper,995,17,2,1,1,0.5
53,3,0,1,2025-11-12,HellsChain,992,21,3,1,2,0.3333333333333333
53,4,0,1,2025-11-12,GolemRock,994,19,4,2,2,0.5
53,4,0,1,2025-11-12,PhoenixWing,991,22,4,2,2,0.5
53,3,1,0,2025-11-12,BlackShell,986,23,3,1,2,0.3333333333333333
53,2,0,1,2025-11-12,DranBuster,1000,14,2,1,1,0.5
53,2,0,1,2025-11-12,SharkEdge,995,18,2,1,1,0.5
53,4,0,1,2025-11-12,PhoenixRudder,996,16,4,2,2,0.5
53,2,0,1,2025-11-12,WhaleWave,994,20,2,1,1,0.5
53,2,0,1,2025-11-12,ScorpioSpear,1001,13,2,1,1,0.5
53,7,1,0,2025-11-12,FoxBrush,1083,2,7,6,1,0.8571428571428571
54,3,0,1,2025-11-12,HellsChain,992,20,3,1,2,0.3333333333333333
54,1,0,1,2025-11-12,WhaleFlame,985,23,1,0,1,0.0
54,1,0,1,2025-11-12,PegasusBlast,983,25,1,0,1,0.0
54,5,0,1,2025-11-12,UnicornSting,1007,12,5,3,2,0.6
54,2,0,1,2025-11-12,SilverWolf,1006,13,2,1,1,0.5
54,4,0,1,2025-11-12,PhoenixWing,991,21,4,2,2,0.5
54,5,0,1,2025-11-12,WizardRod,1011,11,5,3,2,0.6
54,3,0,1,2025-11-12,BlackShell,986,22,3,1,2,0.3333333333333333
54,3,0,1,2025-11-12,TyrannoBeat,982,26,3,1,2,0.3333333333333333
54,3,0,1,2025-11-12,PerseusDark,983,24,3,1,2,0.3333333333333333
54,3,1,0,2025-11-12,WhaleWave,979,28,3,1,2,0.3333333333333333
54,3,0,1,2025-11-12,DranBrave,980,27,3,1,2,0.3333333333333333
54,3,1,0,2025-11-12,ScorpioSpear,1016,9,3,2,1,0.6666666666666666
54,5,0,1,2025-11-12,DranSword,1012,10,5,3,2,0.6
55,3,1,0,2025-11-12,RhinoReaper,1008,12,3,2,1,0.6666666666666666
55,3,0,1,2025-11-12,WeissTiger,998,16,3,1,2,0.3333333333333333
55,3,0,1,2025-11-12,HellsChain,992,19,3,1,2,0.3333333333333333
55,1,0,1,2025-11-12,WhaleFlame,985,22,1,0,1,0.0
55,1,0,1,2025-11-12,PegasusBlast,983,24,1,0,1,0.0
55,4,0,1,2025-11-12,GolemRock,994,18,4,2,2,0.5
55,5,0,1,2025-11-12,UnicornSting,1007,13,5,3,2,0.6
55,2,0,1,2025-11-12,SilverWolf,1006,14,2,1,1,0.5
55,4,0,1,2025-11-12,PhoenixWing,991,20,4,2,2,0.5
55,3,0,1,2025-11-12,BlackShell,986,21,3,1,2,0.3333333333333333
55,2,0,1,2025-11-12,DranBuster,1000,15,2,1,1,0.5
55,3,1,0,2025-11-12,SharkEdge,982,26,3,1,2,0.3333333333333333
55,3,0,1,2025-11-12,TyrannoBeat,982,25,3,1,2,0.3333333333333333
55,4,0,1,2025-11-12,PhoenixRudder,996,17,4,2,2,0.5
55,3,0,1,2025-11-12,PerseusDark,983,23,3,1,2,0.3333333333333333
56,3,0,1,2025-11-12,RhinoReaper,1008,13,3,2,1,0.6666666666666666
56,5,0,1,2025-11-12,UnicornSting,1007,14,5,3,2,0.6
56,3,1,0,2025-11-12,SilverWolf,1026,6,3,2,1,0.6666666666666666
56,8,1,0,2025-11-12,ImpactDrake,1104,1,8,7,1,0.875
56,1,0,1,2025-11-12,KnightMail,1025,7,1,1,0,1.0
56,5,0,1,2025-11-12,WizardRod,1011,12,5,3,2,0.6
56,4,0,1,2025-11-12,TuskMammoth,1020,8,4,3,1,0.75
56,3,0,1,2025-11-12,ViperTail,1016,9,3,2,1,0.6666666666666666
56,3,0,1,2025-11-12,ScorpioSpear,1016,10,3,2,1,0.6666666666666666
56,5,0,1,2025-11-12,DranSword,1012,11,5,3,2,0.6
57,2,1,0,2025-11-12,KnightMail,1042,3,2,2,0,1.0
57,5,1,0,2025-11-12,CobaltDragoon,1025,7,5,3,2,0.6
58,2,0,1,2025-11-12,CerberusFlame,1033,5,2,2,0,1.0
58,3,0,1,2025-11-12,RhinoReaper,1008,12,3,2,1,0.6666666666666666
58,3,0,1,2025-11-12,WeissTiger,998,15,3,1,2,0.3333333333333333
58,4,0,1,2025-11-12,PhoenixRudder,996,16,4,2,2,0.5
58,5,0,1,2025-11-12,UnicornSting,1007,13,5,3,2,0.6
58,3,0,1,2025-11-12,SilverWolf,1026,7,3,2,1,0.6666666666666666
58,5,0,1,2025-11-12,WizardRod,1011,11,5,3,2,0.6
58,5,0,1,2025-11-12,CobaltDragoon,1025,8,5,3,2,0.6
58,2,0,1,2025-11-12,DranBuster,1000,14,2,1,1,0.5
58,3,0,1,2025-11-12,DranDagger,1026,6,3,2,1,0.6666666666666666
58,5,1,0,2025-11-12,TuskMammoth,1040,4,5,4,1,0.8
58,4,1,0,2025-11-12,ViperTail,996,17,4,2,2,0.5
58,3,0,1,2025-11-12,ScorpioSpear,1016,9,3,2,1,0.6666666666666666
58,5,0,1,2025-11-12,DranSword,1012,10,5,3,2,0.6
59,2,0,1,2025-11-12,CerberusFlame,1033,6,2,2,0,1.0
59,3,0,1,2025-11-12,WeissTiger,998,14,3,1,2,0.3333333333333333
59,3,0,1,2025-11-12,HellsChain,992,18,3,1,2,0.3333333333333333
59,4,0,1,2025-11-12,GolemRock,994,17,4,2,2,0.5
59,4,0,1,2025-11-12,PhoenixWing,991,19,4,2,2,0.5
59,3,1,0,2025-11-12,DranBuster,989,20,3,1,2,0.3333333333333333
59,4,1,0,2025-11-12,DranDagger,1040,5,4,3,1,0.75
59,4,0,1,2025-11-12,PhoenixRudder,996,15,4,2,2,0.5
59,4,0,1,2025-11-12,ViperTail,996,16,4,2,2,0.5
60,3,1,0,2025-11-12,CerberusFlame,1056,3,3,3,0,1.0
60,3,0,1,2025-11-12,RhinoReaper,1008,11,3,2,1,0.6666666666666666
60,5,0,1,2025-11-12,UnicornSting,1007,12,5,3,2,0.6
60,4,1,0,2025-11-12,SilverWolf,1004,13,4,2,2,0.5
60,2,0,1,2025-11-12,KnightMail,1042,4,2,2,0,1.0
60,5,0,1,2025-11-12,WizardRod,1011,10,5,3,2,0.6
60,5,0,1,2025-11-12,CobaltDragoon,1025,7,5,3,2,0.6
60,4,0,1,2025-11-12,DranDagger,1040,6,4,3,1,0.75
60,5,0,1,2025-11-12,TuskMammoth,1040,5,5,4,1,0.8
60,3,0,1,2025-11-12,ScorpioSpear,1016,8,3,2,1,0.6666666666666666
60,5,0,1,2025-11-12,DranSword,1012,9,5,3,2,0.6
61,3,1,0,2025-11-12,KnightMail,1028,6,3,2,1,0.6666666666666666
61,5,0,1,2025-11-12,TuskMammoth,1040,4,5,4,1,0.8
61,4,0,1,2025-11-12,DranDagger,1040,5,4,3,1,0.75
61,8,1,0,2025-11-12,FoxBrush,1096,2,8,7,1,0.875
62,3,0,1,2025-11-12,CerberusFlame,1056,4,3,3,0,1.0
62,3,0,1,2025-11-12,RhinoReaper,1008,10,3,2,1,0.6666666666666666
62,3,0,1,2025-11-12,WeissTiger,998,13,3,1,2,0.3333333333333333
62,4,0,1,2025-11-12,PhoenixRudder,996,14,4,2,2,0.5
62,3,0,1,2025-11-12,HellsChain,992,17,3,1,2,0.3333333333333333
62,4,0,1,2025-11-12,GolemRock,994,16,4,2,2,0.5
62,5,0,1,2025-11-12,UnicornSting,1007,11,5,3,2,0.6
62,4,0,1,2025-11-12,SilverWolf,1004,12,4,2,2,0.5
62,4,0,1,2025-11-12,PhoenixWing,991,18,4,2,2,0.5
62,5,0,1,2025-11-12,WizardRod,1011,9,5,3,2,0.6
62,6,1,0,2025-11-12,TuskMammoth,1067,3,6,5,1,0.8333333333333334
62,4,0,1,2025-11-12,ViperTail,996,15,4,2,2,0.5
62,4,1,0,2025-11-12,ScorpioSpear,990,19,4,2,2,0.5
62,5,0,1,2025-11-12,DranSword,1012,8,5,3,2,0.6
63,5,0,1,2025-11-12,WizardRod,1011,10,5,3,2,0.6
63,4,1,0,2025-11-12,RhinoReaper,1030,5,4,3,1,0.75
63,5,0,1,2025-11-12,DranSword,1012,9,5,3,2,0.6
63,5,1,0,2025-11-12,DranDagger,1015,8,5,3,2,0.6
64,4,1,0,2025-11-12,CerberusFlame,1039,4,4,3,1,0.75
64,8,0,1,2025-11-12,ImpactDrake,1104,2,8,7,1,0.875
64,9,1,0,2025-11-12,FoxBrush,1111,1,9,8,1,0.8888888888888888
65,4,0,1,2025-11-12,CerberusFlame,1039,5,4,3,1,0.75
65,7,1,0,2025-11-12,TuskMammoth,1040,4,7,5,2,0.7142857142857143
65,5,1,0,2025-11-12,RhinoReaper,1054,3,5,4,1,0.8
66,4,0,1,2025-11-12,CerberusFlame,1039,4,4,3,1,0.75
66,6,1,0,2025-11-12,RhinoReaper,1034,5,6,4,2,0.6666666666666666
66,7,0,1,2025-11-12,TuskMammoth,1040,3,7,5,2,0.7142857142857143
66,10,1,0,2025-11-12,FoxBrush,1129,1,10,9,1,0.9
67,2,1,0,2025-12-02,WhaleFlame,967,33,2,0,2,0.0
67,2,0,1,2025-12-02,LeonClaw,973,28,2,0,2,0.0
67,2,0,1,2025-12-02,LeonCrest,973,29,2,0,2,0.0
67,1,0,1,2025-12-02,PegasusBlast,983,23,1,0,1,0.0
67,2,0,1,2025-12-02,WizardArc,973,30,2,0,2,0.0
67,2,0,1,2025-12-02,HellsReaper,971,32,2,0,2,0.0
67,2,0,1,2025-12-02,WizardArrow,972,31,2,0,2,0.0
67,3,0,1,2025-12-02,SharkEdge,982,25,3,1,2,0.3333333333333333
67,3,0,1,2025-12-02,TyrannoBeat,982,24,3,1,2,0.3333333333333333
67,3,0,1,2025-12-02,WhaleWave,979,27,3,1,2,0.3333333333333333
67,3,0,1,2025-12-02,DranBrave,980,26,3,1,2,0.3333333333333333
67,3,0,1,2025-12-02,PerseusDark,983,22,3,1,2,0.3333333333333333
67,11,1,0,2025-12-02,FoxBrush,1147,1,11,10,1,0.9090909090909091
68,2,0,1,2025-12-02,LeonClaw,973,27,2,0,2,0.0
68,2,0,1,2025-12-02,WhaleFlame,967,32,2,0,2,0.0
68,2,0,1,2025-12-02,LeonCrest,973,28,2,0,2,0.0
68,1,0,1,2025-12-02,PegasusBlast,983,22,1,0,1,0.0
68,2,0,1,2025-12-02,WizardArc,973,29,2,0,2,0.0
68,2,0,1,2025-12-02,HellsReaper,971,31,2,0,2,0.0
68,9,1,0,2025-12-02,ImpactDrake,1121,2,9,8,1,0.8888888888888888
68,2,0,1,2025-12-02,WizardArrow,972,30,2,0,2,0.0
68,3,0,1,2025-12-02,SharkEdge,982,24,3,1,2,0.3333333333333333
68,3,0,1,2025-12-02,TyrannoBeat,982,23,3,1,2,0.3333333333333333
68,3,0,1,2025-12-02,WhaleWave,979,26,3,1,2,0.3333333333333333
68,3,0,1,2025-12-02,DranBrave,980,25,3,1,2,0.3333333333333333
68,4,1,0,2025-12-02,PerseusDark,965,33,4,1,3,0.25
69,5,1,0,2025-12-02,CerberusFlame,1050,3,5,4,1,0.8
69,1,0,1,2025-12-02,PegasusBlast,983,21,1,0,1,0.0
69,3,0,1,2025-12-02,BlackShell,986,20,3,1,2,0.3333333333333333
69,3,0,1,2025-12-02,DranBuster,989,19,3,1,2,0.3333333333333333
69,3,0,1,2025-12-02,SharkEdge,982,23,3,1,2,0.3333333333333333
69,3,0,1,2025-12-02,TyrannoBeat,982,22,3,1,2,0.3333333333333333
69,7,0,1,2025-12-02,TuskMammoth,1040,4,7,5,2,0.7142857142857143
69,5,1,0,2025-12-02,ScorpioSpear,980,24,5,2,3,0.4
70,6,0,1,2025-12-02,RhinoReaper,1034,6,6,4,2,0.6666666666666666
70,3,0,1,2025-12-02,HellsChain,992,16,3,1,2,0.3333333333333333
70,4,0,1,2025-12-02,GolemRock,994,15,4,2,2,0.5
70,4,0,1,2025-12-02,PhoenixWing,991,17,4,2,2,0.5
70,3,0,1,2025-12-02,KnightMail,1028,7,3,2,1,0.6666666666666666
70,3,0,1,2025-12-02,BlackShell,986,19,3,1,2,0.3333333333333333
70,6,1,0,2025-12-02,CobaltDragoon,1039,5,6,4,2,0.6666666666666666
70,3,0,1,2025-12-02,DranBuster,989,18,3,1,2,0.3333333333333333
70,5,1,0,2025-12-02,PhoenixRudder,983,20,5,2,3,0.4
70,4,0,1,2025-12-02,ViperTail,996,14,4,2,2,0.5
71,2,0,1,2025-12-02,WhaleFlame,967,31,2,0,2,0.0
71,3,1,0,2025-12-02,LeonCrest,953,36,3,0,3,0.0
71,2,0,1,2025-12-02,CrimsonGaruda,962,35,2,0,2,0.0
71,2,0,1,2025-12-02,WizardArc,973,28,2,0,2,0.0
71,2,0,1,2025-12-02,HellsReaper,971,30,2,0,2,0.0
71,2,0,1,2025-12-02,SamuraiSaber,964,33,2,0,2,0.0
71,3,0,1,2025-12-02,KnightMail,1028,8,3,2,1,0.6666666666666666
71,2,0,1,2025-12-02,WizardArrow,972,29,2,0,2,0.0
71,2,0,1,2025-12-02,HellsHammer,963,34,2,0,2,0.0
71,6,1,0,2025-12-02,DranDagger,1030,7,6,4,2,0.6666666666666666
71,4,0,1,2025-12-02,PerseusDark,965,32,4,1,3,0.25
72,6,0,1,2025-12-02,RhinoReaper,1034,7,6,4,2,0.6666666666666666
72,2,0,1,2025-12-02,WhaleFlame,967,30,2,0,2,0.0
72,2,0,1,2025-12-02,CrimsonGaruda,962,34,2,0,2,0.0
72,3,1,0,2025-12-02,WizardArc,953,35,3,0,3,0.0
72,2,0,1,2025-12-02,HellsReaper,971,29,2,0,2,0.0
72,2,0,1,2025-12-02,SamuraiSaber,964,32,2,0,2,0.0
72,4,1,0,2025-12-02,KnightMail,1046,4,4,3,1,0.75
72,2,0,1,2025-12-02,WizardArrow,972,28,2,0,2,0.0
72,6,0,1,2025-12-02,CobaltDragoon,1039,6,6,4,2,0.6666666666666666
72,2,0,1,2025-12-02,HellsHammer,963,33,2,0,2,0.0
72,6,0,1,2025-12-02,DranDagger,1030,8,6,4,2,0.6666666666666666
72,7,0,1,2025-12-02,TuskMammoth,1040,5,7,5,2,0.7142857142857143
72,4,0,1,2025-12-02,PerseusDark,965,31,4,1,3,0.25
73,7,1,0,2025-12-02,RhinoReaper,1044,5,7,5,2,0.7142857142857143
73,2,0,1,2025-12-02,LeonClaw,973,26,2,0,2,0.0
73,2,0,1,2025-12-02,WizardArrow,972,27,2,0,2,0.0
73,6,0,1,2025-12-02,CobaltDragoon,1039,7,6,4,2,0.6666666666666666
73,3,0,1,2025-12-02,SharkEdge,982,22,3,1,2,0.3333333333333333
73,4,1,0,2025-12-02,TyrannoBeat,972,28,4,1,3,0.25
73,7,0,1,2025-12-02,TuskMammoth,1040,6,7,5,2,0.7142857142857143
73,3,0,1,2025-12-02,WhaleWave,979,25,3,1,2,0.3333333333333333
73,3,0,1,2025-12-02,DranBrave,980,24,3,1,2,0.3333333333333333
73,5,0,1,2025-12-02,ScorpioSpear,980,23,5,2,3,0.4
74,4,1,0,2025-12-02,WeissTiger,1011,11,4,2,2,0.5
74,2,0,1,2025-12-02,WhaleFlame,967,29,2,0,2,0.0
74,2,0,1,2025-12-02,CrimsonGaruda,962,33,2,0,2,0.0
74,3,1,0,2025-12-02,HellsReaper,955,34,3,0,3,0.0
74,5,0,1,2025-12-02,UnicornSting,1007,12,5,3,2,0.6
74,4,0,1,2025-12-02,SilverWolf,1004,13,4,2,2,0.5
74,2,0,1,2025-12-02,SamuraiSaber,964,31,2,0,2,0.0
74,2,0,1,2025-12-02,HellsHammer,963,32,2,0,2,0.0
74,4,0,1,2025-12-02,PerseusDark,965,30,4,1,3,0.25
75,7,0,1,2025-12-02,RhinoReaper,1044,6,7,5,2,0.7142857142857143
75,2,0,1,2025-12-02,LeonClaw,973,25,2,0,2,0.0
75,4,0,1,2025-12-02,KnightMail,1046,5,4,3,1,0.75
75,2,0,1,2025-12-02,WizardArrow,972,26,2,0,2,0.0
75,4,1,0,2025-12-02,SharkEdge,972,28,4,1,3,0.25
75,4,0,1,2025-12-02,TyrannoBeat,972,27,4,1,3,0.25
75,8,1,0,2025-12-02,TuskMammoth,1049,4,8,6,2,0.75
75,3,0,1,2025-12-02,WhaleWave,979,24,3,1,2,0.3333333333333333
75,3,0,1,2025-12-02,DranBrave,980,23,3,1,2,0.3333333333333333
75,5,0,1,2025-12-02,ScorpioSpear,980,22,5,2,3,0.4
76,3,0,1,2025-12-02,HellsChain,992,17,3,1,2,0.3333333333333333
76,6,1,0,2025-12-02,UnicornSting,993,16,6,3,3,0.5
76,5,1,0,2025-12-02,PhoenixWing,1007,12,5,3,2,0.6
77,4,0,1,2025-12-02,SharkEdge,972,27,4,1,3,0.25
77,4,0,1,2025-12-02,TyrannoBeat,972,26,4,1,3,0.25
77,2,0,1,2025-12-02,SamuraiSaber,964,30,2,0,2,0.0
77,4,0,1,2025-12-02,WeissTiger,1011,12,4,2,2,0.5
77,2,0,1,2025-12-02,WhaleFlame,967,28,2,0,2,0.0
77,4,0,1,2025-12-02,SilverWolf,1004,14,4,2,2,0.5
77,2,0,1,2025-12-02,HellsHammer,963,31,2,0,2,0.0
77,3,0,1,2025-12-02,DranBrave,980,22,3,1,2,0.3333333333333333
77,2,1,0,2025-12-02,PegasusBlast,957,33,2,0,2,0.0
77,2,0,1,2025-12-02,CrimsonGaruda,962,32,2,0,2,0.0
77,3,0,1,2025-12-02,WhaleWave,979,23,3,1,2,0.3333333333333333
77,2,0,1,2025-12-02,LeonClaw,973,24,2,0,2,0.0
77,4,0,1,2025-12-02,PerseusDark,965,29,4,1,3,0.25
77,5,0,1,2025-12-02,DranSword,1012,10,5,3,2,0.6
77,5,0,1,2025-12-02,PhoenixWing,1007,13,5,3,2,0.6
77,5,0,1,2025-12-02,WizardRod,1011,11,5,3,2,0.6
77,2,0,1,2025-12-02,WizardArrow,972,25,2,0,2,0.0
77,5,1,0,2025-12-02,ViperTail,1016,9,5,3,2,0.6
77,5,0,1,2025-12-02,ScorpioSpear,980,21,5,2,3,0.4
78,2,0,1,2025-12-02,WhaleFlame,967,27,2,0,2,0.0
78,4,1,0,2025-12-02,DranBrave,965,28,4,1,3,0.25
78,2,0,1,2025-12-02,WizardArrow,972,24,2,0,2,0.0
78,4,0,1,2025-12-02,SharkEdge,972,26,4,1,3,0.25
78,4,0,1,2025-12-02,TyrannoBeat,972,25,4,1,3,0.25
78,3,0,1,2025-12-02,WhaleWave,979,22,3,1,2,0.3333333333333333
78,2,0,1,2025-12-02,LeonClaw,973,23,2,0,2,0.0
78,5,0,1,2025-12-02,ViperTail,1016,10,5,3,2,0.6
78,6,1,0,2025-12-02,DranSword,1024,9,6,4,2,0.6666666666666666
79,4,0,1,2025-12-02,WeissTiger,1011,13,4,2,2,0.5
79,3,0,1,2025-12-02,LeonCrest,953,35,3,0,3,0.0
79,2,0,1,2025-12-02,PegasusBlast,957,32,2,0,2,0.0
79,2,0,1,2025-12-02,CrimsonGaruda,962,31,2,0,2,0.0
79,3,0,1,2025-12-02,HellsReaper,955,33,3,0,3,0.0
79,3,0,1,2025-12-02,WizardArc,953,34,3,0,3,0.0
79,5,1,0,2025-12-02,SilverWolf,1019,10,5,3,2,0.6
79,5,0,1,2025-12-02,PhoenixWing,1007,14,5,3,2,0.6
79,5,0,1,2025-12-02,WizardRod,1011,12,5,3,2,0.6
79,3,1,0,2025-12-02,HellsHammer,941,36,3,0,3,0.0
79,5,0,1,2025-12-02,ViperTail,1016,11,5,3,2,0.6
80,4,0,1,2025-12-02,WeissTiger,1011,12,4,2,2,0.5
80,3,0,1,2025-12-02,HellsChain,992,18,3,1,2,0.3333333333333333
80,6,0,1,2025-12-02,UnicornSting,993,17,6,3,3,0.5
80,5,0,1,2025-12-02,PhoenixWing,1007,13,5,3,2,0.6
80,6,1,0,2025-12-02,WizardRod,996,14,6,3,3,0.5
80,3,0,1,2025-12-02,BlackShell,986,20,3,1,2,0.3333333333333333
80,3,0,1,2025-12-02,DranBuster,989,19,3,1,2,0.3333333333333333
80,5,0,1,2025-12-02,PhoenixRudder,983,21,5,2,3,0.4
80,3,0,1,2025-12-02,WhaleWave,979,23,3,1,2,0.3333333333333333
80,3,1,0,2025-12-02,LeonClaw,993,16,3,1,2,0.3333333333333333
80,5,0,1,2025-12-02,ScorpioSpear,980,22,5,2,3,0.4
81,3,0,1,2025-12-02,HellsChain,992,19,3,1,2,0.3333333333333333
81,4,0,1,2025-12-02,GolemRock,994,16,4,2,2,0.5
81,6,0,1,2025-12-02,UnicornSting,993,18,6,3,3,0.5
81,6,0,1,2025-12-02,WizardRod,996,15,6,3,3,0.5
81,4,1,0,2025-12-02,BlackShell,1007,14,4,2,2,0.5
81,2,0,1,2025-12-02,WizardArrow,972,23,2,0,2,0.0
81,4,1,0,2025-12-02,DranBuster,969,26,4,1,3,0.25
81,4,0,1,2025-12-02,SharkEdge,972,25,4,1,3,0.25
81,4,0,1,2025-12-02,TyrannoBeat,972,24,4,1,3,0.25
81,5,0,1,2025-12-02,PhoenixRudder,983,20,5,2,3,0.4
81,3,0,1,2025-12-02,WhaleWave,979,22,3,1,2,0.3333333333333333
81,3,0,1,2025-12-02,LeonClaw,993,17,3,1,2,0.3333333333333333
81,5,0,1,2025-12-02,ScorpioSpear,980,21,5,2,3,0.4
82,4,1,0,2025-12-02,HellsChain,979,22,4,1,3,0.25
82,4,1,0,2025-12-02,WhaleWave,993,17,4,2,2,0.5
82,3,0,1,2025-12-02,LeonClaw,993,18,3,1,2,0.3333333333333333
82,6,0,1,2025-12-02,UnicornSting,993,19,6,3,3,0.5
83,3,0,1,2025-12-02,LeonCrest,953,34,3,0,3,0.0
83,2,0,1,2025-12-02,PegasusBlast,957,31,2,0,2,0.0
83,5,1,0,2025-12-02,GolemRock,1010,13,5,3,2,0.6
83,2,0,1,2025-12-02,CrimsonGaruda,962,30,2,0,2,0.0
83,3,0,1,2025-12-02,HellsReaper,955,32,3,0,3,0.0
83,3,0,1,2025-12-02,WizardArc,953,33,3,0,3,0.0
83,5,0,1,2025-12-02,PhoenixWing,1007,14,5,3,2,0.6
83,6,0,1,2025-12-02,WizardRod,996,16,6,3,3,0.5
83,4,0,1,2025-12-02,BlackShell,1007,15,4,2,2,0.5
83,3,1,0,2025-12-02,SamuraiSaber,942,35,3,0,3,0.0
84,4,0,1,2025-12-02,HellsChain,979,23,4,1,3,0.25
84,3,0,1,2025-12-02,LeonCrest,953,33,3,0,3,0.0
84,2,0,1,2025-12-02,PegasusBlast,957,30,2,0,2,0.0
84,3,1,0,2025-12-02,CrimsonGaruda,987,20,3,1,2,0.3333333333333333
84,3,0,1,2025-12-02,HellsReaper,955,31,3,0,3,0.0
84,3,0,1,2025-12-02,WizardArc,953,32,3,0,3,0.0
84,3,1,0,2025-12-02,WizardArrow,949,34,3,0,3,0.0
84,5,0,1,2025-12-02,PhoenixRudder,983,21,5,2,3,0.4
84,5,0,1,2025-12-02,ScorpioSpear,980,22,5,2,3,0.4
85,5,0,1,2025-12-02,SilverWolf,1019,11,5,3,2,0.6
85,12,1,0,2025-12-02,FoxBrush,1121,1,12,10,2,0.8333333333333334
85,6,0,1,2025-12-02,DranDagger,1030,9,6,4,2,0.6666666666666666
85,6,1,0,2025-12-02,ViperTail,1038,8,6,4,2,0.6666666666666666
85,6,0,1,2025-12-02,DranSword,1024,10,6,4,2,0.6666666666666666
86,10,1,0,2025-12-02,ImpactDrake,1101,2,10,8,2,0.8
86,6,0,1,2025-12-02,CobaltDragoon,1039,8,6,4,2,0.6666666666666666
86,6,0,1,2025-12-02,DranDagger,1030,10,6,4,2,0.6666666666666666
86,6,0,1,2025-12-02,ViperTail,1038,9,6,4,2,0.6666666666666666
86,7,1,0,2025-12-02,DranSword,1040,7,7,5,2,0.7142857142857143
87,6,1,0,2025-12-02,CerberusFlame,1070,3,6,5,1,0.8333333333333334
87,4,0,1,2025-12-02,WeissTiger,1011,11,4,2,2,0.5
87,5,0,1,2025-12-02,GolemRock,1010,12,5,3,2,0.6
87,5,0,1,2025-12-02,PhoenixWing,1007,13,5,3,2,0.6
87,6,1,0,2025-12-02,SilverWolf,1002,15,6,3,3,0.5
87,4,0,1,2025-12-02,BlackShell,1007,14,4,2,2,0.5
88,7,0,1,2025-12-02,RhinoReaper,1044,7,7,5,2,0.7142857142857143
88,6,1,0,2025-12-02,GolemRock,997,15,6,3,3,0.5
88,5,0,1,2025-12-02,PhoenixWing,1007,12,5,3,2,0.6
88,6,0,1,2025-12-02,SilverWolf,1002,14,6,3,3,0.5
88,4,0,1,2025-12-02,KnightMail,1046,6,4,3,1,0.75
88,4,0,1,2025-12-02,BlackShell,1007,13,4,2,2,0.5
88,7,1,0,2025-12-02,CobaltDragoon,1053,4,7,5,2,0.7142857142857143
88,8,0,1,2025-12-02,TuskMammoth,1049,5,8,6,2,0.75
88,7,0,1,2025-12-02,DranSword,1040,8,7,5,2,0.7142857142857143
89,6,0,1,2025-12-02,GolemRock,997,14,6,3,3,0.5
89,6,1,0,2025-12-02,PhoenixWing,997,15,6,3,3,0.5
89,6,0,1,2025-12-02,SilverWolf,1002,13,6,3,3,0.5
89,4,0,1,2025-12-02,BlackShell,1007,12,4,2,2,0.5
89,7,1,0,2025-12-02,DranDagger,1042,8,7,5,2,0.7142857142857143
89,6,0,1,2025-12-02,ViperTail,1038,10,6,4,2,0.6666666666666666
89,7,0,1,2025-12-02,DranSword,1040,9,7,5,2,0.7142857142857143
90,7,0,1,2025-12-02,RhinoReaper,1044,6,7,5,2,0.7142857142857143
90,6,0,1,2025-12-02,GolemRock,997,15,6,3,3,0.5
90,6,0,1,2025-12-02,SilverWolf,1002,14,6,3,3,0.5
90,6,0,1,2025-12-02,PhoenixWing,997,16,6,3,3,0.5
90,5,1,0,2025-12-02,KnightMail,1027,10,5,3,2,0.6
90,6,0,1,2025-12-02,WizardRod,996,17,6,3,3,0.5
90,4,0,1,2025-12-02,BlackShell,1007,13,4,2,2,0.5
90,7,0,1,2025-12-02,DranDagger,1042,7,7,5,2,0.7142857142857143
90,4,0,1,2025-12-02,WhaleWave,993,18,4,2,2,0.5
90,4,1,0,2025-12-02,LeonClaw,1008,12,4,2,2,0.5
90,6,0,1,2025-12-02,ViperTail,1038,9,6,4,2,0.6666666666666666
90,7,0,1,2025-12-02,DranSword,1040,8,7,5,2,0.7142857142857143
91,8,1,0,2025-12-02,RhinoReaper,1065,4,8,6,2,0.75
91,6,0,1,2025-12-02,GolemRock,997,14,6,3,3,0.5
91,6,0,1,2025-12-02,UnicornSting,993,18,6,3,3,0.5
91,6,0,1,2025-12-02,SilverWolf,1002,13,6,3,3,0.5
91,6,0,1,2025-12-02,PhoenixWing,997,15,6,3,3,0.5
91,6,0,1,2025-12-02,WizardRod,996,16,6,3,3,0.5
91,5,1,0,2025-12-02,BlackShell,987,19,5,2,3,0.4
91,7,0,1,2025-12-02,CobaltDragoon,1053,5,7,5,2,0.7142857142857143
91,8,0,1,2025-12-02,TuskMammoth,1049,6,8,6,2,0.75
91,4,0,1,2025-12-02,WhaleWave,993,17,4,2,2,0.5
92,5,1,0,2025-12-02,WeissTiger,1028,10,5,3,2,0.6
92,4,0,1,2025-12-02,HellsChain,979,22,4,1,3,0.25
92,3,0,1,2025-12-02,CrimsonGaruda,987,19,3,1,2,0.3333333333333333
92,6,0,1,2025-12-02,UnicornSting,993,17,6,3,3,0.5
92,5,0,1,2025-12-02,KnightMail,1027,11,5,3,2,0.6
92,5,0,1,2025-12-02,BlackShell,987,18,5,2,3,0.4
92,5,0,1,2025-12-02,PhoenixRudder,983,20,5,2,3,0.4
92,5,1,0,2025-12-02,WhaleWave,977,23,5,2,3,0.4
92,5,0,1,2025-12-02,ScorpioSpear,980,21,5,2,3,0.4
93,4,0,1,2025-12-02,HellsChain,979,21,4,1,3,0.25
93,5,0,1,2025-12-02,PhoenixRudder,983,19,5,2,3,0.4
93,4,1,0,2025-12-02,CrimsonGaruda,977,23,4,1,3,0.25
93,7,0,1,2025-12-02,CobaltDragoon,1053,6,7,5,2,0.7142857142857143
93,9,1,0,2025-12-02,TuskMammoth,1059,5,9,7,2,0.7777777777777778
93,5,0,1,2025-12-02,WhaleWave,977,22,5,2,3,0.4
93,5,0,1,2025-12-02,ScorpioSpear,980,20,5,2,3,0.4
94,4,0,1,2025-12-02,HellsChain,979,20,4,1,3,0.25
94,2,0,1,2025-12-02,WhaleFlame,967,28,2,0,2,0.0
94,4,1,0,2025-12-02,LeonCrest,975,24,4,1,3,0.25
94,2,0,1,2025-12-02,PegasusBlast,957,31,2,0,2,0.0
94,4,0,1,2025-12-02,CrimsonGaruda,977,22,4,1,3,0.25
94,3,0,1,2025-12-02,HellsReaper,955,32,3,0,3,0.0
94,7,1,0,2025-12-02,UnicornSting,976,23,7,3,4,0.42857142857142855
94,3,0,1,2025-12-02,WizardArc,953,33,3,0,3,0.0
94,5,0,1,2025-12-02,BlackShell,987,17,5,2,3,0.4
94,4,0,1,2025-12-02,SharkEdge,972,26,4,1,3,0.25
94,4,0,1,2025-12-02,DranBuster,969,27,4,1,3,0.25
94,4,0,1,2025-12-02,TyrannoBeat,972,25,4,1,3,0.25
94,4,0,1,2025-12-02,PerseusDark,965,30,4,1,3,0.25
94,5,0,1,2025-12-02,PhoenixRudder,983,18,5,2,3,0.4
94,5,0,1,2025-12-02,WhaleWave,977,21,5,2,3,0.4
94,4,0,1,2025-12-02,DranBrave,965,29,4,1,3,0.25
94,5,0,1,2025-12-02,ScorpioSpear,980,19,5,2,3,0.4
95,2,0,1,2025-12-02,WhaleFlame,967,29,2,0,2,0.0
95,2,0,1,2025-12-02,PegasusBlast,957,32,2,0,2,0.0
95,4,1,0,2025-12-02,WizardArc,973,25,4,1,3,0.25
95,3,0,1,2025-12-02,HellsReaper,955,33,3,0,3,0.0
95,7,1,0,2025-12-02,WizardRod,981,18,7,3,4,0.42857142857142855
95,5,0,1,2025-12-02,BlackShell,987,16,5,2,3,0.4
95,4,0,1,2025-12-02,SharkEdge,972,27,4,1,3,0.25
95,4,0,1,2025-12-02,DranBuster,969,28,4,1,3,0.25
95,4,0,1,2025-12-02,TyrannoBeat,972,26,4,1,3,0.25
95,5,0,1,2025-12-02,PhoenixRudder,983,17,5,2,3,0.4
95,4,0,1,2025-12-02,DranBrave,965,30,4,1,3,0.25
95,4,0,1,2025-12-02,PerseusDark,965,31,4,1,3,0.25
96,4,0,1,2025-12-02,HellsChain,979,21,4,1,3,0.25
96,2,0,1,2025-12-02,WhaleFlame,967,28,2,0,2,0.0
96,4,0,1,2025-12-02,LeonCrest,975,25,4,1,3,0.25
96,2,0,1,2025-12-02,PegasusBlast,957,31,2,0,2,0.0
96,4,0,1,2025-12-02,CrimsonGaruda,977,23,4,1,3,0.25
96,4,0,1,2025-12-02,WizardArc,973,26,4,1,3,0.25
96,7,0,1,2025-12-02,UnicornSting,976,24,7,3,4,0.42857142857142855
96,3,0,1,2025-12-02,HellsReaper,955,32,3,0,3,0.0
96,7,0,1,2025-12-02,WizardRod,981,19,7,3,4,0.42857142857142855
96,5,0,1,2025-12-02,BlackShell,987,17,5,2,3,0.4
96,5,1,0,2025-12-02,DranBuster,991,16,5,2,3,0.4
96,5,1,0,2025-12-02,TyrannoBeat,951,33,5,1,4,0.2
96,4,0,1,2025-12-02,PerseusDark,965,30,4,1,3,0.25
96,5,0,1,2025-12-02,PhoenixRudder,983,18,5,2,3,0.4
96,5,0,1,2025-12-02,WhaleWave,977,22,5,2,3,0.4
96,4,0,1,2025-12-02,DranBrave,965,29,4,1,3,0.25
96,5,0,1,2025-12-02,ScorpioSpear,980,20,5,2,3,0.4
97,5,1,0,2025-12-02,HellsChain,993,16,5,2,3,0.4
97,4,1,0,2025-12-02,HellsReaper,937,36,4,0,4,0.0
97,3,0,1,2025-12-02,SamuraiSaber,942,34,3,0,3,0.0
97,7,0,1,2025-12-02,WizardRod,981,20,7,3,4,0.42857142857142855
97,5,0,1,2025-12-02,BlackShell,987,18,5,2,3,0.4
97,3,0,1,2025-12-02,WizardArrow,949,33,3,0,3,0.0
97,5,0,1,2025-12-02,DranBuster,991,17,5,2,3,0.4
97,3,0,1,2025-12-02,HellsHammer,941,35,3,0,3,0.0
97,5,0,1,2025-12-02,TyrannoBeat,951,32,5,1,4,0.2
97,5,0,1,2025-12-02,PhoenixRudder,983,19,5,2,3,0.4
97,5,0,1,2025-12-02,ScorpioSpear,980,21,5,2,3,0.4
98,4,0,1,2025-12-02,LeonCrest,975,26,4,1,3,0.25
98,4,0,1,2025-12-02,CrimsonGaruda,977,24,4,1,3,0.25
98,4,0,1,2025-12-02,WizardArc,973,27,4,1,3,0.25
98,7,0,1,2025-12-02,UnicornSting,976,25,7,3,4,0.42857142857142855
98,4,0,1,2025-12-02,HellsReaper,937,35,4,0,4,0.0
98,3,0,1,2025-12-02,SamuraiSaber,942,33,3,0,3,0.0
98,7,0,1,2025-12-02,WizardRod,981,21,7,3,4,0.42857142857142855
98,4,1,0,2025-12-02,WizardArrow,931,36,4,0,4,0.0
98,5,0,1,2025-12-02,BlackShell,987,19,5,2,3,0.4
98,5,1,0,2025-12-02,SharkEdge,987,18,5,2,3,0.4
98,3,0,1,2025-12-02,HellsHammer,941,34,3,0,3,0.0
98,5,0,1,2025-12-02,PhoenixRudder,983,20,5,2,3,0.4
98,5,0,1,2025-12-02,WhaleWave,977,23,5,2,3,0.4
98,5,0,1,2025-12-02,ScorpioSpear,980,22,5,2,3,0.4
99,3,1,0,2025-12-02,WhaleFlame,983,21,3,1,2,0.3333333333333333
99,4,0,1,2025-12-02,LeonCrest,975,27,4,1,3,0.25
99,3,1,0,2025-12-02,PegasusBlast,940,34,3,0,3,0.0
99,4,0,1,2025-12-02,CrimsonGaruda,977,25,4,1,3,0.25
99,4,0,1,2025-12-02,WizardArc,973,28,4,1,3,0.25
99,7,0,1,2025-12-02,UnicornSting,976,26,7,3,4,0.42857142857142855
99,3,0,1,2025-12-02,SamuraiSaber,942,32,3,0,3,0.0
99,7,0,1,2025-12-02,WizardRod,981,22,7,3,4,0.42857142857142855
99,3,0,1,2025-12-02,HellsHammer,941,33,3,0,3,0.0
99,5,0,1,2025-12-02,TyrannoBeat,951,31,5,1,4,0.2
99,5,0,1,2025-12-02,WhaleWave,977,24,5,2,3,0.4
99,5,0,1,2025-12-02,ScorpioSpear,980,23,5,2,3,0.4
100,3,0,1,2025-12-02,WhaleFlame,983,22,3,1,2,0.3333333333333333
100,4,0,1,2025-12-02,LeonCrest,975,28,4,1,3,0.25
100,4,0,1,2025-12-02,CrimsonGaruda,977,26,4,1,3,0.25
100,4,0,1,2025-12-02,WizardArc,973,29,4,1,3,0.25
100,7,0,1,2025-12-02,UnicornSting,976,27,7,3,4,0.42857142857142855
100,7,0,1,2025-12-02,WizardRod,981,23,7,3,4,0.42857142857142855
100,5,0,1,2025-12-02,TyrannoBeat,951,30,5,1,4,0.2
100,5,1,0,2025-12-02,PerseusDark,983,21,5,2,3,0.4
100,5,0,1,2025-12-02,WhaleWave,977,25,5,2,3,0.4
100,5,1,0,2025-12-02,DranBrave,947,31,5,1,4,0.2
100,5,0,1,2025-12-02,ScorpioSpear,980,24,5,2,3,0.4
101,5,0,1,2025-12-02,HellsChain,993,17,5,2,3,0.4
101,3,0,1,2025-12-02,WhaleFlame,983,23,3,1,2,0.3333333333333333
101,3,0,1,2025-12-02,PegasusBlast,940,33,3,0,3,0.0
101,4,0,1,2025-12-02,HellsReaper,937,34,4,0,4,0.0
101,7,0,1,2025-12-02,WizardRod,981,24,7,3,4,0.42857142857142855
101,4,1,0,2025-12-02,HellsHammer,919,36,4,0,4,0.0
101,5,0,1,2025-12-02,BlackShell,987,20,5,2,3,0.4
101,5,0,1,2025-12-02,DranBuster,991,18,5,2,3,0.4
101,5,0,1,2025-12-02,SharkEdge,987,19,5,2,3,0.4
101,4,0,1,2025-12-02,WizardArrow,931,35,4,0,4,0.0
101,5,0,1,2025-12-02,PerseusDark,983,22,5,2,3,0.4
101,5,0,1,2025-12-02,PhoenixRudder,983,21,5,2,3,0.4
101,6,1,0,2025-12-02,ScorpioSpear,997,16,6,3,3,0.5
102,5,0,1,2025-12-02,HellsChain,993,18,5,2,3,0.4
102,3,0,1,2025-12-02,PegasusBlast,940,32,3,0,3,0.0
102,4,0,1,2025-12-02,HellsReaper,937,33,4,0,4,0.0
102,5,0,1,2025-12-02,BlackShell,987,21,5,2,3,0.4
102,4,0,1,2025-12-02,WizardArrow,931,34,4,0,4,0.0
102,5,0,1,2025-12-02,SharkEdge,987,20,5,2,3,0.4
102,5,0,1,2025-12-02,DranBuster,991,19,5,2,3,0.4
102,6,1,0,2025-12-02,PhoenixRudder,996,17,6,3,3,0.5
102,4,1,0,2025-12-02,SamuraiSaber,924,35,4,0,4,0.0
103,5,0,1,2025-12-11,WeissTiger,1028,9,5,3,2,0.6
103,5,0,1,2025-12-11,KnightMail,1027,10,5,3,2,0.6
103,7,0,1,2025-12-11,CobaltDragoon,1053,7,7,5,2,0.7142857142857143
103,8,1,0,2025-12-11,DranDagger,1057,6,8,6,2,0.75
103,7,1,0,2025-12-11,ViperTail,1021,11,7,4,3,0.5714285714285714
104,4,0,1,2025-12-11,WizardArc,973,28,4,1,3,0.25
104,10,1,0,2025-12-11,TuskMammoth,1069,4,10,8,2,0.8
104,8,0,1,2025-12-11,RhinoReaper,1065,5,8,6,2,0.75
104,5,1,0,2025-12-11,LeonCrest,964,29,5,1,4,0.2
105,7,1,0,2025-12-11,CerberusFlame,1082,3,7,6,1,0.8571428571428571
105,3,0,1,2025-12-11,WhaleFlame,983,22,3,1,2,0.3333333333333333
105,4,0,1,2025-12-11,CrimsonGaruda,977,25,4,1,3,0.25
105,7,0,1,2025-12-11,WizardRod,981,23,7,3,4,0.42857142857142855
105,6,1,0,2025-12-11,BlackShell,977,26,6,2,4,0.3333333333333333
105,5,0,1,2025-12-11,WhaleWave,977,24,5,2,3,0.4
105,5,0,1,2025-12-11,PerseusDark,983,21,5,2,3,0.4
106,5,0,1,2025-12-11,LeonCrest,964,30,5,1,4,0.2
106,4,0,1,2025-12-11,CrimsonGaruda,977,26,4,1,3,0.25
106,4,0,1,2025-12-11,WizardArc,973,29,4,1,3,0.25
106,7,0,1,2025-12-11,UnicornSting,976,28,7,3,4,0.42857142857142855
106,10,0,1,2025-12-11,ImpactDrake,1101,1,10,8,2,0.8
106,6,0,1,2025-12-11,BlackShell,977,27,6,2,4,0.3333333333333333
106,5,0,1,2025-12-11,TyrannoBeat,951,31,5,1,4,0.2
106,5,0,1,2025-12-11,WhaleWave,977,25,5,2,3,0.4
106,6,1,0,2025-12-11,DranBrave,981,24,6,2,4,0.3333333333333333
106,13,1,0,2025-12-11,FoxBrush,1096,2,13,10,3,0.7692307692307693
107,6,0,1,2025-12-11,GolemRock,997,15,6,3,3,0.5
107,6,0,1,2025-12-11,SilverWolf,1002,14,6,3,3,0.5
107,7,1,0,2025-12-11,PhoenixWing,1012,12,7,4,3,0.5714285714285714
107,8,1,0,2025-12-11,CobaltDragoon,1035,8,8,5,3,0.625
107,4,0,1,2025-12-11,LeonClaw,1008,13,4,2,2,0.5
107,7,0,1,2025-12-11,DranSword,1040,7,7,5,2,0.7142857142857143
108,6,0,1,2025-12-11,GolemRock,997,16,6,3,3,0.5
108,6,0,1,2025-12-11,SilverWolf,1002,15,6,3,3,0.5
108,6,1,0,2025-12-11,KnightMail,1013,11,6,3,3,0.5
108,4,0,1,2025-12-11,LeonClaw,1008,14,4,2,2,0.5
108,7,0,1,2025-12-11,ViperTail,1021,10,7,4,3,0.5714285714285714
108,7,1,0,2025-12-11,ScorpioSpear,1009,13,7,4,3,0.5714285714285714
109,5,0,1,2025-12-11,HellsChain,993,17,5,2,3,0.4
109,7,1,0,2025-12-11,PhoenixRudder,988,19,7,3,4,0.42857142857142855
109,5,0,1,2025-12-11,DranBuster,991,18,5,2,3,0.4
109,11,1,0,2025-12-11,ImpactDrake,1109,1,11,9,2,0.8181818181818182
110,5,0,1,2025-12-11,HellsChain,993,18,5,2,3,0.4
110,4,0,1,2025-12-11,HellsHammer,919,35,4,0,4,0.0
110,5,0,1,2025-12-11,DranBuster,991,19,5,2,3,0.4
110,6,1,0,2025-12-11,SharkEdge,996,17,6,3,3,0.5
110,7,0,1,2025-12-11,PhoenixRudder,988,20,7,3,4,0.42857142857142855
110,5,1,0,2025-12-11,SamuraiSaber,911,36,5,0,5,0.0
111,9,1,0,2025-12-11,DranDagger,1040,7,9,6,3,0.6666666666666666
111,7,0,1,2025-12-11,DranSword,1040,6,7,5,2,0.7142857142857143
111,12,1,0,2025-12-11,ImpactDrake,1123,1,12,10,2,0.8333333333333334
112,5,0,1,2025-12-11,WeissTiger,1028,10,5,3,2,0.6
112,6,0,1,2025-12-11,GolemRock,997,15,6,3,3,0.5
112,8,1,0,2025-12-11,PhoenixWing,995,17,8,4,4,0.5
112,6,0,1,2025-12-11,SilverWolf,1002,14,6,3,3,0.5
112,7,1,0,2025-12-11,KnightMail,1029,9,7,4,3,0.5714285714285714
112,6,0,1,2025-12-11,SharkEdge,996,16,6,3,3,0.5
112,4,0,1,2025-12-11,LeonClaw,1008,13,4,2,2,0.5
112,7,0,1,2025-12-11,ViperTail,1021,11,7,4,3,0.5714285714285714
112,7,0,1,2025-12-11,ScorpioSpear,1009,12,7,4,3,0.5714285714285714
113,4,0,1,2025-12-11,CrimsonGaruda,977,25,4,1,3,0.25
113,7,0,1,2025-12-11,UnicornSting,976,27,7,3,4,0.42857142857142855
113,6,0,1,2025-12-11,BlackShell,977,26,6,2,4,0.3333333333333333
113,11,1,0,2025-12-11,TuskMammoth,1078,4,11,9,2,0.8181818181818182
113,5,0,1,2025-12-11,WhaleWave,977,24,5,2,3,0.4
113,7,1,0,2025-12-11,DranBrave,974,28,7,2,5,0.2857142857142857
114,8,1,0,2025-12-11,CerberusFlame,1062,5,8,6,2,0.75
114,8,0,1,2025-12-11,RhinoReaper,1065,4,8,6,2,0.75
114,6,0,1,2025-12-11,GolemRock,997,16,6,3,3,0.5
114,6,0,1,2025-12-11,SilverWolf,1002,15,6,3,3,0.5
114,7,1,0,2025-12-11,SharkEdge,1010,12,7,4,3,0.5714285714285714
114,11,0,1,2025-12-11,TuskMammoth,1078,3,11,9,2,0.8181818181818182
114,4,0,1,2025-12-11,LeonClaw,1008,14,4,2,2,0.5
114,7,0,1,2025-12-11,ScorpioSpear,1009,13,7,4,3,0.5714285714285714
115,8,1,0,2025-12-11,KnightMail,1014,12,8,4,4,0.5
115,5,0,1,2025-12-11,WeissTiger,1028,9,5,3,2,0.6
115,8,1,0,2025-12-11,SharkEdge,1025,10,8,5,3,0.625
116,12,1,0,2025-12-11,TuskMammoth,1065,3,12,9,3,0.75
116,13,1,0,2025-12-11,ImpactDrake,1135,1,13,11,2,0.8461538461538461
117,8,0,1,2025-12-11,RhinoReaper,1065,3,8,6,2,0.75
117,8,0,1,2025-12-11,CerberusFlame,1062,4,8,6,2,0.75
117,9,1,0,2025-12-11,KnightMail,1026,10,9,5,4,0.5555555555555556
117,8,0,1,2025-12-11,SharkEdge,1025,11,8,5,3,0.625
117,13,1,0,2025-12-11,TuskMammoth,1052,5,13,9,4,0.6923076923076923
117,7,0,1,2025-12-11,ViperTail,1021,12,7,4,3,0.5714285714285714
118,7,0,1,2025-12-11,ViperTail,1021,11,7,4,3,0.5714285714285714
118,9,1,0,2025-12-11,SharkEdge,1016,12,9,5,4,0.5555555555555556
118,14,1,0,2025-12-11,ImpactDrake,1144,1,14,12,2,0.8571428571428571
119,9,1,0,2025-12-27,CerberusFlame,1042,6,9,6,3,0.6666666666666666
119,6,1,0,2025-12-27,WeissTiger,1051,5,6,4,2,0.6666666666666666
119,8,0,1,2025-12-27,CobaltDragoon,1035,9,8,5,3,0.625
119,9,0,1,2025-12-27,DranDagger,1040,8,9,6,3,0.6666666666666666
119,13,0,1,2025-12-27,TuskMammoth,1052,4,13,9,4,0.6923076923076923
119,7,0,1,2025-12-27,DranSword,1040,7,7,5,2,0.7142857142857143
120,14,1,0,2025-12-27,TuskMammoth,1039,9,14,9,5,0.6428571428571429
120,9,1,0,2025-12-27,CobaltDragoon,1053,4,9,6,3,0.6666666666666666
121,8,1,0,2025-12-27,ViperTail,1040,8,8,5,3,0.625
121,10,1,0,2025-12-27,DranDagger,1022,11,10,6,4,0.6
122,9,0,1,2025-12-27,CerberusFlame,1042,7,9,6,3,0.6666666666666666
122,9,1,0,2025-12-27,RhinoReaper,1049,6,9,6,3,0.6666666666666666
122,8,1,0,2025-12-27,DranSword,1055,3,8,6,2,0.75
123,3,0,1,2025-12-27,PegasusBlast,940,33,3,0,3,0.0
123,5,1,0,2025-12-27,HellsReaper,960,31,5,1,4,0.2
123,6,1,0,2025-12-27,SamuraiSaber,888,36,6,0,6,0.0
123,5,0,1,2025-12-27,TyrannoBeat,951,32,5,1,4,0.2
124,5,1,0,2025-12-27,HellsHammer,900,35,5,0,5,0.0
124,5,0,1,2025-12-27,HellsReaper,960,32,5,1,4,0.2
124,6,1,0,2025-12-27,TyrannoBeat,967,30,6,2,4,0.3333333333333333
124,5,0,1,2025-12-27,LeonCrest,964,31,5,1,4,0.2
125,3,0,1,2025-12-27,WhaleFlame,983,23,3,1,2,0.3333333333333333
125,4,0,1,2025-12-27,CrimsonGaruda,977,26,4,1,3,0.25
125,7,0,1,2025-12-27,UnicornSting,976,28,7,3,4,0.42857142857142855
125,7,0,1,2025-12-27,WizardRod,981,24,7,3,4,0.42857142857142855
125,5,1,0,2025-12-27,WizardArrow,909,34,5,0,5,0.0
125,6,0,1,2025-12-27,BlackShell,977,27,6,2,4,0.3333333333333333
125,7,0,1,2025-12-27,PhoenixRudder,988,21,7,3,4,0.42857142857142855
125,5,0,1,2025-12-27,WhaleWave,977,25,5,2,3,0.4
125,8,1,0,2025-12-27,DranBrave,989,20,8,3,5,0.375
125,5,0,1,2025-12-27,PerseusDark,983,22,5,2,3,0.4
126,5,0,1,2025-12-27,HellsChain,993,19,5,2,3,0.4
126,3,0,1,2025-12-27,WhaleFlame,983,24,3,1,2,0.3333333333333333
126,4,1,0,2025-12-27,PegasusBlast,923,33,4,0,4,0.0
126,8,1,0,2025-12-27,WizardRod,995,18,8,4,4,0.5
126,5,0,1,2025-12-27,DranBuster,991,20,5,2,3,0.4
126,7,0,1,2025-12-27,PhoenixRudder,988,22,7,3,4,0.42857142857142855
126,8,0,1,2025-12-27,DranBrave,989,21,8,3,5,0.375
126,5,0,1,2025-12-27,PerseusDark,983,23,5,2,3,0.4
127,6,0,1,2025-12-27,GolemRock,997,15,6,3,3,0.5
127,8,0,1,2025-12-27,PhoenixWing,995,16,8,4,4,0.5
127,6,0,1,2025-12-27,SilverWolf,1002,14,6,3,3,0.5
127,8,0,1,2025-12-27,WizardRod,995,17,8,4,4,0.5
127,5,1,0,2025-12-27,LeonClaw,994,18,5,2,3,0.4
127,14,1,0,2025-12-27,FoxBrush,1105,2,14,11,3,0.7857142857142857
128,5,0,1,2025-12-27,HellsChain,993,20,5,2,3,0.4
128,3,0,1,2025-12-27,WhaleFlame,983,25,3,1,2,0.3333333333333333
128,5,0,1,2025-12-27,LeonCrest,964,30,5,1,4,0.2
128,5,1,0,2025-12-27,CrimsonGaruda,957,32,5,1,4,0.2
128,4,0,1,2025-12-27,WizardArc,973,28,4,1,3,0.25
128,8,1,0,2025-12-27,UnicornSting,996,16,8,4,4,0.5
128,5,0,1,2025-12-27,HellsReaper,960,31,5,1,4,0.2
128,8,0,1,2025-12-27,DranBrave,989,22,8,3,5,0.375
128,8,0,1,2025-12-27,PhoenixWing,995,17,8,4,4,0.5
128,8,0,1,2025-12-27,WizardRod,995,18,8,4,4,0.5
128,5,0,1,2025-12-27,DranBuster,991,21,5,2,3,0.4
128,6,0,1,2025-12-27,TyrannoBeat,967,29,6,2,4,0.3333333333333333
128,7,0,1,2025-12-27,PhoenixRudder,988,23,7,3,4,0.42857142857142855
128,5,0,1,2025-12-27,WhaleWave,977,26,5,2,3,0.4
128,5,0,1,2025-12-27,LeonClaw,994,19,5,2,3,0.4
128,5,0,1,2025-12-27,PerseusDark,983,24,5,2,3,0.4
129,15,1,0,2025-12-27,ImpactDrake,1120,1,15,12,3,0.8
129,9,0,1,2025-12-27,KnightMail,1026,11,9,5,4,0.5555555555555556
129,9,0,1,2025-12-27,SharkEdge,1016,13,9,5,4,0.5555555555555556
129,10,0,1,2025-12-27,DranDagger,1022,12,10,6,4,0.6
129,8,1,0,2025-12-27,ScorpioSpear,1033,10,8,5,3,0.625
130,9,0,1,2025-12-27,CerberusFlame,1042,8,9,6,3,0.6666666666666666
130,3,0,1,2025-12-27,WhaleFlame,983,24,3,1,2,0.3333333333333333
130,4,0,1,2025-12-27,WizardArc,973,27,4,1,3,0.25
130,10,1,0,2025-12-27,KnightMail,1044,7,10,6,4,0.6
130,6,0,1,2025-12-27,BlackShell,977,26,6,2,4,0.3333333333333333
130,5,0,1,2025-12-27,PerseusDark,983,23,5,2,3,0.4
130,8,1,0,2025-12-27,PhoenixRudder,969,28,8,3,5,0.375
130,5,0,1,2025-12-27,WhaleWave,977,25,5,2,3,0.4
130,8,0,1,2025-12-27,ViperTail,1040,9,8,5,3,0.625
130,8,0,1,2025-12-27,ScorpioSpear,1033,11,8,5,3,0.625
130,14,0,1,2025-12-27,TuskMammoth,1039,10,14,9,5,0.6428571428571429
131,5,0,1,2025-12-27,WhaleWave,977,26,5,2,3,0.4
131,7,1,0,2025-12-27,BlackShell,963,30,7,2,5,0.2857142857142857
131,6,1,0,2025-12-27,LeonCrest,978,25,6,2,4,0.3333333333333333
132,3,0,1,2025-12-27,WhaleFlame,983,25,3,1,2,0.3333333333333333
132,6,0,1,2025-12-27,LeonCrest,978,26,6,2,4,0.3333333333333333
132,5,1,0,2025-12-27,WizardArc,958,31,5,1,4,0.2
132,5,0,1,2025-12-27,HellsReaper,960,30,5,1,4,0.2
132,7,0,1,2025-12-27,BlackShell,963,29,7,2,5,0.2857142857142857
132,5,0,1,2025-12-27,DranBuster,991,22,5,2,3,0.4
132,6,0,1,2025-12-27,TyrannoBeat,967,28,6,2,4,0.3333333333333333
132,8,0,1,2025-12-27,PhoenixRudder,969,27,8,3,5,0.375
132,6,1,0,2025-12-27,WhaleWave,992,21,6,3,3,0.5
132,8,0,1,2025-12-27,DranBrave,989,23,8,3,5,0.375
132,5,0,1,2025-12-27,PerseusDark,983,24,5,2,3,0.4
133,5,0,1,2025-12-27,HellsChain,993,19,5,2,3,0.4
133,6,0,1,2025-12-27,GolemRock,997,14,6,3,3,0.5
133,8,0,1,2025-12-27,UnicornSting,996,15,8,4,4,0.5
133,7,1,0,2025-12-27,SilverWolf,992,21,7,3,4,0.42857142857142855
133,8,0,1,2025-12-27,PhoenixWing,995,16,8,4,4,0.5
133,8,0,1,2025-12-27,WizardRod,995,17,8,4,4,0.5
133,10,1,0,2025-12-27,SharkEdge,1027,12,10,6,4,0.6
133,10,0,1,2025-12-27,DranDagger,1022,13,10,6,4,0.6
133,6,0,1,2025-12-27,WhaleWave,992,20,6,3,3,0.5
133,5,0,1,2025-12-27,LeonClaw,994,18,5,2,3,0.4
134,3,0,1,2025-12-27,WhaleFlame,983,24,3,1,2,0.3333333333333333
134,6,0,1,2025-12-27,LeonCrest,978,25,6,2,4,0.3333333333333333
134,6,0,1,2025-12-27,GolemRock,997,15,6,3,3,0.5
134,8,0,1,2025-12-27,UnicornSting,996,16,8,4,4,0.5
134,9,1,0,2025-12-27,PhoenixWing,974,26,9,4,5,0.4444444444444444
134,6,1,0,2025-12-27,DranBuster,1014,14,6,3,3,0.5
134,8,0,1,2025-12-27,DranBrave,989,22,8,3,5,0.375
134,5,0,1,2025-12-27,PerseusDark,983,23,5,2,3,0.4
135,6,1,0,2025-12-27,HellsChain,976,25,6,2,4,0.3333333333333333
135,3,0,1,2025-12-27,WhaleFlame,983,23,3,1,2,0.3333333333333333
135,6,0,1,2025-12-27,LeonCrest,978,24,6,2,4,0.3333333333333333
135,6,0,1,2025-12-27,GolemRock,997,16,6,3,3,0.5
135,8,0,1,2025-12-27,UnicornSting,996,17,8,4,4,0.5
135,8,0,1,2025-12-27,WizardRod,995,18,8,4,4,0.5
135,5,0,1,2025-12-27,LeonClaw,994,19,5,2,3,0.4
135,6,1,0,2025-12-27,PerseusDark,1002,15,6,3,3,0.5
136,3,0,1,2025-12-27,WhaleFlame,983,22,3,1,2,0.3333333333333333
136,6,0,1,2025-12-27,LeonCrest,978,23,6,2,4,0.3333333333333333
136,7,1,0,2025-12-27,GolemRock,1013,15,7,4,3,0.5714285714285714
136,7,0,1,2025-12-27,SilverWolf,992,20,7,3,4,0.42857142857142855
136,7,1,0,2025-12-27,WhaleWave,977,24,7,3,4,0.42857142857142855
136,8,0,1,2025-12-27,DranBrave,989,21,8,3,5,0.375
136,6,0,1,2025-12-27,PerseusDark,1002,16,6,3,3,0.5
137,7,0,1,2025-12-27,GolemRock,1013,14,7,4,3,0.5714285714285714
137,8,0,1,2025-12-27,UnicornSting,996,16,8,4,4,0.5
137,15,0,1,2025-12-27,ImpactDrake,1120,2,15,12,3,0.8
137,8,0,1,2025-12-27,WizardRod,995,17,8,4,4,0.5
137,7,1,0,2025-12-27,DranBuster,994,18,7,3,4,0.42857142857142855
137,6,0,1,2025-12-27,PerseusDark,1002,15,6,3,3,0.5
137,15,1,0,2025-12-27,FoxBrush,1120,1,15,12,3,0.8
138,10,1,0,2025-12-27,CerberusFlame,1025,13,10,6,4,0.6
138,8,1,0,2025-12-27,GolemRock,1035,10,8,5,3,0.625
138,10,0,1,2025-12-27,DranDagger,1022,14,10,6,4,0.6
138,14,0,1,2025-12-27,TuskMammoth,1039,9,14,9,5,0.6428571428571429
138,8,0,1,2025-12-27,ViperTail,1040,8,8,5,3,0.625
139,10,0,1,2025-12-27,CerberusFlame,1025,14,10,6,4,0.6
139,8,0,1,2025-12-27,UnicornSting,996,15,8,4,4,0.5
139,7,0,1,2025-12-27,SilverWolf,992,19,7,3,4,0.42857142857142855
139,8,0,1,2025-12-27,WizardRod,995,16,8,4,4,0.5
139,10,0,1,2025-12-27,SharkEdge,1027,13,10,6,4,0.6
139,7,0,1,2025-12-27,DranBuster,994,17,7,3,4,0.42857142857142855
139,11,1,0,2025-12-27,DranDagger,1032,12,11,7,4,0.6363636363636364
139,5,0,1,2025-12-27,LeonClaw,994,18,5,2,3,0.4
139,7,1,0,2025-12-27,PerseusDark,989,20,7,3,4,0.42857142857142855
140,10,0,1,2025-12-27,CerberusFlame,1025,13,10,6,4,0.6
140,10,0,1,2025-12-27,KnightMail,1044,8,10,6,4,0.6
140,10,0,1,2025-12-27,SharkEdge,1027,12,10,6,4,0.6
140,11,0,1,2025-12-27,DranDagger,1032,11,11,7,4,0.6363636363636364
140,15,1,0,2025-12-27,TuskMammoth,1047,7,15,10,5,0.6666666666666666
140,8,0,1,2025-12-27,ViperTail,1040,9,8,5,3,0.625
140,9,1,0,2025-12-27,ScorpioSpear,1020,14,9,5,4,0.5555555555555556
141,6,1,0,2025-12-27,LeonClaw,982,23,6,2,4,0.3333333333333333
141,7,0,1,2025-12-27,SilverWolf,992,18,7,3,4,0.42857142857142855
141,7,1,0,2025-12-27,LeonCrest,990,19,7,3,4,0.42857142857142855
142,11,1,0,2025-12-27,KnightMail,1025,12,11,6,5,0.5454545454545454
142,11,1,0,2025-12-27,SharkEdge,1045,8,11,7,4,0.6363636363636364
143,10,1,0,2025-12-27,RhinoReaper,1033,10,10,6,4,0.6
143,3,0,1,2025-12-27,WhaleFlame,983,23,3,1,2,0.3333333333333333
143,6,0,1,2025-12-27,LeonClaw,982,24,6,2,4,0.3333333333333333
143,7,0,1,2025-12-27,LeonCrest,990,20,7,3,4,0.42857142857142855
143,8,0,1,2025-12-27,GolemRock,1035,9,8,5,3,0.625
143,7,0,1,2025-12-27,SilverWolf,992,19,7,3,4,0.42857142857142855
143,11,0,1,2025-12-27,SharkEdge,1045,7,11,7,4,0.6363636363636364
143,15,0,1,2025-12-27,TuskMammoth,1047,6,15,10,5,0.6666666666666666
143,8,1,0,2025-12-27,WhaleWave,993,18,8,4,4,0.5
143,8,0,1,2025-12-27,DranBrave,989,22,8,3,5,0.375
143,8,0,1,2025-12-27,ViperTail,1040,8,8,5,3,0.625
143,7,0,1,2025-12-27,PerseusDark,989,21,7,3,4,0.42857142857142855
144,6,0,1,2025-12-27,HellsChain,976,26,6,2,4,0.3333333333333333
144,3,0,1,2025-12-27,WhaleFlame,983,24,3,1,2,0.3333333333333333
144,6,0,1,2025-12-27,LeonClaw,982,25,6,2,4,0.3333333333333333
144,7,0,1,2025-12-27,LeonCrest,990,21,7,3,4,0.42857142857142855
144,8,0,1,2025-12-27,UnicornSting,996,16,8,4,4,0.5
144,10,1,0,2025-12-27,PhoenixWing,997,15,10,5,5,0.5
144,16,1,0,2025-12-27,ImpactDrake,1104,2,16,12,4,0.75
144,8,0,1,2025-12-27,WizardRod,995,17,8,4,4,0.5
144,7,0,1,2025-12-27,SilverWolf,992,20,7,3,4,0.42857142857142855
144,7,0,1,2025-12-27,DranBuster,994,18,7,3,4,0.42857142857142855
144,8,0,1,2025-12-27,WhaleWave,993,19,8,4,4,0.5
144,8,0,1,2025-12-27,DranBrave,989,23,8,3,5,0.375
144,7,0,1,2025-12-27,PerseusDark,989,22,7,3,4,0.42857142857142855
145,3,0,1,2025-12-27,WhaleFlame,983,23,3,1,2,0.3333333333333333
145,6,0,1,2025-12-27,LeonClaw,982,24,6,2,4,0.3333333333333333
145,8,0,1,2025-12-27,UnicornSting,996,17,8,4,4,0.5
145,10,0,1,2025-12-27,PhoenixWing,997,16,10,5,5,0.5
145,8,1,0,2025-12-27,SilverWolf,980,25,8,3,5,0.375
145,8,0,1,2025-12-27,WizardRod,995,18,8,4,4,0.5
145,7,0,1,2025-12-27,DranBuster,994,19,7,3,4,0.42857142857142855
145,8,0,1,2025-12-27,WhaleWave,993,20,8,4,4,0.5
145,9,1,0,2025-12-27,DranBrave,999,15,9,4,5,0.4444444444444444
146,7,1,0,2025-12-27,HellsChain,994,19,7,3,4,0.42857142857142855
146,3,0,1,2025-12-27,WhaleFlame,983,24,3,1,2,0.3333333333333333
146,7,0,1,2025-12-27,LeonCrest,990,22,7,3,4,0.42857142857142855
146,5,0,1,2025-12-27,CrimsonGaruda,957,31,5,1,4,0.2
146,5,0,1,2025-12-27,HellsReaper,960,29,5,1,4,0.2
146,5,0,1,2025-12-27,WizardArc,958,30,5,1,4,0.2
146,8,0,1,2025-12-27,SilverWolf,980,26,8,3,5,0.375
146,8,1,0,2025-12-27,BlackShell,943,32,8,2,6,0.25
146,7,0,1,2025-12-27,DranBuster,994,20,7,3,4,0.42857142857142855
146,8,0,1,2025-12-27,WhaleWave,993,21,8,4,4,0.5
146,6,0,1,2025-12-27,LeonClaw,982,25,6,2,4,0.3333333333333333
146,7,0,1,2025-12-27,PerseusDark,989,23,7,3,4,0.42857142857142855
147,4,1,0,2025-12-27,WhaleFlame,964,28,4,1,3,0.25
147,9,1,0,2025-12-27,UnicornSting,1011,15,9,5,4,0.5555555555555556
147,9,0,1,2025-12-27,DranBrave,999,16,9,4,5,0.4444444444444444
147,10,0,1,2025-12-27,PhoenixWing,997,17,10,5,5,0.5
147,8,0,1,2025-12-27,SilverWolf,980,25,8,3,5,0.375
147,6,0,1,2025-12-27,TyrannoBeat,967,27,6,2,4,0.3333333333333333
147,8,0,1,2025-12-27,PhoenixRudder,969,26,8,3,5,0.375
147,6,0,1,2025-12-27,LeonClaw,982,24,6,2,4,0.3333333333333333
148,4,0,1,2025-12-27,WhaleFlame,964,27,4,1,3,0.25
148,5,0,1,2025-12-27,CrimsonGaruda,957,30,5,1,4,0.2
148,5,0,1,2025-12-27,HellsReaper,960,28,5,1,4,0.2
148,5,0,1,2025-12-27,WizardArc,958,29,5,1,4,0.2
148,10,0,1,2025-12-27,PhoenixWing,997,18,10,5,5,0.5
148,9,1,0,2025-12-27,WizardRod,1010,16,9,5,4,0.5555555555555556
148,6,0,1,2025-12-27,TyrannoBeat,967,26,6,2,4,0.3333333333333333
148,9,1,0,2025-12-27,PhoenixRudder,952,31,9,3,6,0.3333333333333333
148,9,0,1,2025-12-27,DranBrave,999,17,9,4,5,0.4444444444444444
149,4,0,1,2025-12-27,WhaleFlame,964,28,4,1,3,0.25
149,5,0,1,2025-12-27,CrimsonGaruda,957,29,5,1,4,0.2
149,6,1,0,2025-12-27,WizardArc,943,31,6,1,5,0.16666666666666666
149,6,1,0,2025-12-27,HellsReaper,973,26,6,2,4,0.3333333333333333
149,6,0,1,2025-12-27,TyrannoBeat,967,27,6,2,4,0.3333333333333333
149,9,0,1,2025-12-27,PhoenixRudder,952,30,9,3,6,0.3333333333333333
150,6,1,0,2025-12-27,CrimsonGaruda,973,27,6,2,4,0.3333333333333333
150,7,1,0,2025-12-27,TyrannoBeat,953,29,7,2,5,0.2857142857142857
151,7,0,1,2025-12-27,HellsChain,994,20,7,3,4,0.42857142857142855
151,7,0,1,2025-12-27,LeonCrest,990,23,7,3,4,0.42857142857142855
151,9,0,1,2025-12-27,DranBrave,999,16,9,4,5,0.4444444444444444
151,10,1,0,2025-12-27,WizardRod,999,17,10,5,5,0.5
151,7,0,1,2025-12-27,DranBuster,994,21,7,3,4,0.42857142857142855
151,8,0,1,2025-12-27,WhaleWave,993,22,8,4,4,0.5
151,7,1,0,2025-12-27,LeonClaw,996,19,7,3,4,0.42857142857142855
151,7,0,1,2025-12-27,PerseusDark,989,24,7,3,4,0.42857142857142855
152,11,1,0,2025-12-27,CerberusFlame,1033,10,11,7,4,0.6363636363636364
152,10,0,1,2025-12-27,RhinoReaper,1033,11,10,6,4,0.6
152,4,0,1,2025-12-27,WhaleFlame,964,27,4,1,3,0.25
152,7,1,0,2025-12-27,CrimsonGaruda,963,28,7,2,5,0.2857142857142857
152,11,0,1,2025-12-27,KnightMail,1025,13,11,6,5,0.5454545454545454
152,11,0,1,2025-12-27,DranDagger,1032,12,11,7,4,0.6363636363636364
153,10,0,1,2025-12-27,WizardRod,999,16,10,5,5,0.5
153,10,1,0,2025-12-27,UnicornSting,999,17,10,5,5,0.5
153,10,1,0,2025-12-27,DranBrave,1012,15,10,5,5,0.5
154,8,1,0,2025-12-27,HellsChain,978,26,8,3,5,0.375
154,7,1,0,2025-12-27,HellsReaper,991,22,7,3,4,0.42857142857142855
154,8,0,1,2025-12-27,WhaleWave,993,21,8,4,4,0.5
154,7,0,1,2025-12-27,DranBuster,994,20,7,3,4,0.42857142857142855
155,10,0,1,2025-12-27,UnicornSting,999,18,10,5,5,0.5
155,11,1,0,2025-12-27,PhoenixWing,1012,15,11,6,5,0.5454545454545454
155,12,1,0,2025-12-27,KnightMail,1010,16,12,6,6,0.5
155,10,0,1,2025-12-27,WizardRod,999,17,10,5,5,0.5
155,10,0,1,2025-12-27,DranBrave,1012,14,10,5,5,0.5
155,9,0,1,2025-12-27,ScorpioSpear,1020,13,9,5,4,0.5555555555555556
156,7,0,1,2025-12-27,LeonCrest,990,22,7,3,4,0.42857142857142855
156,7,0,1,2025-12-27,HellsReaper,991,21,7,3,4,0.42857142857142855
156,8,1,0,2025-12-27,DranBuster,983,24,8,3,5,0.375
156,11,0,1,2025-12-27,DranDagger,1032,13,11,7,4,0.6363636363636364
156,7,0,1,2025-12-27,PerseusDark,989,23,7,3,4,0.42857142857142855
156,8,0,1,2025-12-27,WhaleWave,993,20,8,4,4,0.5
156,10,1,0,2025-12-27,ScorpioSpear,1032,12,10,6,4,0.6
157,11,1,0,2025-12-27,RhinoReaper,1020,13,11,6,5,0.5454545454545454
157,7,0,1,2025-12-27,LeonCrest,990,23,7,3,4,0.42857142857142855
157,7,0,1,2025-12-27,HellsReaper,991,22,7,3,4,0.42857142857142855
157,10,0,1,2025-12-27,UnicornSting,999,19,10,5,5,0.5
157,10,0,1,2025-12-27,WizardRod,999,18,10,5,5,0.5
157,11,0,1,2025-12-27,DranDagger,1032,12,11,7,4,0.6363636363636364
157,8,1,0,2025-12-27,PerseusDark,1004,17,8,4,4,0.5
157,8,0,1,2025-12-27,WhaleWave,993,21,8,4,4,0.5
157,7,0,1,2025-12-27,LeonClaw,996,20,7,3,4,0.42857142857142855
157,10,0,1,2025-12-27,ScorpioSpear,1032,11,10,6,4,0.6
158,11,0,1,2025-12-27,CerberusFlame,1033,11,11,7,4,0.6363636363636364
158,8,0,1,2025-12-27,GolemRock,1035,10,8,5,3,0.625
158,10,0,1,2025-12-27,UnicornSting,999,18,10,5,5,0.5
158,12,1,0,2025-12-27,PhoenixWing,998,19,12,6,6,0.5
158,12,0,1,2025-12-27,KnightMail,1010,15,12,6,6,0.5
158,10,0,1,2025-12-27,WizardRod,999,17,10,5,5,0.5
158,11,0,1,2025-12-27,SharkEdge,1045,8,11,7,4,0.6363636363636364
158,8,0,1,2025-12-27,PerseusDark,1004,16,8,4,4,0.5
158,15,0,1,2025-12-27,TuskMammoth,1047,7,15,10,5,0.6666666666666666
158,8,0,1,2025-12-27,ViperTail,1040,9,8,5,3,0.625
158,11,1,0,2025-12-27,ScorpioSpear,1049,6,11,7,4,0.6363636363636364
159,8,1,0,2025-12-27,HellsReaper,1003,16,8,4,4,0.5
159,9,1,0,2025-12-27,PerseusDark,992,22,9,4,5,0.4444444444444444
160,8,1,0,2025-12-27,LeonCrest,1000,17,8,4,4,0.5
160,10,0,1,2025-12-27,UnicornSting,999,19,10,5,5,0.5
160,12,0,1,2025-12-27,PhoenixWing,998,20,12,6,6,0.5
160,10,0,1,2025-12-27,WizardRod,999,18,10,5,5,0.5
160,8,0,1,2025-12-27,DranBuster,983,23,8,3,5,0.375
160,9,1,0,2025-12-27,WhaleWave,983,24,9,4,5,0.4444444444444444
160,7,0,1,2025-12-27,LeonClaw,996,21,7,3,4,0.42857142857142855
161,12,1,0,2025-12-27,CerberusFlame,1017,13,12,7,5,0.5833333333333334
161,11,0,1,2025-12-27,RhinoReaper,1020,12,11,6,5,0.5454545454545454
161,11,0,1,2025-12-27,DranDagger,1032,11,11,7,4,0.6363636363636364
161,9,1,0,2025-12-27,DranSword,1078,3,9,7,2,0.7777777777777778
162,12,0,1,2025-12-27,CerberusFlame,1017,12,12,7,5,0.5833333333333334
162,11,0,1,2025-12-27,RhinoReaper,1020,11,11,6,5,0.5454545454545454
162,8,0,1,2025-12-27,LeonCrest,1000,18,8,4,4,0.5
162,8,0,1,2025-12-27,HellsReaper,1003,17,8,4,4,0.5
162,10,0,1,2025-12-27,UnicornSting,999,20,10,5,5,0.5
162,10,0,1,2025-12-27,DranBrave,1012,15,10,5,5,0.5
162,12,0,1,2025-12-27,PhoenixWing,998,21,12,6,6,0.5
162,12,0,1,2025-12-27,KnightMail,1010,16,12,6,6,0.5
162,10,0,1,2025-12-27,WizardRod,999,19,10,5,5,0.5
162,12,1,0,2025-12-27,DranDagger,1013,14,12,7,5,0.5833333333333334
162,8,1,0,2025-12-27,LeonClaw,1016,13,8,4,4,0.5
163,6,0,1,2025-12-27,WeissTiger,1051,6,6,4,2,0.6666666666666666
163,9,1,0,2025-12-27,GolemRock,1066,4,9,6,3,0.6666666666666666
163,16,0,1,2025-12-27,ImpactDrake,1104,1,16,12,4,0.75
163,9,0,1,2025-12-27,CobaltDragoon,1053,5,9,6,3,0.6666666666666666
163,11,0,1,2025-12-27,SharkEdge,1045,9,11,7,4,0.6363636363636364
163,15,0,1,2025-12-27,TuskMammoth,1047,8,15,10,5,0.6666666666666666
163,8,0,1,2025-12-27,ViperTail,1040,10,8,5,3,0.625
163,11,0,1,2025-12-27,ScorpioSpear,1049,7,11,7,4,0.6363636363636364
163,16,1,0,2025-12-27,FoxBrush,1096,2,16,12,4,0.75
164,7,1,0,2025-12-27,WeissTiger,1064,5,7,5,2,0.7142857142857143
164,8,0,1,2025-12-27,HellsReaper,1003,16,8,4,4,0.5
164,12,0,1,2025-12-27,KnightMail,1010,15,12,6,6,0.5
164,9,0,1,2025-12-27,CobaltDragoon,1053,6,9,6,3,0.6666666666666666
164,11,1,0,2025-12-27,DranBrave,1002,17,11,5,6,0.45454545454545453
165,9,0,1,2025-12-27,CobaltDragoon,1053,7,9,6,3,0.6666666666666666
165,12,1,0,2025-12-27,SharkEdge,1030,10,12,7,5,0.5833333333333334
165,16,1,0,2025-12-27,TuskMammoth,1056,6,16,11,5,0.6875
165,8,0,1,2025-12-27,ViperTail,1040,9,8,5,3,0.625
165,11,0,1,2025-12-27,ScorpioSpear,1049,8,11,7,4,0.6363636363636364
166,9,0,1,2025-12-27,CobaltDragoon,1053,8,9,6,3,0.6666666666666666
166,12,0,1,2025-12-27,SharkEdge,1030,9,12,7,5,0.5833333333333334
166,16,0,1,2025-12-27,TuskMammoth,1056,7,16,11,5,0.6875
166,9,1,0,2025-12-27,ViperTail,1064,6,9,6,3,0.6666666666666666
166,12,1,0,2025-12-27,ScorpioSpear,1025,10,12,7,5,0.5833333333333334
167,12,0,1,2025-12-27,CerberusFlame,1017,13,12,7,5,0.5833333333333334
167,11,0,1,2025-12-27,RhinoReaper,1020,12,11,6,5,0.5454545454545454
167,9,1,0,2025-12-27,HellsReaper,1024,11,9,5,4,0.5555555555555556
167,12,0,1,2025-12-27,KnightMail,1010,16,12,6,6,0.5
167,10,1,0,2025-12-27,CobaltDragoon,1032,8,10,6,4,0.6
167,12,0,1,2025-12-27,DranDagger,1013,15,12,7,5,0.5833333333333334
167,8,0,1,2025-12-27,LeonClaw,1016,14,8,4,4,0.5
168,12,0,1,2025-12-27,KnightMail,1010,15,12,6,6,0.5
168,9,1,0,2025-12-27,LeonClaw,1005,16,9,4,5,0.4444444444444444
168,12,0,1,2025-12-27,DranDagger,1013,14,12,7,5,0.5833333333333334
168,10,1,0,2025-12-27,DranSword,1091,3,10,8,2,0.8
169,9,0,1,2025-12-27,GolemRock,1066,5,9,6,3,0.6666666666666666
169,8,1,0,2025-12-27,WeissTiger,1041,7,8,5,3,0.625
169,17,1,0,2025-12-27,TuskMammoth,1069,4,17,12,5,0.7058823529411765
170,12,0,1,2025-12-27,CerberusFlame,1017,14,12,7,5,0.5833333333333334
170,8,0,1,2025-12-27,WeissTiger,1041,6,8,5,3,0.625
170,11,0,1,2025-12-27,RhinoReaper,1020,13,11,6,5,0.5454545454545454
170,9,1,0,2025-12-27,LeonCrest,1021,12,9,5,4,0.5555555555555556
170,11,0,1,2025-12-27,DranBrave,1002,18,11,5,6,0.45454545454545453
170,12,0,1,2025-12-27,KnightMail,1010,16,12,6,6,0.5
170,12,0,1,2025-12-27,DranDagger,1013,15,12,7,5,0.5833333333333334
170,9,0,1,2025-12-27,LeonClaw,1005,17,9,4,5,0.4444444444444444
170,10,1,0,2025-12-27,ViperTail,1038,7,10,6,4,0.6
171,11,0,1,2025-12-27,RhinoReaper,1020,12,11,6,5,0.5454545454545454
171,12,0,1,2025-12-27,CerberusFlame,1017,13,12,7,5,0.5833333333333334
171,9,0,1,2025-12-27,LeonCrest,1021,11,9,5,4,0.5555555555555556
171,10,1,0,2025-12-27,GolemRock,1079,4,10,7,3,0.7
171,10,1,0,2025-12-27,HellsReaper,1013,15,10,5,5,0.5
171,12,0,1,2025-12-27,DranDagger,1013,14,12,7,5,0.5833333333333334
171,17,0,1,2025-12-27,TuskMammoth,1069,5,17,12,5,0.7058823529411765
172,8,0,1,2025-12-27,WeissTiger,1041,7,8,5,3,0.625
172,10,1,0,2025-12-27,LeonCrest,1044,6,10,6,4,0.6
172,10,0,1,2025-12-27,GolemRock,1079,3,10,7,3,0.7
172,10,0,1,2025-12-27,CobaltDragoon,1032,9,10,6,4,0.6
172,12,0,1,2025-12-27,SharkEdge,1030,10,12,7,5,0.5833333333333334
172,17,0,1,2025-12-27,TuskMammoth,1069,4,17,12,5,0.7058823529411765
172,10,0,1,2025-12-27,ViperTail,1038,8,10,6,4,0.6
172,12,0,1,2025-12-27,ScorpioSpear,1025,11,12,7,5,0.5833333333333334
172,11,1,0,2025-12-27,DranSword,1065,5,11,8,3,0.7272727272727273
173,11,1,0,2025-12-27,GolemRock,1061,5,11,7,4,0.6363636363636364
173,11,0,1,2025-12-27,DranSword,1065,4,11,8,3,0.7272727272727273
173,18,1,0,2025-12-27,TuskMammoth,1080,3,18,13,5,0.7222222222222222
174,12,1,0,2025-12-27,GolemRock,1043,6,12,7,5,0.5833333333333334
174,18,0,1,2025-12-27,TuskMammoth,1080,4,18,13,5,0.7222222222222222
174,12,1,0,2025-12-27,DranSword,1082,3,12,9,3,0.75
174,10,0,1,2025-12-27,LeonCrest,1044,5,10,6,4,0.6
175,19,1,0,2025-12-27,TuskMammoth,1059,5,19,13,6,0.6842105263157895
175,11,1,0,2025-12-27,LeonCrest,1074,4,11,7,4,0.6363636363636364
176,1,1,0,2026-01-04,SolEclipse,1016,14,1,1,0,1.0
176,10,0,1,2026-01-04,HellsReaper,1013,16,10,5,5,0.5
176,12,0,1,2026-01-04,KnightMail,1010,17,12,6,6,0.5
176,7,0,1,2026-01-04,TyrannoBeat,953,31,7,2,5,0.2857142857142857
176,6,0,1,2026-01-04,SamuraiSaber,888,38,6,0,6,0.0
176,4,0,1,2026-01-04,WhaleFlame,964,29,4,1,3,0.25
176,6,0,1,2026-01-04,WizardArc,943,33,6,1,5,0.16666666666666666
176,10,0,1,2026-01-04,UnicornSting,999,21,10,5,5,0.5
176,8,0,1,2026-01-04,SilverWolf,980,27,8,3,5,0.375
176,5,0,1,2026-01-04,HellsHammer,900,37,5,0,5,0.0
176,12,0,1,2026-01-04,DranDagger,1013,15,12,7,5,0.5833333333333334
176,11,0,1,2026-01-04,DranBrave,1002,19,11,5,6,0.45454545454545453
176,8,0,1,2026-01-04,HellsChain,978,28,8,3,5,0.375
176,4,0,1,2026-01-04,PegasusBlast,923,35,4,0,4,0.0
176,7,0,1,2026-01-04,CrimsonGaruda,963,30,7,2,5,0.2857142857142857
176,1,1,0,2026-01-04,CobaltDrake,984,24,1,0,1,0.0
176,8,0,1,2026-01-04,DranBuster,983,25,8,3,5,0.375
176,9,0,1,2026-01-04,PhoenixRudder,952,32,9,3,6,0.3333333333333333
176,9,0,1,2026-01-04,WhaleWave,983,26,9,4,5,0.4444444444444444
176,9,0,1,2026-01-04,LeonClaw,1005,18,9,4,5,0.4444444444444444
176,9,0,1,2026-01-04,PerseusDark,992,23,9,4,5,0.4444444444444444
176,12,0,1,2026-01-04,PhoenixWing,998,22,12,6,6,0.5
176,10,0,1,2026-01-04,WizardRod,999,20,10,5,5,0.5
176,8,0,1,2026-01-04,BlackShell,943,34,8,2,6,0.25
176,5,0,1,2026-01-04,WizardArrow,909,36,5,0,5,0.0
177,2,1,0,2026-01-04,SolEclipse,1000,20,2,1,1,0.5
177,7,0,1,2026-01-04,TyrannoBeat,953,32,7,2,5,0.2857142857142857
177,6,0,1,2026-01-04,SamuraiSaber,888,39,6,0,6,0.0
177,4,0,1,2026-01-04,WhaleFlame,964,30,4,1,3,0.25
177,6,0,1,2026-01-04,WizardArc,943,34,6,1,5,0.16666666666666666
177,10,0,1,2026-01-04,UnicornSting,999,22,10,5,5,0.5
177,8,0,1,2026-01-04,SilverWolf,980,28,8,3,5,0.375
177,5,0,1,2026-01-04,HellsHammer,900,38,5,0,5,0.0
177,8,0,1,2026-01-04,HellsChain,978,29,8,3,5,0.375
177,1,1,0,2026-01-04,SharkScale,1015,14,1,1,0,1.0
177,4,0,1,2026-01-04,PegasusBlast,923,36,4,0,4,0.0
177,7,0,1,2026-01-04,CrimsonGaruda,963,31,7,2,5,0.2857142857142857
177,1,0,1,2026-01-04,CobaltDrake,984,25,1,0,1,0.0
177,8,0,1,2026-01-04,DranBuster,983,26,8,3,5,0.375
177,9,0,1,2026-01-04,PhoenixRudder,952,33,9,3,6,0.3333333333333333
177,9,0,1,2026-01-04,WhaleWave,983,27,9,4,5,0.4444444444444444
177,9,0,1,2026-01-04,PerseusDark,992,24,9,4,5,0.4444444444444444
177,12,0,1,2026-01-04,PhoenixWing,998,23,12,6,6,0.5
177,10,0,1,2026-01-04,WizardRod,999,21,10,5,5,0.5
177,8,0,1,2026-01-04,BlackShell,943,35,8,2,6,0.25
177,5,0,1,2026-01-04,WizardArrow,909,37,5,0,5,0.0
178,8,0,1,2026-01-04,HellsChain,978,28,8,3,5,0.375
178,8,0,1,2026-01-04,SilverWolf,980,27,8,3,5,0.375
178,2,1,0,2026-01-04,CobaltDrake,977,29,2,0,2,0.0
178,8,0,1,2026-01-04,DranBuster,983,25,8,3,5,0.375
178,9,0,1,2026-01-04,WhaleWave,983,26,9,4,5,0.4444444444444444
178,17,1,0,2026-01-04,FoxBrush,1100,2,17,13,4,0.7647058823529411
179,9,1,0,2026-01-04,HellsChain,1003,19,9,4,5,0.4444444444444444
179,9,1,0,2026-01-04,WeissTiger,1017,13,9,5,4,0.5555555555555556
179,11,0,1,2026-01-04,RhinoReaper,1020,11,11,6,5,0.5454545454545454
179,12,0,1,2026-01-04,CerberusFlame,1017,12,12,7,5,0.5833333333333334
179,2,0,1,2026-01-04,SolEclipse,1000,21,2,1,1,0.5
179,10,0,1,2026-01-04,UnicornSting,999,23,10,5,5,0.5
179,12,0,1,2026-01-04,PhoenixWing,998,24,12,6,6,0.5
179,8,0,1,2026-01-04,SilverWolf,980,28,8,3,5,0.375
179,10,0,1,2026-01-04,WizardRod,999,22,10,5,5,0.5
179,10,0,1,2026-01-04,CobaltDragoon,1032,8,10,6,4,0.6
179,12,0,1,2026-01-04,SharkEdge,1030,9,12,7,5,0.5833333333333334
179,8,0,1,2026-01-04,DranBuster,983,26,8,3,5,0.375
179,9,0,1,2026-01-04,PerseusDark,992,25,9,4,5,0.4444444444444444
179,9,0,1,2026-01-04,WhaleWave,983,27,9,4,5,0.4444444444444444
179,11,0,1,2026-01-04,DranBrave,1002,20,11,5,6,0.45454545454545453
179,10,0,1,2026-01-04,ViperTail,1038,7,10,6,4,0.6
179,12,0,1,2026-01-04,ScorpioSpear,1025,10,12,7,5,0.5833333333333334
180,11,0,1,2026-01-04,RhinoReaper,1020,12,11,6,5,0.5454545454545454
180,12,0,1,2026-01-04,CerberusFlame,1017,13,12,7,5,0.5833333333333334
180,9,0,1,2026-01-04,WeissTiger,1017,14,9,5,4,0.5555555555555556
180,1,0,1,2026-01-04,SharkScale,1015,15,1,1,0,1.0
180,12,1,0,2026-01-04,LeonCrest,1042,6,12,7,5,0.5833333333333334
180,12,0,1,2026-01-04,GolemRock,1043,5,12,7,5,0.5833333333333334
180,11,1,0,2026-01-04,HellsReaper,1036,8,11,6,5,0.5454545454545454
180,10,0,1,2026-01-04,CobaltDragoon,1032,9,10,6,4,0.6
180,12,0,1,2026-01-04,SharkEdge,1030,10,12,7,5,0.5833333333333334
180,12,0,1,2026-01-04,DranDagger,1013,16,12,7,5,0.5833333333333334
180,19,0,1,2026-01-04,TuskMammoth,1059,4,19,13,6,0.6842105263157895
180,12,0,1,2026-01-04,ScorpioSpear,1025,11,12,7,5,0.5833333333333334
181,9,0,1,2026-01-04,HellsChain,1003,20,9,4,5,0.4444444444444444
181,12,1,0,2026-01-04,DranBrave,1011,17,12,6,6,0.5
181,8,0,1,2026-01-04,SilverWolf,980,27,8,3,5,0.375
181,12,0,1,2026-01-04,KnightMail,1010,18,12,6,6,0.5
181,2,0,1,2026-01-04,CobaltDrake,977,28,2,0,2,0.0
181,9,1,0,2026-01-04,DranBuster,973,29,9,3,6,0.3333333333333333
181,9,0,1,2026-01-04,WhaleWave,983,26,9,4,5,0.4444444444444444
181,9,0,1,2026-01-04,LeonClaw,1005,19,9,4,5,0.4444444444444444
182,13,1,0,2026-01-04,GolemRock,1051,5,13,8,5,0.6153846153846154
182,10,0,1,2026-01-04,UnicornSting,999,22,10,5,5,0.5
182,12,0,1,2026-01-04,PhoenixWing,998,23,12,6,6,0.5
182,11,1,0,2026-01-04,WizardRod,991,25,11,5,6,0.45454545454545453
182,9,0,1,2026-01-04,PerseusDark,992,24,9,4,5,0.4444444444444444
183,12,0,1,2026-01-04,CerberusFlame,1017,12,12,7,5,0.5833333333333334
183,11,0,1,2026-01-04,RhinoReaper,1020,11,11,6,5,0.5454545454545454
183,9,0,1,2026-01-04,WeissTiger,1017,13,9,5,4,0.5555555555555556
183,9,0,1,2026-01-04,HellsChain,1003,21,9,4,5,0.4444444444444444
183,2,0,1,2026-01-04,SolEclipse,1000,22,2,1,1,0.5
183,1,0,1,2026-01-04,SharkScale,1015,14,1,1,0,1.0
183,10,0,1,2026-01-04,UnicornSting,999,23,10,5,5,0.5
183,12,0,1,2026-01-04,PhoenixWing,998,24,12,6,6,0.5
183,13,1,0,2026-01-04,SharkEdge,1013,16,13,7,6,0.5384615384615384
183,12,0,1,2026-01-04,DranDagger,1013,15,12,7,5,0.5833333333333334
183,10,1,0,2026-01-04,PerseusDark,1008,19,10,5,5,0.5
183,9,0,1,2026-01-04,LeonClaw,1005,20,9,4,5,0.4444444444444444
183,12,0,1,2026-01-04,ScorpioSpear,1025,10,12,7,5,0.5833333333333334
184,11,0,1,2026-01-04,RhinoReaper,1020,12,11,6,5,0.5454545454545454
184,12,0,1,2026-01-04,CerberusFlame,1017,13,12,7,5,0.5833333333333334
184,9,0,1,2026-01-04,WeissTiger,1017,14,9,5,4,0.5555555555555556
184,9,0,1,2026-01-04,HellsChain,1003,20,9,4,5,0.4444444444444444
184,2,0,1,2026-01-04,SolEclipse,1000,21,2,1,1,0.5
184,2,1,0,2026-01-04,SharkScale,1040,7,2,2,0,1.0
184,11,0,1,2026-01-04,HellsReaper,1036,9,11,6,5,0.5454545454545454
184,10,0,1,2026-01-04,UnicornSting,999,22,10,5,5,0.5
184,12,0,1,2026-01-04,PhoenixWing,998,23,12,6,6,0.5
184,11,0,1,2026-01-04,WizardRod,991,24,11,5,6,0.45454545454545453
184,10,0,1,2026-01-04,CobaltDragoon,1032,10,10,6,4,0.6
184,10,1,0,2026-01-04,LeonClaw,987,25,10,4,6,0.4
184,10,0,1,2026-01-04,ViperTail,1038,8,10,6,4,0.6
184,12,0,1,2026-01-04,ScorpioSpear,1025,11,12,7,5,0.5833333333333334
185,20,1,0,2026-01-04,TuskMammoth,1062,4,20,14,6,0.7
185,7,1,0,2026-01-04,SamuraiSaber,882,39,7,0,7,0.0
186,13,1,0,2026-01-04,CerberusFlame,1034,10,13,8,5,0.6153846153846154
186,12,1,0,2026-01-04,RhinoReaper,1006,19,12,6,6,0.5
186,9,0,1,2026-01-04,WeissTiger,1017,13,9,5,4,0.5555555555555556
186,12,0,1,2026-01-04,KnightMail,1010,17,12,6,6,0.5
186,10,0,1,2026-01-04,CobaltDragoon,1032,11,10,6,4,0.6
186,13,0,1,2026-01-04,SharkEdge,1013,15,13,7,6,0.5384615384615384
186,12,0,1,2026-01-04,DranDagger,1013,14,12,7,5,0.5833333333333334
186,10,0,1,2026-01-04,PerseusDark,1008,18,10,5,5,0.5
186,12,0,1,2026-01-04,DranBrave,1011,16,12,6,6,0.5
186,12,0,1,2026-01-04,ScorpioSpear,1025,12,12,7,5,0.5833333333333334
187,13,0,1,2026-01-04,CerberusFlame,1034,11,13,8,5,0.6153846153846154
187,12,0,1,2026-01-04,RhinoReaper,1006,18,12,6,6,0.5
187,9,0,1,2026-01-04,HellsChain,1003,19,9,4,5,0.4444444444444444
187,2,0,1,2026-01-04,SolEclipse,1000,20,2,1,1,0.5
187,2,0,1,2026-01-04,SharkScale,1040,8,2,2,0,1.0
187,12,0,1,2026-01-04,LeonCrest,1042,7,12,7,5,0.5833333333333334
187,11,0,1,2026-01-04,HellsReaper,1036,10,11,6,5,0.5454545454545454
187,10,0,1,2026-01-04,UnicornSting,999,21,10,5,5,0.5
187,12,0,1,2026-01-04,PhoenixWing,998,22,12,6,6,0.5
187,13,1,0,2026-01-04,KnightMail,997,23,13,6,7,0.46153846153846156
187,11,1,0,2026-01-04,CobaltDragoon,1045,6,11,7,4,0.6363636363636364
187,10,0,1,2026-01-04,ViperTail,1038,9,10,6,4,0.6
187,10,0,1,2026-01-04,PerseusDark,1008,17,10,5,5,0.5
188,20,0,1,2026-01-04,TuskMammoth,1062,3,20,14,6,0.7
188,17,1,0,2026-01-04,ImpactDrake,1117,1,17,13,4,0.7647058823529411
188,13,1,0,2026-01-04,DranSword,1061,4,13,9,4,0.6923076923076923
189,2,0,1,2026-01-04,SolEclipse,1000,21,2,1,1,0.5
189,6,0,1,2026-01-04,WizardArc,943,33,6,1,5,0.16666666666666666
189,10,0,1,2026-01-04,UnicornSting,999,22,10,5,5,0.5
189,12,0,1,2026-01-04,PhoenixWing,998,23,12,6,6,0.5
189,13,0,1,2026-01-04,KnightMail,997,24,13,6,7,0.46153846153846156
189,11,0,1,2026-01-04,WizardRod,991,25,11,5,6,0.45454545454545453
189,8,0,1,2026-01-04,BlackShell,943,34,8,2,6,0.25
189,8,1,0,2026-01-04,TyrannoBeat,931,35,8,2,6,0.25
189,9,0,1,2026-01-04,PhoenixRudder,952,32,9,3,6,0.3333333333333333
189,10,1,0,2026-01-04,WhaleWave,1001,20,10,5,5,0.5
189,10,0,1,2026-01-04,LeonClaw,987,26,10,4,6,0.4
190,2,0,1,2026-01-04,SharkScale,1040,9,2,2,0,1.0
190,12,0,1,2026-01-04,LeonCrest,1042,8,12,7,5,0.5833333333333334
190,7,1,0,2026-01-04,WizardArc,934,34,7,1,6,0.14285714285714285
190,8,0,1,2026-01-04,BlackShell,943,33,8,2,6,0.25
190,11,0,1,2026-01-04,CobaltDragoon,1045,7,11,7,4,0.6363636363636364
190,11,1,0,2026-01-04,ViperTail,1045,6,11,7,4,0.6363636363636364
191,3,1,0,2026-01-04,SolEclipse,1021,13,3,2,1,0.6666666666666666
191,9,0,1,2026-01-04,WeissTiger,1017,14,9,5,4,0.5555555555555556
191,12,0,1,2026-01-04,RhinoReaper,1006,19,12,6,6,0.5
191,9,0,1,2026-01-04,HellsChain,1003,20,9,4,5,0.4444444444444444
191,4,0,1,2026-01-04,PegasusBlast,923,35,4,0,4,0.0
191,7,0,1,2026-01-04,WizardArc,934,33,7,1,6,0.14285714285714285
191,9,1,0,2026-01-04,BlackShell,919,36,9,2,7,0.2222222222222222
191,13,0,1,2026-01-04,SharkEdge,1013,16,13,7,6,0.5384615384615384
191,12,0,1,2026-01-04,DranDagger,1013,15,12,7,5,0.5833333333333334
191,8,0,1,2026-01-04,TyrannoBeat,931,34,8,2,6,0.25
191,10,0,1,2026-01-04,WhaleWave,1001,21,10,5,5,0.5
191,12,0,1,2026-01-04,DranBrave,1011,17,12,6,6,0.5
191,10,0,1,2026-01-04,PerseusDark,1008,18,10,5,5,0.5
192,9,0,1,2026-01-04,HellsChain,1003,21,9,4,5,0.4444444444444444
192,12,0,1,2026-01-04,RhinoReaper,1006,20,12,6,6,0.5
192,5,1,0,2026-01-04,WhaleFlame,951,32,5,1,4,0.2
192,7,0,1,2026-01-04,CrimsonGaruda,963,30,7,2,5,0.2857142857142857
192,11,1,0,2026-01-04,UnicornSting,1007,19,11,6,5,0.5454545454545454
192,9,0,1,2026-01-04,PhoenixRudder,952,31,9,3,6,0.3333333333333333
192,10,0,1,2026-01-04,WhaleWave,1001,22,10,5,5,0.5
193,8,1,0,2026-01-04,CrimsonGaruda,979,28,8,3,5,0.375
193,6,1,0,2026-01-04,WizardArrow,887,38,6,0,6,0.0
193,2,0,1,2026-01-04,CobaltDrake,977,29,2,0,2,0.0
193,9,0,1,2026-01-04,DranBuster,973,30,9,3,6,0.3333333333333333
193,5,0,1,2026-01-04,HellsHammer,900,37,5,0,5,0.0
194,10,1,0,2026-01-04,HellsChain,1021,13,10,5,5,0.5
194,3,0,1,2026-01-04,SolEclipse,1021,14,3,2,1,0.6666666666666666
194,9,0,1,2026-01-04,WeissTiger,1017,15,9,5,4,0.5555555555555556
194,12,0,1,2026-01-04,RhinoReaper,1006,21,12,6,6,0.5
194,11,0,1,2026-01-04,UnicornSting,1007,20,11,6,5,0.5454545454545454
194,13,0,1,2026-01-04,SharkEdge,1013,17,13,7,6,0.5384615384615384
194,12,0,1,2026-01-04,DranDagger,1013,16,12,7,5,0.5833333333333334
194,12,0,1,2026-01-04,DranBrave,1011,18,12,6,6,0.5
194,10,0,1,2026-01-04,PerseusDark,1008,19,10,5,5,0.5
194,18,1,0,2026-01-04,FoxBrush,1085,2,18,13,5,0.7222222222222222
195,13,0,1,2026-01-04,CerberusFlame,1034,10,13,8,5,0.6153846153846154
195,12,1,0,2026-01-04,HellsReaper,1015,16,12,6,6,0.5
195,13,0,1,2026-01-04,SharkEdge,1013,18,13,7,6,0.5384615384615384
195,12,0,1,2026-01-04,DranDagger,1013,17,12,7,5,0.5833333333333334
195,13,1,0,2026-01-04,DranBrave,1028,11,13,7,6,0.5384615384615384
196,12,0,1,2026-01-04,RhinoReaper,1006,20,12,6,6,0.5
196,14,1,0,2026-01-04,GolemRock,1064,3,14,9,5,0.6428571428571429
196,11,0,1,2026-01-04,UnicornSting,1007,19,11,6,5,0.5454545454545454
196,12,0,1,2026-01-04,PhoenixWing,998,22,12,6,6,0.5
196,13,0,1,2026-01-04,KnightMail,997,23,13,6,7,0.46153846153846156
196,20,0,1,2026-01-04,TuskMammoth,1062,4,20,14,6,0.7
196,10,0,1,2026-01-04,WhaleWave,1001,21,10,5,5,0.5
196,11,1,0,2026-01-04,PerseusDark,994,24,11,5,6,0.45454545454545453
196,13,0,1,2026-01-04,DranSword,1061,5,13,9,4,0.6923076923076923
197,13,0,1,2026-01-04,CerberusFlame,1034,9,13,8,5,0.6153846153846154
197,3,1,0,2026-01-04,SharkScale,1022,12,3,2,1,0.6666666666666666
197,14,0,1,2026-01-04,GolemRock,1064,4,14,9,5,0.6428571428571429
197,21,1,0,2026-01-04,TuskMammoth,1070,3,21,15,6,0.7142857142857143
197,13,0,1,2026-01-04,DranBrave,1028,10,13,7,6,0.5384615384615384
197,12,0,1,2026-01-04,ScorpioSpear,1025,11,12,7,5,0.5833333333333334
198,14,1,0,2026-01-04,CerberusFlame,1043,7,14,9,5,0.6428571428571429
198,12,1,0,2026-01-04,CobaltDragoon,1033,9,12,7,5,0.5833333333333334
199,12,0,1,2026-01-04,PhoenixWing,998,21,12,6,6,0.5
199,18,1,0,2026-01-04,ImpactDrake,1123,1,18,14,4,0.7777777777777778
199,13,0,1,2026-01-04,KnightMail,997,22,13,6,7,0.46153846153846156
199,11,1,0,2026-01-04,WhaleWave,994,24,11,5,6,0.45454545454545453
199,11,0,1,2026-01-04,PerseusDark,994,23,11,5,6,0.45454545454545453
200,14,0,1,2026-01-04,CerberusFlame,1043,6,14,9,5,0.6428571428571429
200,4,1,0,2026-01-04,SolEclipse,1039,8,4,3,1,0.75
200,10,0,1,2026-01-04,HellsChain,1021,14,10,5,5,0.5
200,3,0,1,2026-01-04,SharkScale,1022,13,3,2,1,0.6666666666666666
200,12,0,1,2026-01-04,LeonCrest,1042,7,12,7,5,0.5833333333333334
200,13,0,1,2026-01-04,DranBrave,1028,11,13,7,6,0.5384615384615384
200,12,1,0,2026-01-04,ViperTail,1031,10,12,7,5,0.5833333333333334
200,12,0,1,2026-01-04,ScorpioSpear,1025,12,12,7,5,0.5833333333333334
201,12,0,1,2026-01-04,RhinoReaper,1006,19,12,6,6,0.5
201,9,1,0,2026-01-04,CrimsonGaruda,995,22,9,4,5,0.4444444444444444
201,12,1,0,2026-01-04,UnicornSting,992,25,12,6,6,0.5
201,12,0,1,2026-01-04,PhoenixWing,998,20,12,6,6,0.5
201,8,0,1,2026-01-04,SilverWolf,980,28,8,3,5,0.375
201,13,0,1,2026-01-04,KnightMail,997,21,13,6,7,0.46153846153846156
201,11,0,1,2026-01-04,WizardRod,991,26,11,5,6,0.45454545454545453
201,10,0,1,2026-01-04,LeonClaw,987,27,10,4,6,0.4
202,11,1,0,2026-01-04,HellsChain,1008,18,11,5,6,0.45454545454545453
202,4,0,1,2026-01-04,SolEclipse,1039,9,4,3,1,0.75
202,9,0,1,2026-01-04,WeissTiger,1017,14,9,5,4,0.5555555555555556
202,12,0,1,2026-01-04,HellsReaper,1015,15,12,6,6,0.5
202,12,0,1,2026-01-04,CobaltDragoon,1033,10,12,7,5,0.5833333333333334
202,13,0,1,2026-01-04,SharkEdge,1013,17,13,7,6,0.5384615384615384
202,12,0,1,2026-01-04,DranDagger,1013,16,12,7,5,0.5833333333333334
202,14,1,0,2026-01-04,DranBrave,1041,8,14,8,6,0.5714285714285714
202,12,0,1,2026-01-04,ViperTail,1031,11,12,7,5,0.5833333333333334
203,15,1,0,2026-01-04,GolemRock,1081,3,15,10,5,0.6666666666666666
203,13,0,1,2026-01-04,DranSword,1061,4,13,9,4,0.6923076923076923
203,22,1,0,2026-01-04,TuskMammoth,1058,5,22,15,7,0.6818181818181818
204,15,1,0,2026-01-04,CerberusFlame,1054,6,15,10,5,0.6666666666666666
204,19,1,0,2026-01-04,ImpactDrake,1111,1,19,14,5,0.7368421052631579
205,5,1,0,2026-01-04,SolEclipse,1021,13,5,3,2,0.6
205,12,0,1,2026-01-04,RhinoReaper,1006,20,12,6,6,0.5
205,3,0,1,2026-01-04,SharkScale,1022,12,3,2,1,0.6666666666666666
205,10,1,0,2026-01-04,CrimsonGaruda,1007,19,10,5,5,0.5
205,12,0,1,2026-01-04,PhoenixWing,998,21,12,6,6,0.5
205,13,0,1,2026-01-04,KnightMail,997,22,13,6,7,0.46153846153846156
205,12,0,1,2026-01-04,CobaltDragoon,1033,9,12,7,5,0.5833333333333334
205,12,0,1,2026-01-04,ViperTail,1031,10,12,7,5,0.5833333333333334
205,12,0,1,2026-01-04,ScorpioSpear,1025,11,12,7,5,0.5833333333333334
206,12,1,0,2026-01-04,HellsChain,1001,20,12,5,7,0.4166666666666667
206,12,0,1,2026-01-04,RhinoReaper,1006,19,12,6,6,0.5
206,10,0,1,2026-01-04,CrimsonGaruda,1007,18,10,5,5,0.5
206,23,1,0,2026-01-04,TuskMammoth,1063,4,23,16,7,0.6956521739130435
206,13,0,1,2026-01-04,DranSword,1061,5,13,9,4,0.6923076923076923
207,6,1,0,2026-01-04,SolEclipse,1011,17,6,3,3,0.5
207,9,0,1,2026-01-04,WeissTiger,1017,13,9,5,4,0.5555555555555556
207,12,0,1,2026-01-04,HellsReaper,1015,14,12,6,6,0.5
207,20,1,0,2026-01-04,ImpactDrake,1117,1,20,15,5,0.75
207,13,0,1,2026-01-04,SharkEdge,1013,16,13,7,6,0.5384615384615384
207,12,0,1,2026-01-04,DranDagger,1013,15,12,7,5,0.5833333333333334
208,24,1,0,2026-01-04,TuskMammoth,1071,4,24,17,7,0.7083333333333334
208,21,1,0,2026-01-04,ImpactDrake,1107,1,21,15,6,0.7142857142857143
209,16,1,0,2026-01-04,GolemRock,1096,2,16,11,5,0.6875
209,12,0,1,2026-01-04,CobaltDragoon,1033,8,12,7,5,0.5833333333333334
209,15,1,0,2026-01-04,DranBrave,1025,11,15,8,7,0.5333333333333333
209,12,0,1,2026-01-04,ViperTail,1031,9,12,7,5,0.5833333333333334
209,12,0,1,2026-01-04,ScorpioSpear,1025,10,12,7,5,0.5833333333333334
209,18,0,1,2026-01-04,FoxBrush,1085,3,18,13,5,0.7222222222222222
210,16,1,0,2026-01-04,CerberusFlame,1038,7,16,10,6,0.625
210,9,0,1,2026-01-04,WeissTiger,1017,14,9,5,4,0.5555555555555556
210,6,0,1,2026-01-04,SolEclipse,1011,18,6,3,3,0.5
210,3,0,1,2026-01-04,SharkScale,1022,13,3,2,1,0.6666666666666666
210,12,0,1,2026-01-04,LeonCrest,1042,6,12,7,5,0.5833333333333334
210,11,1,0,2026-01-04,CrimsonGaruda,1027,10,11,6,5,0.5454545454545454
210,12,0,1,2026-01-04,HellsReaper,1015,15,12,6,6,0.5
210,13,0,1,2026-01-04,SharkEdge,1013,17,13,7,6,0.5384615384615384
210,12,0,1,2026-01-04,DranDagger,1013,16,12,7,5,0.5833333333333334
210,15,0,1,2026-01-04,DranBrave,1025,12,15,8,7,0.5333333333333333
210,12,0,1,2026-01-04,ScorpioSpear,1025,11,12,7,5,0.5833333333333334
211,11,0,1,2026-01-04,CrimsonGaruda,1027,11,11,6,5,0.5454545454545454
211,17,1,0,2026-01-04,CerberusFlame,1027,10,17,10,7,0.5882352941176471
211,16,1,0,2026-01-04,DranBrave,1040,7,16,9,7,0.5625
211,12,0,1,2026-01-04,ScorpioSpear,1025,12,12,7,5,0.5833333333333334
212,9,0,1,2026-01-04,WeissTiger,1017,13,9,5,4,0.5555555555555556
212,6,0,1,2026-01-04,SolEclipse,1011,17,6,3,3,0.5
212,12,0,1,2026-01-04,RhinoReaper,1006,18,12,6,6,0.5
212,3,0,1,2026-01-04,SharkScale,1022,12,3,2,1,0.6666666666666666
212,12,1,0,2026-01-04,CrimsonGaruda,1005,19,12,6,6,0.5
212,17,1,0,2026-01-04,GolemRock,1117,1,17,12,5,0.7058823529411765
212,12,0,1,2026-01-04,HellsReaper,1015,14,12,6,6,0.5
212,21,0,1,2026-01-04,ImpactDrake,1107,2,21,15,6,0.7142857142857143
212,13,0,1,2026-01-04,SharkEdge,1013,16,13,7,6,0.5384615384615384
212,12,0,1,2026-01-04,DranDagger,1013,15,12,7,5,0.5833333333333334
212,12,0,1,2026-01-04,ScorpioSpear,1025,11,12,7,5,0.5833333333333334
213,17,0,1,2026-01-04,CerberusFlame,1027,11,17,10,7,0.5882352941176471
213,6,0,1,2026-01-04,SolEclipse,1011,16,6,3,3,0.5
213,12,0,1,2026-01-04,RhinoReaper,1006,17,12,6,6,0.5
213,4,1,0,2026-01-04,SharkScale,1042,6,4,3,1,0.75
213,12,0,1,2026-01-04,LeonCrest,1042,7,12,7,5,0.5833333333333334
213,12,0,1,2026-01-04,CrimsonGaruda,1005,18,12,6,6,0.5
213,12,0,1,2026-01-04,CobaltDragoon,1033,9,12,7,5,0.5833333333333334
213,14,1,0,2026-01-04,SharkEdge,1001,19,14,7,7,0.5
213,16,0,1,2026-01-04,DranBrave,1040,8,16,9,7,0.5625
213,12,0,1,2026-01-04,ViperTail,1031,10,12,7,5,0.5833333333333334
213,12,0,1,2026-01-04,ScorpioSpear,1025,12,12,7,5,0.5833333333333334
214,3,1,0,2026-01-04,CobaltDrake,965,30,3,0,3,0.0
214,13,1,0,2026-01-04,CobaltDragoon,1040,8,13,8,5,0.6153846153846154
214,9,0,1,2026-01-04,DranBuster,973,29,9,3,6,0.3333333333333333
214,16,0,1,2026-01-04,DranBrave,1040,9,16,9,7,0.5625
215,17,0,1,2026-01-04,CerberusFlame,1027,10,17,10,7,0.5882352941176471
215,5,1,0,2026-01-04,SharkScale,1027,11,5,3,2,0.6
215,14,1,0,2026-01-04,CobaltDragoon,1050,6,14,9,5,0.6428571428571429
215,16,0,1,2026-01-04,DranBrave,1040,8,16,9,7,0.5625
215,12,0,1,2026-01-04,ViperTail,1031,9,12,7,5,0.5833333333333334
216,12,0,1,2026-01-04,RhinoReaper,1006,18,12,6,6,0.5
216,6,0,1,2026-01-04,SolEclipse,1011,17,6,3,3,0.5
216,12,0,1,2026-01-04,HellsChain,1001,21,12,5,7,0.4166666666666667
216,5,0,1,2026-01-04,WhaleFlame,951,31,5,1,4,0.2
216,12,0,1,2026-01-04,CrimsonGaruda,1005,19,12,6,6,0.5
216,13,1,0,2026-01-04,PhoenixWing,1013,16,13,7,6,0.5384615384615384
216,4,1,0,2026-01-04,CobaltDrake,940,32,4,0,4,0.0
216,14,0,1,2026-01-04,SharkEdge,1001,20,14,7,7,0.5
216,9,0,1,2026-01-04,PhoenixRudder,952,30,9,3,6,0.3333333333333333
217,5,0,1,2026-01-04,WhaleFlame,951,32,5,1,4,0.2
217,5,1,0,2026-01-04,PegasusBlast,907,36,5,0,5,0.0
217,5,1,0,2026-01-04,CobaltDrake,955,30,5,1,4,0.2
217,9,0,1,2026-01-04,BlackShell,919,35,9,2,7,0.2222222222222222
217,9,0,1,2026-01-04,PhoenixRudder,952,31,9,3,6,0.3333333333333333
218,6,1,0,2026-01-04,PegasusBlast,923,35,6,1,5,0.16666666666666666
218,9,0,1,2026-01-04,BlackShell,919,36,9,2,7,0.2222222222222222
218,8,1,0,2026-01-04,SamuraiSaber,867,39,8,0,8,0.0
219,17,0,1,2026-01-04,CerberusFlame,1027,11,17,10,7,0.5882352941176471
219,9,0,1,2026-01-04,WeissTiger,1017,14,9,5,4,0.5555555555555556
219,5,0,1,2026-01-04,SharkScale,1027,12,5,3,2,0.6
219,18,1,0,2026-01-04,GolemRock,1088,2,18,12,6,0.6666666666666666
219,12,0,1,2026-01-04,HellsReaper,1015,15,12,6,6,0.5
219,21,0,1,2026-01-04,ImpactDrake,1107,1,21,15,6,0.7142857142857143
219,14,1,0,2026-01-04,PhoenixWing,1033,9,14,8,6,0.5714285714285714
219,12,0,1,2026-01-04,DranDagger,1013,16,12,7,5,0.5833333333333334
219,12,0,1,2026-01-04,ViperTail,1031,10,12,7,5,0.5833333333333334
219,12,0,1,2026-01-04,ScorpioSpear,1025,13,12,7,5,0.5833333333333334
220,19,1,0,2026-01-04,GolemRock,1094,2,19,13,6,0.6842105263157895
220,10,1,0,2026-01-04,DranBuster,967,29,10,3,7,0.3
221,20,1,0,2026-01-04,GolemRock,1109,1,20,14,6,0.7
221,14,0,1,2026-01-04,CobaltDragoon,1050,5,14,9,5,0.6428571428571429
221,21,0,1,2026-01-04,ImpactDrake,1107,2,21,15,6,0.7142857142857143
221,14,1,0,2026-01-04,DranSword,1046,6,14,9,5,0.6428571428571429
222,7,1,0,2026-01-04,SolEclipse,993,24,7,3,4,0.42857142857142855
222,17,0,1,2026-01-04,CerberusFlame,1027,12,17,10,7,0.5882352941176471
222,12,0,1,2026-01-04,RhinoReaper,1006,17,12,6,6,0.5
222,12,0,1,2026-01-04,HellsChain,1001,20,12,5,7,0.4166666666666667
222,5,0,1,2026-01-04,SharkScale,1027,13,5,3,2,0.6
222,12,0,1,2026-01-04,LeonCrest,1042,8,12,7,5,0.5833333333333334
222,12,0,1,2026-01-04,CrimsonGaruda,1005,18,12,6,6,0.5
222,14,0,1,2026-01-04,PhoenixWing,1033,10,14,8,6,0.5714285714285714
222,13,0,1,2026-01-04,KnightMail,997,21,13,6,7,0.46153846153846156
222,14,0,1,2026-01-04,SharkEdge,1001,19,14,7,7,0.5
222,11,0,1,2026-01-04,PerseusDark,994,22,11,5,6,0.45454545454545453
222,11,0,1,2026-01-04,WhaleWave,994,23,11,5,6,0.45454545454545453
222,16,0,1,2026-01-04,DranBrave,1040,9,16,9,7,0.5625
222,12,0,1,2026-01-04,ViperTail,1031,11,12,7,5,0.5833333333333334
222,13,1,0,2026-01-04,ScorpioSpear,1042,7,13,8,5,0.6153846153846154
223,12,0,1,2026-01-04,HellsChain,1001,21,12,5,7,0.4166666666666667
223,8,1,0,2026-01-04,SolEclipse,1004,19,8,4,4,0.5
223,9,1,0,2026-01-04,SilverWolf,968,28,9,3,6,0.3333333333333333
223,13,0,1,2026-01-04,KnightMail,997,22,13,6,7,0.46153846153846156
223,14,0,1,2026-01-04,SharkEdge,1001,20,14,7,7,0.5
223,11,0,1,2026-01-04,WhaleWave,994,24,11,5,6,0.45454545454545453
223,11,0,1,2026-01-04,PerseusDark,994,23,11,5,6,0.45454545454545453
224,6,0,1,2026-01-04,PegasusBlast,923,34,6,1,5,0.16666666666666666
224,14,0,1,2026-01-04,CobaltDragoon,1050,6,14,9,5,0.6428571428571429
224,15,1,0,2026-01-04,DranSword,1050,5,15,10,5,0.6666666666666666
224,9,1,0,2026-01-04,TyrannoBeat,923,35,9,2,7,0.2222222222222222
257,13,1,0,2026-01-30,CrimsonGaruda,995,22,13,6,7,0.46153846153846156
257,13,1,0,2026-01-30,HellsChain,1009,17,13,6,7,0.46153846153846156
257,12,0,1,2026-01-30,RhinoReaper,1006,18,12,6,6,0.5
257,13,0,1,2026-01-30,KnightMail,997,21,13,6,7,0.46153846153846156
258,13,0,1,2026-01-30,HellsChain,1009,18,13,6,7,0.46153846153846156
258,12,0,1,2026-01-30,RhinoReaper,1006,19,12,6,6,0.5
258,8,0,1,2026-01-30,SolEclipse,1004,20,8,4,4,0.5
258,12,1,0,2026-01-30,WizardRod,981,27,12,5,7,0.4166666666666667
258,15,1,0,2026-01-30,SharkEdge,1010,17,15,8,7,0.5333333333333333
258,10,0,1,2026-01-30,LeonClaw,987,26,10,4,6,0.4
259,12,0,1,2026-01-30,UnicornSting,992,24,12,6,6,0.5
259,10,1,0,2026-01-30,SilverWolf,982,27,10,4,6,0.4
259,12,0,1,2026-01-30,WizardRod,981,28,12,5,7,0.4166666666666667
259,12,1,0,2026-01-30,WhaleWave,985,26,12,5,7,0.4166666666666667
259,10,0,1,2026-01-30,LeonClaw,987,25,10,4,6,0.4
260,13,1,0,2026-01-30,RhinoReaper,994,24,13,6,7,0.46153846153846156
260,8,0,1,2026-01-30,SolEclipse,1004,19,8,4,4,0.5
260,13,1,0,2026-01-30,UnicornSting,1003,20,13,7,6,0.5384615384615384
261,13,0,1,2026-01-30,RhinoReaper,994,25,13,6,7,0.46153846153846156
261,13,0,1,2026-01-30,KnightMail,997,22,13,6,7,0.46153846153846156
261,9,0,1,2026-01-30,TyrannoBeat,923,36,9,2,7,0.2222222222222222
261,8,0,1,2026-01-30,SamuraiSaber,867,40,8,0,8,0.0
261,5,0,1,2026-01-30,WhaleFlame,951,33,5,1,4,0.2
261,7,0,1,2026-01-30,WizardArc,934,34,7,1,6,0.14285714285714285
261,10,0,1,2026-01-30,SilverWolf,982,28,10,4,6,0.4
261,5,0,1,2026-01-30,HellsHammer,900,38,5,0,5,0.0
261,6,0,1,2026-01-30,PegasusBlast,923,35,6,1,5,0.16666666666666666
261,13,0,1,2026-01-30,CrimsonGaruda,995,23,13,6,7,0.46153846153846156
261,5,0,1,2026-01-30,CobaltDrake,955,31,5,1,4,0.2
261,10,0,1,2026-01-30,DranBuster,967,30,10,3,7,0.3
261,9,0,1,2026-01-30,PhoenixRudder,952,32,9,3,6,0.3333333333333333
261,12,0,1,2026-01-30,WhaleWave,985,27,12,5,7,0.4166666666666667
261,11,1,0,2026-01-30,LeonClaw,998,21,11,5,6,0.45454545454545453
261,1,1,0,2026-01-30,ValkyrieVolt,985,26,1,0,1,0.0
261,11,0,1,2026-01-30,PerseusDark,994,24,11,5,6,0.45454545454545453
261,12,0,1,2026-01-30,WizardRod,981,29,12,5,7,0.4166666666666667
261,9,0,1,2026-01-30,BlackShell,919,37,9,2,7,0.2222222222222222
261,6,0,1,2026-01-30,WizardArrow,887,39,6,0,6,0.0
262,9,0,1,2026-01-30,WeissTiger,1017,15,9,5,4,0.5555555555555556
262,13,1,0,2026-01-30,HellsReaper,1026,14,13,7,6,0.5384615384615384
262,14,0,1,2026-01-30,PhoenixWing,1033,9,14,8,6,0.5714285714285714
262,17,1,0,2026-01-30,DranBrave,1029,11,17,9,8,0.5294117647058824
262,12,0,1,2026-01-30,ViperTail,1031,10,12,7,5,0.5833333333333334
263,17,0,1,2026-01-30,CerberusFlame,1027,11,17,10,7,0.5882352941176471
263,9,0,1,2026-01-30,WeissTiger,1017,14,9,5,4,0.5555555555555556
263,13,0,1,2026-01-30,HellsChain,1009,19,13,6,7,0.46153846153846156
263,8,0,1,2026-01-30,SolEclipse,1004,20,8,4,4,0.5
263,11,0,1,2026-01-30,LeonClaw,998,22,11,5,6,0.45454545454545453
263,5,0,1,2026-01-30,SharkScale,1027,12,5,3,2,0.6
263,13,0,1,2026-01-30,HellsReaper,1026,13,13,7,6,0.5384615384615384
263,13,0,1,2026-01-30,UnicornSting,1003,21,13,7,6,0.5384615384615384
263,15,1,0,2026-01-30,PhoenixWing,1015,15,15,8,7,0.5333333333333333
263,14,1,0,2026-01-30,KnightMail,1014,16,14,7,7,0.5
263,15,0,1,2026-01-30,SharkEdge,1010,18,15,8,7,0.5333333333333333
263,12,0,1,2026-01-30,DranDagger,1013,17,12,7,5,0.5833333333333334
263,17,0,1,2026-01-30,DranBrave,1029,10,17,9,8,0.5294117647058824
263,12,0,1,2026-01-30,ViperTail,1031,9,12,7,5,0.5833333333333334
264,13,0,1,2026-01-30,HellsChain,1009,18,13,6,7,0.46153846153846156
264,8,0,1,2026-01-30,SolEclipse,1004,19,8,4,4,0.5
264,13,0,1,2026-01-30,CrimsonGaruda,995,24,13,6,7,0.46153846153846156
264,15,0,1,2026-01-30,SharkEdge,1010,17,15,8,7,0.5333333333333333
264,13,1,0,2026-01-30,DranDagger,1003,22,13,7,6,0.5384615384615384
264,11,0,1,2026-01-30,LeonClaw,998,23,11,5,6,0.45454545454545453
264,12,1,0,2026-01-30,PerseusDark,1004,20,12,6,6,0.5
265,9,1,0,2026-01-30,SolEclipse,991,25,9,4,5,0.4444444444444444
265,17,0,1,2026-01-30,CerberusFlame,1027,12,17,10,7,0.5882352941176471
265,11,0,1,2026-01-30,LeonClaw,998,22,11,5,6,0.45454545454545453
265,13,0,1,2026-01-30,RhinoReaper,994,24,13,6,7,0.46153846153846156
265,6,1,0,2026-01-30,SharkScale,1044,7,6,4,2,0.6666666666666666
265,12,0,1,2026-01-30,LeonCrest,1042,9,12,7,5,0.5833333333333334
265,13,0,1,2026-01-30,CrimsonGaruda,995,23,13,6,7,0.46153846153846156
265,13,0,1,2026-01-30,UnicornSting,1003,20,13,7,6,0.5384615384615384
265,13,0,1,2026-01-30,DranDagger,1003,21,13,7,6,0.5384615384615384
265,12,0,1,2026-01-30,PerseusDark,1004,19,12,6,6,0.5
265,17,0,1,2026-01-30,DranBrave,1029,11,17,9,8,0.5294117647058824
265,12,0,1,2026-01-30,ViperTail,1031,10,12,7,5,0.5833333333333334
265,13,0,1,2026-01-30,ScorpioSpear,1042,8,13,8,5,0.6153846153846154
266,13,0,1,2026-01-30,RhinoReaper,994,25,13,6,7,0.46153846153846156
266,9,0,1,2026-01-30,SolEclipse,991,26,9,4,5,0.4444444444444444
266,9,0,1,2026-01-30,TyrannoBeat,923,37,9,2,7,0.2222222222222222
266,8,0,1,2026-01-30,SamuraiSaber,867,41,8,0,8,0.0
266,10,1,0,2026-01-30,WeissTiger,1006,19,10,5,5,0.5
266,5,0,1,2026-01-30,WhaleFlame,951,34,5,1,4,0.2
266,7,0,1,2026-01-30,WizardArc,934,35,7,1,6,0.14285714285714285
266,13,0,1,2026-01-30,UnicornSting,1003,21,13,7,6,0.5384615384615384
266,10,0,1,2026-01-30,SilverWolf,982,29,10,4,6,0.4
266,5,0,1,2026-01-30,HellsHammer,900,39,5,0,5,0.0
266,13,0,1,2026-01-30,DranDagger,1003,22,13,7,6,0.5384615384615384
266,1,1,0,2026-01-30,WyvernHover,1015,15,1,1,0,1.0
266,6,0,1,2026-01-30,PegasusBlast,923,36,6,1,5,0.16666666666666666
266,13,0,1,2026-01-30,CrimsonGaruda,995,24,13,6,7,0.46153846153846156
266,5,0,1,2026-01-30,CobaltDrake,955,32,5,1,4,0.2
266,10,0,1,2026-01-30,DranBuster,967,31,10,3,7,0.3
266,9,0,1,2026-01-30,PhoenixRudder,952,33,9,3,6,0.3333333333333333
266,12,0,1,2026-01-30,WhaleWave,985,28,12,5,7,0.4166666666666667
266,11,0,1,2026-01-30,LeonClaw,998,23,11,5,6,0.45454545454545453
266,1,0,1,2026-01-30,ValkyrieVolt,985,27,1,0,1,0.0
266,12,0,1,2026-01-30,PerseusDark,1004,20,12,6,6,0.5
266,15,0,1,2026-01-30,PhoenixWing,1015,14,15,8,7,0.5333333333333333
266,12,0,1,2026-01-30,WizardRod,981,30,12,5,7,0.4166666666666667
266,9,0,1,2026-01-30,BlackShell,919,38,9,2,7,0.2222222222222222
266,6,0,1,2026-01-30,WizardArrow,887,40,6,0,6,0.0
267,6,0,1,2026-01-30,SharkScale,1044,6,6,4,2,0.6666666666666666
267,12,0,1,2026-01-30,LeonCrest,1042,8,12,7,5,0.5833333333333334
267,15,1,0,2026-01-30,CobaltDragoon,1062,5,15,10,5,0.6666666666666666
267,13,0,1,2026-01-30,ScorpioSpear,1042,7,13,8,5,0.6153846153846154
267,16,1,0,2026-01-30,DranSword,1041,9,16,10,6,0.625
268,13,0,1,2026-01-30,ScorpioSpear,1042,8,13,8,5,0.6153846153846154
268,6,0,1,2026-01-30,SharkScale,1044,7,6,4,2,0.6666666666666666
268,19,1,0,2026-01-30,FoxBrush,1072,3,19,13,6,0.6842105263157895
268,13,1,0,2026-01-30,LeonCrest,1062,6,13,8,5,0.6153846153846154
269,19,0,1,2026-01-30,FoxBrush,1072,4,19,13,6,0.6842105263157895
269,25,1,0,2026-01-30,TuskMammoth,1082,3,25,18,7,0.72
269,17,0,1,2026-01-30,DranBrave,1029,10,17,9,8,0.5294117647058824
269,12,0,1,2026-01-30,ViperTail,1031,9,12,7,5,0.5833333333333334
269,14,1,0,2026-01-30,ScorpioSpear,1027,11,14,8,6,0.5714285714285714
269,16,0,1,2026-01-30,DranSword,1041,8,16,10,6,0.625
270,18,1,0,2026-01-30,CerberusFlame,1022,13,18,10,8,0.5555555555555556
270,21,1,0,2026-01-30,GolemRock,1116,1,21,15,6,0.7142857142857143
270,13,0,1,2026-01-30,HellsReaper,1026,12,13,7,6,0.5384615384615384
271,18,0,1,2026-01-30,CerberusFlame,1022,12,18,10,8,0.5555555555555556
271,13,0,1,2026-01-30,HellsReaper,1026,11,13,7,6,0.5384615384615384
271,22,1,0,2026-01-30,ImpactDrake,1115,2,22,16,6,0.7272727272727273
271,17,0,1,2026-01-30,DranBrave,1029,9,17,9,8,0.5294117647058824
271,13,1,0,2026-01-30,ViperTail,1020,13,13,7,6,0.5384615384615384
271,14,0,1,2026-01-30,ScorpioSpear,1027,10,14,8,6,0.5714285714285714
272,13,0,1,2026-02-11,HellsChain,1009,17,13,6,7,0.46153846153846156
272,13,0,1,2026-02-11,RhinoReaper,994,26,13,6,7,0.46153846153846156
272,9,0,1,2026-02-11,SolEclipse,991,27,9,4,5,0.4444444444444444
272,13,0,1,2026-02-11,CrimsonGaruda,995,25,13,6,7,0.46153846153846156
272,16,1,0,2026-02-11,SharkEdge,997,24,16,8,8,0.5
272,2,1,0,2026-02-11,ValkyrieVolt,1009,18,2,1,1,0.5
273,18,0,1,2026-02-11,CerberusFlame,1022,13,18,10,8,0.5555555555555556
273,14,1,0,2026-02-11,HellsChain,1023,12,14,7,7,0.5
273,13,0,1,2026-02-11,RhinoReaper,994,25,13,6,7,0.46153846153846156
273,1,0,1,2026-02-11,WyvernHover,1015,16,1,1,0,1.0
273,13,0,1,2026-02-11,CrimsonGaruda,995,24,13,6,7,0.46153846153846156
273,14,1,0,2026-02-11,UnicornSting,991,26,14,7,7,0.5
273,15,0,1,2026-02-11,PhoenixWing,1015,15,15,8,7,0.5333333333333333
273,14,0,1,2026-02-11,KnightMail,1014,17,14,7,7,0.5
273,16,0,1,2026-02-11,SharkEdge,997,23,16,8,8,0.5
273,13,0,1,2026-02-11,DranDagger,1003,21,13,7,6,0.5384615384615384
273,11,0,1,2026-02-11,LeonClaw,998,22,11,5,6,0.45454545454545453
273,13,0,1,2026-02-11,ViperTail,1020,14,13,7,6,0.5384615384615384
274,14,1,0,2026-02-11,RhinoReaper,1005,20,14,7,7,0.5
274,13,0,1,2026-02-11,CrimsonGaruda,995,25,13,6,7,0.46153846153846156
274,11,1,0,2026-02-11,SilverWolf,972,30,11,4,7,0.36363636363636365
274,12,0,1,2026-02-11,WizardRod,981,29,12,5,7,0.4166666666666667
274,16,0,1,2026-02-11,SharkEdge,997,24,16,8,8,0.5
274,13,0,1,2026-02-11,DranDagger,1003,22,13,7,6,0.5384615384615384
274,11,0,1,2026-02-11,LeonClaw,998,23,11,5,6,0.45454545454545453
274,12,0,1,2026-02-11,PerseusDark,1004,21,12,6,6,0.5
275,13,1,0,2026-02-11,WizardRod,992,26,13,6,7,0.46153846153846156
275,9,0,1,2026-02-11,SolEclipse,991,28,9,4,5,0.4444444444444444
275,13,1,0,2026-02-11,WhaleWave,975,29,13,5,8,0.38461538461538464
275,14,0,1,2026-02-11,UnicornSting,991,27,14,7,7,0.5
276,14,0,1,2026-02-11,RhinoReaper,1005,21,14,7,7,0.5
276,10,0,1,2026-02-11,WeissTiger,1006,20,10,5,5,0.5
276,9,0,1,2026-02-11,SolEclipse,991,27,9,4,5,0.4444444444444444
276,14,1,0,2026-02-11,CrimsonGaruda,985,28,14,6,8,0.42857142857142855
276,14,0,1,2026-02-11,UnicornSting,991,26,14,7,7,0.5
276,13,0,1,2026-02-11,WizardRod,992,25,13,6,7,0.46153846153846156
276,13,0,1,2026-02-11,DranDagger,1003,23,13,7,6,0.5384615384615384
276,12,1,0,2026-02-11,LeonClaw,1008,19,12,6,6,0.5
276,12,0,1,2026-02-11,PerseusDark,1004,22,12,6,6,0.5
277,18,0,1,2026-02-11,CerberusFlame,1022,14,18,10,8,0.5555555555555556
277,11,1,0,2026-02-11,WeissTiger,1022,13,11,6,5,0.5454545454545454
277,14,0,1,2026-02-11,RhinoReaper,1005,20,14,7,7,0.5
277,16,1,0,2026-02-11,PhoenixWing,1002,23,16,8,8,0.5
277,13,0,1,2026-02-11,DranDagger,1003,22,13,7,6,0.5384615384615384
277,13,0,1,2026-02-11,ViperTail,1020,15,13,7,6,0.5384615384615384
277,12,0,1,2026-02-11,PerseusDark,1004,21,12,6,6,0.5
278,14,0,1,2026-02-11,CrimsonGaruda,985,27,14,6,8,0.42857142857142855
278,10,1,0,2026-02-11,SolEclipse,976,28,10,4,6,0.4
278,18,1,0,2026-02-11,DranBrave,1040,9,18,10,8,0.5555555555555556
279,7,1,0,2026-02-11,SharkScale,1058,7,7,5,2,0.7142857142857143
279,16,0,1,2026-02-11,PhoenixWing,1002,22,16,8,8,0.5
279,16,0,1,2026-02-11,SharkEdge,997,23,16,8,8,0.5
279,13,0,1,2026-02-11,DranDagger,1003,21,13,7,6,0.5384615384615384
279,13,1,0,2026-02-11,PerseusDark,994,24,13,6,7,0.46153846153846156
280,14,0,1,2026-02-11,HellsChain,1023,13,14,7,7,0.5
280,11,0,1,2026-02-11,WeissTiger,1022,14,11,6,5,0.5454545454545454
280,18,0,1,2026-02-11,CerberusFlame,1022,15,18,10,8,0.5555555555555556
280,1,0,1,2026-02-11,WyvernHover,1015,17,1,1,0,1.0
280,14,0,1,2026-02-11,UnicornSting,991,25,14,7,7,0.5
280,16,0,1,2026-02-11,PhoenixWing,1002,21,16,8,8,0.5
280,15,1,0,2026-02-11,KnightMail,1026,12,15,8,7,0.5333333333333333
280,13,0,1,2026-02-11,WizardRod,992,24,13,6,7,0.46153846153846156
280,16,0,1,2026-02-11,SharkEdge,997,22,16,8,8,0.5
280,14,1,0,2026-02-11,DranDagger,988,26,14,7,7,0.5
280,13,0,1,2026-02-11,ViperTail,1020,16,13,7,6,0.5384615384615384
280,13,0,1,2026-02-11,PerseusDark,994,23,13,6,7,0.46153846153846156
281,14,1,0,2026-02-11,HellsReaper,1013,17,14,7,7,0.5
281,2,1,0,2026-02-11,WyvernHover,1033,10,2,2,0,1.0
281,14,0,1,2026-02-11,ScorpioSpear,1027,11,14,8,6,0.5714285714285714
282,7,0,1,2026-02-11,SharkScale,1058,6,7,5,2,0.7142857142857143
282,13,0,1,2026-02-11,LeonCrest,1062,5,13,8,5,0.6153846153846154
282,21,0,1,2026-02-11,GolemRock,1116,2,21,15,6,0.7142857142857143
282,23,1,0,2026-02-11,ImpactDrake,1127,1,23,17,6,0.7391304347826086
282,15,0,1,2026-02-11,CobaltDragoon,1062,4,15,10,5,0.6666666666666666
282,20,1,0,2026-02-11,FoxBrush,1055,7,20,13,7,0.65
283,19,1,0,2026-02-11,CerberusFlame,1012,17,19,10,9,0.5263157894736842
283,14,0,1,2026-02-11,HellsReaper,1013,16,14,7,7,0.5
283,13,0,1,2026-02-11,ViperTail,1020,15,13,7,6,0.5384615384615384
283,17,1,0,2026-02-11,DranSword,1051,8,17,11,6,0.6470588235294118
284,22,1,0,2026-02-11,GolemRock,1097,2,22,15,7,0.6818181818181818
284,18,0,1,2026-02-11,DranBrave,1040,10,18,10,8,0.5555555555555556
284,2,0,1,2026-02-11,WyvernHover,1033,11,2,2,0,1.0
284,15,1,0,2026-02-11,ScorpioSpear,1044,9,15,9,6,0.6
285,17,0,1,2026-02-11,DranSword,1051,7,17,11,6,0.6470588235294118
285,7,0,1,2026-02-11,SharkScale,1058,5,7,5,2,0.7142857142857143
285,14,1,0,2026-02-11,LeonCrest,1044,8,14,8,6,0.5714285714285714
285,26,1,0,2026-02-11,TuskMammoth,1093,3,26,19,7,0.7307692307692307
285,20,0,1,2026-02-11,FoxBrush,1055,6,20,13,7,0.65
286,19,0,1,2026-02-11,CerberusFlame,1012,16,19,10,9,0.5263157894736842
286,14,0,1,2026-02-11,HellsReaper,1013,15,14,7,7,0.5
286,16,1,0,2026-02-11,CobaltDragoon,1076,4,16,11,5,0.6875
286,14,1,0,2026-02-11,ViperTail,1009,17,14,7,7,0.5
287,18,1,0,2026-02-11,DranSword,1037,10,18,11,7,0.6111111111111112
287,7,0,1,2026-02-11,SharkScale,1058,6,7,5,2,0.7142857142857143
287,18,0,1,2026-02-11,DranBrave,1040,9,18,10,8,0.5555555555555556
287,16,1,0,2026-02-11,ScorpioSpear,1063,5,16,10,6,0.625
287,20,0,1,2026-02-11,FoxBrush,1055,7,20,13,7,0.65
288,22,0,1,2026-02-11,GolemRock,1097,3,22,15,7,0.6818181818181818
288,27,1,0,2026-02-11,TuskMammoth,1105,2,27,20,7,0.7407407407407407
288,24,1,0,2026-02-11,ImpactDrake,1117,1,24,17,7,0.7083333333333334
289,7,0,1,2026-02-11,SharkScale,1058,7,7,5,2,0.7142857142857143
289,15,1,0,2026-02-11,LeonCrest,1064,5,15,9,6,0.6
289,23,1,0,2026-02-11,GolemRock,1081,3,23,15,8,0.6521739130434783
289,16,0,1,2026-02-11,ScorpioSpear,1063,6,16,10,6,0.625
289,20,0,1,2026-02-11,FoxBrush,1055,8,20,13,7,0.65
290,14,0,1,2026-02-11,RhinoReaper,1005,19,14,7,7,0.5
290,15,1,0,2026-02-11,ViperTail,1001,21,15,7,8,0.4666666666666667
290,7,0,1,2026-02-11,SharkScale,1058,8,7,5,2,0.7142857142857143
290,16,0,1,2026-02-11,PhoenixWing,1002,20,16,8,8,0.5
290,12,0,1,2026-02-11,LeonClaw,1008,18,12,6,6,0.5
290,2,0,1,2026-02-11,ValkyrieVolt,1009,17,2,1,1,0.5
290,16,0,1,2026-02-11,ScorpioSpear,1063,7,16,10,6,0.625
290,21,1,0,2026-02-11,FoxBrush,1064,6,21,14,7,0.6666666666666666
291,20,1,0,2026-02-11,CerberusFlame,1001,21,20,10,10,0.5
291,14,0,1,2026-02-11,RhinoReaper,1005,18,14,7,7,0.5
291,15,0,1,2026-02-11,ViperTail,1001,20,15,7,8,0.4666666666666667
291,23,0,1,2026-02-11,GolemRock,1081,4,23,15,8,0.6521739130434783
291,16,0,1,2026-02-11,PhoenixWing,1002,19,16,8,8,0.5
291,17,1,0,2026-02-11,CobaltDragoon,1089,3,17,12,5,0.7058823529411765
291,12,0,1,2026-02-11,LeonClaw,1008,17,12,6,6,0.5
291,2,0,1,2026-02-11,ValkyrieVolt,1009,16,2,1,1,0.5
292,14,0,1,2026-02-11,RhinoReaper,1005,19,14,7,7,0.5
292,12,0,1,2026-02-11,LeonClaw,1008,18,12,6,6,0.5
292,20,0,1,2026-02-11,CerberusFlame,1001,22,20,10,10,0.5
292,2,0,1,2026-02-11,WyvernHover,1033,10,2,2,0,1.0
292,16,0,1,2026-02-11,PhoenixWing,1002,20,16,8,8,0.5
292,15,0,1,2026-02-11,KnightMail,1026,11,15,8,7,0.5333333333333333
292,16,0,1,2026-02-11,SharkEdge,997,23,16,8,8,0.5
292,19,1,0,2026-02-11,DranBrave,1024,12,19,10,9,0.5263157894736842
292,15,0,1,2026-02-11,ViperTail,1001,21,15,7,8,0.4666666666666667
292,14,1,0,2026-02-11,PerseusDark,1008,17,14,7,7,0.5
292,18,0,1,2026-02-11,DranSword,1037,9,18,11,7,0.6111111111111112
293,12,1,0,2026-02-11,WeissTiger,1031,11,12,7,5,0.5833333333333334
293,14,0,1,2026-02-11,HellsChain,1023,14,14,7,7,0.5
293,14,0,1,2026-02-11,CrimsonGaruda,985,26,14,6,8,0.42857142857142855
293,15,0,1,2026-02-11,KnightMail,1026,12,15,8,7,0.5333333333333333
293,15,1,0,2026-02-11,DranDagger,976,27,15,7,8,0.4666666666666667
293,19,0,1,2026-02-11,DranBrave,1024,13,19,10,9,0.5263157894736842
294,14,0,1,2026-02-11,HellsChain,1023,13,14,7,7,0.5
294,8,1,0,2026-02-11,SharkScale,1077,5,8,6,2,0.75
294,15,0,1,2026-02-11,LeonCrest,1064,6,15,9,6,0.6
294,16,1,0,2026-02-11,KnightMail,1014,14,16,8,8,0.5
294,19,0,1,2026-02-11,DranBrave,1024,12,19,10,9,0.5263157894736842
294,16,0,1,2026-02-11,ScorpioSpear,1063,8,16,10,6,0.625
294,21,0,1,2026-02-11,FoxBrush,1064,7,21,14,7,0.6666666666666666
295,20,0,1,2026-02-11,CerberusFlame,1001,21,20,10,10,0.5
295,3,1,0,2026-02-11,WyvernHover,1054,9,3,3,0,1.0
295,14,0,1,2026-02-11,UnicornSting,991,24,14,7,7,0.5
295,17,1,0,2026-02-11,PhoenixWing,991,25,17,8,9,0.47058823529411764
295,13,0,1,2026-02-11,WizardRod,992,23,13,6,7,0.46153846153846156
295,16,0,1,2026-02-11,SharkEdge,997,22,16,8,8,0.5
295,15,0,1,2026-02-11,ViperTail,1001,20,15,7,8,0.4666666666666667
295,18,0,1,2026-02-11,DranSword,1037,10,18,11,7,0.6111111111111112
296,14,0,1,2026-02-11,HellsChain,1023,14,14,7,7,0.5
296,11,1,0,2026-02-11,SolEclipse,959,31,11,4,7,0.36363636363636365
296,15,1,0,2026-02-11,HellsReaper,1025,12,15,8,7,0.5333333333333333
296,11,0,1,2026-02-11,SilverWolf,972,29,11,4,7,0.36363636363636365
296,16,0,1,2026-02-11,KnightMail,1014,15,16,8,8,0.5
296,10,0,1,2026-02-11,DranBuster,967,30,10,3,7,0.3
296,13,0,1,2026-02-11,WhaleWave,975,28,13,5,8,0.38461538461538464
296,19,0,1,2026-02-11,DranBrave,1024,13,19,10,9,0.5263157894736842
297,15,1,0,2026-02-11,HellsChain,1008,16,15,7,8,0.4666666666666667
297,14,0,1,2026-02-11,CrimsonGaruda,985,27,14,6,8,0.42857142857142855
297,12,1,0,2026-02-11,SilverWolf,987,26,12,5,7,0.4166666666666667
297,16,0,1,2026-02-11,KnightMail,1014,14,16,8,8,0.5
297,15,0,1,2026-02-11,DranDagger,976,28,15,7,8,0.4666666666666667
297,13,0,1,2026-02-11,WhaleWave,975,29,13,5,8,0.38461538461538464
297,2,0,1,2026-02-11,ValkyrieVolt,1009,15,2,1,1,0.5
298,15,0,1,2026-02-11,HellsReaper,1025,13,15,8,7,0.5333333333333333
298,16,0,1,2026-02-11,KnightMail,1014,15,16,8,8,0.5
298,10,0,1,2026-02-11,DranBuster,967,29,10,3,7,0.3
298,14,1,0,2026-02-11,WhaleWave,961,30,14,5,9,0.35714285714285715
298,19,0,1,2026-02-11,DranBrave,1024,14,19,10,9,0.5263157894736842
298,3,1,0,2026-02-11,ValkyrieVolt,1027,12,3,2,1,0.6666666666666666
299,15,1,0,2026-02-11,RhinoReaper,1019,15,15,8,7,0.5333333333333333
299,15,0,1,2026-02-11,HellsChain,1008,17,15,7,8,0.4666666666666667
299,14,0,1,2026-02-11,CrimsonGaruda,985,26,14,6,8,0.42857142857142855
299,14,0,1,2026-02-11,UnicornSting,991,23,14,7,7,0.5
299,17,0,1,2026-02-11,PhoenixWing,991,24,17,8,9,0.47058823529411764
299,12,0,1,2026-02-11,SilverWolf,987,25,12,5,7,0.4166666666666667
299,14,1,0,2026-02-11,WizardRod,979,27,14,6,8,0.42857142857142855
299,16,0,1,2026-02-11,KnightMail,1014,16,16,8,8,0.5
299,12,0,1,2026-02-11,LeonClaw,1008,19,12,6,6,0.5
299,14,0,1,2026-02-11,PerseusDark,1008,18,14,7,7,0.5
300,15,0,1,2026-02-11,HellsChain,1008,18,15,7,8,0.4666666666666667
300,14,0,1,2026-02-11,UnicornSting,991,22,14,7,7,0.5
300,17,0,1,2026-02-11,PhoenixWing,991,23,17,8,9,0.47058823529411764
300,16,0,1,2026-02-11,KnightMail,1014,17,16,8,8,0.5
300,17,1,0,2026-02-11,SharkEdge,989,24,17,8,9,0.47058823529411764
300,13,1,0,2026-02-11,LeonClaw,1017,16,13,7,6,0.5384615384615384
300,14,0,1,2026-02-11,PerseusDark,1008,19,14,7,7,0.5
301,20,0,1,2026-02-11,CerberusFlame,1001,22,20,10,10,0.5
301,15,1,0,2026-02-11,CrimsonGaruda,972,28,15,6,9,0.4
301,15,1,0,2026-02-11,UnicornSting,1005,20,15,8,7,0.5333333333333333
301,14,0,1,2026-02-11,WizardRod,979,26,14,6,8,0.42857142857142855
301,15,0,1,2026-02-11,DranDagger,976,27,15,7,8,0.4666666666666667
301,15,0,1,2026-02-11,ViperTail,1001,21,15,7,8,0.4666666666666667
302,15,0,1,2026-02-11,RhinoReaper,1019,16,15,8,7,0.5333333333333333
302,11,0,1,2026-02-11,SolEclipse,959,33,11,4,7,0.36363636363636365
302,16,0,1,2026-02-11,KnightMail,1014,18,16,8,8,0.5
302,17,0,1,2026-02-11,SharkEdge,989,25,17,8,9,0.47058823529411764
302,9,0,1,2026-02-11,TyrannoBeat,923,39,9,2,7,0.2222222222222222
302,8,0,1,2026-02-11,SamuraiSaber,867,43,8,0,8,0.0
302,1,1,0,2026-02-11,EmperorMight,980,27,1,0,1,0.0
302,5,0,1,2026-02-11,WhaleFlame,951,36,5,1,4,0.2
302,7,0,1,2026-02-11,WizardArc,934,37,7,1,6,0.14285714285714285
302,15,0,1,2026-02-11,UnicornSting,1005,21,15,8,7,0.5333333333333333
302,12,0,1,2026-02-11,SilverWolf,987,26,12,5,7,0.4166666666666667
302,5,0,1,2026-02-11,HellsHammer,900,41,5,0,5,0.0
302,15,0,1,2026-02-11,DranDagger,976,29,15,7,8,0.4666666666666667
302,15,0,1,2026-02-11,HellsChain,1008,19,15,7,8,0.4666666666666667
302,6,0,1,2026-02-11,PegasusBlast,923,38,6,1,5,0.16666666666666666
302,15,0,1,2026-02-11,CrimsonGaruda,972,30,15,6,9,0.4
302,5,0,1,2026-02-11,CobaltDrake,955,34,5,1,4,0.2
302,10,0,1,2026-02-11,DranBuster,967,31,10,3,7,0.3
302,9,0,1,2026-02-11,PhoenixRudder,952,35,9,3,6,0.3333333333333333
302,14,0,1,2026-02-11,WhaleWave,961,32,14,5,9,0.35714285714285715
302,13,0,1,2026-02-11,LeonClaw,1017,17,13,7,6,0.5384615384615384
302,14,0,1,2026-02-11,PerseusDark,1008,20,14,7,7,0.5
302,20,0,1,2026-02-11,CerberusFlame,1001,23,20,10,10,0.5
302,17,0,1,2026-02-11,PhoenixWing,991,24,17,8,9,0.47058823529411764
302,14,0,1,2026-02-11,WizardRod,979,28,14,6,8,0.42857142857142855
302,9,0,1,2026-02-11,BlackShell,919,40,9,2,7,0.2222222222222222
302,1,1,0,2026-02-11,WolfHunt,1020,15,1,1,0,1.0
302,6,0,1,2026-02-11,WizardArrow,887,42,6,0,6,0.0
302,15,0,1,2026-02-11,ViperTail,1001,22,15,7,8,0.4666666666666667
303,2,1,0,2026-02-11,EmperorMight,965,31,2,0,2,0.0
303,15,0,1,2026-02-11,CrimsonGaruda,972,29,15,6,9,0.4
303,14,0,1,2026-02-11,WizardRod,979,27,14,6,8,0.42857142857142855
303,10,0,1,2026-02-11,DranBuster,967,30,10,3,7,0.3
303,15,0,1,2026-02-11,DranDagger,976,28,15,7,8,0.4666666666666667
303,28,1,0,2026-02-11,TuskMammoth,1114,2,28,21,7,0.75
304,15,0,1,2026-02-11,RhinoReaper,1019,15,15,8,7,0.5333333333333333
304,15,0,1,2026-02-11,HellsChain,1008,18,15,7,8,0.4666666666666667
304,15,0,1,2026-02-11,UnicornSting,1005,20,15,8,7,0.5333333333333333
304,24,0,1,2026-02-11,ImpactDrake,1117,2,24,17,7,0.7083333333333334
304,16,0,1,2026-02-11,KnightMail,1014,17,16,8,8,0.5
304,2,1,0,2026-02-11,WolfHunt,1003,21,2,1,1,0.5
304,29,1,0,2026-02-11,TuskMammoth,1124,1,29,22,7,0.7586206896551724
304,13,0,1,2026-02-11,LeonClaw,1017,16,13,7,6,0.5384615384615384
304,14,0,1,2026-02-11,PerseusDark,1008,19,14,7,7,0.5
305,30,1,0,2026-02-11,TuskMammoth,1136,1,30,23,7,0.7666666666666667
305,4,1,0,2026-02-11,WyvernHover,1034,10,4,3,1,0.75
305,18,0,1,2026-02-11,DranSword,1037,9,18,11,7,0.6111111111111112
306,12,0,1,2026-02-11,WeissTiger,1031,12,12,7,5,0.5833333333333334
306,4,0,1,2026-02-11,WyvernHover,1034,11,4,3,1,0.75
306,24,0,1,2026-02-11,ImpactDrake,1117,1,24,17,7,0.7083333333333334
306,31,1,0,2026-02-11,TuskMammoth,1114,2,31,23,8,0.7419354838709677
306,4,1,0,2026-02-11,ValkyrieVolt,1060,9,4,3,1,0.75
306,18,0,1,2026-02-11,DranSword,1037,10,18,11,7,0.6111111111111112
307,23,0,1,2026-02-11,GolemRock,1081,5,23,15,8,0.6521739130434783
307,21,1,0,2026-02-11,CerberusFlame,993,23,21,10,11,0.47619047619047616
307,9,1,0,2026-02-11,SharkScale,1089,4,9,7,2,0.7777777777777778
308,2,0,1,2026-02-11,EmperorMight,965,32,2,0,2,0.0
308,12,1,0,2026-02-11,SolEclipse,984,26,12,5,7,0.4166666666666667
308,12,0,1,2026-02-11,SilverWolf,987,25,12,5,7,0.4166666666666667
308,10,0,1,2026-02-11,DranBuster,967,31,10,3,7,0.3
308,18,1,0,2026-02-11,SharkEdge,971,30,18,8,10,0.4444444444444444
308,14,0,1,2026-02-11,WhaleWave,961,33,14,5,9,0.35714285714285715
320,16,1,0,2026-02-13,HellsChain,1019,15,16,8,8,0.5
320,15,0,1,2026-02-13,RhinoReaper,1019,16,15,8,7,0.5333333333333333
320,15,0,1,2026-02-13,CrimsonGaruda,972,28,15,6,9,0.4
320,15,1,0,2026-02-13,WizardRod,966,31,15,6,9,0.4
320,16,0,1,2026-02-13,KnightMail,1014,18,16,8,8,0.5
320,18,0,1,2026-02-13,SharkEdge,971,29,18,8,10,0.4444444444444444
320,10,0,1,2026-02-13,DranBuster,967,30,10,3,7,0.3
320,15,0,1,2026-02-13,DranDagger,976,27,15,7,8,0.4666666666666667
320,13,0,1,2026-02-13,LeonClaw,1017,17,13,7,6,0.5384615384615384
321,16,1,0,2026-02-13,CrimsonGaruda,988,25,16,7,9,0.4375
321,13,1,0,2026-02-13,SilverWolf,974,28,13,5,8,0.38461538461538464
322,12,0,1,2026-02-13,WeissTiger,1031,13,12,7,5,0.5833333333333334
322,16,0,1,2026-02-13,HellsChain,1019,16,16,8,8,0.5
322,15,0,1,2026-02-13,RhinoReaper,1019,17,15,8,7,0.5333333333333333
322,15,0,1,2026-02-13,HellsReaper,1025,14,15,8,7,0.5333333333333333
322,16,1,0,2026-02-13,UnicornSting,994,22,16,8,8,0.5
322,19,0,1,2026-02-13,DranBrave,1024,15,19,10,9,0.5263157894736842
322,2,0,1,2026-02-13,WolfHunt,1003,20,2,1,1,0.5
322,14,1,0,2026-02-13,LeonClaw,1032,12,14,8,6,0.5714285714285714
322,15,0,1,2026-02-13,ViperTail,1001,21,15,7,8,0.4666666666666667
323,16,1,0,2026-02-13,RhinoReaper,1012,18,16,8,8,0.5
323,15,0,1,2026-02-13,LeonCrest,1064,7,15,9,6,0.6
323,16,0,1,2026-02-13,KnightMail,1014,17,16,8,8,0.5
323,5,1,0,2026-02-13,ValkyrieVolt,1074,6,5,4,1,0.8
323,16,0,1,2026-02-13,ScorpioSpear,1063,9,16,10,6,0.625
323,21,0,1,2026-02-13,FoxBrush,1064,8,21,14,7,0.6666666666666666
324,5,0,1,2026-02-13,WhaleFlame,951,35,5,1,4,0.2
324,13,0,1,2026-02-13,SilverWolf,974,29,13,5,8,0.38461538461538464
324,5,0,1,2026-02-13,CobaltDrake,955,33,5,1,4,0.2
324,19,1,0,2026-02-13,SharkEdge,983,27,19,9,10,0.47368421052631576
324,15,0,1,2026-02-13,DranDagger,976,28,15,7,8,0.4666666666666667
324,9,0,1,2026-02-13,PhoenixRudder,952,34,9,3,6,0.3333333333333333
324,15,1,0,2026-02-13,WhaleWave,949,36,15,5,10,0.3333333333333333
325,12,0,1,2026-02-13,WeissTiger,1031,14,12,7,5,0.5833333333333334
325,16,0,1,2026-02-13,RhinoReaper,1012,17,16,8,8,0.5
325,15,0,1,2026-02-13,HellsReaper,1025,15,15,8,7,0.5333333333333333
325,20,1,0,2026-02-13,DranBrave,1032,12,20,11,9,0.55
325,17,1,0,2026-02-13,KnightMail,1007,19,17,8,9,0.47058823529411764
325,14,0,1,2026-02-13,LeonClaw,1032,13,14,8,6,0.5714285714285714
325,14,0,1,2026-02-13,PerseusDark,1008,18,14,7,7,0.5
326,16,1,0,2026-02-13,HellsReaper,1010,18,16,8,8,0.5
326,15,1,0,2026-02-13,PerseusDark,1023,15,15,8,7,0.5333333333333333
327,13,1,0,2026-02-13,SolEclipse,998,22,13,6,7,0.46153846153846156
327,12,0,1,2026-02-13,WeissTiger,1031,13,12,7,5,0.5833333333333334
327,16,0,1,2026-02-13,HellsChain,1019,15,16,8,8,0.5
327,5,1,0,2026-02-13,WyvernHover,1015,16,5,3,2,0.6
327,21,0,1,2026-02-13,CerberusFlame,993,24,21,10,11,0.47619047619047616
327,16,0,1,2026-02-13,CrimsonGaruda,988,26,16,7,9,0.4375
327,16,0,1,2026-02-13,UnicornSting,994,23,16,8,8,0.5
327,20,0,1,2026-02-13,DranBrave,1032,11,20,11,9,0.55
327,17,0,1,2026-02-13,PhoenixWing,991,25,17,8,9,0.47058823529411764
327,14,0,1,2026-02-13,LeonClaw,1032,12,14,8,6,0.5714285714285714
327,15,0,1,2026-02-13,PerseusDark,1023,14,15,8,7,0.5333333333333333
328,13,1,0,2026-02-13,WeissTiger,1043,10,13,8,5,0.6153846153846154
328,14,0,1,2026-02-13,LeonClaw,1032,13,14,8,6,0.5714285714285714
328,10,1,0,2026-02-13,SharkScale,1072,6,10,7,3,0.7
328,23,0,1,2026-02-13,GolemRock,1081,4,23,15,8,0.6521739130434783
328,20,0,1,2026-02-13,DranBrave,1032,12,20,11,9,0.55
328,5,0,1,2026-02-13,ValkyrieVolt,1074,5,5,4,1,0.8
328,18,0,1,2026-02-13,DranSword,1037,11,18,11,7,0.6111111111111112
329,16,1,0,2026-02-13,DranDagger,990,25,16,8,8,0.5
329,18,1,0,2026-02-13,PhoenixWing,980,28,18,8,10,0.4444444444444444
330,14,0,1,2026-02-13,LeonClaw,1032,12,14,8,6,0.5714285714285714
330,10,0,1,2026-02-13,SharkScale,1072,7,10,7,3,0.7
330,16,1,0,2026-02-13,LeonCrest,1080,5,16,10,6,0.625
330,20,0,1,2026-02-13,DranBrave,1032,11,20,11,9,0.55
330,5,0,1,2026-02-13,ValkyrieVolt,1074,6,5,4,1,0.8
330,19,1,0,2026-02-13,DranSword,1026,13,19,11,8,0.5789473684210527
331,23,0,1,2026-02-13,GolemRock,1081,3,23,15,8,0.6521739130434783
331,18,1,0,2026-02-13,CobaltDragoon,1071,8,18,12,6,0.6666666666666666
331,17,1,0,2026-02-13,ScorpioSpear,1081,4,17,11,6,0.6470588235294118
331,21,0,1,2026-02-13,FoxBrush,1064,9,21,14,7,0.6666666666666666
332,22,1,0,2026-02-13,CerberusFlame,1008,19,22,11,11,0.5
332,16,0,1,2026-02-13,CrimsonGaruda,988,25,16,7,9,0.4375
332,17,0,1,2026-02-13,KnightMail,1007,20,17,8,9,0.47058823529411764
332,2,0,1,2026-02-13,WolfHunt,1003,21,2,1,1,0.5
332,16,0,1,2026-02-13,DranDagger,990,24,16,8,8,0.5
332,16,1,0,2026-02-13,ViperTail,986,26,16,7,9,0.4375
333,16,0,1,2026-02-13,LeonCrest,1080,4,16,10,6,0.625
333,24,1,0,2026-02-13,GolemRock,1073,6,24,15,9,0.625
333,25,1,0,2026-02-13,ImpactDrake,1125,1,25,18,7,0.72
333,5,0,1,2026-02-13,ValkyrieVolt,1074,5,5,4,1,0.8
333,17,0,1,2026-02-13,ScorpioSpear,1081,3,17,11,6,0.6470588235294118
334,32,1,0,2026-02-13,TuskMammoth,1123,2,32,24,8,0.75
334,22,1,0,2026-02-13,FoxBrush,1053,9,22,14,8,0.6363636363636364
335,22,0,1,2026-02-26,CerberusFlame,1008,18,22,11,11,0.5
335,17,1,0,2026-02-26,RhinoReaper,1003,20,17,8,9,0.47058823529411764
335,16,0,1,2026-02-26,CrimsonGaruda,988,26,16,7,9,0.4375
335,16,0,1,2026-02-26,HellsReaper,1010,17,16,8,8,0.5
335,17,0,1,2026-02-26,KnightMail,1007,19,17,8,9,0.47058823529411764
335,20,1,0,2026-02-26,SharkEdge,993,24,20,10,10,0.5
335,16,0,1,2026-02-26,DranDagger,990,25,16,8,8,0.5
335,16,0,1,2026-02-26,ViperTail,986,27,16,7,9,0.4375
336,16,0,1,2026-02-26,HellsChain,1019,14,16,8,8,0.5
336,5,0,1,2026-02-26,WhaleFlame,951,36,5,1,4,0.2
336,5,0,1,2026-02-26,CobaltDrake,955,34,5,1,4,0.2
336,9,0,1,2026-02-26,PhoenixRudder,952,35,9,3,6,0.3333333333333333
336,16,1,0,2026-02-26,WhaleWave,964,33,16,6,10,0.375
336,15,1,0,2026-02-26,LeonClaw,1016,15,15,8,7,0.5333333333333333
336,15,0,1,2026-02-26,PerseusDark,1023,13,15,8,7,0.5333333333333333
336,19,0,1,2026-02-26,DranSword,1026,12,19,11,8,0.5789473684210527
337,17,1,0,2026-02-26,HellsChain,1005,19,17,8,9,0.47058823529411764
337,22,0,1,2026-02-26,CerberusFlame,1008,17,22,11,11,0.5
337,5,0,1,2026-02-26,WyvernHover,1015,15,5,3,2,0.6
337,16,0,1,2026-02-26,LeonCrest,1080,5,16,10,6,0.625
337,16,0,1,2026-02-26,HellsReaper,1010,16,16,8,8,0.5
337,17,0,1,2026-02-26,KnightMail,1007,18,17,8,9,0.47058823529411764
337,15,0,1,2026-02-26,LeonClaw,1016,14,15,8,7,0.5333333333333333
337,6,1,0,2026-02-26,ValkyrieVolt,1101,3,6,5,1,0.8333333333333334
337,17,0,1,2026-02-26,ScorpioSpear,1081,4,17,11,6,0.6470588235294118
338,17,1,0,2026-02-26,CrimsonGaruda,979,28,17,7,10,0.4117647058823529
338,18,0,1,2026-02-26,PhoenixWing,980,27,18,8,10,0.4444444444444444
338,13,0,1,2026-02-26,SilverWolf,974,30,13,5,8,0.38461538461538464
338,16,1,0,2026-02-26,WizardRod,978,29,16,7,9,0.4375
338,10,0,1,2026-02-26,DranBuster,967,31,10,3,7,0.3
338,16,0,1,2026-02-26,ViperTail,986,26,16,7,9,0.4375
339,17,0,1,2026-02-26,CrimsonGaruda,979,29,17,7,10,0.4117647058823529
339,17,1,0,2026-02-26,UnicornSting,984,27,17,8,9,0.47058823529411764
339,14,1,0,2026-02-26,SilverWolf,985,26,14,6,8,0.42857142857142855
339,18,0,1,2026-02-26,PhoenixWing,980,28,18,8,10,0.4444444444444444
339,16,0,1,2026-02-26,WizardRod,978,30,16,7,9,0.4375
339,20,0,1,2026-02-26,SharkEdge,993,23,20,10,10,0.5
339,16,0,1,2026-02-26,DranDagger,990,24,16,8,8,0.5
339,16,0,1,2026-02-26,ViperTail,986,25,16,7,9,0.4375
340,11,1,0,2026-02-26,SharkScale,1085,4,11,8,3,0.7272727272727273
340,16,0,1,2026-02-26,LeonCrest,1080,6,16,10,6,0.625
340,24,0,1,2026-02-26,GolemRock,1073,7,24,15,9,0.625
340,17,0,1,2026-02-26,CrimsonGaruda,979,28,17,7,10,0.4117647058823529
340,19,1,0,2026-02-26,PhoenixWing,970,30,19,8,11,0.42105263157894735
340,16,0,1,2026-02-26,WizardRod,978,29,16,7,9,0.4375
340,17,0,1,2026-02-26,ScorpioSpear,1081,5,17,11,6,0.6470588235294118
341,6,1,0,2026-02-26,WyvernHover,1027,12,6,4,2,0.6666666666666666
341,17,0,1,2026-02-26,UnicornSting,984,26,17,8,9,0.47058823529411764
341,14,0,1,2026-02-26,SilverWolf,985,25,14,6,8,0.42857142857142855
341,17,1,0,2026-02-26,DranDagger,980,27,17,8,9,0.47058823529411764
341,15,0,1,2026-02-26,LeonClaw,1016,15,15,8,7,0.5333333333333333
341,16,0,1,2026-02-26,ViperTail,986,24,16,7,9,0.4375
341,15,0,1,2026-02-26,PerseusDark,1023,14,15,8,7,0.5333333333333333
341,19,0,1,2026-02-26,DranSword,1026,13,19,11,8,0.5789473684210527
342,14,1,0,2026-02-26,WeissTiger,1032,11,14,8,6,0.5714285714285714
342,21,1,0,2026-02-26,DranBrave,1040,10,21,12,9,0.5714285714285714
343,17,0,1,2026-02-26,HellsChain,1005,18,17,8,9,0.47058823529411764
343,17,0,1,2026-02-26,RhinoReaper,1003,19,17,8,9,0.47058823529411764
343,17,1,0,2026-02-26,HellsReaper,1002,21,17,8,9,0.47058823529411764
343,18,1,0,2026-02-26,KnightMail,1015,16,18,9,9,0.5
343,2,0,1,2026-02-26,WolfHunt,1003,20,2,1,1,0.5
344,14,1,0,2026-02-26,SolEclipse,989,23,14,6,8,0.42857142857142855
344,14,0,1,2026-02-26,WeissTiger,1032,12,14,8,6,0.5714285714285714
344,6,0,1,2026-02-26,WyvernHover,1027,13,6,4,2,0.6666666666666666
344,20,0,1,2026-02-26,SharkEdge,993,22,20,10,10,0.5
344,16,1,0,2026-02-26,PerseusDark,1034,11,16,9,7,0.5625
344,19,0,1,2026-02-26,DranSword,1026,14,19,11,8,0.5789473684210527
345,25,1,0,2026-02-26,GolemRock,1065,8,25,15,10,0.6
345,18,0,1,2026-02-26,CobaltDragoon,1071,7,18,12,6,0.6666666666666666
345,23,1,0,2026-02-26,FoxBrush,1063,9,23,15,8,0.6521739130434783
346,22,0,1,2026-02-26,CerberusFlame,1008,18,22,11,11,0.5
346,17,0,1,2026-02-26,RhinoReaper,1003,20,17,8,9,0.47058823529411764
346,17,0,1,2026-02-26,HellsChain,1005,19,17,8,9,0.47058823529411764
346,14,0,1,2026-02-26,SolEclipse,989,24,14,6,8,0.42857142857142855
346,17,0,1,2026-02-26,HellsReaper,1002,22,17,8,9,0.47058823529411764
346,2,0,1,2026-02-26,WolfHunt,1003,21,2,1,1,0.5
346,20,0,1,2026-02-26,SharkEdge,993,23,20,10,10,0.5
346,33,1,0,2026-02-26,TuskMammoth,1105,2,33,24,9,0.7272727272727273
346,17,1,0,2026-02-26,ViperTail,1012,17,17,8,9,0.47058823529411764
347,26,1,0,2026-02-26,ImpactDrake,1130,1,26,19,7,0.7307692307692307
347,20,1,0,2026-02-26,DranSword,1020,14,20,11,9,0.55
348,11,0,1,2026-02-26,SharkScale,1085,5,11,8,3,0.7272727272727273
348,17,1,0,2026-02-26,LeonCrest,1098,4,17,11,6,0.6470588235294118
348,25,0,1,2026-02-26,GolemRock,1065,7,25,15,10,0.6
348,19,1,0,2026-02-26,CobaltDragoon,1058,9,19,12,7,0.631578947368421
348,17,0,1,2026-02-26,ScorpioSpear,1081,6,17,11,6,0.6470588235294118
348,23,0,1,2026-02-26,FoxBrush,1063,8,23,15,8,0.6521739130434783
349,17,0,1,2026-02-26,HellsChain,1005,18,17,8,9,0.47058823529411764
349,23,1,0,2026-02-26,CerberusFlame,1002,21,23,11,12,0.4782608695652174
349,17,0,1,2026-02-26,RhinoReaper,1003,19,17,8,9,0.47058823529411764
349,11,0,1,2026-02-26,SharkScale,1085,6,11,8,3,0.7272727272727273
349,2,0,1,2026-02-26,WolfHunt,1003,20,2,1,1,0.5
349,18,1,0,2026-02-26,ScorpioSpear,1089,5,18,12,6,0.6666666666666666
350,6,0,1,2026-02-26,WyvernHover,1027,14,6,4,2,0.6666666666666666
350,11,0,1,2026-02-26,SharkScale,1085,5,11,8,3,0.7272727272727273
350,25,0,1,2026-02-26,GolemRock,1065,6,25,15,10,0.6
350,18,0,1,2026-02-26,KnightMail,1015,17,18,9,9,0.5
350,15,0,1,2026-02-26,LeonClaw,1016,16,15,8,7,0.5333333333333333
350,18,1,0,2026-02-26,ViperTail,1028,13,18,9,9,0.5
350,19,1,0,2026-02-26,ScorpioSpear,1064,7,19,12,7,0.631578947368421
350,20,0,1,2026-02-26,DranSword,1020,15,20,11,9,0.55
351,24,1,0,2026-02-26,CerberusFlame,996,22,24,11,13,0.4583333333333333
351,18,1,0,2026-02-26,LeonCrest,1108,2,18,12,6,0.6666666666666666
351,17,0,1,2026-02-26,HellsReaper,1002,21,17,8,9,0.47058823529411764
351,33,0,1,2026-02-26,TuskMammoth,1105,3,33,24,9,0.7272727272727273
351,6,0,1,2026-02-26,ValkyrieVolt,1101,4,6,5,1,0.8333333333333334
352,25,0,1,2026-02-26,GolemRock,1065,7,25,15,10,0.6
352,27,1,0,2026-02-26,ImpactDrake,1120,1,27,19,8,0.7037037037037037
352,20,1,0,2026-02-26,CobaltDragoon,1068,6,20,13,7,0.65
352,19,0,1,2026-02-26,ScorpioSpear,1064,8,19,12,7,0.631578947368421
352,23,0,1,2026-02-26,FoxBrush,1063,9,23,15,8,0.6521739130434783
353,14,0,1,2026-02-26,WeissTiger,1032,13,14,8,6,0.5714285714285714
353,6,0,1,2026-02-26,WyvernHover,1027,15,6,4,2,0.6666666666666666
353,24,1,0,2026-02-26,FoxBrush,1050,9,24,15,9,0.625
353,18,0,1,2026-02-26,ViperTail,1028,14,18,9,9,0.5
353,16,0,1,2026-02-26,PerseusDark,1034,12,16,9,7,0.5625
353,21,1,0,2026-02-26,DranSword,1036,11,21,12,9,0.5714285714285714
354,26,1,0,2026-02-26,GolemRock,1078,6,26,16,10,0.6153846153846154
354,34,1,0,2026-02-26,TuskMammoth,1095,4,34,24,10,0.7058823529411765
354,20,0,1,2026-02-26,CobaltDragoon,1068,7,20,13,7,0.65
354,6,0,1,2026-02-26,ValkyrieVolt,1101,3,6,5,1,0.8333333333333334
355,21,0,1,2026-02-26,DranBrave,1040,11,21,12,9,0.5714285714285714
355,7,1,0,2026-02-26,WyvernHover,1045,10,7,5,2,0.7142857142857143
355,17,1,0,2026-02-26,PerseusDark,1017,15,17,9,8,0.5294117647058824
355,21,0,1,2026-02-26,DranSword,1036,12,21,12,9,0.5714285714285714
356,15,1,0,2026-02-26,SolEclipse,977,29,15,6,9,0.4
356,17,0,1,2026-02-26,CrimsonGaruda,979,27,17,7,10,0.4117647058823529
356,17,0,1,2026-02-26,UnicornSting,984,25,17,8,9,0.47058823529411764
356,14,0,1,2026-02-26,SilverWolf,985,24,14,6,8,0.42857142857142855
356,19,1,0,2026-02-26,KnightMail,1024,15,19,10,9,0.5263157894736842
356,16,0,1,2026-02-26,WizardRod,978,28,16,7,9,0.4375
356,17,0,1,2026-02-26,DranDagger,980,26,17,8,9,0.47058823529411764
356,15,0,1,2026-02-26,LeonClaw,1016,17,15,8,7,0.5333333333333333
356,17,0,1,2026-02-26,PerseusDark,1017,16,17,9,8,0.5294117647058824
357,15,1,0,2026-02-26,WeissTiger,1018,15,15,8,7,0.5333333333333333
357,17,0,1,2026-02-26,HellsChain,1005,19,17,8,9,0.47058823529411764
357,17,0,1,2026-02-26,RhinoReaper,1003,20,17,8,9,0.47058823529411764
357,18,1,0,2026-02-26,HellsReaper,1014,18,18,9,9,0.5
357,19,0,1,2026-02-26,KnightMail,1024,14,19,10,9,0.5263157894736842
357,2,0,1,2026-02-26,WolfHunt,1003,21,2,1,1,0.5
357,18,0,1,2026-02-26,ViperTail,1028,13,18,9,9,0.5
358,2,0,1,2026-02-26,EmperorMight,965,31,2,0,2,0.0
358,7,0,1,2026-02-26,WyvernHover,1045,11,7,5,2,0.7142857142857143
358,20,1,0,2026-02-26,PhoenixWing,955,33,20,8,12,0.4
358,10,0,1,2026-02-26,DranBuster,967,30,10,3,7,0.3
358,16,0,1,2026-02-26,WhaleWave,964,32,16,6,10,0.375
358,22,1,0,2026-02-26,DranBrave,1053,9,22,13,9,0.5909090909090909
358,24,0,1,2026-02-26,FoxBrush,1050,10,24,15,9,0.625
359,15,0,1,2026-02-26,SolEclipse,977,28,15,6,9,0.4
359,12,1,0,2026-02-26,SharkScale,1094,5,12,9,3,0.75
359,17,0,1,2026-02-26,CrimsonGaruda,979,26,17,7,10,0.4117647058823529
359,16,0,1,2026-02-26,WizardRod,978,27,16,7,9,0.4375
359,18,1,0,2026-02-26,DranDagger,973,29,18,8,10,0.4444444444444444
360,15,0,1,2026-02-26,WeissTiger,1018,16,15,8,7,0.5333333333333333
360,15,0,1,2026-02-26,SolEclipse,977,27,15,6,9,0.4
360,17,0,1,2026-02-26,CrimsonGaruda,979,25,17,7,10,0.4117647058823529
360,17,0,1,2026-02-26,UnicornSting,984,24,17,8,9,0.47058823529411764
360,15,1,0,2026-02-26,SilverWolf,976,28,15,6,9,0.4
360,19,0,1,2026-02-26,KnightMail,1024,15,19,10,9,0.5263157894736842
360,16,0,1,2026-02-26,WizardRod,978,26,16,7,9,0.4375
360,16,1,0,2026-02-26,LeonClaw,1026,14,16,9,7,0.5625
360,17,0,1,2026-02-26,PerseusDark,1017,17,17,9,8,0.5294117647058824
361,15,0,1,2026-02-26,SolEclipse,977,26,15,6,9,0.4
361,18,1,0,2026-02-26,UnicornSting,993,23,18,9,9,0.5
361,15,0,1,2026-02-26,SilverWolf,976,27,15,6,9,0.4
361,17,1,0,2026-02-26,WizardRod,969,29,17,7,10,0.4117647058823529
361,20,0,1,2026-02-26,SharkEdge,993,24,20,10,10,0.5
361,18,0,1,2026-02-26,DranDagger,973,28,18,8,10,0.4444444444444444
362,15,0,1,2026-02-26,SolEclipse,977,25,15,6,9,0.4
362,18,0,1,2026-02-26,LeonCrest,1108,3,18,12,6,0.6666666666666666
362,18,1,0,2026-02-26,CrimsonGaruda,973,28,18,7,11,0.3888888888888889
362,15,0,1,2026-02-26,SilverWolf,976,26,15,6,9,0.4
362,18,0,1,2026-02-26,DranDagger,973,27,18,8,10,0.4444444444444444
362,7,1,0,2026-02-26,ValkyrieVolt,1113,2,7,6,1,0.8571428571428571
363,18,1,0,2026-02-26,HellsChain,994,23,18,8,10,0.4444444444444444
363,18,0,1,2026-02-26,UnicornSting,993,24,18,9,9,0.5
363,21,1,0,2026-02-26,SharkEdge,1004,19,21,11,10,0.5238095238095238
364,18,1,0,2026-02-26,RhinoReaper,1015,18,18,9,9,0.5
364,18,0,1,2026-02-26,HellsReaper,1014,19,18,9,9,0.5
364,20,0,1,2026-02-26,PhoenixWing,955,32,20,8,12,0.4
364,5,0,1,2026-02-26,CobaltDrake,955,33,5,1,4,0.2
364,21,0,1,2026-02-26,SharkEdge,1004,20,21,11,10,0.5238095238095238
364,17,1,0,2026-02-26,WhaleWave,952,34,17,6,11,0.35294117647058826
365,19,1,0,2026-02-26,RhinoReaper,1026,14,19,10,9,0.5263157894736842
365,18,0,1,2026-02-26,HellsReaper,1014,18,18,9,9,0.5
365,17,1,0,2026-02-26,LeonClaw,1011,19,17,9,8,0.5294117647058824
366,24,0,1,2026-02-26,CerberusFlame,996,23,24,11,13,0.4583333333333333
366,19,1,0,2026-02-26,HellsChain,1007,20,19,9,10,0.47368421052631576
366,5,0,1,2026-02-26,WhaleFlame,951,35,5,1,4,0.2
366,2,0,1,2026-02-26,WolfHunt,1003,22,2,1,1,0.5
366,21,0,1,2026-02-26,SharkEdge,1004,21,21,11,10,0.5238095238095238
366,9,0,1,2026-02-26,PhoenixRudder,952,34,9,3,6,0.3333333333333333
366,18,1,0,2026-02-26,WhaleWave,936,36,18,6,12,0.3333333333333333
367,2,0,1,2026-02-26,EmperorMight,965,30,2,0,2,0.0
367,19,0,1,2026-02-26,HellsChain,1007,21,19,9,10,0.47368421052631576
367,19,1,0,2026-02-26,CrimsonGaruda,964,31,19,7,12,0.3684210526315789
367,17,0,1,2026-02-26,WizardRod,969,28,17,7,10,0.4117647058823529
367,22,1,0,2026-02-26,SharkEdge,1011,19,22,12,10,0.5454545454545454
367,10,0,1,2026-02-26,DranBuster,967,29,10,3,7,0.3
367,17,0,1,2026-02-26,LeonClaw,1011,20,17,9,8,0.5294117647058824
368,19,1,0,2026-02-26,UnicornSting,989,24,19,9,10,0.47368421052631576
368,8,1,0,2026-02-26,ValkyrieVolt,1122,1,8,7,1,0.875
368,27,0,1,2026-02-26,ImpactDrake,1120,2,27,19,8,0.7037037037037037
369,2,0,1,2026-02-26,EmperorMight,965,29,2,0,2,0.0
369,15,0,1,2026-02-26,SolEclipse,977,26,15,6,9,0.4
369,19,0,1,2026-02-26,CrimsonGaruda,964,30,19,7,12,0.3684210526315789
369,16,1,0,2026-02-26,SilverWolf,989,25,16,7,9,0.4375
369,20,0,1,2026-02-26,PhoenixWing,955,31,20,8,12,0.4
369,18,1,0,2026-02-26,WizardRod,955,32,18,7,11,0.3888888888888889
369,10,0,1,2026-02-26,DranBuster,967,28,10,3,7,0.3
370,34,0,1,2026-02-26,TuskMammoth,1095,5,34,24,10,0.7058823529411765
370,8,1,0,2026-02-26,WyvernHover,1034,12,8,5,3,0.625
370,21,0,1,2026-02-26,DranSword,1036,11,21,12,9,0.5714285714285714
370,13,1,0,2026-02-26,SharkScale,1104,4,13,10,3,0.7692307692307693
371,23,1,0,2026-02-26,DranBrave,1059,9,23,14,9,0.6086956521739131
371,10,0,1,2026-02-26,DranBuster,967,27,10,3,7,0.3
371,19,1,0,2026-02-26,DranDagger,966,28,19,8,11,0.42105263157894735
372,2,0,1,2026-02-26,EmperorMight,965,30,2,0,2,0.0
372,19,0,1,2026-02-26,HellsChain,1007,20,19,9,10,0.47368421052631576
372,19,0,1,2026-02-26,CrimsonGaruda,964,31,19,7,12,0.3684210526315789
372,19,1,0,2026-02-26,HellsReaper,1004,21,19,9,10,0.47368421052631576
372,21,1,0,2026-02-26,PhoenixWing,969,27,21,9,12,0.42857142857142855
372,22,0,1,2026-02-26,SharkEdge,1011,18,22,12,10,0.5454545454545454
372,10,0,1,2026-02-26,DranBuster,967,28,10,3,7,0.3
372,19,0,1,2026-02-26,DranDagger,966,29,19,8,11,0.42105263157894735
372,17,0,1,2026-02-26,LeonClaw,1011,19,17,9,8,0.5294117647058824
373,2,0,1,2026-02-26,EmperorMight,965,29,2,0,2,0.0
373,16,1,0,2026-02-26,SolEclipse,964,30,16,6,10,0.375
373,19,0,1,2026-02-26,RhinoReaper,1026,15,19,10,9,0.5263157894736842
373,16,1,0,2026-02-26,WeissTiger,1029,13,16,9,7,0.5625
373,21,0,1,2026-02-26,PhoenixWing,969,26,21,9,12,0.42857142857142855
373,19,0,1,2026-02-26,KnightMail,1024,16,19,10,9,0.5263157894736842
373,10,0,1,2026-02-26,DranBuster,967,27,10,3,7,0.3
373,19,0,1,2026-02-26,DranDagger,966,28,19,8,11,0.42105263157894735
373,18,0,1,2026-02-26,ViperTail,1028,14,18,9,9,0.5
374,16,0,1,2026-02-26,WeissTiger,1029,14,16,9,7,0.5625
374,19,0,1,2026-02-26,RhinoReaper,1026,16,19,10,9,0.5263157894736842
374,19,0,1,2026-02-26,HellsChain,1007,19,19,9,10,0.47368421052631576
374,8,0,1,2026-02-26,WyvernHover,1034,13,8,5,3,0.625
374,20,1,0,2026-02-26,KnightMail,1036,11,20,11,9,0.55
374,22,0,1,2026-02-26,SharkEdge,1011,17,22,12,10,0.5454545454545454
374,17,0,1,2026-02-26,LeonClaw,1011,18,17,9,8,0.5294117647058824
374,18,0,1,2026-02-26,ViperTail,1028,15,18,9,9,0.5
374,18,1,0,2026-02-26,PerseusDark,1005,20,18,9,9,0.5
374,21,0,1,2026-02-26,DranSword,1036,12,21,12,9,0.5714285714285714
375,27,1,0,2026-02-26,GolemRock,1084,6,27,17,10,0.6296296296296297
375,19,0,1,2026-02-26,RhinoReaper,1026,15,19,10,9,0.5263157894736842
375,19,1,0,2026-02-26,ViperTail,1020,16,19,9,10,0.47368421052631576
376,24,0,1,2026-02-26,FoxBrush,1050,11,24,15,9,0.625
376,35,1,0,2026-02-26,TuskMammoth,1084,5,35,24,11,0.6857142857142857
376,20,0,1,2026-02-26,KnightMail,1036,12,20,11,9,0.55
376,22,1,0,2026-02-26,DranSword,1050,10,22,13,9,0.5909090909090909
377,22,0,1,2026-02-26,DranSword,1050,11,22,13,9,0.5909090909090909
377,21,1,0,2026-02-26,CobaltDragoon,1055,10,21,13,8,0.6190476190476191
377,19,0,1,2026-02-26,ScorpioSpear,1064,7,19,12,7,0.631578947368421
377,25,1,0,2026-02-26,FoxBrush,1063,8,25,16,9,0.64
378,25,1,0,2026-02-26,CerberusFlame,992,23,25,11,14,0.44
378,8,0,1,2026-02-26,ValkyrieVolt,1122,2,8,7,1,0.875
378,28,1,0,2026-02-26,ImpactDrake,1123,1,28,20,8,0.7142857142857143
379,20,1,0,2026-02-26,ScorpioSpear,1076,7,20,13,7,0.65
379,13,0,1,2026-02-26,SharkScale,1104,3,13,10,3,0.7692307692307693
379,19,1,0,2026-02-26,LeonCrest,1091,4,19,12,7,0.631578947368421
380,16,0,1,2026-02-26,SolEclipse,964,32,16,6,10,0.375
380,19,0,1,2026-02-26,HellsReaper,1004,22,19,9,10,0.47368421052631576
380,1,1,0,2026-02-26,TyrannoRoar,1016,17,1,1,0,1.0
380,22,0,1,2026-02-26,SharkEdge,1011,18,22,12,10,0.5454545454545454
380,9,0,1,2026-02-26,TyrannoBeat,923,41,9,2,7,0.2222222222222222
380,8,0,1,2026-02-26,SamuraiSaber,867,45,8,0,8,0.0
380,2,0,1,2026-02-26,EmperorMight,965,31,2,0,2,0.0
380,5,0,1,2026-02-26,WhaleFlame,951,37,5,1,4,0.2
380,7,0,1,2026-02-26,WizardArc,934,39,7,1,6,0.14285714285714285
380,19,0,1,2026-02-26,UnicornSting,989,25,19,9,10,0.47368421052631576
380,16,0,1,2026-02-26,SilverWolf,989,26,16,7,9,0.4375
380,5,0,1,2026-02-26,HellsHammer,900,43,5,0,5,0.0
380,19,0,1,2026-02-26,DranDagger,966,30,19,8,11,0.42105263157894735
380,19,0,1,2026-02-26,HellsChain,1007,20,19,9,10,0.47368421052631576
380,6,0,1,2026-02-26,PegasusBlast,923,40,6,1,5,0.16666666666666666
380,19,0,1,2026-02-26,CrimsonGaruda,964,33,19,7,12,0.3684210526315789
380,1,1,0,2026-02-26,HellsBrave,984,27,1,0,1,0.0
380,5,0,1,2026-02-26,CobaltDrake,955,35,5,1,4,0.2
380,10,0,1,2026-02-26,DranBuster,967,29,10,3,7,0.3
380,9,0,1,2026-02-26,PhoenixRudder,952,36,9,3,6,0.3333333333333333
380,18,0,1,2026-02-26,WhaleWave,936,38,18,6,12,0.3333333333333333
380,17,0,1,2026-02-26,LeonClaw,1011,19,17,9,8,0.5294117647058824
380,18,0,1,2026-02-26,PerseusDark,1005,21,18,9,9,0.5
380,25,0,1,2026-02-26,CerberusFlame,992,24,25,11,14,0.44
380,21,0,1,2026-02-26,PhoenixWing,969,28,21,9,12,0.42857142857142855
380,18,0,1,2026-02-26,WizardRod,955,34,18,7,11,0.3888888888888889
380,9,0,1,2026-02-26,BlackShell,919,42,9,2,7,0.2222222222222222
380,2,0,1,2026-02-26,WolfHunt,1003,23,2,1,1,0.5
380,6,0,1,2026-02-26,WizardArrow,887,44,6,0,6,0.0
381,19,0,1,2026-02-26,RhinoReaper,1026,16,19,10,9,0.5263157894736842
381,16,0,1,2026-02-26,SolEclipse,964,33,16,6,10,0.375
381,20,0,1,2026-02-26,KnightMail,1036,13,20,11,9,0.55
381,2,1,0,2026-02-26,TyrannoRoar,1037,12,2,2,0,1.0
381,9,0,1,2026-02-26,TyrannoBeat,923,42,9,2,7,0.2222222222222222
381,8,0,1,2026-02-26,SamuraiSaber,867,46,8,0,8,0.0
381,2,0,1,2026-02-26,EmperorMight,965,32,2,0,2,0.0
381,16,0,1,2026-02-26,WeissTiger,1029,15,16,9,7,0.5625
381,5,0,1,2026-02-26,WhaleFlame,951,38,5,1,4,0.2
381,7,0,1,2026-02-26,WizardArc,934,40,7,1,6,0.14285714285714285
381,5,0,1,2026-02-26,HellsHammer,900,44,5,0,5,0.0
381,19,0,1,2026-02-26,DranDagger,966,31,19,8,11,0.42105263157894735
381,8,0,1,2026-02-26,WyvernHover,1034,14,8,5,3,0.625
381,1,1,0,2026-02-26,ClockMirage,981,28,1,0,1,0.0
381,6,0,1,2026-02-26,PegasusBlast,923,41,6,1,5,0.16666666666666666
381,19,0,1,2026-02-26,CrimsonGaruda,964,34,19,7,12,0.3684210526315789
381,5,0,1,2026-02-26,CobaltDrake,955,36,5,1,4,0.2
381,10,0,1,2026-02-26,DranBuster,967,30,10,3,7,0.3
381,9,0,1,2026-02-26,PhoenixRudder,952,37,9,3,6,0.3333333333333333
381,18,0,1,2026-02-26,WhaleWave,936,39,18,6,12,0.3333333333333333
381,21,0,1,2026-02-26,PhoenixWing,969,29,21,9,12,0.42857142857142855
381,18,0,1,2026-02-26,WizardRod,955,35,18,7,11,0.3888888888888889
381,9,0,1,2026-02-26,BlackShell,919,43,9,2,7,0.2222222222222222
381,6,0,1,2026-02-26,WizardArrow,887,45,6,0,6,0.0
381,19,0,1,2026-02-26,ViperTail,1020,17,19,9,10,0.47368421052631576
382,2,0,1,2026-02-26,EmperorMight,965,31,2,0,2,0.0
382,19,0,1,2026-02-26,HellsChain,1007,21,19,9,10,0.47368421052631576
382,25,0,1,2026-02-26,CerberusFlame,992,25,25,11,14,0.44
382,16,0,1,2026-02-26,SolEclipse,964,32,16,6,10,0.375
382,2,1,0,2026-02-26,ClockMirage,954,36,2,0,2,0.0
382,19,0,1,2026-02-26,CrimsonGaruda,964,33,19,7,12,0.3684210526315789
382,19,0,1,2026-02-26,HellsReaper,1004,23,19,9,10,0.47368421052631576
382,2,1,0,2026-02-26,HellsBrave,1011,20,2,1,1,0.5
382,19,0,1,2026-02-26,UnicornSting,989,26,19,9,10,0.47368421052631576
382,16,0,1,2026-02-26,SilverWolf,989,27,16,7,9,0.4375
382,21,0,1,2026-02-26,PhoenixWing,969,28,21,9,12,0.42857142857142855
382,18,0,1,2026-02-26,WizardRod,955,34,18,7,11,0.3888888888888889
382,5,0,1,2026-02-26,CobaltDrake,955,35,5,1,4,0.2
382,2,0,1,2026-02-26,WolfHunt,1003,24,2,1,1,0.5
382,10,0,1,2026-02-26,DranBuster,967,29,10,3,7,0.3
382,19,0,1,2026-02-26,DranDagger,966,30,19,8,11,0.42105263157894735
382,18,0,1,2026-02-26,PerseusDark,1005,22,18,9,9,0.5
383,9,0,1,2026-02-26,BlackShell,919,42,9,2,7,0.2222222222222222
383,3,1,0,2026-02-26,TyrannoRoar,1054,11,3,3,0,1.0
383,22,0,1,2026-02-26,DranSword,1050,12,22,13,9,0.5909090909090909
383,10,1,0,2026-02-26,TyrannoBeat,909,43,10,2,8,0.2
384,3,1,0,2026-02-26,EmperorMight,948,38,3,0,3,0.0
384,5,0,1,2026-02-26,WhaleFlame,951,37,5,1,4,0.2
384,3,1,0,2026-02-26,ClockMirage,972,28,3,1,2,0.3333333333333333
384,21,0,1,2026-02-26,PhoenixWing,969,29,21,9,12,0.42857142857142855
384,10,0,1,2026-02-26,DranBuster,967,30,10,3,7,0.3
384,19,0,1,2026-02-26,DranDagger,966,31,19,8,11,0.42105263157894735
384,9,0,1,2026-02-26,PhoenixRudder,952,36,9,3,6,0.3333333333333333
385,3,0,1,2026-02-26,EmperorMight,948,37,3,0,3,0.0
385,5,0,1,2026-02-26,WhaleFlame,951,36,5,1,4,0.2
385,4,1,0,2026-02-26,ClockMirage,986,28,4,2,2,0.5
385,19,1,0,2026-02-26,WizardRod,945,38,19,7,12,0.3684210526315789
385,5,0,1,2026-02-26,CobaltDrake,955,34,5,1,4,0.2
385,9,0,1,2026-02-26,PhoenixRudder,952,35,9,3,6,0.3333333333333333
386,3,1,0,2026-02-26,WolfHunt,980,28,3,1,2,0.3333333333333333
386,4,0,1,2026-02-26,ClockMirage,986,27,4,2,2,0.5
386,17,1,0,2026-02-26,SilverWolf,1003,24,17,8,9,0.47058823529411764
387,3,0,1,2026-02-26,EmperorMight,948,36,3,0,3,0.0
387,5,0,1,2026-02-26,WhaleFlame,951,35,5,1,4,0.2
387,6,1,0,2026-02-26,CobaltDrake,946,37,6,1,5,0.16666666666666666
387,4,1,0,2026-02-26,TyrannoRoar,1064,8,4,4,0,1.0
387,21,0,1,2026-02-26,CobaltDragoon,1055,11,21,13,8,0.6190476190476191
387,9,0,1,2026-02-26,PhoenixRudder,952,34,9,3,6,0.3333333333333333
387,23,0,1,2026-02-26,DranBrave,1059,10,23,14,9,0.6086956521739131
387,25,0,1,2026-02-26,FoxBrush,1063,9,25,16,9,0.64
388,4,1,0,2026-02-26,EmperorMight,928,40,4,0,4,0.0
388,19,0,1,2026-02-26,RhinoReaper,1026,17,19,10,9,0.5263157894736842
388,7,0,1,2026-02-26,WizardArc,934,39,7,1,6,0.14285714285714285
388,3,1,0,2026-02-26,HellsBrave,1027,16,3,2,1,0.6666666666666666
388,19,0,1,2026-02-26,WizardRod,945,37,19,7,12,0.3684210526315789
388,6,0,1,2026-02-26,CobaltDrake,946,36,6,1,5,0.16666666666666666
388,22,0,1,2026-02-26,SharkEdge,1011,19,22,12,10,0.5454545454545454
388,18,0,1,2026-02-26,WhaleWave,936,38,18,6,12,0.3333333333333333
388,17,0,1,2026-02-26,LeonClaw,1011,20,17,9,8,0.5294117647058824
388,19,0,1,2026-02-26,ViperTail,1020,18,19,9,10,0.47368421052631576
389,26,1,0,2026-02-26,CerberusFlame,1004,22,26,12,14,0.46153846153846156
389,19,1,0,2026-02-26,PerseusDark,994,25,19,9,10,0.47368421052631576
390,19,0,1,2026-03-01,HellsChain,1007,22,19,9,10,0.47368421052631576
390,26,0,1,2026-03-01,CerberusFlame,1004,23,26,12,14,0.46153846153846156
390,13,0,1,2026-03-01,SharkScale,1104,2,13,10,3,0.7692307692307693
390,19,0,1,2026-03-01,LeonCrest,1091,3,19,12,7,0.631578947368421
390,19,0,1,2026-03-01,HellsReaper,1004,24,19,9,10,0.47368421052631576
390,18,1,0,2026-03-01,SilverWolf,1021,18,18,9,9,0.5
390,22,0,1,2026-03-01,SharkEdge,1011,20,22,12,10,0.5454545454545454
390,17,0,1,2026-03-01,LeonClaw,1011,21,17,9,8,0.5294117647058824
390,19,0,1,2026-03-01,ViperTail,1020,19,19,9,10,0.47368421052631576
390,9,1,0,2026-03-01,ValkyrieVolt,1090,4,9,7,2,0.7777777777777778
391,7,0,1,2026-03-01,WizardArc,934,38,7,1,6,0.14285714285714285
391,18,0,1,2026-03-01,SilverWolf,1021,19,18,9,9,0.5
391,20,1,0,2026-03-01,WizardRod,930,39,20,7,13,0.35
391,22,0,1,2026-03-01,SharkEdge,1011,21,22,12,10,0.5454545454545454
391,18,0,1,2026-03-01,WhaleWave,936,37,18,6,12,0.3333333333333333
391,18,1,0,2026-03-01,LeonClaw,1022,18,18,10,8,0.5555555555555556
391,19,0,1,2026-03-01,ViperTail,1020,20,19,9,10,0.47368421052631576
392,26,0,1,2026-03-01,CerberusFlame,1004,22,26,12,14,0.46153846153846156
392,19,0,1,2026-03-01,HellsChain,1007,21,19,9,10,0.47368421052631576
392,19,0,1,2026-03-01,HellsReaper,1004,23,19,9,10,0.47368421052631576
392,20,1,0,2026-03-01,UnicornSting,998,25,20,10,10,0.5
392,23,1,0,2026-03-01,SharkEdge,1003,24,23,12,11,0.5217391304347826
392,19,0,1,2026-03-01,PerseusDark,994,26,19,9,10,0.47368421052631576
393,4,0,1,2026-03-01,EmperorMight,928,39,4,0,4,0.0
393,16,0,1,2026-03-01,SolEclipse,964,33,16,6,10,0.375
393,6,0,1,2026-03-01,PegasusBlast,923,40,6,1,5,0.16666666666666666
393,20,1,0,2026-03-01,CrimsonGaruda,977,29,20,8,12,0.4
393,7,0,1,2026-03-01,WizardArc,934,37,7,1,6,0.14285714285714285
393,21,0,1,2026-03-01,PhoenixWing,969,30,21,9,12,0.42857142857142855
393,20,0,1,2026-03-01,WizardRod,930,38,20,7,13,0.35
393,10,0,1,2026-03-01,DranBuster,967,31,10,3,7,0.3
393,19,0,1,2026-03-01,DranDagger,966,32,19,8,11,0.42105263157894735
393,19,1,0,2026-03-01,WhaleWave,921,41,19,6,13,0.3157894736842105
394,20,1,0,2026-03-01,HellsChain,1015,21,20,10,10,0.5
394,20,1,0,2026-03-01,RhinoReaper,1018,20,20,10,10,0.5
394,18,0,1,2026-03-01,SilverWolf,1021,18,18,9,9,0.5
394,18,0,1,2026-03-01,LeonClaw,1022,17,18,10,8,0.5555555555555556
394,19,0,1,2026-03-01,ViperTail,1020,19,19,9,10,0.47368421052631576
395,4,0,1,2026-03-01,EmperorMight,928,40,4,0,4,0.0
395,6,0,1,2026-03-01,PegasusBlast,923,41,6,1,5,0.16666666666666666
395,7,0,1,2026-03-01,WizardArc,934,38,7,1,6,0.14285714285714285
395,21,1,0,2026-03-01,UnicornSting,989,26,21,10,11,0.47619047619047616
395,20,0,1,2026-03-01,WizardRod,930,39,20,7,13,0.35
395,20,1,0,2026-03-01,WhaleWave,936,37,20,7,13,0.35
395,19,0,1,2026-03-01,PerseusDark,994,25,19,9,10,0.47368421052631576
396,20,0,1,2026-03-01,HellsChain,1015,20,20,10,10,0.5
396,21,1,0,2026-03-01,RhinoReaper,1009,21,21,10,11,0.47619047619047616
396,4,0,1,2026-03-01,ClockMirage,986,28,4,2,2,0.5
396,21,1,0,2026-03-01,CrimsonGaruda,987,27,21,9,12,0.42857142857142855
396,3,0,1,2026-03-01,WolfHunt,980,29,3,1,2,0.3333333333333333
397,21,1,0,2026-03-01,HellsChain,1026,17,21,11,10,0.5238095238095238
397,19,1,0,2026-03-01,LeonClaw,1009,20,19,10,9,0.5263157894736842
398,21,0,1,2026-03-01,HellsChain,1026,18,21,11,10,0.5238095238095238
398,16,0,1,2026-03-01,WeissTiger,1029,16,16,9,7,0.5625
398,3,0,1,2026-03-01,HellsBrave,1027,17,3,2,1,0.6666666666666666
398,19,1,0,2026-03-01,SilverWolf,1030,15,19,10,9,0.5263157894736842
398,24,1,0,2026-03-01,SharkEdge,997,24,24,12,12,0.5
399,4,0,1,2026-03-01,EmperorMight,928,39,4,0,4,0.0
399,19,0,1,2026-03-01,LeonCrest,1091,4,19,12,7,0.631578947368421
399,6,0,1,2026-03-01,PegasusBlast,923,40,6,1,5,0.16666666666666666
399,21,1,0,2026-03-01,WizardRod,920,41,21,7,14,0.3333333333333333
399,10,1,0,2026-03-01,ValkyrieVolt,1100,3,10,8,2,0.8
400,17,1,0,2026-03-01,WeissTiger,1040,13,17,10,7,0.5882352941176471
400,8,0,1,2026-03-01,WyvernHover,1034,15,8,5,3,0.625
400,4,0,1,2026-03-01,ClockMirage,986,27,4,2,2,0.5
400,21,0,1,2026-03-01,CrimsonGaruda,987,26,21,9,12,0.42857142857142855
400,21,0,1,2026-03-01,UnicornSting,989,25,21,10,11,0.47619047619047616
400,19,0,1,2026-03-01,SilverWolf,1030,16,19,10,9,0.5263157894736842
400,20,0,1,2026-03-01,KnightMail,1036,14,20,11,9,0.55
400,20,1,0,2026-03-01,PerseusDark,983,28,20,9,11,0.45
401,17,0,1,2026-03-01,WeissTiger,1040,14,17,10,7,0.5882352941176471
401,21,0,1,2026-03-01,HellsChain,1026,17,21,11,10,0.5238095238095238
401,9,1,0,2026-03-01,WyvernHover,1017,19,9,5,4,0.5555555555555556
401,3,0,1,2026-03-01,HellsBrave,1027,16,3,2,1,0.6666666666666666
401,19,0,1,2026-03-01,SilverWolf,1030,15,19,10,9,0.5263157894736842
401,21,1,0,2026-03-01,KnightMail,1049,13,21,12,9,0.5714285714285714
401,19,0,1,2026-03-01,ViperTail,1020,18,19,9,10,0.47368421052631576
402,17,1,0,2026-03-01,SolEclipse,954,33,17,6,11,0.35294117647058826
402,22,1,0,2026-03-01,PhoenixWing,977,30,22,10,12,0.45454545454545453
403,26,0,1,2026-03-01,CerberusFlame,1004,23,26,12,14,0.46153846153846156
403,21,0,1,2026-03-01,RhinoReaper,1009,22,21,10,11,0.47619047619047616
403,20,1,0,2026-03-01,HellsReaper,1011,20,20,10,10,0.5
403,20,1,0,2026-03-01,DranDagger,956,32,20,8,12,0.4
403,19,0,1,2026-03-01,LeonClaw,1009,21,19,10,9,0.5263157894736842
404,14,1,0,2026-03-01,SharkScale,1120,2,14,11,3,0.7857142857142857
404,21,0,1,2026-03-01,KnightMail,1049,12,21,12,9,0.5714285714285714
404,21,0,1,2026-03-01,CobaltDragoon,1055,10,21,13,8,0.6190476190476191
404,24,1,0,2026-03-01,DranBrave,1047,13,24,14,10,0.5833333333333334
404,22,0,1,2026-03-01,DranSword,1050,11,22,13,9,0.5909090909090909
405,18,1,0,2026-03-01,SolEclipse,944,36,18,6,12,0.3333333333333333
405,5,0,1,2026-03-01,WhaleFlame,951,34,5,1,4,0.2
405,6,0,1,2026-03-01,CobaltDrake,946,35,6,1,5,0.16666666666666666
405,21,1,0,2026-03-01,DranDagger,966,32,21,9,12,0.42857142857142855
405,9,0,1,2026-03-01,PhoenixRudder,952,33,9,3,6,0.3333333333333333
406,21,0,1,2026-03-01,RhinoReaper,1009,21,21,10,11,0.47619047619047616
406,26,0,1,2026-03-01,CerberusFlame,1004,22,26,12,14,0.46153846153846156
406,15,1,0,2026-03-01,SharkScale,1133,1,15,12,3,0.8
406,21,1,0,2026-03-01,HellsReaper,1004,23,21,10,11,0.47619047619047616
406,28,0,1,2026-03-01,ImpactDrake,1123,2,28,20,8,0.7142857142857143
406,19,0,1,2026-03-01,LeonClaw,1009,20,19,10,9,0.5263157894736842
407,21,0,1,2026-03-01,RhinoReaper,1009,20,21,10,11,0.47619047619047616
407,10,1,0,2026-03-01,WyvernHover,1009,21,10,5,5,0.5
407,25,1,0,2026-03-01,DranBrave,1054,11,25,15,10,0.6
407,21,0,1,2026-03-01,KnightMail,1049,13,21,12,9,0.5714285714285714
407,19,0,1,2026-03-01,LeonClaw,1009,19,19,10,9,0.5263157894736842
407,22,0,1,2026-03-01,DranSword,1050,12,22,13,9,0.5909090909090909
408,4,0,1,2026-03-01,ClockMirage,986,28,4,2,2,0.5
408,21,0,1,2026-03-01,CrimsonGaruda,987,27,21,9,12,0.42857142857142855
408,21,0,1,2026-03-01,UnicornSting,989,26,21,10,11,0.47619047619047616
408,23,1,0,2026-03-01,PhoenixWing,970,30,23,10,13,0.43478260869565216
408,21,1,0,2026-03-01,PerseusDark,992,25,21,10,11,0.47619047619047616
409,22,1,0,2026-03-01,KnightMail,1039,14,22,12,10,0.5454545454545454
409,18,1,0,2026-03-01,WeissTiger,1049,13,18,11,7,0.6111111111111112
410,21,1,0,2026-03-01,ScorpioSpear,1067,7,21,13,8,0.6190476190476191
410,29,1,0,2026-03-01,ImpactDrake,1129,2,29,21,8,0.7241379310344828
411,21,0,1,2026-03-01,HellsChain,1026,18,21,11,10,0.5238095238095238
411,20,1,0,2026-03-01,LeonCrest,1069,6,20,12,8,0.6
411,27,0,1,2026-03-01,GolemRock,1084,5,27,17,10,0.6296296296296297
411,3,0,1,2026-03-01,HellsBrave,1027,17,3,2,1,0.6666666666666666
411,19,0,1,2026-03-01,SilverWolf,1030,16,19,10,9,0.5263157894736842
411,35,0,1,2026-03-01,TuskMammoth,1084,4,35,24,11,0.6857142857142857
411,20,1,0,2026-03-01,ViperTail,1036,15,20,10,10,0.5
412,27,1,0,2026-03-01,CerberusFlame,994,24,27,12,15,0.4444444444444444
412,20,0,1,2026-03-01,LeonCrest,1069,7,20,12,8,0.6
412,21,0,1,2026-03-01,HellsReaper,1004,22,21,10,11,0.47619047619047616
412,4,0,1,2026-03-01,TyrannoRoar,1064,9,4,4,0,1.0
412,24,0,1,2026-03-01,SharkEdge,997,23,24,12,12,0.5
412,21,0,1,2026-03-01,ScorpioSpear,1067,8,21,13,8,0.6190476190476191
412,26,1,0,2026-03-01,FoxBrush,1074,6,26,17,9,0.6538461538461539
413,18,0,1,2026-03-01,WeissTiger,1049,12,18,11,7,0.6111111111111112
413,22,1,0,2026-03-01,CobaltDragoon,1044,13,22,13,9,0.5909090909090909
413,36,1,0,2026-03-01,TuskMammoth,1095,4,36,25,11,0.6944444444444444
413,25,0,1,2026-03-01,DranBrave,1054,10,25,15,10,0.6
413,22,0,1,2026-03-01,DranSword,1050,11,22,13,9,0.5909090909090909
414,28,1,0,2026-03-01,GolemRock,1077,5,28,17,11,0.6071428571428571
414,25,0,1,2026-03-01,DranBrave,1054,11,25,15,10,0.6
414,23,1,0,2026-03-01,DranSword,1059,10,23,14,9,0.6086956521739131
415,28,1,0,2026-03-01,CerberusFlame,1005,22,28,13,15,0.4642857142857143
415,21,0,1,2026-03-01,HellsReaper,1004,23,21,10,11,0.47619047619047616
415,24,0,1,2026-03-01,SharkEdge,997,24,24,12,12,0.5
415,37,1,0,2026-03-01,TuskMammoth,1088,4,37,25,12,0.6756756756756757
416,22,0,1,2026-03-01,KnightMail,1039,13,22,12,10,0.5454545454545454
416,29,1,0,2026-03-01,GolemRock,1082,5,29,18,11,0.6206896551724138
416,23,1,0,2026-03-01,CobaltDragoon,1038,14,23,13,10,0.5652173913043478
417,18,0,1,2026-03-01,WeissTiger,1049,11,18,11,7,0.6111111111111112
417,22,0,1,2026-03-01,KnightMail,1039,14,22,12,10,0.5454545454545454
417,23,0,1,2026-03-01,CobaltDragoon,1038,15,23,13,10,0.5652173913043478
417,25,0,1,2026-03-01,DranBrave,1054,10,25,15,10,0.6
417,21,1,0,2026-03-01,ViperTail,1047,13,21,11,10,0.5238095238095238
417,24,1,0,2026-03-01,DranSword,1049,12,24,14,10,0.5833333333333334
418,4,0,1,2026-03-01,TyrannoRoar,1064,8,4,4,0,1.0
418,22,1,0,2026-03-01,ScorpioSpear,1059,9,22,13,9,0.5909090909090909
418,27,1,0,2026-03-01,FoxBrush,1080,6,27,18,9,0.6666666666666666
419,30,1,0,2026-03-01,ImpactDrake,1121,2,30,21,9,0.7
419,21,1,0,2026-03-01,LeonCrest,1078,7,21,13,8,0.6190476190476191
