k_max,k_min,k_tau,form_alpha,form_win,margin_a,margin_b,log_loss,brier
40,12,10,3.0,10,0.22,2.6,0.6701146685022076,0.2388981199785061
40,12,10,3.0,10,0.22,2.2,0.6702724063552706,0.23896860865294436
40,12,10,3.0,14,0.22,2.6,0.6703181174478186,0.2390266615934545
40,12,10,3.0,14,0.22,2.2,0.6704003403194329,0.23906425502061987
40,12,10,3.0,14,0.22,1.8,0.6705296648037393,0.23912271068111435
40,12,10,3.0,10,0.22,1.8,0.6705379897873791,0.23908788509835774
40,12,10,3.0,14,0.18,2.6,0.6705515793948305,0.23913105720112612
40,12,10,3.0,10,0.18,2.6,0.6705721189354398,0.23910401098918124
40,12,10,3.0,14,0.18,2.2,0.6706428783948267,0.2391716303997704
40,12,10,3.0,10,0.18,2.2,0.6707549525251315,0.239184862199176
40,12,10,3.0,6,0.22,2.6,0.6707875219936443,0.2391917585454419
40,12,10,3.0,14,0.18,1.8,0.6707977007971947,0.2392403732067779
40,12,10,3.0,14,0.15,2.6,0.6707997339355637,0.23924128901589978
40,12,10,2.5,10,0.22,2.6,0.6708654455266675,0.2392222041454302
40,12,15,3.0,10,0.22,2.6,0.6708672450632741,0.23930591111375615
40,12,10,3.0,14,0.15,2.2,0.6709037523668138,0.2392867085190813
40,12,10,3.0,6,0.22,2.2,0.6709933136209117,0.2392744282038664
40,12,10,3.0,10,0.15,2.6,0.6710096575701495,0.23929932764308887
40,12,10,3.0,10,0.18,1.8,0.6710386268607833,0.23931126897681543
40,12,10,2.5,14,0.22,2.6,0.6710407180226603,0.2393312377120024
40,12,15,3.0,14,0.22,2.6,0.6710484516558823,0.23943172821104938
40,12,10,2.5,10,0.22,2.2,0.6710576688457927,0.23930988205079934
40,12,10,3.0,14,0.15,1.8,0.6710630135903852,0.23935644726163943
40,12,15,3.0,10,0.22,2.2,0.6711196093296663,0.23941553277659722
40,12,10,3.0,6,0.18,2.6,0.6711377325505989,0.2393235715381926
40,12,10,2.5,14,0.22,2.2,0.671162139158866,0.23938756974386483
40,12,10,3.0,10,0.15,2.2,0.671199462908879,0.2393827999426961
40,12,15,3.0,14,0.22,2.2,0.6712254699363225,0.23951015878485515
40,12,10,3.0,6,0.22,1.8,0.6712575062335077,0.23937805758874403
36,12,10,3.0,10,0.22,2.6,0.6713151788869895,0.23942494513319507
40,12,10,3.0,6,0.18,2.2,0.671329832960416,0.23939819094654766
40,12,10,2.5,14,0.22,1.8,0.6713395174967379,0.23946915354430068
40,12,10,2.5,10,0.22,1.8,0.6713447862538139,0.23944044359047537
40,12,10,2.5,14,0.18,2.6,0.6713603188567654,0.23947760668532442
40,12,10,2.5,10,0.18,2.6,0.6713706981619649,0.23945287399997942
40,12,15,3.0,14,0.18,2.6,0.6714450705723137,0.23960176250232038
40,12,10,3.0,6,0.15,2.6,0.6714548712672923,0.23944095046383332
40,12,15,3.0,14,0.22,1.8,0.6714584692868267,0.2396113467624206
40,12,10,2.5,6,0.22,2.6,0.6714710625214876,0.23949179682077393
36,12,10,3.0,10,0.22,2.2,0.6714736169178976,0.23949611564114884
40,12,10,3.0,10,0.15,1.8,0.6714740899320902,0.23950422612012004
40,12,15,2.5,10,0.22,2.6,0.6714764071107474,0.23955987986690716
40,12,15,3.0,10,0.18,2.6,0.6714774768342618,0.23956937940821654
40,12,10,2.5,14,0.18,2.2,0.6714806597535332,0.23953210862966048
40,16,10,3.0,10,0.22,2.6,0.6714816048584873,0.23958095329424092
36,12,10,3.0,14,0.22,2.6,0.6714983783168199,0.23953857938073625
40,12,15,3.0,10,0.22,1.8,0.6715005512004997,0.23958148121528608
40,12,10,2.5,10,0.18,2.2,0.6715647555181511,0.23953995575579035
40,12,10,3.0,6,0.18,1.8,0.6715794512909745,0.2394930612099879
36,12,10,3.0,14,0.22,2.2,0.6715837251057121,0.23957728538749795
40,12,15,3.0,14,0.18,2.2,0.6716069143102705,0.23967141952538107
40,12,15,2.5,14,0.22,2.6,0.6716224343495749,0.2396612924902793
40,16,10,3.0,14,0.22,2.6,0.6716237833071433,0.23968498643634284
40,12,10,3.0,6,0.15,2.2,0.6716457552514739,0.23951421516024665
40,12,10,2.5,14,0.15,2.6,0.6716596540474322,0.23961297117643748
40,12,10,2.5,14,0.18,1.8,0.6716677454120057,0.2396166265198351
40,12,10,2.5,6,0.22,2.2,0.6716865711036063,0.23958211707488564
36,12,10,3.0,14,0.22,1.8,0.6717039084820765,0.23963115777040483
36,12,10,3.0,14,0.18,2.6,0.6717276958877846,0.23964112718809688
36,12,10,3.0,10,0.22,1.8,0.6717282569969053,0.23961077290632887
40,16,10,3.0,10,0.22,2.2,0.6717292631763994,0.2396887039230715
40,12,15,3.0,10,0.18,2.2,0.6717475554509409,0.23968592230168193
40,12,10,2.0,10,0.22,2.6,0.6717505328349166,0.23961515181546444
36,12,10,3.0,10,0.18,2.6,0.6717547407813563,0.23962364758392557
40,12,15,2.5,10,0.22,2.2,0.6717578250985051,0.2396848522087826
36,12,15,3.0,10,0.22,2.6,0.671783808849,0.2396873053618382
40,12,10,2.5,14,0.15,2.2,0.6717848802915691,0.2396688600470839
40,16,10,3.0,14,0.22,2.2,0.6717909291590879,0.2397586412378194
40,12,15,3.0,14,0.15,2.6,0.6718131071602467,0.23975832112601572
36,12,10,3.0,14,0.18,2.2,0.6718156912488273,0.23967992942348124
40,12,10,2.5,10,0.15,2.6,0.6718252265839763,0.23965841080006572
40,12,15,2.5,14,0.22,2.2,0.6718348114428732,0.23975697075228378
40,12,15,3.0,14,0.18,1.8,0.6718508239634196,0.23977611402075494
40,12,10,2.5,10,0.18,1.8,0.6718619465118814,0.23967433698211862
40,12,10,2.5,6,0.18,2.6,0.6718717871515454,0.23965431783844904
40,12,10,2.0,14,0.22,2.6,0.6718910627773353,0.23970170274423444
40,12,10,3.0,6,0.15,1.8,0.6719005364069847,0.23961205190022478
36,12,10,3.0,10,0.18,2.2,0.6719285693165536,0.2397007313415922
36,12,15,3.0,14,0.22,2.6,0.671939809355605,0.23979422550972093
40,12,15,3.0,6,0.22,2.6,0.6719567108498719,0.2397847202093785
36,12,10,3.0,14,0.18,1.8,0.6719617499558149,0.2397445565443452
36,12,10,3.0,14,0.15,2.6,0.6719625624640521,0.23974528801910905
40,12,10,2.5,14,0.15,1.8,0.6719683541513182,0.23975082844300966
40,12,10,2.0,10,0.22,2.2,0.6719696689955843,0.23971637229963813
40,12,10,2.5,6,0.22,1.8,0.6719795932024952,0.239704100454606
40,12,15,3.0,14,0.15,2.2,0.6719815165727796,0.23982986656724262
40,16,10,3.0,14,0.18,2.6,0.6720044571729034,0.2398483416860943
36,12,10,3.0,6,0.22,2.6,0.6720144864590621,0.23973847496664555
40,16,10,3.0,14,0.22,1.8,0.6720170280722553,0.23985671450452417
36,12,15,3.0,10,0.22,2.2,0.6720188136956451,0.239790476554802
40,12,10,2.5,10,0.15,2.2,0.6720269575568264,0.23974878112852188
40,12,15,3.0,10,0.15,2.6,0.6720459280129736,0.23981367864095468
40,12,10,2.0,14,0.22,2.2,0.67204781317751,0.2397750753895229
36,12,10,3.0,14,0.15,2.2,0.6720603634809226,0.23978782501552695
40,16,10,3.0,10,0.18,2.6,0.6720870233438397,0.23984397616239356
36,12,10,2.5,10,0.22,2.6,0.6720914661678304,0.23976931138013355
40,12,10,2.5,6,0.18,2.2,0.6720939013690872,0.23974708182174834
40,12,15,2.5,14,0.18,2.6,0.6720955120583321,0.23987001895634302
36,12,15,3.0,14,0.22,2.2,0.6720991799800077,0.23986489174121098
40,16,10,3.0,10,0.22,1.8,0.6721034429463455,0.23985197666144278
40,12,20,3.0,10,0.22,2.6,0.6721038401420276,0.23992663148239884
40,12,15,2.5,14,0.22,1.8,0.6721044136786963,0.2398766652751212
40,16,10,2.5,10,0.22,2.6,0.6721098342900846,0.23984620192020775
40,12,15,3.0,10,0.18,1.8,0.6721242973855074,0.23984840731582704
40,12,15,2.5,10,0.18,2.6,0.6721289541303435,0.23984735516635078
40,12,15,2.5,10,0.22,1.8,0.6721498745507771,0.23985814648590997
40,16,10,3.0,14,0.18,2.2,0.6721632039229771,0.23991659877852986
36,12,10,3.0,10,0.15,2.6,0.6721678648475976,0.2398088649231459
36,12,10,3.0,10,0.18,1.8,0.6722014808482305,0.23982312908699624
36,12,10,3.0,6,0.22,2.2,0.6722077001621855,0.23981663589075738
36,12,10,3.0,14,0.15,1.8,0.6722103349859068,0.23985349510026083
40,12,15,2.0,10,0.22,2.6,0.6722201566461351,0.23988226676120578
40,12,15,3.0,14,0.15,1.8,0.6722240509721232,0.239932886468606
40,16,10,2.5,14,0.22,2.6,0.67222618645416,0.23993082926194634
36,12,10,2.5,14,0.22,2.6,0.672243453381009,0.2398628602844277
40,12,10,2.5,6,0.15,2.6,0.6722525683089899,0.23980912718605243
40,12,15,3.0,6,0.22,2.2,0.6722544836349227,0.23990201182085458
40,12,10,2.0,6,0.22,2.6,0.6722718071819592,0.2398512574076254
36,12,10,2.5,10,0.22,2.2,0.6722786349444242,0.23985485269591636
40,12,10,2.0,14,0.22,1.8,0.6722809960434825,0.23988345593968305
40,12,15,2.5,14,0.18,2.2,0.6722846999098377,0.2399532798856519
40,12,10,2.0,10,0.22,1.8,0.6722876687518556,0.23986280578230815
36,12,15,3.0,14,0.18,2.6,0.6722971305438481,0.23994858211272396
40,12,10,2.0,14,0.18,2.6,0.6723005981424752,0.23989182553828547
36,12,15,3.0,14,0.22,1.8,0.672302908546615,0.23995366323161837
40,12,20,3.0,14,0.22,2.6,0.6723047155066288,0.24006790503662995
40,12,15,3.0,10,0.15,2.2,0.6723058732472321,0.23992487163611537
40,12,10,2.5,10,0.15,1.8,0.6723079690074987,0.2398749374708502
40,12,10,2.0,10,0.18,2.6,0.6723134820573805,0.23987535384064082
40,12,15,2.0,14,0.22,2.6,0.672338418394797,0.2399631265760799
40,16,15,3.0,10,0.22,2.6,0.6723410125308961,0.240031429971737
36,12,15,3.0,10,0.18,2.6,0.6723471545016043,0.23993333616983117
36,12,10,3.0,10,0.15,2.2,0.6723493574640582,0.2398891950368622
40,16,10,3.0,10,0.18,2.2,0.6723509194230093,0.2399578942759105
36,12,10,3.0,6,0.18,2.6,0.6723520024288712,0.23986776038833993
36,12,10,2.5,14,0.22,2.2,0.6723585579019251,0.23991596833208353
36,12,15,3.0,10,0.22,1.8,0.6723631090888457,0.2399415698361171
40,12,10,2.5,6,0.18,1.8,0.6723633261775822,0.23985638024016465
40,16,10,3.0,14,0.15,2.6,0.6723651761056115,0.24000239140599705
40,16,10,2.5,10,0.22,2.2,0.6723887533326974,0.2399702418117635
40,12,15,2.5,10,0.18,2.2,0.6723983861764975,0.23996523835274602
40,16,10,3.0,14,0.18,1.8,0.6724026321732559,0.2400194721699269
40,16,10,2.5,14,0.22,2.2,0.6724315736490935,0.24002311571125007
40,12,20,3.0,10,0.22,2.2,0.6724355455751487,0.24006834385918402
40,12,15,2.5,6,0.22,2.6,0.6724410627117227,0.23999085612042984
36,12,15,2.5,10,0.22,2.6,0.6724410994598328,0.23997211910407387
36,12,15,3.0,14,0.18,2.2,0.6724464086999209,0.2400132107952034
40,12,10,2.5,6,0.15,2.2,0.6724512310281241,0.23988982589479935
40,12,10,2.0,14,0.18,2.2,0.6724542802776209,0.239962443671108
40,12,15,3.0,6,0.18,2.6,0.672468051393352,0.23997247779943226
36,12,10,3.0,6,0.22,1.8,0.6724756639357728,0.23992470574737218
40,12,10,2.0,6,0.22,2.2,0.6724969763483053,0.23994919316139135
40,16,10,3.0,6,0.22,2.6,0.6725030511398045,0.24003197292807388
40,12,15,2.5,14,0.15,2.6,0.6725119313712072,0.24005157417923442
40,16,15,3.0,14,0.22,2.6,0.6725187733310256,0.24016031202952431
40,12,15,2.0,10,0.22,2.2,0.6725203875745135,0.24001770442517284
40,12,10,2.0,10,0.18,2.2,0.6725275591134473,0.2399730655013713
40,16,10,3.0,14,0.15,2.2,0.6725299429081428,0.24007238180442944
36,12,10,2.5,14,0.22,1.8,0.6725329172750253,0.23999590993492673
36,12,10,3.0,6,0.18,2.2,0.6725477724367844,0.23994642425353255
36,12,10,2.5,14,0.18,2.6,0.672554511511454,0.24000528321443523
36,12,10,2.5,10,0.22,1.8,0.672557225453629,0.23998201426487187
40,12,15,2.5,14,0.18,1.8,0.6725572827035058,0.24007271307296865
40,12,20,3.0,14,0.22,2.2,0.672560942282764,0.24017952643391993
36,12,15,2.5,14,0.22,2.6,0.6725727024209169,0.24006096887530223
40,12,15,2.0,14,0.22,2.2,0.6725777010004245,0.24007220350591144
36,16,10,3.0,10,0.22,2.6,0.6725813998907655,0.24005856060134537
36,12,10,2.5,10,0.18,2.6,0.672582858643201,0.2399946490483481
36,12,15,3.0,10,0.18,2.2,0.6725877395650792,0.24003779914713277
40,12,20,2.5,10,0.22,2.6,0.6725929346136913,0.24012329196168633
36,12,10,3.0,10,0.15,1.8,0.6726170311836156,0.24000866943729438
36,12,15,3.0,14,0.15,2.6,0.6726344576300336,0.2400933935825307
40,12,15,3.0,6,0.22,1.8,0.6726409573487737,0.24005151624323
40,16,10,3.0,10,0.15,2.6,0.6726443000948125,0.24008444283991048
40,12,15,3.0,10,0.15,1.8,0.6726478155228793,0.240070730008339
40,12,10,2.0,14,0.15,2.6,0.6726590846648215,0.2400562500293842
36,12,15,3.0,14,0.18,1.8,0.6726677238893201,0.24010877623548157
36,12,10,3.0,6,0.15,2.6,0.6726685517186441,0.23998897487741636
40,16,15,3.0,10,0.22,2.2,0.6726702965456354,0.2401721145068143
36,12,10,2.5,14,0.18,2.2,0.6726714743055672,0.24005809458936483
40,12,10,2.0,14,0.18,1.8,0.6726778987828789,0.24006489961040706
32,12,10,3.0,10,0.22,2.6,0.6726810039048564,0.24003886532087734
40,16,10,2.5,14,0.18,2.6,0.6726882310697668,0.2401351126299612
40,12,15,2.5,10,0.15,2.6,0.6726954317884691,0.24009436867041106
40,12,15,2.5,14,0.15,2.2,0.6726978614054171,0.24013230645408276
40,16,10,2.5,14,0.22,1.8,0.6726997795187716,0.24014233821632042
36,16,10,3.0,14,0.22,2.6,0.6727009408227844,0.24014616784299986
36,12,15,2.5,10,0.22,2.2,0.6727013493456709,0.24008863720808787
36,12,20,3.0,10,0.22,2.6,0.672707564252362,0.24015422273398998
36,12,10,2.5,6,0.22,2.6,0.6727090771185762,0.24005020838457686
40,12,10,2.5,6,0.15,1.8,0.6727149647053813,0.23999660640856943
40,16,10,3.0,10,0.18,1.8,0.6727219430136788,0.2401183899321674
40,12,10,2.0,6,0.18,2.6,0.6727312287993685,0.24004816509640362
40,12,20,2.5,14,0.22,2.6,0.6727484479677828,0.24023416802915368
40,12,15,3.0,6,0.18,2.2,0.6727493071960193,0.24008029453780247
40,12,15,2.5,6,0.22,2.2,0.6727538271007185,0.24012000702328143
40,16,10,2.5,10,0.18,2.6,0.6727574643508494,0.24013287553370383
36,12,15,2.5,14,0.22,2.2,0.6727607383613201,0.24014581471401783
40,16,10,3.0,14,0.15,1.8,0.6727658100890335,0.24017270703403795
40,16,10,2.5,10,0.22,1.8,0.6727721621802686,0.2401399518173381
40,16,15,3.0,14,0.22,2.2,0.6727728859476796,0.24027087453580398
36,12,10,2.5,10,0.18,2.2,0.6727729391756422,0.24008047677530314
40,12,15,2.5,10,0.18,1.8,0.6727802988045312,0.2401326425333574
40,12,10,1.5,10,0.22,2.6,0.6727818251514234,0.2400834089152928
36,12,10,3.0,6,0.18,1.8,0.672784324623509,0.24003792509871355
36,12,15,3.0,14,0.15,2.2,0.6727873985219327,0.24015877202147823
40,16,10,3.0,6,0.22,2.2,0.6727949424972672,0.2401476501239785
40,12,10,2.0,10,0.15,2.6,0.672804857873344,0.24010078386556916
40,12,10,2.0,14,0.15,2.2,0.6728087533599212,0.24012425825319272
40,12,10,2.0,6,0.22,1.8,0.6728210478059374,0.2400900435668056
32,12,10,3.0,14,0.22,2.6,0.6728292280689362,0.24013080348992002
36,16,10,3.0,10,0.22,2.2,0.6728293109884462,0.24016721063186844
40,12,10,2.0,10,0.18,1.8,0.6728332268994406,0.24011273008099593
32,12,10,3.0,10,0.22,2.2,0.672837749980815,0.24010940606933434
40,16,15,2.5,10,0.22,2.6,0.6728398061812187,0.24023351319385144
36,12,10,2.5,14,0.15,2.6,0.6728406003826719,0.24013465999728925
36,12,15,3.0,6,0.22,2.6,0.6728437447409603,0.2401633728457563
36,12,10,3.0,6,0.15,2.2,0.6728465558425675,0.2400582679309984
36,12,10,2.5,14,0.18,1.8,0.6728504361317581,0.24013888636782613
40,12,20,3.0,10,0.18,2.6,0.6728588536409159,0.24024565138058296
36,12,15,3.0,10,0.15,2.6,0.6728588607974946,0.24015514829841747
40,12,20,3.0,14,0.18,2.6,0.6728591886136969,0.24030178199298927
36,16,10,3.0,14,0.22,2.2,0.6728680871126815,0.2402197671347979
40,16,10,2.0,10,0.22,2.6,0.6728702031362475,0.24017884335947484
36,12,20,3.0,14,0.22,2.6,0.6728761182047844,0.24027194658564302
40,16,10,2.5,14,0.18,2.2,0.6728776605095661,0.24021857523392665
40,12,10,1.5,14,0.22,2.6,0.6728787124621831,0.2401436330732269
40,12,15,2.0,14,0.18,2.6,0.6728895723852618,0.2402110637721207
40,12,20,3.0,14,0.22,1.8,0.6728990066435893,0.24032418208351614
40,16,10,3.0,10,0.15,2.2,0.6729004506868812,0.240194249812383
40,12,15,2.0,14,0.22,1.8,0.6729009967154175,0.24021829922610047
36,12,10,2.5,6,0.22,2.2,0.6729095251805951,0.24013470458639607
32,12,15,3.0,10,0.22,2.6,0.6729098102806118,0.2401767867638543
32,12,10,3.0,14,0.22,2.2,0.6729117620496242,0.24016784508150854
40,12,15,2.0,10,0.18,2.6,0.6729155268586201,0.2401939860132166
40,12,20,3.0,10,0.22,1.8,0.6729156407163865,0.2402737074183368
40,12,15,3.0,6,0.15,2.6,0.6729200355616396,0.24013520990478573
36,12,15,3.0,10,0.18,1.8,0.6729363894671657,0.24018985711585056
40,12,15,2.0,10,0.22,1.8,0.6729387416173988,0.240205542742863
40,12,20,2.5,10,0.22,2.2,0.6729505571537743,0.24027952904828123
40,12,15,2.5,14,0.15,1.8,0.6729547511120213,0.24024361277954903
36,12,10,2.5,14,0.15,2.2,0.6729606237105344,0.24018822335205395
40,12,15,2.5,10,0.15,2.2,0.6729630402632532,0.2402111501634815
40,16,10,2.0,14,0.22,2.6,0.6729636381573616,0.24024576512758067
40,12,10,2.0,6,0.18,2.2,0.6729725848762866,0.24015326484137434
40,16,15,2.5,14,0.22,2.6,0.6729767816287973,0.24033439263703185
36,12,10,2.0,10,0.22,2.6,0.6729826503716778,0.24017301360146137
40,20,10,3.0,10,0.22,2.6,0.672991711535318,0.24032942880408534
40,12,15,2.5,6,0.18,2.6,0.6729969120965512,0.24020968661453163
36,12,15,3.0,14,0.15,1.8,0.6730011260837174,0.24024998916598267
40,16,10,3.0,6,0.18,2.6,0.6730053343986495,0.240218701256781
36,12,15,2.5,14,0.18,2.6,0.673008300884834,0.24025453832537788
40,12,10,2.0,10,0.15,2.2,0.6730092673457134,0.24019341621761994
36,12,15,2.5,14,0.22,1.8,0.6730107319932133,0.24025737604790912
40,16,10,2.5,6,0.22,2.6,0.6730120699882016,0.2402509994856295
36,12,20,3.0,10,0.22,2.2,0.6730129630802588,0.2402865578502318
40,12,10,2.0,14,0.15,1.8,0.6730216829404885,0.24022103602070707
40,16,10,2.5,10,0.18,2.2,0.6730222797207843,0.2402488773623134
36,12,10,2.5,10,0.15,2.6,0.6730241164411888,0.24019543679297373
40,12,10,1.5,10,0.22,2.2,0.6730309816081242,0.24019976958629238
40,12,20,2.5,14,0.22,2.2,0.6730334779995067,0.2403603178159704
32,12,10,3.0,14,0.22,1.8,0.6730354065933345,0.24022294293788704
40,12,15,2.0,6,0.22,2.6,0.6730382682056363,0.2402534299055735
32,12,15,3.0,14,0.22,2.6,0.6730451709438638,0.24026732898690972
36,12,15,2.5,10,0.18,2.6,0.6730522015437258,0.2402443270887907
36,12,10,2.5,10,0.18,1.8,0.6730547885120252,0.24020833690237278
32,12,10,3.0,14,0.18,2.6,0.6730588972022068,0.24023334433486776
36,12,15,2.5,10,0.22,1.8,0.6730637177288116,0.24025004822837925
40,16,15,3.0,14,0.18,2.6,0.6730652143242746,0.2403907561003131
36,16,10,3.0,14,0.18,2.6,0.6730756947004729,0.24030778540716027
40,12,10,1.5,14,0.22,2.2,0.6730812665434533,0.24023905443615284
36,16,10,3.0,14,0.22,1.8,0.6730869614495613,0.24031486234812172
36,12,10,2.5,6,0.18,2.6,0.6730874553050494,0.24020509742901142
36,12,10,3.0,6,0.15,1.8,0.6730880879578198,0.24015274212747714
40,16,15,3.0,10,0.18,2.6,0.6730887261266268,0.24034769472586873
32,12,10,3.0,10,0.22,1.8,0.6730892517655679,0.24022320337461922
40,12,20,3.0,14,0.18,2.2,0.6730903150974128,0.24039982658743997
40,12,15,3.0,6,0.18,1.8,0.6730911432080147,0.2402069035927467
36,12,20,3.0,14,0.22,2.2,0.6730986144219305,0.24036927425163424
36,12,10,2.0,14,0.22,2.6,0.6730991481068281,0.24024471693526936
40,16,10,2.5,14,0.15,2.6,0.673100343488528,0.24031547028712957
36,12,15,3.0,10,0.15,2.2,0.6731015634180708,0.24026028602704483
40,16,15,3.0,14,0.22,1.8,0.6731058078012511,0.24041310953805736
32,12,10,3.0,10,0.18,2.6,0.6731100379323274,0.24023362225906697
40,12,15,2.0,14,0.18,2.2,0.6731121597959829,0.24031087273819007
36,12,15,3.0,6,0.22,2.2,0.6731124275236972,0.24027037528176967
40,12,15,1.5,10,0.22,2.6,0.6731194249128701,0.24028405242965525
32,12,15,3.0,10,0.22,2.2,0.6731308469351915,0.2402747781326311
40,20,10,3.0,14,0.22,2.6,0.6731319100590288,0.24043821808867952
36,12,10,2.5,14,0.15,1.8,0.67313715564176,0.24026722655567803
40,16,10,2.5,14,0.18,1.8,0.6731450891352225,0.24033583595118968
32,12,10,3.0,14,0.18,2.2,0.6731452518414565,0.24027113095940122
40,16,15,3.0,10,0.22,1.8,0.6731472685987828,0.2403761920174553
36,16,15,3.0,10,0.22,2.6,0.6731517818042254,0.24036275552955008
40,12,15,2.5,6,0.22,1.8,0.6731565558215753,0.240283534081954
36,16,10,3.0,10,0.18,2.6,0.6731672276561892,0.24031459170733607
40,16,10,2.0,10,0.22,2.2,0.6731679144403951,0.24031333294526544
40,16,10,3.0,6,0.22,1.8,0.673168285729426,0.24029260985889608
40,12,15,3.0,6,0.15,2.2,0.6731738609882291,0.24022965388240905
40,12,10,2.0,6,0.15,2.6,0.6731803983752538,0.240242124041141
36,12,15,2.5,14,0.18,2.2,0.6731835322754282,0.2403320301098012
32,12,15,3.0,14,0.22,2.2,0.6731851745183705,0.24032928002247012
36,16,10,3.0,10,0.22,1.8,0.6731853543643446,0.2403231391471531
40,12,10,1.5,6,0.22,2.6,0.673193149708774,0.24027241511132671
36,12,10,2.5,6,0.22,1.8,0.6731967194726501,0.2402559882396639
40,16,15,2.5,10,0.22,2.2,0.6731970243714485,0.2403896357023207
40,16,10,2.0,14,0.22,2.2,0.6731975662022469,0.24035227077666113
36,12,10,2.0,10,0.22,2.2,0.6731979442369834,0.24027274344010802
40,12,15,2.0,10,0.18,2.2,0.6731993349979541,0.2403202487818471
40,12,20,3.0,10,0.18,2.2,0.6732013907396062,0.24039115718875542
40,12,15,1.5,14,0.22,2.6,0.6732019332631268,0.24034077270652632
36,12,10,2.5,10,0.15,2.2,0.6732137261465855,0.240280635939108
40,12,20,2.0,10,0.22,2.6,0.6732199775427594,0.24038953612789835
36,12,15,2.0,10,0.22,2.6,0.6732219853164932,0.24032018796107238
36,16,10,3.0,14,0.18,2.2,0.6732348198723064,0.2403764336316865
36,16,10,2.5,10,0.22,2.6,0.6732372863901344,0.2403446385510017
40,16,10,3.0,10,0.15,1.8,0.6732444522680059,0.24034155350968645
36,12,10,2.0,14,0.22,2.2,0.6732498120088927,0.2403149989363148
40,12,25,3.0,10,0.22,2.6,0.6732558706093914,0.24049425375869757
40,16,15,2.5,14,0.22,2.2,0.6732607577011261,0.24046000633734418
40,16,10,3.0,6,0.18,2.2,0.6732688480572677,0.24031933067117023
36,12,20,2.5,10,0.22,2.6,0.6732703867167036,0.24039332578134548
32,12,10,3.0,10,0.18,2.2,0.6732808382143158,0.24030983171569498
40,16,10,2.5,14,0.15,2.2,0.6732830126910242,0.24039481308470817
32,12,10,3.0,14,0.15,2.6,0.6732831988410196,0.24033249121326
40,12,10,2.0,6,0.18,1.8,0.6732843156475441,0.24028763277987183
32,12,10,3.0,14,0.18,1.8,0.6732875763738142,0.24033393486899307
40,16,15,3.0,14,0.18,2.2,0.6732934757212793,0.2404874617905836
40,12,15,2.5,6,0.18,2.2,0.6732978526964004,0.24033225023503696
36,12,15,2.5,10,0.18,2.2,0.6732981205100693,0.24035264964540895
40,12,10,2.0,10,0.15,1.8,0.6732990496427341,0.24032534382532028
36,16,15,3.0,14,0.22,2.6,0.6733015779895196,0.2404710583595862
36,12,15,3.0,6,0.18,2.6,0.673305469111829,0.24033557521702234
36,12,10,2.5,6,0.18,2.2,0.6733088107121643,0.2402992132633147
40,16,10,2.5,6,0.22,2.2,0.6733133549355309,0.24037549075125494
40,16,10,2.5,10,0.15,2.6,0.6733168288462383,0.24037784787760505
40,12,15,2.5,10,0.15,1.8,0.6733193473982547,0.24036639261827686
36,12,15,2.0,14,0.22,2.6,0.6733232026970387,0.24038837350796263
40,20,10,3.0,10,0.22,2.2,0.6733269982788257,0.24047262171320005
36,16,10,2.5,14,0.22,2.6,0.6733353351174441,0.24041588893843444
40,12,20,2.0,14,0.22,2.6,0.6733394049547805,0.2404747222314172
40,12,20,3.0,14,0.15,2.6,0.6733484038137415,0.24050590042387562
40,12,15,2.0,6,0.22,2.2,0.6733542974256891,0.24038836982075049
36,12,20,3.0,14,0.18,2.6,0.6733589387558195,0.24047747409356343
40,12,15,2.0,14,0.15,2.6,0.6733615651914135,0.2404209894615675
36,12,15,2.5,6,0.22,2.6,0.6733616621069085,0.2403908074977159
40,12,20,2.5,14,0.18,2.6,0.6733653106040041,0.24050119037187268
40,12,10,1.5,14,0.22,1.8,0.673369002487848,0.24037377258663079
32,12,15,3.0,14,0.22,1.8,0.6733717934397183,0.24041086459387723
32,12,15,3.0,14,0.18,2.6,0.6733739925718789,0.24041039132798092
32,12,10,3.0,14,0.15,2.2,0.6733778787412071,0.24037358237831782
40,12,20,2.5,10,0.18,2.6,0.6733841414018954,0.24046489233913518
40,12,10,1.5,10,0.22,1.8,0.6733843222420467,0.240364358429658
40,12,10,1.5,14,0.18,2.6,0.6733847660909418,0.24038062033268565
36,12,20,3.0,14,0.22,1.8,0.6733895035133497,0.2404946520944253
40,12,10,2.0,6,0.15,2.2,0.673389723772911,0.2403311580474619
32,12,10,3.0,6,0.22,2.6,0.6733906274179815,0.24036346590807556
40,20,10,3.0,14,0.22,2.2,0.6733907638717037,0.24055043502766316
36,12,15,2.5,14,0.15,2.6,0.6733918668981934,0.24042300807395398
36,12,20,3.0,10,0.18,2.6,0.673392860903607,0.24044796935315757
40,12,20,2.5,14,0.22,1.8,0.6733980186332542,0.24051941712279357
40,12,10,1.5,10,0.18,2.6,0.6733998916819213,0.24037188919475674
40,16,10,2.5,10,0.18,1.8,0.6733999400099379,0.2404149574348394
36,12,20,2.5,14,0.22,2.6,0.6734019189023381,0.2404859796892432
40,12,20,3.0,14,0.18,1.8,0.6734131866574411,0.2405357859288528
36,16,10,3.0,10,0.18,2.2,0.673416627916669,0.2404226533135329
40,12,15,2.0,14,0.18,1.8,0.6734178084750171,0.24044723252091457
36,16,10,3.0,14,0.15,2.6,0.6734266112785868,0.24045824516988717
40,16,15,3.0,10,0.18,2.2,0.6734278740207663,0.24049168097780507
36,12,15,3.0,10,0.15,1.8,0.6734326611781835,0.240403958796592
36,12,15,2.5,14,0.18,1.8,0.6734330857890206,0.24044203869863492
40,16,10,3.0,6,0.15,2.6,0.6734350112702537,0.24037363053205288
40,12,20,2.5,10,0.22,1.8,0.6734410306861104,0.24049269514995056
32,12,15,3.0,10,0.18,2.6,0.673442641887536,0.24041252456673692
36,12,20,3.0,10,0.22,1.8,0.6734444101900906,0.24047314375039291
40,12,15,1.5,10,0.22,2.2,0.6734468751021463,0.24043392795993515
40,12,10,1.5,6,0.22,2.2,0.6734477627666831,0.24038724539889805
32,12,15,3.0,10,0.22,1.8,0.6734526317121892,0.2404173605177908
32,12,10,2.5,10,0.22,2.6,0.6734571949026646,0.24039087550936755
36,16,10,3.0,14,0.18,1.8,0.6734665067992209,0.24047620742190837
36,16,15,3.0,10,0.22,2.2,0.6734674859012677,0.24049927220029566
36,12,15,3.0,6,0.22,1.8,0.6734723043992753,0.24041239758651023
36,12,10,2.5,6,0.15,2.6,0.6734731797203275,0.24036573762252555
40,16,15,2.0,10,0.22,2.6,0.6734763472941093,0.24050519567598358
36,12,10,2.0,14,0.22,1.8,0.6734770606667042,0.24042053146726527
40,12,15,1.5,14,0.22,2.2,0.6734775969290016,0.24046781224192937
40,12,25,3.0,14,0.22,2.6,0.6734797024356355,0.24065114864515175
40,16,20,3.0,10,0.22,2.6,0.6734811813397125,0.2405984491344311
36,12,10,2.5,10,0.15,1.8,0.6734846634355102,0.24040311047576174
40,12,15,2.5,6,0.15,2.6,0.6734900718415601,0.24040184790928798
40,20,10,2.5,10,0.22,2.6,0.6734930636189536,0.24053435852691296
36,12,10,2.0,6,0.22,2.6,0.6734941959821442,0.24040842109544747
36,12,10,2.0,14,0.18,2.6,0.6734953437967213,0.24042867065313026
40,12,15,3.0,6,0.15,1.8,0.6735030985931141,0.2403512476190252
36,12,15,2.0,10,0.22,2.2,0.6735062121194746,0.24044942378740988
32,12,10,3.0,10,0.15,2.6,0.6735074398396194,0.24041278066692942
36,12,10,2.0,10,0.22,1.8,0.6735082002693666,0.24041618382620933
40,16,10,2.0,14,0.18,2.6,0.673508607089605,0.2404915268535492
36,16,10,2.5,10,0.22,2.2,0.6735094789408675,0.24046628102245515
32,12,15,3.0,14,0.18,2.2,0.6735109278730904,0.2404698127491605
40,12,15,2.0,10,0.15,2.6,0.6735130915237347,0.2404595887377554
40,12,20,3.0,6,0.22,2.6,0.6735155421186269,0.2405441265128683
40,16,10,2.0,14,0.22,1.8,0.6735194541809341,0.24049790034492108
32,12,10,3.0,14,0.15,1.8,0.6735264229634189,0.24043877319560883
36,12,10,2.0,10,0.18,2.6,0.6735264313295614,0.24042522696489851
36,16,10,2.5,14,0.22,2.2,0.6735325902859591,0.24050442748758677
36,16,15,3.0,14,0.22,2.2,0.6735339131373355,0.24057233790350985
40,16,10,2.5,14,0.15,1.8,0.6735353816892463,0.24050433235074561
36,12,15,2.0,14,0.22,2.2,0.6735401717005903,0.240487554397198
32,12,10,3.0,10,0.18,1.8,0.6735429070641741,0.24042786264030364
40,12,20,3.0,10,0.15,2.6,0.6735465509091357,0.24053506340160552
40,16,15,3.0,14,0.15,2.6,0.6735468754143065,0.24059176465829477
40,16,10,2.5,6,0.18,2.6,0.673553665150691,0.24046558774162785
36,12,15,2.5,14,0.15,2.2,0.6735619383038594,0.24049732314803896
36,12,15,3.0,6,0.18,2.2,0.6735622175119099,0.24043598440564706
36,12,20,3.0,14,0.18,2.2,0.6735636946004994,0.2405650515693913
32,12,20,3.0,10,0.22,2.6,0.6735659195921607,0.2405105642397645
40,16,10,2.0,10,0.18,2.6,0.6735666798912139,0.2404925145177609
40,12,15,2.0,14,0.15,2.2,0.6735695103759575,0.24051314438922183
40,12,20,3.0,14,0.15,2.2,0.6735703530635888,0.24059847287291006
40,12,10,1.5,14,0.18,2.2,0.6735753279395253,0.2404692355921319
40,16,10,2.0,10,0.22,1.8,0.6735774137635109,0.240497407572662
32,12,10,3.0,6,0.22,2.2,0.673578770287805,0.24044078999927934
36,12,15,2.5,10,0.15,2.6,0.6735791280753777,0.24047666176261487
32,12,10,2.5,14,0.22,2.6,0.6735796697851997,0.2404663825009424
40,16,15,2.0,14,0.22,2.6,0.673581070890579,0.24058244070264728
40,16,10,2.5,10,0.15,2.2,0.6735819695720088,0.24049388412178632
36,12,10,2.5,6,0.18,1.8,0.6735852915186529,0.2404144463308454
36,16,10,3.0,14,0.15,2.2,0.6735860427386551,0.2405261507812927
40,16,15,2.5,14,0.18,2.6,0.673588508053044,0.24059930448351052
40,12,15,2.0,10,0.18,1.8,0.6735924785549743,0.24049546187899284
36,12,20,2.5,10,0.22,2.2,0.6735941286070641,0.24053612251359163
40,12,20,2.0,10,0.22,2.2,0.6735941869709023,0.24055573357691762
32,12,15,2.5,10,0.22,2.6,0.6735987056041851,0.2404845843038087
36,12,25,3.0,10,0.22,2.6,0.6735990819241139,0.24059615336259108
40,20,10,2.5,14,0.22,2.6,0.6735993011949626,0.24061873581370183
40,16,10,3.0,6,0.18,1.8,0.6736038929967693,0.24044434352194657
40,16,15,3.0,14,0.18,1.8,0.6736130839377612,0.2406220060377202
40,12,20,2.5,14,0.18,2.2,0.6736201005481846,0.24061158622790874
40,16,15,2.5,14,0.22,1.8,0.6736229042522291,0.24061797795801612
36,16,10,3.0,6,0.22,2.6,0.6736257118481588,0.2405290651069192
40,16,15,2.5,10,0.18,2.6,0.6736267212375648,0.240573690959437
40,16,10,2.0,6,0.22,2.6,0.6736337421340003,0.2405265430855279
40,12,10,1.5,10,0.18,2.2,0.6736389269412537,0.2404826077111201
36,12,15,2.5,6,0.22,2.2,0.6736440371461,0.24050842404826395
32,12,10,2.5,10,0.22,2.2,0.673645763721335,0.24047738077938813
36,12,10,2.0,14,0.18,2.2,0.6736464368672487,0.24049811817237984
40,12,15,2.0,6,0.18,2.6,0.6736505383441183,0.2405082594733273
40,12,25,3.0,10,0.22,2.2,0.6736505768580129,0.24066112235786455
40,12,15,2.5,6,0.18,1.8,0.673651347025359,0.24047107760251168
40,12,20,2.0,14,0.22,2.2,0.6736520493205692,0.24061499535782144
36,12,15,2.5,10,0.18,1.8,0.6736535821917328,0.2405101024821351
40,12,25,2.5,10,0.22,2.6,0.6736536757610323,0.2406482662184622
36,12,20,2.5,14,0.22,2.2,0.6736555812904331,0.24059895358122577
40,12,10,2.0,6,0.15,1.8,0.6736592651485117,0.2404450409323519
40,12,20,3.0,10,0.18,1.8,0.6736601785083643,0.24058538068248927
36,12,10,2.5,6,0.15,2.2,0.6736637517688241,0.24044431073264147
32,12,15,3.0,10,0.18,2.2,0.6736639173115377,0.24050940322956468
32,12,15,3.0,14,0.15,2.6,0.6736820503852995,0.24054344154530213
40,16,10,3.0,6,0.15,2.2,0.6736825179711771,0.24046637953016156
40,16,15,2.5,10,0.22,1.8,0.6736842260995295,0.2406014289421747
40,20,10,3.0,14,0.18,2.6,0.6736843713173688,0.2406710032286277
32,12,10,3.0,10,0.15,2.2,0.6736887924620035,0.24049381373637774
32,12,10,2.5,14,0.22,2.2,0.6736911936067904,0.2405174547911551
36,16,10,3.0,10,0.15,2.6,0.6736928800706725,0.24054244093286511
40,16,20,3.0,14,0.22,2.6,0.6736947378026332,0.2407501003014295
36,12,20,3.0,10,0.18,2.2,0.6736968586308856,0.24057828798647002
32,12,20,3.0,14,0.22,2.6,0.6737010960321356,0.24060464259526873
36,16,15,2.5,10,0.22,2.6,0.6737069378854978,0.24059908040400751
40,16,10,2.5,6,0.22,1.8,0.6737073979151182,0.2405363988432256
32,12,15,2.5,14,0.22,2.6,0.6737101909236733,0.2405586041435986
32,12,10,3.0,6,0.18,2.6,0.6737108542736253,0.24048788707487498
32,12,15,3.0,14,0.18,1.8,0.6737123244259553,0.24055714410695075
36,12,15,3.0,6,0.15,2.6,0.6737136757808858,0.24048555510897218
36,12,10,2.0,6,0.22,2.2,0.6737210010748558,0.24050837263904817
40,12,20,2.5,10,0.18,2.2,0.6737225797007103,0.2406106082004099
40,16,15,3.0,6,0.22,2.6,0.6737258364798657,0.24063862686672907
40,20,10,3.0,14,0.22,1.8,0.6737277035561702,0.2406939510933012
40,16,10,2.0,14,0.18,2.2,0.6737280901923363,0.24058995007931014
36,12,10,2.0,10,0.18,2.2,0.6737361190908424,0.24052142812528438
40,12,10,1.5,6,0.18,2.6,0.6737385459510493,0.24051664113828067
40,20,10,3.0,10,0.18,2.6,0.6737486674955763,0.2406500614326044
40,12,15,2.5,6,0.15,2.2,0.6737490143348167,0.2405037802740108
40,16,15,3.0,14,0.15,2.2,0.6737669184991841,0.24068349986551682
40,12,15,1.5,6,0.22,2.6,0.6737670714412106,0.24058194431274643
40,16,15,3.0,10,0.15,2.6,0.6737719414787277,0.24063550551654575
36,16,10,3.0,10,0.18,1.8,0.673774484046479,0.24057857170462502
40,16,10,1.5,10,0.22,2.6,0.6737792986136514,0.2405877517327628
36,12,25,3.0,14,0.22,2.6,0.6737818359873774,0.24072434376906798
40,12,15,2.0,10,0.15,2.2,0.6737834074621325,0.24057943644525775
40,12,15,2.0,6,0.22,1.8,0.673787294719181,0.24057231966833753
36,12,20,3.0,14,0.15,2.6,0.6737896030704642,0.2406590174736894
36,16,10,2.5,14,0.18,2.6,0.673789934027129,0.24061758797467164
36,16,10,2.5,14,0.22,1.8,0.6737960636820955,0.24062166486127098
36,12,15,2.5,14,0.15,1.8,0.6738003111156524,0.24060150118401244
40,12,25,3.0,14,0.22,2.2,0.6738016963601089,0.24079015637208726
36,16,15,3.0,14,0.18,2.6,0.6738020577344936,0.24068367208192762
40,12,10,1.5,6,0.22,1.8,0.6738040198549318,0.24054741695850318
36,16,10,3.0,14,0.15,1.8,0.6738085482551769,0.2406209475603268
40,20,10,3.0,10,0.22,1.8,0.6738094616750238,0.24067887659335213
40,12,10,1.5,14,0.15,2.6,0.6738117404745849,0.2405788251287524
32,12,15,3.0,14,0.15,2.2,0.67381807706559,0.24060168910163982
36,16,15,2.5,14,0.22,2.6,0.6738221588941321,0.24068353093982275
40,12,25,2.5,14,0.22,2.6,0.6738223643953744,0.2407692726317364
36,12,15,2.5,10,0.15,2.2,0.6738285175499583,0.24058669029029447
36,12,15,2.0,14,0.18,2.6,0.6738358741946706,0.240620474595889
32,12,10,3.0,6,0.22,1.8,0.6738362366498631,0.24054622032549017
36,16,15,3.0,14,0.22,1.8,0.6738365777358325,0.2407023685562576
40,12,20,2.5,6,0.22,2.6,0.6738371566722188,0.2406763530562944
40,12,15,1.5,14,0.18,2.6,0.6738399686483486,0.2406321128733843
40,16,10,1.5,14,0.22,2.6,0.6738407395426514,0.24063288445490327
32,16,10,3.0,10,0.22,2.6,0.6738410719601112,0.24061998146044508
40,16,15,2.5,14,0.18,2.2,0.6738414599036013,0.24070883958133876
36,12,10,2.0,14,0.15,2.6,0.6738417100119591,0.2405877867680314
40,12,10,1.5,14,0.18,1.8,0.6738424700407467,0.2405931436478388
36,12,15,2.0,14,0.22,1.8,0.6738434824084404,0.24062538317679533
40,16,10,2.0,10,0.18,2.2,0.6738445365214248,0.24061630604891607
32,12,15,2.5,10,0.22,2.2,0.6738473323116064,0.24059689730856892
36,12,20,3.0,14,0.18,1.8,0.6738485344169626,0.24068606854352273
32,12,20,3.0,10,0.22,2.2,0.6738489068342692,0.24063487606534706
40,16,15,2.0,10,0.22,2.2,0.6738495693026857,0.24067097026339593
40,16,10,2.5,6,0.18,2.2,0.6738506797946408,0.24058733098700114
40,12,15,2.0,14,0.15,1.8,0.6738517855578806,0.24063794123973356
36,16,15,3.0,10,0.18,2.6,0.6738542988913928,0.24066343571071772
40,12,15,1.5,14,0.22,1.8,0.6738562265979466,0.24064125131079847
40,20,10,2.5,10,0.22,2.2,0.6738582274666521,0.24069389418073095
32,12,10,2.5,14,0.22,1.8,0.6738645420555949,0.2405966644704359
40,12,20,3.0,10,0.15,2.2,0.6738650310958184,0.24066903024271225
36,12,10,2.0,14,0.18,1.8,0.6738651647745451,0.24059848823131672
40,12,15,1.5,10,0.18,2.6,0.6738674586299288,0.24062451155566728
40,20,15,3.0,10,0.22,2.6,0.6738692812965634,0.24077887710228715
36,16,10,2.5,10,0.18,2.6,0.6738708471643445,0.24062700402979184
36,12,15,2.5,6,0.18,2.6,0.6738715991588614,0.2405945473137344
32,12,15,2.5,14,0.22,2.2,0.6738751992359048,0.2406329490174748
36,12,15,3.0,6,0.18,1.8,0.673876263965996,0.24055478316750606
40,16,20,2.5,10,0.22,2.6,0.6738781085924145,0.2407525195751999
36,12,15,2.0,10,0.18,2.6,0.6738797524309992,0.24061788095310144
40,16,20,3.0,10,0.22,2.2,0.6738800239627007,0.240766911718124
36,16,10,2.5,10,0.22,1.8,0.673881865054056,0.24063189972445706
40,12,20,3.0,14,0.15,1.8,0.6738845903351637,0.24072952413856424
32,12,10,2.5,14,0.18,2.6,0.673885591246587,0.24060622471862778
40,16,15,3.0,10,0.18,1.8,0.6738870890595603,0.24068624412386955
40,20,10,2.5,14,0.22,2.2,0.6738891534535287,0.24074662058215707
40,12,20,2.5,14,0.15,2.6,0.6738911069708797,0.2407257771624878
40,12,20,3.0,6,0.22,2.2,0.6738921695260026,0.24069083372106065
40,12,15,1.5,10,0.22,1.8,0.6738922802318611,0.2406368334904105
32,12,20,3.0,14,0.22,2.2,0.6738934406985364,0.24068892025802135
40,16,15,2.0,14,0.22,2.2,0.6738940457279882,0.240722832437022
36,12,15,2.0,10,0.22,1.8,0.6739006962931137,0.24062810322896597
36,16,10,3.0,6,0.22,2.2,0.6739040266684824,0.24064036833463917
36,12,10,2.5,6,0.15,1.8,0.6739100925611609,0.24054522849947832
36,16,15,3.0,10,0.22,1.8,0.6739103781335839,0.24069035524834784
32,12,15,3.0,10,0.15,2.6,0.6739112621489478,0.2406177581386458
32,12,10,3.0,6,0.18,2.2,0.6739112903622965,0.24057076067668687
32,12,15,3.0,6,0.22,2.6,0.6739145502545428,0.24063593833614824
40,20,10,3.0,14,0.18,2.2,0.6739155302259053,0.24076861667946536
32,12,10,2.5,10,0.22,1.8,0.6739177457256509,0.2406019679486446
40,16,10,2.5,10,0.15,1.8,0.673932763136379,0.24064713617219313
40,12,10,1.5,10,0.15,2.6,0.6739335521588744,0.2406197235721834
32,16,10,3.0,14,0.22,2.6,0.6739336216043745,0.24068935193766436
32,12,10,2.5,10,0.18,2.6,0.6739361759513584,0.24061132231290971
32,12,10,3.0,10,0.15,1.8,0.673940394701349,0.24060662670264507
40,16,10,2.0,6,0.22,2.2,0.6739412498936754,0.2406581463417207
36,16,10,3.0,10,0.15,2.2,0.6739426034795074,0.24065051121114456
36,12,15,3.0,6,0.15,2.2,0.6739468986051398,0.24057432945785026
36,12,10,2.0,6,0.18,2.6,0.6739486785072528,0.2406058196855487
36,12,20,2.5,14,0.18,2.6,0.6739552740470925,0.24072791952113345
36,12,25,3.0,10,0.22,2.2,0.6739561014688985,0.24074937617889974
36,12,20,2.0,10,0.22,2.6,0.6739594260678524,0.24069662719464238
40,16,15,2.5,10,0.18,2.2,0.673963748272409,0.24071883245452574
40,12,20,2.5,14,0.18,1.8,0.673965070665609,0.24075981877166017
40,12,15,2.0,6,0.18,2.2,0.6739675228171376,0.2406430727841116
40,12,10,1.5,10,0.18,1.8,0.6739691391364994,0.24063546725233761
36,16,10,2.5,14,0.18,2.2,0.6739725470932622,0.24069801268935823
40,16,10,2.0,14,0.15,2.6,0.6739739455600815,0.24069905994581173
36,12,20,2.5,14,0.22,1.8,0.673977767503046,0.24074055772989708
32,12,15,3.0,10,0.18,1.8,0.673983336591932,0.24065000213931526
36,12,10,2.0,14,0.15,2.2,0.6739870272803259,0.24065392660536256
36,12,20,3.0,14,0.15,2.2,0.6739886678570176,0.24074294022298093
36,20,10,3.0,10,0.22,2.6,0.673989097682071,0.24075752789276986
40,12,10,1.5,6,0.18,2.2,0.6739904258217113,0.24062953030274936
40,12,10,1.5,14,0.15,2.2,0.6739909241575839,0.24066152104090846
36,12,15,2.0,6,0.22,2.6,0.6739922989656065,0.24067477831119888
36,16,20,3.0,10,0.22,2.6,0.6739953835080417,0.2407849488911203
36,12,20,2.5,10,0.18,2.6,0.6739964088112974,0.2407109652663573
36,12,10,2.0,10,0.15,2.6,0.67400102072154,0.24064401122283358
36,12,10,1.5,10,0.22,2.6,0.6740021483635094,0.24064313626776535
32,12,10,2.5,14,0.18,2.2,0.6740028721140174,0.24065911345519872
36,12,20,3.0,10,0.15,2.6,0.6740066969897703,0.24070921783125837
40,16,10,3.0,6,0.15,1.8,0.6740074828075397,0.24058773173519904
40,12,20,1.5,10,0.22,2.6,0.6740083767898832,0.24073749236655279
36,16,10,2.0,10,0.22,2.6,0.6740096621503272,0.24069061058958552
36,16,15,3.0,14,0.18,2.2,0.6740140724155818,0.24077402968808817
32,12,15,3.0,14,0.15,1.8,0.6740189873673097,0.24068827617075364
40,16,20,3.0,14,0.22,2.2,0.6740206676484869,0.2408905809184951
36,12,15,2.5,6,0.22,1.8,0.6740239583808447,0.24066556577095394
40,12,20,2.0,14,0.18,2.6,0.6740267407746486,0.2407784432300918
40,16,10,2.0,14,0.18,1.8,0.6740287146887474,0.24072419851064586
36,12,10,2.0,10,0.18,1.8,0.6740322263674977,0.24065737918923588
36,12,10,2.0,6,0.22,1.8,0.6740357424606952,0.24064660224464363
32,12,10,3.0,6,0.15,2.6,0.674036913182846,0.24061746471331422
40,16,20,2.5,14,0.22,2.6,0.6740376744392538,0.24086887496076761
40,12,20,2.0,10,0.18,2.6,0.6740415881248826,0.24075076932863929
40,16,10,2.5,6,0.15,2.6,0.6740420050043417,0.24065797335358788
36,16,15,2.5,10,0.22,2.2,0.6740423985373081,0.24074681815130827
36,12,15,2.0,14,0.18,2.2,0.6740424485974189,0.2407135927274483
36,12,20,2.5,10,0.22,1.8,0.6740443171957051,0.24073409741707194
36,12,20,3.0,6,0.22,2.6,0.6740444675187747,0.2407518025339517
36,12,25,3.0,14,0.22,2.2,0.6740575375446143,0.24084405381453675
36,12,20,2.0,14,0.22,2.6,0.6740585710970455,0.24076675727215693
40,12,20,2.0,14,0.22,1.8,0.6740598758085645,0.24079618904627464
40,16,15,2.5,6,0.22,2.6,0.6740603231736207,0.2407771982095317
32,12,10,2.5,6,0.22,2.6,0.6740626599907036,0.24067053120403525
40,12,20,2.5,10,0.15,2.6,0.6740647640012057,0.24075569213160042
40,20,15,3.0,14,0.22,2.6,0.6740682522255167,0.24092306928473628
40,12,25,2.5,10,0.22,2.2,0.6740689994185509,0.24082766821222773
36,12,10,1.5,14,0.22,2.6,0.6740776333430398,0.24069071663526118
40,16,15,3.0,14,0.15,1.8,0.6740789435741519,0.2408136862852112
36,16,10,2.0,14,0.22,2.6,0.6740816817337401,0.2407436246192277
40,12,15,2.5,6,0.15,1.8,0.6740842126758445,0.2406347871682359
36,12,25,2.5,10,0.22,2.6,0.6740862440059238,0.240799375708799
36,16,15,2.5,14,0.22,2.2,0.6740864923024179,0.24080089828505
32,16,10,3.0,10,0.22,2.2,0.6740875563647064,0.24072869517298
40,12,20,1.5,14,0.22,2.6,0.6740880133163211,0.24079549744185547
40,20,10,3.0,10,0.18,2.2,0.6740897252237227,0.24079454810423567
40,16,15,3.0,10,0.15,2.2,0.6740902670973618,0.24076951701330793
40,12,15,1.5,14,0.18,2.2,0.6740948164913038,0.24074809646029038
32,16,10,3.0,14,0.22,2.2,0.6740982542646836,0.24076169055422533
40,12,15,1.5,6,0.22,2.2,0.6740995119873505,0.2407286371348301
40,16,15,3.0,6,0.22,2.2,0.6741009526555342,0.24078499854679628
40,16,10,1.5,10,0.22,2.2,0.6741027841676739,0.2407359597154038
40,12,20,2.0,10,0.22,1.8,0.6741051623966648,0.2407815717834707
36,16,10,3.0,6,0.18,2.6,0.6741070972321649,0.24071051940901148
40,16,15,2.5,14,0.15,2.6,0.6741096061044592,0.24082205326349546
32,12,15,2.5,14,0.22,1.8,0.6741108635113395,0.2407386345255447
32,12,15,2.5,14,0.18,2.6,0.6741109250322583,0.2407375586882632
36,20,10,3.0,14,0.22,2.6,0.6741110612420927,0.24085176039130832
40,16,10,1.5,14,0.22,2.2,0.6741143831548618,0.24075900699281633
36,12,20,3.0,10,0.18,1.8,0.6741191332311857,0.24075941218385546
32,12,10,2.5,10,0.18,2.2,0.6741226075607228,0.2406959334205462
36,16,10,2.5,10,0.18,2.2,0.674124195247731,0.24073840244387534
32,12,20,3.0,14,0.18,2.6,0.6741255591628109,0.24078689317094043
40,12,25,3.0,10,0.18,2.6,0.6741271739612568,0.24085765278899846
40,12,20,2.5,14,0.15,2.2,0.6741312831268133,0.240828346138788
40,20,10,2.0,10,0.22,2.6,0.6741317547860628,0.24080884969634267
36,12,15,1.5,10,0.22,2.6,0.6741389823625612,0.24073810253353892
32,12,15,3.0,10,0.15,2.2,0.6741412262280809,0.24071878310075845
32,12,20,3.0,14,0.22,1.8,0.6741423156865043,0.2407966810111009
36,16,10,2.5,6,0.22,2.6,0.6741436407000821,0.24075806135634023
40,12,15,2.0,10,0.15,1.8,0.6741451824409791,0.2407397084747647
36,12,15,2.0,10,0.18,2.2,0.6741521071645163,0.2407404775889052
40,12,10,1.5,10,0.15,2.2,0.6741544136986006,0.2407214345972711
32,12,10,3.0,6,0.18,1.8,0.67415614431461,0.24066909121266025
40,16,10,2.0,10,0.15,2.6,0.6741576035544632,0.24075618881568692
36,12,15,2.5,6,0.18,2.2,0.6741612538320768,0.2407151766890103
36,12,15,2.5,10,0.15,1.8,0.6741619556266132,0.24073362564517584
32,12,10,2.5,14,0.15,2.6,0.674163733667648,0.24073201741964254
36,16,15,3.0,10,0.18,2.2,0.6741662352366531,0.24079681842645298
40,12,25,3.0,14,0.18,2.6,0.6741674980859705,0.24093902486205937
40,20,10,3.0,14,0.15,2.6,0.6741681030730327,0.24087270997149585
40,12,25,2.5,14,0.22,2.2,0.6741683145330871,0.24092084055201754
32,12,15,3.0,6,0.22,2.2,0.6741690587635937,0.24073947442576654
40,12,20,3.0,6,0.18,2.6,0.6741694704576067,0.24078167164480682
36,16,20,3.0,14,0.22,2.6,0.6741708186450557,0.24090994757027223
40,12,15,1.5,10,0.18,2.2,0.6741730797939239,0.2407630504034407
32,16,15,3.0,10,0.22,2.6,0.6741748704692774,0.24080275290310102
32,12,15,2.5,10,0.18,2.6,0.6741776432212669,0.24074517032485154
40,16,10,2.0,14,0.15,2.2,0.6741785994422336,0.24078981092930307
36,12,10,2.0,6,0.18,2.2,0.674181058237647,0.24070793152333078
32,12,10,2.5,14,0.18,1.8,0.6741814242062997,0.2407397849545825
32,12,20,2.5,10,0.22,2.6,0.6741826414940911,0.24078298299258313
36,12,20,2.5,14,0.18,2.2,0.6741835955684085,0.24082758924545555
36,16,10,2.5,14,0.15,2.6,0.6741850914748003,0.24079084320438826
40,16,15,2.5,14,0.18,1.8,0.6741863184782774,0.24085713231483205
40,12,20,2.5,10,0.18,1.8,0.6741871420152677,0.24081053328835325
40,12,25,2.0,10,0.22,2.6,0.6741912833713645,0.2408723953086388
32,12,15,2.5,10,0.22,1.8,0.674193083277914,0.24075258407026962
40,16,10,2.5,6,0.18,1.8,0.674195677771394,0.24072360672253287
36,12,10,2.0,14,0.15,1.8,0.6741964698709506,0.24074946127395955
32,12,20,3.0,10,0.18,2.6,0.6741975553550393,0.24078557879475054
40,12,15,2.0,6,0.15,2.6,0.6741982798444736,0.24073558578061435
36,12,10,2.0,10,0.15,2.2,0.6742009491766028,0.2407352226043089
36,12,15,1.5,14,0.22,2.6,0.6742046148598505,0.2407835499226556
28,12,10,3.0,10,0.22,2.6,0.6742062496988502,0.24073817287909477
40,12,25,3.0,10,0.22,1.8,0.6742106361186819,0.24089816023786298
32,12,10,3.0,6,0.15,2.2,0.6742107583702313,0.2406868307459655
40,20,10,2.0,14,0.22,2.6,0.6742114533531345,0.24087264327736954
40,12,20,2.5,6,0.22,2.2,0.6742217300464043,0.24083266834258993
40,20,10,2.5,14,0.18,2.6,0.6742218479432897,0.24088829748811516
32,12,25,3.0,10,0.22,2.6,0.6742229580991687,0.24083806536603167
40,12,25,3.0,14,0.22,1.8,0.6742252090277144,0.24096982520789187
36,12,25,2.5,14,0.22,2.6,0.6742255340890079,0.24089871923967807
40,12,10,1.5,6,0.15,2.6,0.6742266916556903,0.24073465262350296
40,16,10,2.0,10,0.18,1.8,0.6742305550474881,0.24078859442819653
36,16,10,2.5,14,0.18,1.8,0.6742307380672397,0.24081147186263865
40,16,10,2.0,6,0.18,2.6,0.6742323183540433,0.24077700770534566
32,12,20,3.0,10,0.22,1.8,0.6742346835994083,0.24080334685123256
40,12,10,1.5,14,0.15,1.8,0.6742367277769145,0.24077498986662904
40,20,10,3.0,14,0.18,1.8,0.6742392063652404,0.24090463513118898
36,16,15,3.0,14,0.15,2.6,0.6742441428634547,0.2408695733705767
36,12,10,1.5,10,0.22,2.2,0.6742467928829239,0.24075771487454117
36,12,15,3.0,6,0.15,1.8,0.6742534002723676,0.24069055181322307
28,12,15,3.0,10,0.22,2.6,0.6742578692110824,0.24078217258504328
40,20,10,2.5,14,0.22,1.8,0.6742605013963462,0.2409083852545897
40,20,15,2.5,10,0.22,2.6,0.6742621707048257,0.24093178892655892
36,12,20,3.0,14,0.15,1.8,0.674263555924249,0.24085865506706794
40,16,15,2.0,14,0.18,2.6,0.6742656716359234,0.2408851622133473
40,12,20,2.0,6,0.22,2.6,0.674267154329598,0.24086195966688298
40,16,15,1.5,10,0.22,2.6,0.6742712059227339,0.24085721141951477
32,12,10,2.5,6,0.22,2.2,0.6742732193527896,0.2407613409685608
36,16,10,3.0,6,0.22,1.8,0.6742746581424315,0.24078730880747654
36,12,10,1.5,14,0.22,2.2,0.6742748576327887,0.24078352684153218
36,12,15,2.0,14,0.15,2.6,0.6742756304441211,0.24081752239791748
32,12,15,2.5,14,0.18,2.2,0.6742757020451893,0.24081082361851933
40,20,15,3.0,10,0.22,2.2,0.6742762209952178,0.24095053210962203
40,12,20,3.0,10,0.15,1.8,0.6742784958863025,0.24084180979970593
36,16,10,3.0,10,0.15,1.8,0.6742811516646365,0.24079725006782055
32,12,10,2.5,14,0.15,2.2,0.6742835785864539,0.24078560372453592
36,12,15,2.0,6,0.22,2.2,0.674287945649496,0.24080251365863392
32,12,20,2.5,14,0.22,2.6,0.6742886236942986,0.24085725362177188
40,20,10,2.5,10,0.18,2.6,0.6742890660497918,0.24087874666152387
32,16,15,3.0,14,0.22,2.6,0.6742924045625582,0.24088867804794326
40,16,10,2.5,6,0.15,2.2,0.6742968183672214,0.24075896547573072
40,16,15,2.0,10,0.18,2.6,0.6742973359613107,0.2408666801873878
40,16,20,2.5,10,0.22,2.2,0.6742984888900493,0.24093396740214015
40,16,15,2.0,14,0.22,1.8,0.6742993996701054,0.24090288205574822
36,12,20,2.5,10,0.18,2.2,0.6743011906373197,0.24084345424905
40,16,15,2.5,10,0.15,2.6,0.6743016365661978,0.2408622946723787
36,16,10,2.0,10,0.22,2.2,0.6743027122335625,0.24082358922065827
36,12,20,3.0,10,0.15,2.2,0.6743045352216795,0.24083643192504267
40,12,20,2.0,14,0.18,2.2,0.6743072649380183,0.24090213727941057
32,16,10,3.0,14,0.18,2.6,0.6743076618311563,0.24085134000112549
36,16,10,2.0,14,0.22,2.2,0.674307982965092,0.24084665106233868
36,12,20,2.0,10,0.22,2.2,0.6743081627403732,0.24085322700069947
36,16,15,3.0,14,0.18,1.8,0.6743088704560983,0.24089896230772972
32,12,20,3.0,14,0.18,2.2,0.6743094325154506,0.2408661689325878
32,16,10,3.0,14,0.22,1.8,0.674313884514896,0.24085541049088752
40,12,25,2.0,14,0.22,2.6,0.6743147721272121,0.24096246725820283
28,12,10,3.0,14,0.22,2.6,0.6743199903734689,0.2408092975558578
36,20,10,3.0,10,0.22,2.2,0.6743257547586208,0.24090263909909007
40,12,10,1.5,6,0.18,1.8,0.6743285261363563,0.24078076571843274
36,12,15,2.0,14,0.18,1.8,0.6743308451763356,0.24084321372296374
36,12,20,2.0,14,0.22,2.2,0.6743355229578414,0.24089172088648977
32,12,10,2.0,10,0.22,2.6,0.6743381519382621,0.2407971325821366
40,16,15,1.5,14,0.22,2.6,0.674339492292226,0.24090912861545666
32,12,15,3.0,6,0.18,2.6,0.6743405989834608,0.24079839219590857
36,12,15,2.5,6,0.15,2.6,0.6743424881882107,0.24078306435794497
40,12,15,2.0,6,0.18,1.8,0.6743502431802544,0.24080238411225216
40,20,10,2.5,10,0.22,1.8,0.6743502934584301,0.24090762369653662
40,16,15,2.5,14,0.15,2.2,0.6743504176032686,0.24092497631121235
40,16,15,2.0,10,0.22,1.8,0.6743586408237229,0.2408960389655504
32,12,10,2.5,10,0.15,2.6,0.6743588591230165,0.2408044793796186
40,16,20,3.0,10,0.18,2.6,0.6743605887875189,0.24096520851210182
28,12,15,3.0,14,0.22,2.6,0.6743615745323288,0.24085186937235065
36,16,10,2.5,14,0.15,2.2,0.6743615944619147,0.24086772140591023
36,20,10,3.0,14,0.22,2.2,0.6743635563297374,0.24096125313854094
40,16,10,2.0,6,0.22,1.8,0.6743654222810593,0.24083904911921775
36,16,20,3.0,10,0.22,2.2,0.6743661242923794,0.2409436745533536
32,12,25,3.0,14,0.22,2.6,0.6743663358573754,0.24093880135195897
40,20,10,3.0,6,0.22,2.6,0.6743673995311659,0.2409352106927597
36,12,25,3.0,14,0.18,2.6,0.6743699725070704,0.24097281096009085
36,16,10,3.0,6,0.18,2.2,0.6743715181330969,0.2408143690375076
40,12,15,1.5,14,0.15,2.6,0.6743720323814261,0.24087271213229686
28,12,10,3.0,10,0.22,2.2,0.6743723042997588,0.2408134606062742
40,16,15,3.0,6,0.18,2.6,0.6743744703292263,0.24087502207086833
36,12,10,2.0,6,0.15,2.6,0.6743793191604213,0.24079350008035166
40,16,10,1.5,6,0.22,2.6,0.6743801599806933,0.2408649602586102
36,12,25,3.0,10,0.18,2.6,0.6743815713340051,0.24092775418775755
36,12,20,3.0,6,0.22,2.2,0.6743824491571253,0.24088549198250955
40,12,20,3.0,6,0.22,1.8,0.6743841355752332,0.24087952869587947
36,16,15,2.0,10,0.22,2.6,0.6743861794428716,0.240898585401516
40,16,20,2.5,14,0.22,2.2,0.6743877724693577,0.24102204895219043
40,16,20,3.0,14,0.18,2.6,0.6743883202300519,0.24104012049328857
40,12,20,2.5,10,0.15,2.2,0.6743923124694507,0.2408962562895052
40,12,20,2.0,10,0.18,2.2,0.6743923306694122,0.24090449763564348
36,16,15,2.5,14,0.18,2.6,0.6743933270263311,0.24093274913888832
40,20,10,3.0,14,0.15,2.2,0.6743933881500954,0.24096655089240507
32,12,10,2.5,10,0.18,1.8,0.6743949998715152,0.24082009284815445
32,12,15,2.0,10,0.22,2.6,0.674397635353285,0.24084895468803216
36,12,10,1.5,6,0.22,2.6,0.6743984681315165,0.24082766545242082
28,12,10,3.0,14,0.22,2.2,0.6744001209993371,0.24084470724789842
40,20,15,3.0,14,0.22,2.2,0.6744019674916417,0.24106655629123006
40,12,20,1.5,10,0.22,2.2,0.6744050108445605,0.24091644940806353
40,20,15,2.5,14,0.22,2.6,0.6744084126446626,0.24104133768872804
36,16,10,2.5,10,0.15,2.6,0.6744126504868804,0.2408659526327511
40,16,20,2.0,10,0.22,2.6,0.6744139086881932,0.24097629571583665
32,12,15,2.5,10,0.18,2.2,0.674414140928164,0.24085070835875533
36,12,25,3.0,14,0.22,1.8,0.6744167791001641,0.24099769739987634
32,16,10,3.0,10,0.18,2.6,0.6744193377563172,0.24087469983995544
36,16,15,2.5,14,0.22,1.8,0.6744207569380838,0.24094743996670656
40,16,10,2.0,10,0.15,2.2,0.6744214183444887,0.24087321787424626
40,16,15,2.5,10,0.18,1.8,0.6744247070796767,0.24091723639431006
32,12,10,2.0,14,0.22,2.6,0.6744270420306169,0.2408525788784877
36,12,20,2.5,6,0.22,2.6,0.6744288944420357,0.2409177509180439
36,16,10,2.5,6,0.22,2.2,0.6744304878400855,0.2408775084396993
40,12,20,1.5,14,0.22,2.2,0.6744308100943057,0.24095117684916809
36,12,20,2.5,14,0.15,2.6,0.6744311827697398,0.2409334668920896
40,20,10,3.0,10,0.15,2.6,0.6744316078609812,0.2409375592885271
32,12,10,3.0,6,0.15,1.8,0.6744375631526999,0.24077688873444858
32,16,10,3.0,10,0.22,1.8,0.6744388001888039,0.24088360695007702
40,12,15,1.5,14,0.18,1.8,0.6744405397718818,0.2409048358548278
40,16,15,2.5,6,0.22,2.2,0.674444069384086,0.2409334401574413
40,16,20,3.0,10,0.22,1.8,0.6744447297478551,0.24100565359702478
32,12,15,3.0,10,0.15,1.8,0.6744476668980034,0.2408532366769365
36,12,15,2.0,10,0.15,2.6,0.6744476971624699,0.2408733112187396
40,12,15,1.5,6,0.18,2.6,0.6744482286198094,0.24087836122147654
40,16,20,3.0,14,0.22,1.8,0.6744487473618849,0.2410719253191528
32,12,10,2.5,6,0.18,2.6,0.6744494127690649,0.24083268845702513
36,12,15,1.5,10,0.22,2.2,0.6744499573951727,0.2408814038871007
36,16,15,3.0,14,0.15,2.2,0.6744505841500154,0.24095639862640417
36,16,15,2.5,10,0.18,2.6,0.6744507757340477,0.24092407077411446
36,12,25,3.0,10,0.22,1.8,0.6744512291831242,0.24096130209842478
40,12,25,3.0,14,0.18,2.2,0.6744526487697055,0.24105879014240705
40,12,10,1.5,10,0.15,1.8,0.6744541393199139,0.2408595375354762
40,12,20,2.5,14,0.15,1.8,0.6744546758898209,0.24096590809723917
40,16,10,2.0,14,0.15,1.8,0.6744580350872237,0.24091362697048976
32,12,10,2.5,14,0.15,1.8,0.6744585108605433,0.24086413146328273
36,12,25,2.5,10,0.22,2.2,0.6744591246928668,0.24096229381829806
36,16,20,3.0,14,0.22,2.2,0.6744599342504399,0.24103511076041534
32,12,15,2.5,6,0.22,2.6,0.6744610901880801,0.24088262067456576
40,12,10,1.5,6,0.15,2.2,0.674462048818124,0.240839431315546
36,12,15,1.5,14,0.22,2.2,0.6744629957165043,0.24090310541624993
32,16,10,3.0,14,0.18,2.2,0.674464221267278,0.24091887880595905
40,12,15,2.0,6,0.15,2.2,0.6744657242681488,0.24084613608569644
32,12,15,2.5,14,0.15,2.6,0.6744677989860304,0.2408954229517534
36,16,20,2.5,10,0.22,2.6,0.6744684876978031,0.240982054417269
36,12,15,2.0,14,0.15,2.2,0.6744698290096872,0.24090419224443052
32,12,20,3.0,10,0.18,2.2,0.6744701916143929,0.2409036655950481
36,16,15,2.0,14,0.22,2.6,0.6744718777841365,0.24096196649513554
28,12,15,3.0,10,0.22,2.2,0.6744730941377671,0.24087864686719304
40,16,10,1.5,14,0.18,2.6,0.6744748131350582,0.24092310805531586
32,12,15,2.0,14,0.22,2.6,0.6744763083455448,0.24090234323945303
40,20,10,2.5,14,0.18,2.2,0.6744788376131051,0.24099931011102296
32,16,15,3.0,10,0.22,2.2,0.6744791251869658,0.24093580853376095
36,16,15,3.0,10,0.15,2.6,0.6744793550030614,0.24092887316261538
36,12,10,2.0,10,0.15,1.8,0.6744835273503592,0.24086467129998795
28,12,15,3.0,14,0.22,2.2,0.6744855785367245,0.24090648071104323
32,12,20,2.5,10,0.22,2.2,0.6744880176224181,0.24091952238265296
36,16,10,2.5,10,0.18,1.8,0.6744884211999911,0.24089948364609373
40,16,10,1.5,14,0.22,1.8,0.674489461498921,0.24093096414802279
36,12,10,2.0,6,0.18,1.8,0.6744894807842906,0.2408427759711024
36,12,15,2.5,6,0.18,1.8,0.6744952706215042,0.2408495768814279
40,16,25,3.0,10,0.22,2.6,0.6744960445222182,0.24109522537386852
36,12,20,2.5,14,0.18,1.8,0.6744965978425173,0.24096349934064393
32,12,15,3.0,6,0.22,1.8,0.6744999231906077,0.2408724472721815
36,16,15,2.5,10,0.22,1.8,0.6745016194319451,0.2409482035639421
40,16,15,2.0,6,0.22,2.6,0.6745027044710791,0.24096909930512472
32,16,10,2.5,10,0.22,2.6,0.6745038104045641,0.24091676552303604
32,12,20,2.5,14,0.22,2.2,0.6745041160518382,0.24095338860316315
40,12,15,1.5,10,0.15,2.6,0.674504385135869,0.24091276373376322
40,16,15,3.0,10,0.15,1.8,0.6745045273934678,0.2409429771135032
32,16,15,3.0,14,0.22,2.2,0.6745060806778342,0.2409818707056938
36,16,15,3.0,6,0.22,2.6,0.6745065961452936,0.24096893663315883
40,20,10,2.0,10,0.22,2.2,0.6745118528398721,0.2409775489133047
32,12,15,2.5,14,0.18,1.8,0.67451235440853,0.24091591243381408
32,12,20,3.0,14,0.15,2.6,0.6745129538992665,0.24095207497511048
40,12,25,3.0,10,0.18,2.2,0.6745211050098449,0.24102308573178588
36,12,15,2.0,10,0.18,1.8,0.6745216153861187,0.24090675993967123
40,16,10,1.5,10,0.18,2.6,0.6745240136690487,0.24092782183759043
36,20,10,2.5,10,0.22,2.6,0.674525141298579,0.24098624402089294
40,12,20,3.0,6,0.18,2.2,0.6745251500172689,0.2409167863549518
36,16,10,3.0,6,0.15,2.6,0.6745258975285522,0.24086549153415526
36,12,25,2.5,14,0.22,2.2,0.6745286413771961,0.24103246289489966
40,12,20,2.5,6,0.18,2.6,0.6745298476469965,0.24094481715934846
40,16,20,2.0,14,0.22,2.6,0.6745298627791312,0.2410625244708392
28,12,10,3.0,14,0.22,1.8,0.6745310295383494,0.24090283618211464
40,20,10,2.0,14,0.22,2.2,0.674531519911193,0.24101594007524862
40,16,10,2.0,6,0.18,2.2,0.6745441621010551,0.24091013716806217
40,16,15,2.0,14,0.18,2.2,0.6745441918478225,0.2410079121167391
40,16,10,1.5,10,0.22,1.8,0.6745445974787513,0.2409376553241483
32,12,25,3.0,10,0.22,2.2,0.6745456564093611,0.24097850695245968
32,12,10,2.5,10,0.15,2.2,0.6745472329731009,0.24088982647512927
32,12,10,2.0,10,0.22,2.2,0.6745536663601798,0.2408973122621218
28,12,10,3.0,14,0.18,2.6,0.6745537913615831,0.24091336283895476
32,12,10,2.5,6,0.22,1.8,0.6745546671471633,0.24088200066063548
40,20,10,3.0,10,0.18,1.8,0.6745553126749829,0.24099158281896133
36,12,10,1.5,14,0.22,1.8,0.6745556151644155,0.2409150989707997
40,12,25,2.5,10,0.18,2.6,0.6745559403578196,0.24103300782765333
40,12,15,1.5,6,0.22,1.8,0.6745580481239669,0.24093031968499878
40,12,25,2.5,14,0.18,2.6,0.674560584433341,0.24108554028395152
36,12,15,2.0,6,0.18,2.6,0.6745645736680159,0.24091644653372357
32,12,20,3.0,14,0.18,1.8,0.6745646523296734,0.24097562026980268
36,12,10,1.5,14,0.18,2.6,0.6745706511867222,0.2409219019565814
32,12,10,2.0,14,0.22,2.2,0.6745748100200722,0.24092128498085913
32,16,10,2.5,14,0.22,2.6,0.6745761570763649,0.2409714669917054
36,12,15,2.5,6,0.15,2.2,0.6745777918889535,0.240877137441409
36,20,15,3.0,10,0.22,2.6,0.6745813368643644,0.24106412531545476
40,16,15,3.0,6,0.22,1.8,0.6745847094943904,0.2409704656758611
40,12,15,1.5,10,0.18,1.8,0.6745877054537289,0.24095086930724297
36,12,10,2.0,6,0.15,2.2,0.6745894180887533,0.24088451363970464
36,12,10,1.5,10,0.22,1.8,0.6745912434847444,0.24091875626300602
32,12,15,3.0,6,0.18,2.2,0.6745967346745858,0.24090237135877354
36,16,15,3.0,10,0.18,1.8,0.6745977253965317,0.24098147361322714
32,12,25,3.0,14,0.22,2.2,0.674599282524969,0.24104023584435189
36,16,20,2.5,14,0.22,2.6,0.6745998475213801,0.2410778297102098
36,12,10,1.5,10,0.18,2.6,0.6746014756470763,0.24092385864036345
40,12,20,2.0,14,0.15,2.6,0.6746015355334919,0.24102924579906423
40,12,15,1.5,14,0.15,2.2,0.6746057073144609,0.24097813313402794
36,16,10,2.5,14,0.15,1.8,0.6746063739925794,0.2409743816177898
40,12,25,2.5,14,0.22,1.8,0.6746118188437084,0.24111248428601478
36,16,10,2.0,14,0.18,2.6,0.6746124457968989,0.24098354791027984
36,12,20,2.5,10,0.15,2.6,0.6746150164762503,0.24097879012589968
36,20,10,2.5,14,0.22,2.6,0.6746158782507624,0.24105829452197358
28,12,10,3.0,10,0.22,1.8,0.6746174322223795,0.24092465075261646
40,12,25,2.0,10,0.22,2.2,0.6746195698323884,0.24106052032361064
36,12,25,3.0,14,0.18,2.2,0.6746216016515412,0.24107967909053876
36,16,10,2.0,14,0.22,1.8,0.6746235861457706,0.24098968983995142
36,12,20,3.0,6,0.18,2.6,0.6746245028022532,0.24096626474032506
40,16,15,2.5,10,0.15,2.2,0.6746280270547954,0.24100240822523064
32,12,15,2.5,14,0.15,2.2,0.6746288250125556,0.24096633936635217
40,16,10,2.5,6,0.15,1.8,0.6746300102321606,0.2408904059974718
36,16,15,2.5,14,0.18,2.2,0.6746301096176704,0.2410358516373469
28,12,10,3.0,10,0.18,2.6,0.674631054366425,0.24093183527601977
40,20,10,2.5,10,0.18,2.2,0.6746315340114001,0.24102613897850197
40,12,25,2.5,10,0.22,1.8,0.6746340370055919,0.24107052274938287
28,12,10,3.0,14,0.18,2.2,0.6746441415610601,0.24095286313264977
40,16,15,2.0,10,0.18,2.2,0.6746449658950284,0.24101896630486125
36,12,20,2.5,14,0.15,2.2,0.6746463169749847,0.24102618617989865
32,16,10,3.0,14,0.15,2.6,0.6746470373499492,0.24099705864873075
36,20,10,3.0,14,0.18,2.6,0.6746493489861156,0.2410797664757653
36,12,10,1.5,6,0.22,2.2,0.6746563143163872,0.24094503264729086
40,12,20,2.0,6,0.22,2.2,0.6746584461251182,0.24102697639702342
32,16,10,3.0,10,0.18,2.2,0.6746607739747519,0.2409799283940578
36,16,10,2.5,6,0.18,2.6,0.6746641548468115,0.24096658348043912
32,12,10,2.5,6,0.18,2.2,0.6746644500543569,0.2409252893603446
36,16,10,2.5,10,0.15,2.2,0.6746656877008358,0.24097724779455118
40,16,15,1.5,10,0.22,2.2,0.6746673657185337,0.24103598974017323
28,12,15,3.0,14,0.22,1.8,0.6746680781700278,0.2409867070229263
32,12,15,2.0,10,0.22,2.2,0.6746690691967757,0.24097330975954662
28,12,15,3.0,14,0.18,2.6,0.6746710131594169,0.24098724131826857
40,16,15,2.5,14,0.15,1.8,0.6746716833398795,0.24106166364640252
32,12,15,2.5,10,0.15,2.6,0.6746762490183015,0.24096783478216185
40,16,20,3.0,14,0.18,2.2,0.6746767969148546,0.24116112351015997
32,12,15,2.0,14,0.22,2.2,0.6746770861434519,0.24099435613328907
36,12,20,2.0,14,0.18,2.6,0.674678205950419,0.24104286190843136
40,16,15,1.5,14,0.22,2.2,0.6746823419229291,0.24106480814918535
40,12,20,2.0,14,0.18,1.8,0.6746859255901583,0.24106821406455553
36,16,10,2.0,10,0.18,2.6,0.6746861037507935,0.24099669720485314
40,12,25,2.0,14,0.22,2.2,0.6746875342431852,0.2411280615308737
32,16,10,3.0,14,0.18,1.8,0.6746877680247741,0.24101516163043374
32,12,20,3.0,14,0.15,2.2,0.674687866082101,0.24102637081543252
36,16,10,3.0,6,0.18,1.8,0.6746885387608736,0.24093445035745395
36,20,10,3.0,14,0.22,1.8,0.6746903649710861,0.24110097165767902
28,12,20,3.0,10,0.22,2.6,0.6746910600558564,0.24100380455732368
40,20,15,2.5,10,0.22,2.2,0.6746915795000853,0.241116893422572
36,12,15,2.0,6,0.22,1.8,0.6746916645113031,0.24097625632700925
36,12,15,2.0,10,0.15,2.2,0.6747004474564465,0.24098636223433087
40,20,10,2.5,6,0.22,2.6,0.6747010397343176,0.24107436207480004
36,12,20,3.0,10,0.15,1.8,0.6747011393024841,0.24100570683981595
36,12,25,2.0,10,0.22,2.6,0.674702245618301,0.24106780931575894
36,12,20,2.0,14,0.22,1.8,0.6747052298719843,0.24105722911837557
36,16,10,2.0,10,0.22,1.8,0.6747068358926553,0.24100636338827774
40,20,10,3.0,14,0.15,1.8,0.674707317756851,0.24109732372835316
40,16,10,1.5,6,0.22,2.2,0.6747080448352358,0.24101015227654912
40,16,15,3.0,6,0.18,2.2,0.6747265901126662,0.24100893106854174
36,12,20,2.5,10,0.18,1.8,0.6747268827608336,0.2410291768001458
40,16,10,1.5,14,0.18,2.2,0.6747269384087822,0.24103791680374037
40,12,20,2.5,6,0.22,1.8,0.6747276417431354,0.24103595528779156
36,20,10,3.0,10,0.18,2.6,0.674727926387559,0.24107294872821933
36,12,20,2.0,10,0.18,2.6,0.6747292123712374,0.24103963591415828
36,12,15,1.5,6,0.22,2.6,0.6747310558586833,0.24101349615109297
32,12,15,3.0,6,0.15,2.6,0.6747325153480647,0.24094804491956678
36,12,25,3.0,10,0.18,2.2,0.6747330052805581,0.24107709846869935
36,16,15,3.0,14,0.15,1.8,0.6747336986991562,0.24107530156748602
32,12,15,2.5,6,0.22,2.2,0.6747350362234161,0.24099911956291056
36,12,15,2.0,14,0.15,1.8,0.6747369584260832,0.24102333931827505
40,12,20,3.0,6,0.15,2.6,0.6747449445187962,0.24098674712103735
36,16,15,2.0,10,0.22,2.2,0.6747450539681622,0.2410594269680089
40,12,20,2.0,10,0.15,2.6,0.6747454543694693,0.24105767937424233
40,16,25,3.0,14,0.22,2.6,0.6747455990323864,0.24126837467153692
32,12,20,3.0,10,0.15,2.6,0.6747473626711338,0.24102263092213874
40,16,15,2.5,6,0.18,2.6,0.6747479124107228,0.2410443254933465
40,20,10,3.0,6,0.22,2.2,0.67474821827737,0.24108426319009835
36,20,15,3.0,14,0.22,2.6,0.6747486064213284,0.2411856501342642
40,20,10,2.5,14,0.15,2.6,0.6747487488266581,0.24111347256781426
40,12,10,1.5,6,0.15,1.8,0.6747488127186454,0.24096568702801988
32,12,15,2.5,10,0.18,1.8,0.6747512901919688,0.2410018022584692
40,12,25,3.0,14,0.15,2.6,0.6747548111455913,0.2411813312477613
36,12,10,1.5,14,0.18,2.2,0.674757252706469,0.24100881160415377
32,16,15,3.0,14,0.18,2.6,0.6747573549599584,0.24108755494976078
32,16,20,3.0,10,0.22,2.6,0.6747588787996327,0.2410968345994059
36,16,15,2.0,14,0.22,2.2,0.674759165689195,0.2410912424350862
40,16,20,3.0,10,0.18,2.2,0.6747591969937473,0.24113246084875065
40,20,10,3.0,10,0.15,2.2,0.6747595441002279,0.24107565974822662
36,16,10,2.0,6,0.22,2.6,0.6747623863210259,0.24103787562618592
28,12,15,3.0,10,0.18,2.6,0.6747637315488256,0.24100847447412058
36,16,15,2.5,10,0.18,2.2,0.674763753033851,0.2410598233685284
40,20,15,3.0,10,0.18,2.6,0.6747641458478293,0.24115200191057762
36,16,10,3.0,6,0.15,2.2,0.6747645103840498,0.24095671526845172
32,16,10,2.5,14,0.22,2.2,0.6747659405858093,0.24105644330069922
32,16,15,2.5,10,0.22,2.6,0.6747662028181846,0.24106377736568926
40,20,15,2.5,14,0.22,2.2,0.6747665308931763,0.24119768981709144
36,16,25,3.0,10,0.22,2.6,0.674767724223166,0.24116534161842473
40,12,15,1.5,6,0.18,2.2,0.6747723170291571,0.24102054610664983
36,12,20,2.5,6,0.22,2.2,0.6747739720901401,0.24105980298951205
40,20,15,3.0,14,0.18,2.6,0.6747745357240534,0.24121798833073063
32,16,10,2.5,10,0.22,2.2,0.67477464639953,0.24103848488394083
28,12,10,3.0,14,0.15,2.6,0.6747754910090192,0.24101123139464015
32,12,20,2.5,14,0.18,2.6,0.6747785234080159,0.2410729861345416
28,12,15,3.0,10,0.22,1.8,0.6747787342910858,0.24101547956649602
36,12,20,2.0,10,0.22,1.8,0.6747795417598174,0.24106388178145616
40,16,10,2.0,10,0.15,1.8,0.6747802045521407,0.24103267698063838
32,12,25,2.5,10,0.22,2.6,0.6747806664337195,0.24108211524924186
40,16,10,2.0,6,0.15,2.6,0.6747818339476208,0.24100727721998252
40,16,20,2.5,14,0.18,2.6,0.6747825215432288,0.2411877209637877
32,16,15,3.0,14,0.22,1.8,0.6747828477217696,0.2411012435930312
36,16,20,3.0,14,0.18,2.6,0.6747844310264838,0.2411686262745061
36,16,15,3.0,10,0.15,2.2,0.6747846948720976,0.24105903999156103
40,12,15,1.5,10,0.15,2.2,0.6747847241751753,0.24103903442669408
28,12,20,3.0,14,0.22,2.6,0.674785962159637,0.24107187924259685
36,12,20,1.5,10,0.22,2.6,0.6747862581577229,0.24107029382263018
40,16,20,2.5,10,0.18,2.6,0.6747872810243855,0.24114001050567907
28,12,10,3.0,14,0.18,1.8,0.674791376587298,0.24101794358825285
36,20,10,3.0,10,0.22,1.8,0.6747922978025561,0.24110315208825833
40,20,15,2.0,10,0.22,2.6,0.6747923433105941,0.24115368531845205
32,12,20,3.0,6,0.22,2.6,0.674794664956098,0.24106964247489387
32,12,20,2.5,14,0.22,1.8,0.6747955580395267,0.24108244816856406
28,12,10,3.0,10,0.18,2.2,0.674799625125254,0.2410074647954993
32,12,10,2.0,14,0.22,1.8,0.6748004332967054,0.24102600647182215
32,16,10,3.0,14,0.15,2.2,0.6748004913006432,0.24106246758422936
28,12,15,3.0,14,0.18,2.2,0.674801708884464,0.24104421911443843
36,16,20,3.0,10,0.18,2.6,0.6748017950664961,0.2411258878548694
36,12,25,2.0,14,0.22,2.6,0.6748061777121939,0.2411424599497267
36,12,15,1.5,14,0.18,2.6,0.6748071623802337,0.24106037809350936
40,12,15,2.0,6,0.15,1.8,0.674811561155918,0.2409879910223832
32,12,10,2.5,10,0.15,1.8,0.6748124562684177,0.24101053745190876
32,12,10,2.0,14,0.18,2.6,0.6748160721068297,0.24103319905172174
36,16,10,2.5,6,0.22,1.8,0.67481874363788,0.2410383705368659
36,12,15,1.5,14,0.22,1.8,0.6748202473183929,0.24106760614649472
40,12,20,2.5,10,0.15,1.8,0.6748208896739988,0.2410798704864166
40,16,25,2.5,10,0.22,2.6,0.6748209913907138,0.24121620328105003
32,12,10,2.5,6,0.15,2.6,0.6748260835900369,0.24099207836732153
36,12,20,3.0,6,0.22,1.8,0.6748264638041933,0.24105899725771
36,16,10,2.0,14,0.18,2.2,0.6748268876985526,0.24107991107947674
40,16,10,1.5,10,0.18,2.2,0.6748269569060975,0.2410654111813713
40,12,20,1.5,6,0.22,2.6,0.6748303841939454,0.24111342702682548
40,20,10,2.5,14,0.18,1.8,0.6748318749909589,0.24115106387339216
32,12,10,2.0,6,0.22,2.6,0.6748336427404841,0.24102820423423704
36,12,10,1.5,10,0.18,2.2,0.6748340570361046,0.2410320190554976
40,16,20,2.5,14,0.22,1.8,0.6748362198868294,0.24121558261373732
36,16,20,3.0,14,0.22,1.8,0.6748362823262969,0.24119563476160305
40,16,15,2.0,14,0.15,2.6,0.6748366709578254,0.24113448505033905
40,20,15,3.0,14,0.22,1.8,0.6748391403849984,0.24125135037991513
40,12,25,3.0,14,0.18,1.8,0.6748423629250512,0.24122114182845766
32,12,20,3.0,10,0.18,1.8,0.674843264966837,0.24106551305239282
32,16,15,3.0,10,0.18,2.6,0.6748444355780538,0.24109296582296502
40,16,20,2.0,10,0.22,2.2,0.6748467388875774,0.24116624615333934
36,12,20,1.5,14,0.22,2.6,0.6748476220511032,0.2411158045825611
36,12,15,1.5,10,0.18,2.6,0.6748476225199563,0.24106322844804398
40,20,15,3.0,10,0.22,1.8,0.6748493631949294,0.24119240923262267
40,12,20,1.5,14,0.18,2.6,0.6748503473351437,0.2411379265535793
32,12,15,2.5,14,0.15,1.8,0.674851638464123,0.24106445589771772
36,12,10,2.0,6,0.15,1.8,0.6748519136951419,0.24099709487442622
36,16,15,3.0,6,0.22,2.2,0.6748536208184007,0.2411061102057236
36,16,20,2.5,10,0.22,2.2,0.6748544477418142,0.2411502466127148
32,16,15,2.5,14,0.22,2.6,0.6748563176058077,0.24113065693917154
32,12,10,2.0,10,0.22,1.8,0.6748572911683096,0.241038202821047
32,12,20,2.5,10,0.18,2.6,0.6748602261527625,0.24108375982730398
36,12,15,2.0,6,0.18,2.2,0.6748605603051395,0.24104395816710758
40,12,20,2.0,14,0.15,2.2,0.6748608263556035,0.24114227308400263
40,16,20,2.5,10,0.22,1.8,0.6748677078616889,0.24117837581082638
40,12,20,2.0,10,0.18,1.8,0.6748678452285208,0.2411130912350183
32,12,10,2.0,10,0.18,2.6,0.6748683773910785,0.2410439355092378
40,12,25,2.5,14,0.18,2.2,0.674868607323856,0.2412176730281592
32,12,25,3.0,14,0.18,2.6,0.6748707537703614,0.24115378813622151
36,12,15,1.5,10,0.22,1.8,0.6748724163613998,0.2410753786579505
36,12,25,2.5,14,0.18,2.6,0.6748741810129295,0.24117948556215005
40,20,20,3.0,10,0.22,2.6,0.6748745189261771,0.24127425817767606
28,12,10,3.0,14,0.15,2.2,0.6748757833057206,0.24105502938223905
36,20,10,3.0,14,0.18,2.2,0.6748766314120799,0.24117609627421552
36,16,20,3.0,10,0.22,1.8,0.6748774644704445,0.24116195988869263
36,16,15,2.5,6,0.22,2.6,0.6748785394831375,0.2411297880080632
40,12,20,1.5,10,0.18,2.6,0.6748794750025436,0.24112743387748997
36,16,15,2.5,14,0.15,2.6,0.674882538277498,0.24114364894505502
36,12,25,3.0,14,0.15,2.6,0.6748829279724957,0.241187051489019
36,20,10,2.5,10,0.22,2.2,0.6748838380525529,0.24114383141825516
32,16,10,3.0,6,0.22,2.6,0.6748861796575221,0.2410982814175667
40,12,20,1.5,14,0.22,1.8,0.6748887720620192,0.24115777664177004
32,12,15,3.0,6,0.18,1.8,0.6748890651732768,0.24101596076418208
32,12,25,2.5,14,0.22,2.6,0.674890630488386,0.2411604325938717
40,12,25,1.5,10,0.22,2.6,0.6748908117731081,0.24117811387736607
40,16,15,2.0,6,0.22,2.2,0.6748911244786467,0.2411329634757415
32,16,15,3.0,10,0.22,1.8,0.6748922426347892,0.24111543052973305
40,12,25,3.0,10,0.15,2.6,0.6748923585924247,0.24117431369489822
32,16,20,3.0,14,0.22,2.6,0.6748949150739191,0.24119486145561714
36,12,15,2.5,6,0.15,1.8,0.6748964350023363,0.24100477056943204
40,20,15,2.0,14,0.22,2.6,0.6748972328391931,0.2412342560578534
40,12,20,2.5,6,0.18,2.2,0.6748980332036006,0.24109244749695907
32,12,20,2.5,10,0.22,1.8,0.6748983726813857,0.24110216363571632
36,12,25,2.5,10,0.18,2.6,0.6749001199380913,0.24115124789986567
36,20,10,2.5,14,0.22,2.2,0.6749009077847293,0.24118423775081743
28,12,10,3.0,6,0.22,2.6,0.6749020497635629,0.24106106038916972
32,12,25,3.0,14,0.22,1.8,0.6749022359629008,0.24117065337124435
40,20,10,2.0,14,0.18,2.6,0.6749065672936049,0.2411799128302511
40,16,20,2.0,14,0.22,2.2,0.6749079963810589,0.2412303324780635
32,12,20,2.0,10,0.22,2.6,0.674910380866881,0.24111227931963652
36,16,10,1.5,10,0.22,2.6,0.6749119458134973,0.2411034836562054
32,12,15,2.5,10,0.15,2.2,0.6749134724640125,0.24107368932360343
36,12,25,2.5,14,0.22,1.8,0.6749136450040161,0.24120021057559202
40,12,25,3.0,6,0.22,2.6,0.6749138224578477,0.24121528142242982
36,12,20,2.5,10,0.15,2.2,0.674916102749282,0.24110972652595922
36,16,20,2.5,14,0.22,2.2,0.6749161049712257,0.24121698441393163
40,12,15,1.5,14,0.15,1.8,0.6749206952890365,0.24112011302004321
32,16,10,3.0,10,0.15,2.6,0.6749216559260526,0.24109371783524605
40,16,15,2.0,14,0.18,1.8,0.6749219588841615,0.24117364703756367
40,20,10,1.5,10,0.22,2.6,0.6749225999430705,0.24116078096200194
36,12,20,2.0,6,0.22,2.6,0.6749229345801615,0.24113808886886615
40,16,10,2.0,6,0.18,1.8,0.674927807110351,0.2410711690971062
32,12,25,3.0,10,0.18,2.6,0.674929524449765,0.24114242680432338
36,12,10,1.5,6,0.18,2.6,0.6749329835560124,0.24106898465649768
40,12,20,1.5,10,0.22,1.8,0.674935042483802,0.24115430351956785
32,12,20,3.0,14,0.15,1.8,0.6749350581923483,0.24113158962281225
36,12,20,2.0,14,0.18,2.2,0.6749351301114782,0.2411571712328378
32,12,10,2.5,6,0.18,1.8,0.6749388057407302,0.24104185774641432
36,12,20,2.5,14,0.15,1.8,0.6749404191370667,0.2411527607302453
40,16,15,3.0,6,0.15,2.6,0.6749416736230561,0.24107750666700986
36,12,20,3.0,6,0.18,2.2,0.6749425323424593,0.2410896063711024
40,16,15,2.5,6,0.22,1.8,0.6749429714287183,0.2411339068341363
40,20,10,2.0,14,0.22,1.8,0.6749439936366576,0.24119887456559003
32,12,15,2.5,6,0.18,2.6,0.6749444182081271,0.24108002060468126
32,12,15,3.0,6,0.15,2.2,0.6749455985184442,0.24103094961127391
28,12,20,3.0,10,0.22,2.2,0.674948880701181,0.24111842429063643
40,12,25,2.5,10,0.18,2.2,0.6749491111589945,0.24120061467081866
28,12,20,3.0,14,0.22,2.2,0.6749493308398575,0.24114348554342072
40,16,25,3.0,10,0.22,2.2,0.6749512569016766,0.2412861857578146
36,16,15,2.5,14,0.18,1.8,0.6749530863255453,0.24117575487613582
36,16,10,1.5,14,0.22,2.6,0.6749554253459307,0.24113742827949158
32,16,15,3.0,14,0.18,2.2,0.6749577684033607,0.2411735019234667
40,12,20,3.0,6,0.18,1.8,0.6749582449439326,0.24107616578596167
28,12,15,3.0,14,0.15,2.6,0.6749582655238077,0.24111206837617408
32,12,15,2.0,14,0.18,2.6,0.6749587629401305,0.24112201168884356
36,12,25,3.0,14,0.18,1.8,0.6749595182046119,0.24122185194598775
36,16,10,2.5,6,0.18,2.2,0.6749607224928985,0.24109030056199812
28,12,15,2.5,10,0.22,2.6,0.674961751038401,0.24110474749129854
36,16,10,2.0,10,0.18,2.2,0.6749642511288317,0.24112169182330256
36,16,25,3.0,14,0.22,2.6,0.6749652256133692,0.24130419474442988
32,12,10,2.0,14,0.18,2.2,0.6749656952148947,0.2411019970944238
32,12,15,2.0,14,0.22,1.8,0.6749657020054228,0.2411261668390265
40,20,10,2.0,10,0.18,2.6,0.6749672526529067,0.24117713676838207
40,20,10,2.5,10,0.15,2.6,0.6749700427608449,0.24117009968002975
36,12,25,2.5,10,0.22,1.8,0.6749708213047656,0.24118510007053368
40,20,10,1.5,14,0.22,2.6,0.6749713534349278,0.24120226801640224
28,12,10,2.5,10,0.22,2.6,0.6749718189413424,0.24109238264694743
36,20,15,3.0,10,0.22,2.2,0.6749724284330871,0.24123103113835062
40,12,25,1.5,14,0.22,2.6,0.6749730132699152,0.2412394589337932
28,12,15,3.0,10,0.18,2.2,0.6749731353637506,0.24110120213805794
40,16,20,3.0,14,0.15,2.6,0.6749803712361081,0.24128423724254325
32,12,20,2.0,14,0.22,2.6,0.6749809854051328,0.2411640454059662
32,12,25,3.0,10,0.22,1.8,0.6749828035350117,0.24116770948577146
36,12,10,1.5,14,0.15,2.6,0.6749843588633466,0.24111442660087906
32,12,20,2.5,14,0.18,2.2,0.6749874656985427,0.24116502426769088
40,20,10,2.5,14,0.15,2.2,0.6749945482190245,0.24121841746316608
28,12,15,3.0,14,0.18,1.8,0.6749949191681429,0.2411286282879314
36,12,10,1.5,6,0.22,1.8,0.6749966718419873,0.24109904683469444
40,16,15,2.0,10,0.15,2.6,0.6749978773010729,0.24117248790137688
40,16,25,2.5,14,0.22,2.6,0.6750000847396785,0.2413453778305396
40,16,10,1.5,14,0.15,2.6,0.675001900366153,0.2411620762916439
32,16,10,3.0,10,0.18,1.8,0.6750035119034703,0.24112999749984504
36,16,10,2.5,10,0.15,1.8,0.6750074380736569,0.24112775421944427
28,12,10,3.0,10,0.15,2.6,0.6750094382659525,0.24110305723165082
40,12,20,2.0,6,0.18,2.6,0.6750131695284339,0.2411673269482571
32,12,10,2.5,6,0.15,2.2,0.6750136977004983,0.24107087766372468
32,12,20,3.0,10,0.15,2.2,0.6750164819567709,0.24113918271336005
36,12,10,1.5,14,0.18,1.8,0.6750195038664165,0.24113076490828445
32,16,10,3.0,14,0.15,1.8,0.6750195612782188,0.24115624027598373
28,12,10,3.0,14,0.15,1.8,0.6750211944648394,0.2411188690000175
32,16,10,2.5,14,0.18,2.6,0.6750211952211781,0.2411692182643984
32,12,15,2.0,10,0.18,2.6,0.6750212213849153,0.24113367455936574
40,12,25,3.0,14,0.15,2.2,0.6750241241278823,0.24129259164582736
40,20,10,3.0,6,0.18,2.6,0.6750243663494705,0.2411762173596382
40,20,10,2.0,10,0.22,1.8,0.6750263371896594,0.24120479249550228
32,16,10,2.5,14,0.22,1.8,0.6750280959929077,0.24117323728381942
36,20,15,2.5,10,0.22,2.6,0.6750335761344634,0.24125213131319528
40,12,25,3.0,10,0.18,1.8,0.6750392863458278,0.24123936993295372
28,12,15,2.5,14,0.22,2.6,0.675039383518597,0.2411578920491275
32,12,15,2.0,10,0.22,1.8,0.6750423768427111,0.24114381491445702
40,12,15,1.5,6,0.15,2.6,0.6750435514964708,0.24113635928107077
40,16,10,2.0,6,0.15,2.2,0.6750450008844099,0.2411166413394817
36,12,15,2.0,10,0.15,1.8,0.6750451576099717,0.24114087714470692
36,12,15,1.5,14,0.18,2.2,0.6750465591521334,0.24116993757903366
36,16,20,3.0,14,0.18,2.2,0.6750473205512438,0.2412799623130146
36,12,20,2.5,6,0.18,2.6,0.6750535728072447,0.24116401341373175
28,12,10,3.0,10,0.18,1.8,0.6750548638066569,0.24112306882143414
40,16,10,1.5,6,0.18,2.6,0.6750548994692731,0.2411602132646433
36,12,20,2.0,10,0.18,2.2,0.6750553608338394,0.24118445023552254
36,20,10,3.0,10,0.18,2.2,0.6750564824865423,0.2412128773265229
36,12,15,1.5,6,0.22,2.2,0.6750574191414458,0.2411595510474424
40,16,15,2.5,10,0.15,1.8,0.6750574869122844,0.24118657007289374
36,20,15,3.0,14,0.22,2.2,0.6750577326645366,0.24131896513221393
28,12,10,2.5,14,0.22,2.6,0.6750592715441105,0.2411475494938349
40,12,20,3.0,6,0.15,2.2,0.6750631770051316,0.24110440370660632
36,16,10,2.0,14,0.15,2.6,0.6750648143954713,0.2411859622333452
32,12,10,2.0,6,0.22,2.2,0.6750668669098993,0.24113240164863828
36,16,10,2.0,6,0.22,2.2,0.6750676514201203,0.24117001203130942
40,16,10,1.5,14,0.18,1.8,0.6750682151705545,0.24119282598071726
40,20,15,3.0,14,0.18,2.2,0.6750693577972365,0.24134139568203294
36,16,20,2.0,10,0.22,2.6,0.6750695272207522,0.24124391231482561
40,16,20,3.0,14,0.18,1.8,0.675070373218165,0.24132491524246164
32,12,10,2.0,10,0.18,2.2,0.6750731365860193,0.24113826615360093
36,12,25,3.0,10,0.15,2.6,0.6750744590143153,0.24121919143462256
40,12,20,2.0,10,0.15,2.2,0.6750750146787511,0.2412015852834937
40,16,15,1.5,6,0.22,2.6,0.6750768319346937,0.24122627928247065
36,16,10,3.0,6,0.15,1.8,0.6750793470032639,0.24107684719894518
36,16,15,2.5,10,0.15,2.6,0.6750825540288224,0.24119714425711328
36,12,15,2.0,6,0.15,2.6,0.675083119862418,0.24113554207205914
32,12,15,2.5,6,0.22,1.8,0.6750858516983356,0.2411463998054222
32,12,25,3.0,14,0.18,2.2,0.6750901282657994,0.2412477535695266
28,12,15,3.0,14,0.15,2.2,0.6750912420875943,0.24116962419812873
40,20,10,2.5,6,0.22,2.2,0.6750923441915896,0.24123413061418705
32,16,15,2.5,10,0.22,2.2,0.6750932663754567,0.24120940340669153
40,16,20,2.5,14,0.18,2.2,0.6750937226253756,0.24132104233135407
32,16,15,2.5,14,0.22,2.2,0.6750946725640581,0.24123654693457383
40,16,15,2.0,14,0.15,2.2,0.675095032928474,0.24124710949845304
36,12,25,2.0,10,0.22,2.2,0.6750977525498357,0.24124379842605798
40,20,10,2.5,10,0.18,1.8,0.6750994608366001,0.24122763205457493
40,16,15,1.5,14,0.18,2.6,0.6750994674422619,0.2412507178415408
32,12,15,2.0,6,0.22,2.6,0.6751005149969189,0.24117623497206128
40,12,25,2.5,6,0.22,2.6,0.6751022455664315,0.24128801193300237
32,16,20,3.0,10,0.22,2.2,0.6751033677669609,0.24124610137357763
28,12,10,3.0,6,0.22,2.2,0.6751034481340817,0.24114655725574546
36,16,15,3.0,6,0.18,2.6,0.6751035270621997,0.2411900675962211
32,12,20,3.0,6,0.22,2.2,0.6751044720111709,0.24119467341191098
36,16,15,2.5,14,0.15,2.2,0.6751046737773635,0.2412391460159186
36,16,15,2.0,14,0.18,2.6,0.6751090259166386,0.24124533505431597
40,16,20,1.5,10,0.22,2.6,0.675110557318612,0.2412811773656583
40,12,25,2.0,10,0.18,2.6,0.6751124881835251,0.24127233881044605
40,16,15,2.5,6,0.18,2.2,0.675113755401853,0.24119125132544683
36,12,10,1.5,10,0.15,2.6,0.675113974594915,0.24116282082228238
40,12,25,2.0,14,0.18,2.6,0.675114600836373,0.24131208379716376
36,12,25,3.0,14,0.15,2.2,0.6751167074143475,0.24128459079196468
36,20,10,3.0,14,0.15,2.6,0.6751171214207471,0.2412757016541451
40,16,15,2.0,10,0.18,1.8,0.6751180549282938,0.2412265882839318
40,20,20,3.0,14,0.22,2.6,0.6751218637450848,0.2414466889494609
32,16,10,2.5,10,0.18,2.6,0.6751231032790023,0.24119429116081806
36,16,10,2.0,14,0.18,1.8,0.6751237112841691,0.2412129786597743
32,12,25,2.5,10,0.22,2.2,0.6751269913160671,0.24123576633990182
40,16,25,3.0,14,0.22,2.2,0.6751275630929631,0.24143188161017912
36,12,25,2.0,14,0.22,2.2,0.6751315722819446,0.24128800713888254
40,16,20,3.0,10,0.15,2.6,0.6751317625235066,0.2412841965399812
36,12,20,3.0,6,0.15,2.6,0.6751317630874781,0.2411508750262232
40,12,20,2.5,6,0.15,2.6,0.6751318190176259,0.2411747926247061
36,12,25,3.0,6,0.22,2.6,0.6751354552403616,0.24127882130980263
32,16,15,3.0,10,0.18,2.2,0.6751356320879887,0.24121853884709873
36,12,15,1.5,10,0.18,2.2,0.6751373970385302,0.24119572966340946
40,16,15,1.5,14,0.22,1.8,0.6751384662146032,0.24127058032231985
32,12,20,2.5,10,0.18,2.2,0.6751395854292964,0.2412069384544019
36,16,15,2.0,14,0.22,1.8,0.6751398638985167,0.2412612506946491
40,16,15,1.5,10,0.18,2.6,0.675140477673372,0.2412467192208738
28,12,25,3.0,10,0.22,2.6,0.6751436528091816,0.24123046116186525
32,16,10,2.5,10,0.22,1.8,0.6751443159899507,0.2412040172868575
32,20,10,3.0,10,0.22,2.6,0.6751450193987607,0.24126822478368568
40,20,10,2.0,6,0.22,2.6,0.6751451586398478,0.241268260205548
40,16,20,3.0,6,0.22,2.6,0.6751465875523296,0.24132340417986087
32,12,25,2.5,14,0.22,2.2,0.6751483861728897,0.2412746972118492
36,12,25,2.5,14,0.18,2.2,0.6751499145461094,0.2412990315787459
32,16,20,3.0,14,0.22,2.2,0.675150191112709,0.24130560673210288
40,16,15,3.0,6,0.18,1.8,0.6751520820806045,0.2411653951743236
36,12,10,1.5,10,0.18,1.8,0.675153093585456,0.24118035939433471
36,16,10,2.5,6,0.15,2.6,0.675153180287308,0.24116374863374274
32,12,15,2.0,14,0.18,2.2,0.675154292103631,0.24121063842740326
32,12,10,2.0,14,0.15,2.6,0.6751549262260784,0.2411891370792679
36,20,15,2.5,14,0.22,2.6,0.6751550547021454,0.24134348464796426
40,16,10,1.5,10,0.15,2.6,0.6751569592140892,0.2412152389159444
40,12,15,1.5,10,0.15,1.8,0.6751575238111296,0.24120692563828877
36,12,20,1.5,10,0.22,2.2,0.6751575799245969,0.24123944478029377
36,12,20,1.5,14,0.22,2.2,0.6751599099070581,0.2412585341130023
40,12,20,1.5,14,0.18,2.2,0.6751606609379157,0.241277029626855
40,16,10,1.5,6,0.22,1.8,0.675161099220812,0.2412101517925064
32,16,10,3.0,6,0.22,2.2,0.6751614773630144,0.24121024334329708
36,12,10,1.5,14,0.15,2.2,0.6751619686644741,0.24119668006112605
28,12,10,2.5,10,0.22,2.2,0.6751644655014061,0.24118117642724837
40,12,25,2.0,14,0.22,1.8,0.6751647443413439,0.24133781630868395
36,16,20,3.0,10,0.18,2.2,0.6751647567955773,0.2412797165506837
28,12,20,3.0,14,0.18,2.6,0.6751656074568976,0.2412362601017631
36,16,20,2.0,14,0.22,2.6,0.6751657454480751,0.2413150232866859
40,20,15,2.5,14,0.18,2.6,0.6751670065439388,0.24136565516991698
32,16,10,3.0,10,0.15,2.2,0.6751685540709927,0.2412016437968642
28,12,10,2.5,14,0.22,2.2,0.6751702668988371,0.24119809342849105
40,20,15,3.0,10,0.18,2.2,0.6751707863612662,0.24132235088020576
36,16,15,2.0,10,0.18,2.6,0.6751733096625343,0.2412488149965462
32,16,15,3.0,14,0.15,2.6,0.6751733645130222,0.24126406214489798
28,12,20,3.0,14,0.22,1.8,0.6751766274690086,0.24124260257080052
36,16,25,2.5,10,0.22,2.6,0.6751767646546073,0.24133229959042887
36,12,10,1.5,6,0.18,2.2,0.675178900036473,0.24118017045933643
40,12,25,2.5,14,0.15,2.6,0.6751799448582197,0.2413470372931909
36,16,25,3.0,10,0.22,2.2,0.6751815293096254,0.2413412731468144
36,20,10,2.0,10,0.22,2.6,0.6751816953160165,0.24127641098597194
40,20,10,3.0,10,0.15,1.8,0.6751823242888413,0.2412530132678695
40,12,20,2.0,6,0.22,1.8,0.6751825219412367,0.24124625038516398
40,16,20,2.5,10,0.18,2.2,0.6751832311645706,0.2413086086068021
32,12,10,2.0,14,0.18,1.8,0.6751842880348118,0.24120253338405775
28,12,15,3.0,6,0.22,2.6,0.6751845401997628,0.24121128705521303
40,20,15,2.5,10,0.18,2.6,0.6751848462108115,0.2413246748374637
40,16,20,1.5,14,0.22,2.6,0.6751869739578822,0.24133957077037443
40,20,20,2.5,10,0.22,2.6,0.6751875047598037,0.241390170032639
40,20,10,2.0,14,0.18,2.2,0.6751906259867885,0.2413049135815244
36,16,15,3.0,10,0.15,1.8,0.6751908935613793,0.2412321506433985
28,12,10,3.0,10,0.15,2.2,0.6751921787733273,0.24118547824085038
36,20,10,3.0,14,0.18,1.8,0.6751922124140408,0.24130931834852118
28,12,15,2.5,14,0.22,2.2,0.6751939794320134,0.24122769388317342
40,12,15,1.5,6,0.18,1.8,0.675195608643241,0.24120529029621954
40,16,15,1.5,10,0.22,1.8,0.6751967349004055,0.24127367554527113
36,16,15,2.5,10,0.18,1.8,0.6751980481703935,0.24124883172232106
40,12,25,2.0,10,0.22,1.8,0.6751997673021778,0.24131418427361062
28,12,15,2.5,10,0.22,2.2,0.6751999395554825,0.24121325862590542
36,16,15,1.5,10,0.22,2.6,0.6752016777976985,0.2412677264133381
32,16,10,2.5,14,0.18,2.2,0.6752037035843845,0.2412498150832838
28,12,15,3.0,10,0.15,2.6,0.6752039654820454,0.24120378764116754
40,12,20,2.0,14,0.15,1.8,0.6752063232785194,0.2412923622147437
36,12,20,2.0,14,0.15,2.6,0.6752065219838689,0.2412759341189067
36,12,25,3.0,10,0.18,1.8,0.6752092350111142,0.2412790304930731
32,12,20,2.5,14,0.15,2.6,0.675211836323809,0.2412621838564018
32,12,15,2.5,6,0.18,2.2,0.6752145903426914,0.2411943881606005
36,16,10,1.5,14,0.22,2.2,0.6752230616968777,0.24126092328393525
36,20,10,2.5,14,0.18,2.6,0.6752243724386672,0.24132290025668743
40,20,15,2.5,14,0.22,1.8,0.6752244372274313,0.24139491121012263
32,12,20,2.0,14,0.22,2.2,0.6752267103877324,0.2412754137862285
36,12,15,2.0,6,0.18,1.8,0.6752271057474115,0.2411995671517772
36,16,15,2.0,10,0.22,1.8,0.6752295023260559,0.24127553391034007
32,12,15,2.5,10,0.15,1.8,0.6752300071154758,0.24121491015687418
32,12,20,2.0,10,0.22,2.2,0.6752309966201145,0.24125766552221753
36,16,10,1.5,10,0.22,2.2,0.6752311544154951,0.24125033578086374
40,20,15,2.0,10,0.22,2.2,0.675233244216781,0.24134687956172138
40,20,10,3.0,6,0.22,1.8,0.6752340296036574,0.24127089523313092
36,16,15,2.5,6,0.22,2.2,0.6752340330770211,0.24127611634859952
40,16,10,1.5,14,0.15,2.2,0.6752346133736221,0.24126724193235677
40,16,10,1.5,10,0.18,1.8,0.6752354007133833,0.24125073193174956
36,12,20,2.5,6,0.22,1.8,0.6752354787855299,0.24124844860180245
40,12,20,1.5,6,0.22,2.2,0.6752356247586005,0.24128998302452317
32,16,15,3.0,14,0.18,1.8,0.6752356451180241,0.24129218545388653
32,12,20,2.5,6,0.22,2.6,0.675237142125077,0.24126782363636587
32,12,15,3.0,6,0.15,1.8,0.6752375772253882,0.2411450910076884
32,12,25,3.0,10,0.18,2.2,0.6752377972187968,0.24127479687697292
28,12,10,3.0,6,0.18,2.6,0.6752380645822597,0.2411967663779005
32,20,10,3.0,14,0.22,2.6,0.6752413881736579,0.24134446431044349
28,12,25,3.0,14,0.22,2.6,0.6752425373384382,0.24130231049349066
40,16,15,2.0,6,0.18,2.6,0.6752430091432456,0.2412726034280695
40,12,20,1.5,10,0.18,2.2,0.6752450092732071,0.24129070409425232
36,20,10,2.0,14,0.22,2.6,0.6752458852000857,0.241328935698732
36,12,25,2.5,10,0.18,2.2,0.6752505482425333,0.24130228699819375
36,16,15,1.5,14,0.22,2.6,0.6752519216708561,0.24130765871422125
40,16,20,3.0,14,0.15,2.2,0.6752519411918309,0.2413962717439122
32,12,10,2.5,6,0.15,1.8,0.6752551067070199,0.24117172678715132
40,16,15,3.0,6,0.15,2.2,0.6752559246032661,0.24119373689903795
40,12,25,3.0,10,0.15,2.2,0.6752559373659441,0.24132532394405642
36,20,10,2.5,14,0.22,1.8,0.675260075380305,0.24134105653818488
28,16,10,3.0,10,0.22,2.6,0.6752605943262465,0.24126639646886802
36,16,10,2.0,14,0.15,2.2,0.6752647438487835,0.24127493256279703
36,16,10,2.0,10,0.15,2.6,0.6752656127821702,0.24125720988375252
40,20,15,2.5,10,0.22,1.8,0.6752693544455474,0.2413645975107887
32,16,10,2.0,10,0.22,2.6,0.675270058381027,0.2412670025709502
28,12,20,3.0,10,0.18,2.6,0.6752726750997063,0.24126087386052358
36,16,20,2.5,14,0.18,2.6,0.6752731422483408,0.24136858134344252
28,12,15,3.0,14,0.15,1.8,0.6752760988748993,0.24124971826607952
32,12,20,2.5,14,0.18,1.8,0.6752765626205828,0.24129192262954205
40,12,25,2.5,14,0.18,1.8,0.6752773601386741,0.24139141200799435
32,12,15,2.0,10,0.18,2.2,0.675277736851273,0.24125017720673397
36,12,20,2.0,6,0.22,2.2,0.6752789277149062,0.24128998157431222
40,16,25,2.0,10,0.22,2.6,0.6752789618777482,0.24140363300919937
28,12,15,3.0,10,0.18,1.8,0.675281476716175,0.24123895420547628
40,16,20,3.0,10,0.18,1.8,0.67528209407435,0.24135056336454086
32,12,10,2.0,6,0.18,2.6,0.6752843429150698,0.24122643053374426
40,20,15,2.0,14,0.22,2.2,0.6752847074513191,0.24140591269666897
36,12,20,2.0,14,0.18,1.8,0.6752849137417878,0.24131217580445605
40,16,25,2.5,10,0.22,2.2,0.6752886809812448,0.24141619747390947
32,16,20,2.5,10,0.22,2.6,0.6752894271544685,0.24132842604970642
36,16,25,3.0,14,0.22,2.2,0.6753004511627899,0.24144865569399288
40,20,10,2.5,10,0.15,2.2,0.6753008712482829,0.24131206969418004
32,12,10,2.0,14,0.15,2.2,0.6753015406415108,0.24125611883748202
36,12,15,1.5,14,0.15,2.6,0.6753058233132904,0.24128741302784873
36,20,10,2.5,10,0.18,2.6,0.6753061102925271,0.2413266404103041
36,16,20,2.5,10,0.18,2.6,0.6753063320649493,0.24134347224584643
36,16,15,3.0,6,0.22,1.8,0.6753067648306585,0.24128299182580085
28,12,20,3.0,10,0.22,1.8,0.6753070057736338,0.2412772736415643
36,20,20,3.0,10,0.22,2.6,0.6753070158085221,0.24142392301978338
36,16,10,2.5,6,0.18,1.8,0.6753074304469115,0.24123063565175357
36,12,20,2.5,10,0.15,1.8,0.6753112447730723,0.24128119134469553
32,16,25,3.0,10,0.22,2.6,0.6753115884735194,0.2413705512768455
32,12,15,1.5,10,0.22,2.6,0.6753158604718622,0.24127481688824304
36,16,20,3.0,14,0.15,2.6,0.6753163726886705,0.24139027165030616
32,12,20,3.0,6,0.18,2.6,0.6753167053513084,0.2412672015738881
28,16,10,3.0,14,0.22,2.6,0.675316759238222,0.24131363858364066
32,16,10,2.0,14,0.22,2.6,0.6753176378658929,0.2413050030126658
36,16,20,2.5,14,0.22,1.8,0.6753185274830108,0.24139189383301882
32,12,25,3.0,14,0.15,2.6,0.6753187698143381,0.2413430528486982
40,20,10,2.0,10,0.18,2.2,0.6753195217705522,0.2413313710730241
40,20,10,1.5,14,0.22,2.2,0.6753210142021654,0.24136078704274266
40,20,10,2.5,14,0.15,1.8,0.6753210172272925,0.24135724352673754
32,12,10,2.0,10,0.15,2.6,0.6753220347539416,0.24125387240548007
36,16,25,2.5,14,0.22,2.6,0.6753246976944259,0.24143875032358855
40,16,15,2.0,10,0.15,2.2,0.675324757395531,0.24131518804265925
40,20,10,1.5,10,0.22,2.2,0.6753252981117163,0.24134236505657738
40,12,25,2.5,10,0.15,2.6,0.6753279013685172,0.24135872083169263
36,12,10,1.5,10,0.15,2.2,0.6753293222810439,0.24126250718788972
36,12,20,3.0,6,0.18,1.8,0.6753304881448765,0.2412354371984376
32,12,10,1.5,10,0.22,2.6,0.6753317087882426,0.2412618280026198
40,16,20,2.5,6,0.22,2.6,0.6753323318748852,0.2413952373137544
28,12,20,3.0,14,0.18,2.2,0.6753327567521478,0.2413088588566457
40,12,20,2.5,6,0.18,1.8,0.6753352550942899,0.2412620440981321
40,12,15,1.5,6,0.15,2.2,0.675335327965469,0.24126287773730887
40,16,20,2.0,14,0.18,2.6,0.6753369137020843,0.2414150503517473
28,12,20,2.5,10,0.22,2.6,0.6753369325396551,0.24129777741257252
36,12,15,2.0,6,0.15,2.2,0.6753383459404526,0.24124314204156644
40,12,25,1.5,10,0.22,2.2,0.675339102953108,0.24137833496201958
36,20,10,3.0,14,0.15,2.2,0.6753393865746603,0.2413688918366848
36,16,10,2.0,10,0.18,1.8,0.6753415889095126,0.24129122462842728
40,20,20,3.0,10,0.22,2.2,0.675342092274638,0.24147002224186745
40,16,20,2.0,10,0.18,2.6,0.6753423859884526,0.24137919998345614
40,16,15,2.5,6,0.15,2.6,0.6753445475433698,0.24127284800904147
40,12,25,3.0,6,0.22,2.2,0.6753476258318718,0.2413824074957772
28,12,10,2.5,14,0.22,1.8,0.6753491884206181,0.24127976210448224
36,16,10,2.0,6,0.18,2.6,0.675350402436719,0.24128690244842022
32,16,10,3.0,6,0.18,2.6,0.6753507785865591,0.24127614614510565
32,12,10,2.0,10,0.18,1.8,0.6753584503342224,0.2412698314741247
28,12,10,3.0,6,0.22,1.8,0.675360805612981,0.2412543813986006
36,16,15,2.0,6,0.22,2.6,0.6753612782931898,0.24134563446967447
36,20,10,2.5,10,0.22,1.8,0.6753621810918035,0.24135260822161167
32,12,15,1.5,14,0.22,2.6,0.6753623049131245,0.24130822789345152
40,20,20,2.5,14,0.22,2.6,0.6753626944749528,0.24151774607063978
28,12,10,2.5,14,0.18,2.6,0.6753640601610155,0.2412867001219804
32,16,15,3.0,14,0.15,2.2,0.6753651216229271,0.24134526020699384
40,12,25,1.5,14,0.22,2.2,0.6753697523267596,0.2414178208667931
32,12,15,2.0,14,0.15,2.6,0.6753719930868534,0.24130846086717403
32,12,20,3.0,10,0.15,1.8,0.6753722383278596,0.24129305920152885
32,12,10,2.0,6,0.22,1.8,0.6753735314639712,0.24126851032680313
36,16,15,2.0,14,0.18,2.2,0.6753737601762122,0.241362817905682
36,12,15,1.5,14,0.18,1.8,0.675374524301808,0.24131964683412516
40,20,10,3.0,6,0.18,2.2,0.6753745306337436,0.2413093535558679
40,16,10,1.5,6,0.18,2.2,0.6753751488550389,0.24130114133072458
40,20,15,3.0,14,0.15,2.6,0.6753758493116795,0.24146563432345228
36,20,10,3.0,10,0.15,2.6,0.6753779579747268,0.24134795170850268
32,16,10,2.5,10,0.18,2.2,0.6753782686561106,0.24130760974023457
36,16,20,2.5,10,0.22,1.8,0.6753816491112506,0.24137921007337662
36,12,20,2.0,10,0.15,2.6,0.6753846233276392,0.24132951867214505
40,16,10,2.0,6,0.15,1.8,0.6753850136858187,0.24125687510995536
32,16,15,2.5,14,0.18,2.6,0.6753852737307892,0.2413626019803467
32,12,10,1.5,14,0.22,2.6,0.6753865657355844,0.24129731130671953
36,12,15,1.5,6,0.18,2.6,0.6753878695505644,0.24130352570308836
32,12,15,2.5,6,0.15,2.6,0.675389127996092,0.2412622818643074
32,12,25,3.0,14,0.18,1.8,0.6753894748088495,0.2413752106997197
40,16,20,2.0,14,0.22,1.8,0.6753900012608107,0.24144196887676508
36,20,10,3.0,6,0.22,2.6,0.6753902372151851,0.24138540700949784
36,16,15,2.5,10,0.15,2.2,0.6753907538981868,0.24133089756326223
32,16,20,2.5,14,0.22,2.6,0.6753915342814706,0.24140360596920551
40,12,20,2.0,6,0.18,2.2,0.6753923790304904,0.24132594950573247
32,12,15,2.0,6,0.22,2.2,0.675392820662611,0.2413049121397282
40,12,25,3.0,14,0.15,1.8,0.6753933593474697,0.2414446898583814
32,16,10,2.5,6,0.22,2.6,0.6753950916117972,0.24132856769931454
36,16,10,2.5,6,0.15,2.2,0.6753959256170755,0.24126123947340397
40,20,10,2.5,6,0.18,2.6,0.6753968205580719,0.24134578973571802
36,12,10,1.5,14,0.15,1.8,0.675398642942919,0.24130626850795764
36,16,20,3.0,14,0.18,1.8,0.6753989497605479,0.2414275200228866
36,12,20,2.5,6,0.18,2.2,0.6753992211593849,0.24130602592999761
36,20,15,3.0,14,0.18,2.6,0.67540058190514,0.24145976543216685
40,12,25,2.0,6,0.22,2.6,0.6754031663360808,0.24141548015734515
40,16,25,2.5,14,0.22,2.2,0.6754035580532416,0.24152066651495158
40,16,25,2.0,14,0.22,2.6,0.6754053484230739,0.24149760165681966
40,16,20,2.5,14,0.15,2.6,0.6754061319398681,0.2414508064140577
36,16,15,2.5,14,0.15,1.8,0.6754063721639214,0.2413686583415547
28,12,20,2.5,14,0.22,2.6,0.6754070446256744,0.2413493857082868
36,12,10,1.5,6,0.15,2.6,0.6754086855975902,0.24128329446235744
32,16,10,2.5,14,0.15,2.6,0.6754089153313543,0.24133976170890695
32,12,20,2.5,14,0.15,2.2,0.6754089314009389,0.2413480283187377
40,16,15,1.5,14,0.18,2.2,0.6754092755949099,0.2413895992767426
32,16,15,2.5,14,0.22,1.8,0.6754094991789399,0.24137524448671888
36,12,25,3.0,10,0.15,2.2,0.6754111548827322,0.24136147733246982
40,16,15,2.0,6,0.22,1.8,0.6754119410416008,0.24135111662350814
28,16,15,3.0,10,0.22,2.6,0.6754162800549133,0.24135604421058607
36,12,20,3.0,6,0.15,2.2,0.6754173404505399,0.24125877323143502
28,12,15,2.5,14,0.18,2.6,0.675419150119105,0.24132845045811258
36,12,25,2.5,6,0.22,2.6,0.6754213291593624,0.241400483010807
28,12,15,2.5,14,0.22,1.8,0.6754231279587107,0.24133099573665634
36,20,15,3.0,10,0.18,2.6,0.6754237705490597,0.24141920192369476
32,16,15,3.0,10,0.15,2.6,0.6754238832217502,0.24134159916884845
36,12,25,2.5,14,0.15,2.6,0.6754265861820705,0.24141564635499446
36,16,15,3.0,6,0.18,2.2,0.6754274443602053,0.2413154925856079
28,12,15,3.0,10,0.15,2.2,0.6754278094359373,0.24130357817771114
32,12,15,2.0,14,0.18,1.8,0.6754278583730742,0.24133442003112088
32,12,20,2.5,10,0.15,2.6,0.6754299021810865,0.2413343133747707
40,16,20,2.0,10,0.22,1.8,0.6754323628940557,0.24142209270433865
28,12,10,2.5,10,0.22,1.8,0.6754336602163403,0.24130496910176116
40,16,10,1.5,10,0.15,2.2,0.6754343981927912,0.24134048585334067
36,20,15,2.5,10,0.22,2.2,0.6754385007087512,0.24142794179501292
28,12,15,3.0,6,0.22,2.2,0.6754390109800278,0.2413183408265099
36,12,25,3.0,14,0.15,1.8,0.6754390726516489,0.24141898547803894
40,16,15,2.0,14,0.15,1.8,0.6754394525536466,0.24139681628865084
28,12,10,3.0,10,0.15,1.8,0.6754399473103574,0.24129739597905392
28,12,25,3.0,14,0.22,2.2,0.6754400816458188,0.24138866083920385
28,12,10,3.0,6,0.18,2.2,0.6754408904678135,0.24128257079321758
28,12,25,3.0,10,0.22,2.2,0.6754416795590084,0.24136228297456344
32,16,20,3.0,14,0.18,2.6,0.6754425371442944,0.24142750549625341
28,12,10,2.5,10,0.18,2.6,0.6754425722583283,0.2413098340023178
36,12,20,2.0,14,0.15,2.2,0.6754433742295735,0.24138019050227327
40,12,25,2.0,14,0.18,2.2,0.6754447634620494,0.24145616962340263
36,12,15,1.5,10,0.15,2.6,0.6754478200337971,0.24133724553780236
40,12,20,2.5,6,0.15,2.2,0.6754478407720501,0.24129746866455917
32,12,25,2.0,10,0.22,2.6,0.6754507464103674,0.24138352716778835
36,12,25,1.5,10,0.22,2.6,0.6754578086092325,0.24140718835920563
32,12,25,2.5,14,0.18,2.6,0.6754578162095121,0.2414081761008859
36,20,15,3.0,14,0.22,1.8,0.6754594273042006,0.2414896995689296
32,16,25,3.0,14,0.22,2.6,0.675461238507053,0.2414774684830978
40,12,25,2.5,14,0.15,2.2,0.675461458334409,0.24146583125526305
32,16,10,2.5,14,0.18,1.8,0.6754623308519819,0.2413639557054098
32,16,15,3.0,6,0.22,2.6,0.675464799082081,0.24138932220341017
40,12,20,3.0,6,0.15,1.8,0.67546558296368,0.24125101987067818
32,16,15,2.0,10,0.22,2.6,0.6754674571512904,0.2413811108059469
40,16,25,3.0,10,0.18,2.6,0.6754704178173458,0.24149725649675222
40,20,15,3.0,14,0.18,1.8,0.6754708124871592,0.24150820551210284
40,12,25,2.5,10,0.18,1.8,0.6754730355104913,0.24142335699587625
36,16,20,2.0,10,0.22,2.2,0.6754775899032776,0.24142503550031577
36,20,10,2.5,14,0.18,2.2,0.67547827252424,0.24143300394549164
40,16,15,1.5,6,0.22,2.2,0.6754785746745304,0.24140134897196613
28,16,10,3.0,14,0.22,2.2,0.6754790271917257,0.24138476362050446
40,12,20,1.5,14,0.15,2.6,0.6754793005271381,0.24141749085532907
36,16,10,2.0,6,0.22,1.8,0.6754795479028991,0.24134737225295486
32,16,15,2.5,10,0.18,2.6,0.6754812807380606,0.2413798455646647
32,16,20,3.0,14,0.22,1.8,0.6754813786046546,0.2414476329560257
40,20,15,1.5,10,0.22,2.6,0.6754815661688542,0.24145585637497957
32,20,10,3.0,10,0.22,2.2,0.6754830519865297,0.24141515054178705
40,20,15,2.5,14,0.18,2.2,0.6754844199438413,0.241501357534305
40,20,10,2.0,14,0.15,2.6,0.6754857683390585,0.24143282479299225
32,12,25,2.5,14,0.22,1.8,0.6754863320791024,0.2414231425725613
28,12,10,2.5,14,0.18,2.2,0.6754863962615413,0.24134196393202223
36,12,20,2.0,10,0.18,1.8,0.6754869099444845,0.24137580458799485
32,20,10,3.0,14,0.22,2.2,0.675489407490415,0.2414520155365975
36,20,15,2.5,14,0.22,2.2,0.6754909324278141,0.24149072498733776
36,16,10,1.5,6,0.22,2.6,0.6754920087867337,0.24137391321326976
36,12,15,1.5,6,0.22,1.8,0.6754934482412283,0.24135373153499767
28,16,15,3.0,14,0.22,2.6,0.6754945267082159,0.24141702011520197
32,16,10,3.0,10,0.15,1.8,0.6754946840532772,0.2413440022792802
40,16,20,3.0,10,0.15,2.2,0.6754991767428616,0.24143671337370448
32,20,15,3.0,10,0.22,2.6,0.6755014453555799,0.24145526043914545
32,12,20,3.0,6,0.22,1.8,0.675503087650388,0.24135352049249367
32,12,10,2.0,14,0.15,1.8,0.6755037057893273,0.24134862125686224
32,16,20,3.0,10,0.18,2.6,0.6755051987803213,0.24141686919600666
36,16,20,2.0,14,0.22,2.2,0.675505318337354,0.2414665437067017
40,12,20,2.0,10,0.15,1.8,0.6755063083951939,0.24138940290939281
40,16,15,1.5,10,0.18,2.2,0.6755064085817971,0.24141027033696608
36,20,20,3.0,14,0.22,2.6,0.6755065014287179,0.24156471102806665
40,16,20,2.5,14,0.18,1.8,0.6755066549931613,0.24149639466565256
36,20,15,3.0,10,0.22,1.8,0.6755079135386021,0.24145881936505764
36,12,10,1.5,6,0.18,1.8,0.6755081247712146,0.24132872587428306
36,20,10,3.0,10,0.18,1.8,0.6755091725765537,0.2414060029555891
36,16,15,2.0,10,0.18,2.2,0.6755094987699798,0.24139788002793905
36,12,25,2.5,14,0.18,1.8,0.6755102248866754,0.24145376484529824
28,12,15,2.5,10,0.18,2.6,0.6755109798489694,0.24135430096771165
28,16,10,3.0,10,0.22,2.2,0.6755114951012365,0.24137799060973172
36,16,20,3.0,10,0.15,2.6,0.6755132670365074,0.24142436367850148
40,12,25,2.0,10,0.18,2.2,0.6755145629546776,0.24144685282025505
28,12,20,3.0,14,0.15,2.6,0.6755146635961005,0.24138655605987872
32,12,10,2.0,6,0.18,2.2,0.6755162777338071,0.24132964372622479
36,12,25,2.0,14,0.18,2.6,0.6755163303097533,0.24145579246183052
40,20,20,3.0,14,0.22,2.2,0.6755168072589853,0.24161539355462783
28,12,20,3.0,10,0.18,2.2,0.6755182660628624,0.2413686774221794
36,16,15,2.5,6,0.18,2.6,0.6755191482252073,0.24138239976672407
32,12,10,2.0,10,0.15,2.2,0.6755195960174584,0.24134457323593744
32,16,10,3.0,6,0.22,1.8,0.6755198743594858,0.24135441119537823
36,12,25,1.5,14,0.22,2.6,0.6755209303640992,0.24145512066399002
36,16,10,2.0,10,0.15,2.2,0.6755238429982308,0.24137253304308462
32,12,25,2.0,14,0.22,2.6,0.6755243611575988,0.2414383815684708
32,16,15,2.0,14,0.22,2.6,0.675525153776105,0.24142684176947082
36,12,20,1.5,6,0.22,2.6,0.6755253282593638,0.2414125293574599
28,12,15,2.5,10,0.22,1.8,0.6755263726537925,0.24136144613639404
36,12,15,1.5,10,0.18,1.8,0.6755272307772585,0.2413737136148864
32,12,25,3.0,14,0.15,2.2,0.6755273918191594,0.24143126296193532
32,12,20,2.5,10,0.18,1.8,0.6755274333051772,0.24137840119159332
36,12,15,1.5,14,0.15,2.2,0.6755298581687338,0.24138928988042435
36,12,25,3.0,6,0.22,2.2,0.6755314993845988,0.24143498148371012
32,12,25,2.5,10,0.18,2.6,0.675532995106396,0.24141292580879517
32,16,15,2.5,10,0.22,1.8,0.6755343709424019,0.24140494656537
32,12,15,2.5,6,0.18,1.8,0.6755344162139256,0.24132641005351146
32,16,15,3.0,10,0.18,1.8,0.6755362751911106,0.24139164588591866
40,20,10,2.0,6,0.22,2.2,0.6755378625101849,0.24143404412305836
32,16,10,2.0,14,0.22,2.2,0.6755407508047037,0.24140663320908548
36,16,10,2.0,14,0.15,1.8,0.6755410521621529,0.2413980051635125
32,12,25,3.0,10,0.15,2.6,0.6755429997061988,0.24140432571709716
40,12,25,2.5,6,0.22,2.2,0.6755432684494285,0.2414653592833441
40,16,10,1.5,14,0.15,1.8,0.6755452526640531,0.2414074377729803
40,16,15,2.5,6,0.18,1.8,0.6755468739468679,0.24135945462484698
32,12,20,2.0,14,0.18,2.6,0.6755472128986544,0.24141846851108956
40,20,15,3.0,10,0.15,2.6,0.6755473365420765,0.24147570348382863
40,20,15,1.5,14,0.22,2.6,0.6755493351625953,0.24150982469005514
36,12,20,1.5,14,0.18,2.6,0.6755495397111146,0.24143374841566514
32,12,15,2.0,10,0.15,2.6,0.6755522222808051,0.24137468117257035
40,20,15,3.0,6,0.22,2.6,0.6755536819755502,0.24151309705319532
36,20,10,2.0,14,0.22,2.2,0.6755544461226128,0.24146720917666595
40,16,25,3.0,14,0.18,2.6,0.6755571927078972,0.24160599066580732
32,12,15,2.0,14,0.15,2.2,0.6755576012624275,0.241391940200994
28,12,10,2.5,6,0.22,2.6,0.6755581673744881,0.2413666034223706
36,12,25,2.0,14,0.22,1.8,0.6755582185868484,0.24147721774599798
36,12,25,2.0,10,0.18,2.6,0.6755584489166743,0.2414453423373429
36,16,20,3.0,14,0.15,2.2,0.6755596542915667,0.24149150581336
36,16,20,2.5,14,0.18,2.2,0.6755600494858341,0.24149263568373966
36,20,10,2.0,10,0.22,2.2,0.6755606081184176,0.24144567361876837
32,12,20,2.5,6,0.22,2.2,0.6755610082174295,0.24140390360882197
32,16,10,2.0,10,0.22,2.2,0.6755630527133342,0.2414006363962739
40,16,20,2.5,10,0.15,2.6,0.6755633604053253,0.24146723186064967
40,16,20,1.5,10,0.22,2.2,0.6755633724354483,0.24148325559022074
28,12,20,3.0,14,0.18,1.8,0.6755671077983312,0.24141037731498408
32,16,20,3.0,10,0.22,1.8,0.6755675200454292,0.2414461157101197
28,12,10,3.0,6,0.15,2.6,0.6755688299632813,0.24133215272021008
36,16,20,3.0,6,0.22,2.6,0.6755719796098592,0.24148523677451803
32,12,20,2.0,14,0.22,1.8,0.6755723553874586,0.24143150758554344
32,12,10,1.5,10,0.22,2.2,0.6755741394854191,0.24137574795770392
36,16,15,1.5,14,0.22,2.2,0.6755742013538607,0.24145463002847103
40,20,10,2.0,14,0.18,1.8,0.675574884438854,0.24147333592335396
36,16,10,1.5,14,0.18,2.6,0.6755757112806867,0.2414220818775157
40,12,20,1.5,14,0.18,1.8,0.6755760027190459,0.24146242737620005
40,16,25,3.0,10,0.22,1.8,0.6755764141903314,0.24154796895374298
32,12,10,1.5,14,0.22,2.2,0.6755795347428992,0.24138807647266883
28,12,15,2.5,14,0.18,2.2,0.6755803719715453,0.2414006461947093
36,16,15,1.5,10,0.22,2.2,0.6755829186398965,0.24144108038046455
36,12,20,1.5,14,0.22,1.8,0.6755839645895902,0.24145133219377793
40,16,20,3.0,6,0.22,2.2,0.6755844658696315,0.24149203665387348
32,16,10,2.5,14,0.15,2.2,0.675585002181479,0.2414168254456647
40,20,15,2.5,10,0.18,2.2,0.6755864661480403,0.24149537944559696
40,16,20,1.5,14,0.22,2.2,0.6755883733887093,0.2415198485099229
40,20,10,3.0,6,0.15,2.6,0.6755897177062263,0.2413786500611902
36,16,10,1.5,14,0.22,1.8,0.6755905693691268,0.24142977534041357
40,20,10,2.5,6,0.22,1.8,0.6755906745175561,0.24143437220060315
32,12,25,2.5,10,0.22,1.8,0.6755946994525557,0.24144235725925162
36,12,25,2.5,10,0.15,2.6,0.6755956419352195,0.24144915239153486
28,12,20,2.5,14,0.22,2.2,0.6755972049562484,0.24143452711712582
36,12,20,1.5,10,0.18,2.6,0.6755996939629506,0.24143833588505575
36,12,20,2.0,6,0.18,2.6,0.6756033812938373,0.24142091834484794
36,16,25,2.5,10,0.22,2.2,0.6756055637390835,0.24151799737408283
32,12,15,1.5,14,0.22,2.2,0.6756056744304135,0.2414212410863779
36,12,20,2.5,6,0.15,2.6,0.6756057920148989,0.24138050745407702
28,12,15,3.0,6,0.18,2.6,0.6756096366891291,0.2413806083814514
32,16,15,2.5,14,0.18,2.2,0.6756112962721538,0.24146168338297783
36,20,15,2.0,10,0.22,2.6,0.6756118044590881,0.24150390453913953
32,12,15,1.5,10,0.22,2.2,0.675612703862248,0.24141254410753069
40,12,20,1.5,10,0.15,2.6,0.6756130853007569,0.24145366341761798
32,12,15,2.5,6,0.15,2.2,0.6756144772361797,0.24135472885228013
28,12,20,2.5,10,0.22,2.2,0.6756148071622341,0.2414233048832531
36,12,10,1.5,10,0.15,1.8,0.6756178018967779,0.2413960052657068
36,16,15,3.0,6,0.15,2.6,0.6756201730979845,0.24137804616513409
32,12,20,2.0,10,0.18,2.6,0.6756213511352592,0.2414327210643503
40,16,15,2.0,6,0.18,2.2,0.6756213743900383,0.24143113138112265
32,12,20,3.0,6,0.18,2.2,0.6756215997632187,0.2413898109779672
32,12,25,3.0,6,0.22,2.6,0.6756234242727732,0.24147242232363064
40,16,20,3.0,14,0.15,1.8,0.6756240723259844,0.24154941421440415
32,16,10,3.0,6,0.18,2.2,0.6756240987025103,0.241386902514066
32,12,15,2.0,10,0.18,1.8,0.675624887759085,0.2414077739045142
36,12,25,2.0,10,0.22,1.8,0.6756263266738344,0.24147767321964184
28,12,10,2.5,10,0.18,2.2,0.6756263395139741,0.24139364832612326
32,16,15,3.0,14,0.15,1.8,0.6756302014636227,0.24145752990571706
40,16,20,2.0,6,0.22,2.6,0.6756304711268984,0.24152181667362368
40,16,25,3.0,14,0.22,1.8,0.6756311225215461,0.24164400525547522
40,20,20,2.0,10,0.22,2.6,0.6756319130120714,0.24157173883029512
32,20,15,3.0,14,0.22,2.6,0.6756324373689081,0.24155205456433843
40,12,20,1.5,6,0.18,2.6,0.6756357619129483,0.24145793896882262
36,20,10,2.5,10,0.18,2.2,0.675636023950117,0.24146924699012182
36,12,10,1.5,6,0.15,2.2,0.6756374224983777,0.24138613918028134
36,16,10,1.5,10,0.18,2.6,0.675638580222561,0.24143680942415313
36,20,10,3.0,14,0.15,1.8,0.6756394506669309,0.24149442423266126
28,12,10,2.5,14,0.15,2.6,0.6756440189568214,0.2414135321866726
40,16,10,1.5,6,0.15,2.6,0.6756467385218027,0.2414182113693765
36,12,20,1.5,10,0.22,1.8,0.6756478254873022,0.2414616856418085
36,16,15,2.0,14,0.15,2.6,0.6756497637050511,0.24148341839306986
36,16,10,2.0,6,0.18,2.2,0.6756528937555232,0.24141727971311466
40,20,15,3.0,14,0.15,2.2,0.6756530109338968,0.24157978166814323
32,16,10,2.5,10,0.15,2.6,0.675653301108696,0.2414299774853084
32,12,15,2.0,6,0.18,2.6,0.6756541916657488,0.2414147308601832
36,16,20,3.0,10,0.18,1.8,0.6756551186563834,0.24148711522133887
40,16,15,3.0,6,0.15,1.8,0.6756560610674399,0.24134000278695525
40,12,20,2.0,6,0.15,2.6,0.6756568029458571,0.24142852476077956
32,16,20,2.5,10,0.22,2.2,0.6756577309719141,0.24149117199928308
36,16,25,3.0,10,0.18,2.6,0.6756592284021932,0.24153948359190486
40,16,15,2.5,6,0.15,2.2,0.6756597569845215,0.24139552798093716
32,12,25,3.0,10,0.18,1.8,0.6756609580258714,0.24145681533032987
32,12,20,2.0,10,0.22,1.8,0.6756632535259254,0.24145286821538373
36,16,10,1.5,10,0.22,1.8,0.6756643049482964,0.24144902203447327
36,12,15,2.0,6,0.15,1.8,0.6756655610753679,0.24137995915774554
36,16,20,2.5,10,0.18,2.2,0.6756668402953524,0.24149838988747122
40,20,20,2.5,10,0.22,2.2,0.6756674519060981,0.24159499531416642
28,12,10,2.5,14,0.18,1.8,0.6756682527961502,0.241424313971787
40,12,25,3.0,6,0.18,2.6,0.6756698495697612,0.24148655152491597
40,16,20,2.0,14,0.18,2.2,0.6756709349242104,0.2415606820071545
36,16,25,3.0,14,0.18,2.6,0.675671454161537,0.2416005993911545
32,16,20,2.5,14,0.22,2.2,0.6756731493327721,0.24152800808036298
40,20,10,2.0,10,0.15,2.6,0.6756750432887819,0.24148632496514078
32,12,20,2.5,14,0.15,1.8,0.6756756483971998,0.24146399750854955
28,12,20,3.0,14,0.15,2.2,0.6756764241096763,0.24145605562415695
36,12,25,2.5,14,0.15,2.2,0.6756777370015148,0.24152289262440155
28,12,25,3.0,14,0.18,2.6,0.6756794236894074,0.24149019657018606
36,20,15,3.0,14,0.18,2.2,0.6756802496293015,0.241577771748328
32,16,20,3.0,14,0.18,2.2,0.6756804295792902,0.24152898064915104
36,12,20,2.0,10,0.15,2.2,0.6756823064358314,0.24146081593336524
36,16,25,2.5,14,0.22,2.2,0.6756839195603449,0.24159592396589155
32,16,25,3.0,10,0.22,2.2,0.6756876224869475,0.24153241258873195
28,12,10,3.0,6,0.18,1.8,0.6756878206391533,0.2413845785057877
40,12,15,1.5,6,0.15,1.8,0.6756891031573726,0.24141427558625136
32,16,10,2.5,6,0.22,2.2,0.6756893311816504,0.2414534504838392
40,16,20,2.5,14,0.15,2.2,0.6756907639973523,0.24157080064698808
36,20,20,2.5,10,0.22,2.6,0.6756918263313129,0.24158004181951723
28,16,15,3.0,14,0.22,2.2,0.6756924144010777,0.24150343002998761
32,20,10,2.5,10,0.22,2.6,0.6756947272233201,0.24151048423415458
28,16,10,3.0,14,0.18,2.6,0.675695318927022,0.24147816055030402
36,12,15,1.5,6,0.18,2.2,0.6756961117349914,0.24144038899869713
40,12,25,2.5,10,0.15,2.2,0.6756962185410315,0.2415148821654584
36,20,15,2.0,14,0.22,2.6,0.6756982948020623,0.24157056796124604
36,20,10,3.0,10,0.15,2.2,0.6756990922959203,0.24148445486791528
32,12,25,2.5,14,0.18,2.2,0.6756991109673817,0.24151362076981633
28,12,25,3.0,14,0.22,1.8,0.6757018374660007,0.2415020609940754
28,16,10,3.0,14,0.22,1.8,0.675702566337007,0.24148221382879537
40,20,15,3.0,10,0.18,1.8,0.6757032870825501,0.24154426113524793
32,12,20,2.5,10,0.15,2.2,0.6757039481844525,0.24145499814458368
36,16,15,2.5,6,0.22,1.8,0.6757050097164419,0.24146836813040895
32,12,10,2.0,6,0.15,2.6,0.6757058455525883,0.24141224182158375
40,16,20,2.5,10,0.18,1.8,0.6757124365883344,0.24153342773488234
32,16,15,3.0,10,0.15,2.2,0.6757132497952337,0.24146645546403375
28,16,15,3.0,10,0.22,2.2,0.6757134302365696,0.24148745969328825
36,12,15,1.5,10,0.15,2.2,0.6757155391909934,0.24145901532332037
40,20,10,1.5,6,0.22,2.6,0.6757171179080549,0.241525703544312
32,12,10,1.5,6,0.22,2.6,0.6757175589375121,0.24144363248418152
36,16,10,2.5,6,0.15,1.8,0.6757182487406435,0.24139045919938276
40,20,15,2.0,14,0.18,2.6,0.6757185392055198,0.2415925818617067
28,12,15,3.0,10,0.15,1.8,0.6757194960030384,0.241433269400724
36,16,25,2.0,10,0.22,2.6,0.6757206304577944,0.2415672032746448
36,16,15,2.0,6,0.22,2.2,0.6757254826387586,0.24150081472170987
40,16,15,1.5,14,0.15,2.6,0.6757259481501975,0.2415293986935471
40,12,25,3.0,10,0.15,1.8,0.6757261256167697,0.24151939723203075
36,12,25,2.5,10,0.18,1.8,0.675730187324822,0.24150948901533772
40,20,15,2.5,6,0.22,2.6,0.6757309728216738,0.24158160925246733
40,12,20,1.5,10,0.18,1.8,0.6757310730610173,0.24150738838751962
36,20,10,2.5,6,0.22,2.6,0.6757326412257952,0.2415337849165387
36,16,15,2.0,14,0.18,1.8,0.6757327105915434,0.24152150949738896
28,12,15,2.5,10,0.18,2.2,0.6757339820408934,0.2414547894189012
36,16,25,3.0,14,0.22,1.8,0.6757344469459236,0.24163278012622844
32,16,10,2.5,10,0.18,1.8,0.6757357653616105,0.24146692039604406
40,20,10,2.5,10,0.15,1.8,0.6757359189280913,0.24149854565196457
40,20,15,2.0,10,0.18,2.6,0.675736063475206,0.2415629229976821
28,12,10,3.0,6,0.15,2.2,0.6757400291596815,0.24140211760552963
36,20,10,2.5,14,0.15,2.6,0.6757404400002807,0.2415445786731358
40,20,10,1.5,14,0.18,2.6,0.6757418447793182,0.2415484846210855
28,12,15,2.5,6,0.22,2.6,0.6757423749659339,0.24146898934624828
36,20,20,3.0,10,0.22,2.2,0.6757425373559065,0.2416084883800872
40,20,25,3.0,10,0.22,2.6,0.675747755012151,0.24169826011761406
40,16,20,2.0,10,0.18,2.2,0.6757481054117073,0.24155513680237944
40,20,10,2.0,14,0.15,2.2,0.6757484165024343,0.2415471708701894
36,16,25,3.0,10,0.22,1.8,0.6757491227643688,0.2415820096090126
28,12,25,2.5,10,0.22,2.6,0.6757499913863383,0.24150511093375668
32,16,25,3.0,14,0.22,2.2,0.6757518145695733,0.2416031527753151
40,16,15,2.0,10,0.15,1.8,0.6757524293255758,0.24150144156521236
40,20,20,2.0,14,0.22,2.6,0.6757541789314927,0.24166394214811893
28,12,15,2.0,10,0.22,2.6,0.6757566888140677,0.2414744536600602
32,12,20,1.5,10,0.22,2.6,0.6757569988243879,0.2415027627752026
36,20,10,3.0,6,0.22,2.2,0.6757570732866731,0.2415304479186711
28,12,15,3.0,6,0.22,1.8,0.6757574296513129,0.24144983225902833
40,16,25,2.0,10,0.22,2.2,0.6757583487863515,0.24161224805543632
36,12,20,2.0,6,0.22,1.8,0.6757585218665481,0.2414936516460077
28,12,15,2.5,14,0.15,2.6,0.6757617654999246,0.24148126271183754
40,12,20,1.5,14,0.15,2.2,0.675762537740599,0.24154335003748814
36,12,20,2.0,14,0.15,1.8,0.6757626854954039,0.24152050625531724
32,20,10,2.5,14,0.22,2.6,0.6757654500792126,0.24156839741855327
28,12,10,2.5,14,0.15,2.2,0.6757655581797769,0.24146805034355906
32,12,20,2.0,6,0.22,2.6,0.6757661230133516,0.24150920285585709
40,20,10,2.5,6,0.18,2.2,0.6757668210723025,0.241494764006301
28,12,20,3.0,10,0.15,2.6,0.6757711821154928,0.24147919809110632
32,20,10,3.0,14,0.18,2.6,0.6757726536054764,0.24157065169869651
32,16,10,3.0,6,0.15,2.6,0.6757760407454129,0.24143919128856078
40,20,15,2.0,14,0.22,1.8,0.6757762585267755,0.2416213846755027
40,12,25,2.0,14,0.15,2.6,0.6757768667514168,0.24159771613883993
28,12,10,2.5,6,0.22,2.2,0.6757771293709903,0.24146295791976483
40,12,20,1.5,6,0.22,1.8,0.675778402469013,0.24152519323657753
40,16,20,2.5,6,0.22,2.2,0.6757787588547891,0.24157478294854215
40,20,20,2.5,14,0.22,2.2,0.6757787962666019,0.2416981414386362
32,12,15,2.0,6,0.22,1.8,0.6757788054393324,0.24147377218978852
32,12,20,3.0,6,0.15,2.6,0.6757803306864055,0.24144159901678525
36,12,20,3.0,6,0.15,1.8,0.6757821674945638,0.2413950276992218
28,16,20,3.0,10,0.22,2.6,0.6757830346743313,0.24154178441317312
32,16,15,2.5,10,0.18,2.2,0.6757837832418757,0.24151275825739776
40,20,10,1.5,14,0.22,1.8,0.6757847139600376,0.24156975036555506
32,12,20,2.0,14,0.18,2.2,0.6757848133003744,0.24152509431935565
28,12,20,3.0,6,0.22,2.6,0.6757864491782726,0.2415092492546467
32,12,10,2.0,10,0.15,1.8,0.6757906530862545,0.24146923728165415
32,16,15,2.0,14,0.22,2.2,0.6757914319843481,0.24154697978213535
32,12,15,2.0,10,0.15,2.2,0.6757928787480465,0.24148343255137314
40,16,10,1.5,6,0.18,1.8,0.6757933099601462,0.24148444722004214
28,12,25,3.0,10,0.18,2.6,0.6757934773069184,0.24151554312197812
40,20,10,2.0,10,0.18,1.8,0.6757940329460702,0.2415392941511213
32,16,25,2.5,10,0.22,2.6,0.6757952811301682,0.24157981524804403
32,12,20,1.5,14,0.22,2.6,0.6757956006040203,0.24153395032685615
36,16,15,2.5,10,0.15,1.8,0.6757956392473023,0.24150623952664196
32,16,15,3.0,6,0.22,2.2,0.675796348133577,0.241522943300582
36,12,20,2.5,6,0.18,1.8,0.675796954421713,0.24146372283166745
40,20,15,2.5,14,0.15,2.6,0.6757998765452394,0.24163230113172632
40,16,10,1.5,10,0.15,1.8,0.6758003667894089,0.24150562118662366
40,20,10,3.0,6,0.18,1.8,0.6758012165533785,0.24146664301671109
40,20,10,1.5,10,0.18,2.6,0.6758036677506798,0.241555748404643
36,20,15,3.0,10,0.18,2.2,0.675803844967483,0.24157970465980036
28,12,15,2.5,14,0.18,1.8,0.6758068799547023,0.24150193177947682
32,12,15,2.0,14,0.15,1.8,0.6758069850162826,0.24150399933050562
36,12,25,2.0,6,0.22,2.6,0.6758081094837539,0.24157176846910472
32,20,10,3.0,14,0.22,1.8,0.6758084850302863,0.24158882950587005
32,12,25,2.0,14,0.22,2.2,0.6758085107807743,0.24156624232187351
36,16,20,1.5,10,0.22,2.6,0.6758086279989118,0.24157595980619911
36,12,25,3.0,6,0.18,2.6,0.6758105681983719,0.2415271304574975
28,12,15,2.0,14,0.22,2.6,0.6758107964178924,0.24151252540888601
32,12,20,2.5,6,0.18,2.6,0.6758109839285367,0.2414991456567366
36,12,25,2.0,14,0.18,2.2,0.6758121993077283,0.24158618866272155
32,16,15,2.0,10,0.22,2.2,0.6758130470746858,0.24153724760178458
32,12,25,3.0,14,0.15,1.8,0.67581315142152,0.24155196178019306
32,12,25,2.0,10,0.22,2.2,0.6758142868130607,0.24154719575259997
36,12,25,2.5,6,0.22,2.2,0.6758160548362739,0.2415616633185444
32,12,10,2.0,6,0.18,1.8,0.6758185268976816,0.24146345701503186
28,12,25,2.5,14,0.22,2.6,0.6758186876652458,0.2415576086589877
36,20,10,2.5,14,0.18,1.8,0.6758217093286973,0.2415811814986427
36,16,25,2.0,14,0.22,2.6,0.6758227026289974,0.2416431443462465
36,16,10,1.5,14,0.18,2.2,0.6758228285122493,0.24153492565695947
40,16,15,1.5,14,0.18,1.8,0.6758230140063803,0.24157431556935802
36,16,15,3.0,6,0.18,1.8,0.6758238115087459,0.2414644634775754
36,12,15,1.5,14,0.15,1.8,0.6758246301922148,0.2415231480880635
28,12,10,2.0,10,0.22,2.6,0.675825199844212,0.24149225741741492
36,16,10,1.5,6,0.22,2.2,0.6758259827632359,0.24152335686439744
40,16,25,2.5,10,0.18,2.6,0.6758260974785266,0.24164062069369835
32,16,10,2.5,14,0.15,1.8,0.6758282854387567,0.24152342651336017
40,20,15,2.0,10,0.22,1.8,0.6758287488765192,0.2416067106141193
28,16,10,3.0,10,0.18,2.6,0.6758312929540066,0.24151948180198002
32,16,20,3.0,10,0.18,2.2,0.675832733376119,0.24155691475198382
40,16,25,2.0,14,0.22,2.2,0.6758348176097511,0.24168679551362351
40,12,25,2.5,14,0.15,1.8,0.6758361683055027,0.2416232484229338
36,16,20,2.5,6,0.22,2.6,0.6758371557060096,0.24159796784584253
36,12,20,1.5,14,0.18,2.2,0.67583722230214,0.24156381097922472
36,20,20,2.5,14,0.22,2.6,0.6758380228208953,0.24168644467395217
40,12,25,1.5,14,0.18,2.6,0.6758381019637376,0.24162388758271577
40,12,25,1.5,6,0.22,2.6,0.6758402704432573,0.24160956213728538
32,16,10,2.0,14,0.18,2.6,0.6758414732897878,0.24154236220466196
36,16,15,2.0,10,0.15,2.6,0.6758423490227644,0.24154432430752543
36,16,20,2.5,14,0.15,2.6,0.6758440263642277,0.24161204541951162
28,12,25,3.0,10,0.22,1.8,0.6758470484542408,0.24154100235622755
28,12,10,2.5,10,0.15,2.6,0.6758474323989617,0.24149560224922853
28,12,15,3.0,6,0.18,2.2,0.6758475111414913,0.24147910751801382
32,16,15,2.5,14,0.15,2.6,0.6758477450010492,0.24156359718281703
40,12,20,2.0,6,0.18,1.8,0.6758479926295258,0.24151233437578756
32,12,25,3.0,10,0.15,2.2,0.6758481868765145,0.24153540176424937
40,16,25,2.5,14,0.18,2.6,0.6758508054973992,0.241706897888602
32,12,25,2.5,10,0.18,2.2,0.6758529659446239,0.24155301783833014
36,12,25,3.0,10,0.15,1.8,0.6758534417341635,0.24154809950980952
28,12,20,2.5,14,0.18,2.6,0.6758544991603469,0.24154814000627978
32,16,10,2.0,14,0.22,1.8,0.6758545552589172,0.24154913356997784
40,12,25,2.0,6,0.22,2.2,0.6758551449184474,0.24160452826504203
28,16,10,3.0,14,0.18,2.2,0.6758553498782086,0.24154743124456862
40,12,20,2.5,6,0.15,1.8,0.6758562662655963,0.24145476334211874
32,12,10,1.5,14,0.22,1.8,0.6758574465683982,0.24151850488088822
32,12,15,1.5,6,0.22,2.6,0.6758582688314152,0.24152979363092839
40,12,25,1.5,10,0.18,2.6,0.675858425859302,0.24160644214805763
28,16,10,3.0,10,0.22,1.8,0.6758591638710654,0.24153228157672413
36,16,20,3.0,10,0.15,2.2,0.6758602286059114,0.24157062628013362
40,20,10,1.5,10,0.22,1.8,0.6758633667662869,0.24158393518556395
36,20,20,3.0,14,0.22,2.2,0.6758640099715371,0.24171829019284727
36,20,15,2.5,14,0.18,2.6,0.6758653747411602,0.2416492757473428
36,16,20,1.5,14,0.22,2.6,0.6758658052647364,0.24162114995222692
32,12,10,1.5,14,0.18,2.6,0.6758667319337847,0.2415227955531433
28,12,20,3.0,10,0.18,1.8,0.6758700585110128,0.24152416113412095
40,20,20,3.0,10,0.18,2.6,0.6758710939349815,0.24168479828405276
28,12,20,2.5,14,0.22,1.8,0.6758721077616145,0.24155738893352144
32,16,15,2.5,6,0.22,2.6,0.6758725926857039,0.2415721351546194
36,16,15,2.5,6,0.18,2.2,0.6758728283616462,0.24152759302962634
36,12,25,1.5,10,0.22,2.2,0.6758735506880218,0.2415949521976257
28,16,20,3.0,14,0.22,2.6,0.6758737114753995,0.24161086080903021
40,16,15,1.5,10,0.15,2.6,0.6758738702709214,0.2415732834386687
36,16,10,2.0,10,0.15,1.8,0.6758758388014601,0.24153016727972396
32,20,15,3.0,10,0.22,2.2,0.6758763640414683,0.24161681018341066
28,12,25,3.0,14,0.18,2.2,0.6758763753792577,0.24157548229960377
32,20,10,3.0,10,0.18,2.6,0.6758765692740419,0.2415833841221595
36,12,25,1.5,14,0.22,2.2,0.6758771259639759,0.24161651140389792
40,16,15,1.5,6,0.18,2.6,0.6758781413988829,0.24156956867966037
40,12,25,2.0,14,0.18,1.8,0.6758807106371209,0.2416451739321909
36,16,10,2.0,6,0.15,2.6,0.6758825644834544,0.24151238288473584
28,12,10,2.0,14,0.22,2.6,0.6758845484737936,0.24153080572682445
40,16,15,2.0,6,0.15,2.6,0.6758864828009822,0.24153460895639195
28,12,10,2.5,10,0.18,1.8,0.6758886716515056,0.2415137468801585
40,16,25,3.0,14,0.18,2.2,0.6758904280544608,0.24174465270890663
40,20,10,2.0,6,0.18,2.6,0.6758922759262996,0.24157525701737811
36,16,20,3.0,14,0.15,1.8,0.6758931053223509,0.24163012974804496
36,16,15,2.0,14,0.15,2.2,0.6758932574844635,0.24159034204850766
36,12,20,2.5,6,0.15,2.2,0.6758938630414757,0.24149467699312924
40,12,25,1.5,14,0.22,1.8,0.6758938670935378,0.24165188679648292
28,12,20,3.0,14,0.15,1.8,0.675896903588904,0.24155072043795084
40,12,25,2.5,6,0.18,2.6,0.6758980127134211,0.24159281114161796
36,16,20,2.0,14,0.18,2.6,0.675900278685705,0.24163839375367627
40,16,25,1.5,10,0.22,2.6,0.6759004652208969,0.24167314688772212
40,12,25,2.0,10,0.15,2.6,0.6759006028467954,0.24161180879247848
32,16,10,2.5,10,0.15,2.2,0.6759045556584473,0.2415414527465596
40,20,15,2.5,14,0.18,1.8,0.6759053746356923,0.24167984362220382
32,16,25,2.5,14,0.22,2.6,0.6759056336943481,0.24166082013582998
40,20,10,3.0,6,0.15,2.2,0.675905813588667,0.241495891289123
36,20,15,2.5,10,0.18,2.6,0.675907083659539,0.2416277747248077
40,16,20,3.0,6,0.18,2.6,0.6759087714911233,0.24159708111605757
36,12,20,1.5,6,0.22,2.2,0.6759110855234229,0.2415832095619798
40,16,25,3.0,10,0.18,2.2,0.6759112074186894,0.24168055977992534
32,12,10,1.5,10,0.22,1.8,0.6759117628066158,0.241534166222525
36,12,10,1.5,6,0.15,1.8,0.6759123661918561,0.24150832012883006
36,16,15,3.0,6,0.15,2.2,0.6759139161964931,0.24148917647086904
32,12,15,2.5,6,0.15,1.8,0.6759143626952492,0.24147744812343402
28,12,15,2.5,14,0.15,2.2,0.6759147411689089,0.2415491151450259
28,16,10,2.5,10,0.22,2.6,0.6759149342905595,0.24156623947075623
32,12,10,1.5,10,0.18,2.6,0.6759155004513807,0.24153623213986328
40,12,25,3.0,6,0.22,1.8,0.6759155083319055,0.2415981126168794
32,12,10,2.0,6,0.15,2.2,0.6759162253186616,0.24150490482275463
32,16,10,2.5,6,0.18,2.6,0.675918349894473,0.24154249383403187
36,20,15,2.5,14,0.22,1.8,0.6759187911379876,0.24167607195091248
32,20,15,3.0,14,0.22,2.2,0.6759192894325913,0.24167595285313123
40,16,25,2.5,14,0.22,1.8,0.6759196508187387,0.24174175386554908
36,20,10,2.0,14,0.18,2.6,0.6759203624741786,0.24162795701623913
32,12,20,2.0,10,0.18,2.2,0.6759204869849686,0.24156715406467544
32,16,20,3.0,14,0.15,2.6,0.6759209342585935,0.24162868286232886
32,16,15,2.5,14,0.18,1.8,0.6759212063698277,0.24159706867656516
40,20,15,3.0,10,0.15,2.2,0.6759218894999987,0.24163104240027122
36,12,25,2.0,10,0.18,2.2,0.6759223718168025,0.24160524479416218
40,16,25,2.5,10,0.22,1.8,0.6759253247189382,0.24168751061367832
32,12,15,1.5,14,0.18,2.6,0.6759313270957261,0.24157111226230782
32,16,20,2.0,10,0.22,2.6,0.6759317997080538,0.24161706018411544
40,12,25,1.5,10,0.22,1.8,0.6759322370913674,0.24164168167419886
28,16,15,3.0,14,0.18,2.6,0.6759324169667154,0.24160546793047072
36,12,25,2.5,10,0.15,2.2,0.6759336936017083,0.24159461186934675
32,16,10,2.0,10,0.18,2.6,0.6759338791374689,0.24156892142003897
36,16,20,2.5,14,0.18,1.8,0.6759342505136379,0.24165294915346136
36,16,10,1.5,10,0.18,2.2,0.6759353286361481,0.24157230144714195
40,16,20,2.5,10,0.15,2.2,0.675936010452065,0.24162511404532222
40,16,10,1.5,6,0.15,2.2,0.6759365152900584,0.24154452739690138
28,12,10,2.5,14,0.15,1.8,0.6759382411098204,0.24154577944851524
36,12,20,1.5,10,0.18,2.2,0.6759383715698367,0.24159133232278848
32,20,10,3.0,10,0.22,1.8,0.6759387005139169,0.24161210143866832
32,12,15,2.0,6,0.18,2.2,0.6759390444685294,0.24153948790974172
32,16,10,3.0,6,0.18,1.8,0.6759418810289843,0.24151090881018641
40,20,15,1.5,10,0.22,2.2,0.675942612191744,0.24166133191974112
40,12,20,1.5,10,0.15,2.2,0.6759454485015919,0.24160102744828071
32,12,15,1.5,14,0.22,1.8,0.6759460758174315,0.2415788155565265
36,20,25,3.0,10,0.22,2.6,0.6759463071687114,0.24173673103965568
36,16,20,2.0,14,0.22,1.8,0.6759470040047048,0.24166190990703354
28,12,10,2.5,6,0.18,2.6,0.6759479502219743,0.24153330487005825
36,16,20,2.0,10,0.18,2.6,0.6759482381380326,0.24163048467228057
36,16,15,1.5,6,0.22,2.6,0.6759484565536479,0.24161368343925105
36,12,15,1.5,6,0.15,2.6,0.6759488080815925,0.24154971053890684
32,12,25,2.5,14,0.15,2.6,0.675950658713563,0.24162142214591767
36,12,20,2.0,6,0.18,2.2,0.6759528932879466,0.24156951692443665
28,16,10,2.5,14,0.22,2.6,0.6759532675853639,0.24160075718076568
36,16,15,2.0,10,0.18,1.8,0.6759532790253318,0.2415942756279825
28,16,15,3.0,14,0.22,1.8,0.6759553939221191,0.24161733993869527
36,20,10,2.0,14,0.22,1.8,0.6759578344940935,0.24164660591428436
40,20,20,3.0,14,0.18,2.6,0.6759579318621541,0.24179400136639762
28,12,20,2.5,10,0.18,2.6,0.6759592153289751,0.24157743630167056
40,20,15,1.5,14,0.22,2.2,0.6759593999257855,0.24169371091819944
32,16,10,2.0,10,0.22,1.8,0.6759611000079052,0.2415816201448747
36,20,15,3.0,14,0.15,2.6,0.6759612125413784,0.24169264670108667
28,12,10,3.0,6,0.15,1.8,0.6759623583023954,0.24149252619146905
36,20,10,2.5,10,0.15,2.6,0.6759670548843519,0.24161158516468512
40,20,15,2.5,10,0.15,2.6,0.6759699256124996,0.24165530192817294
32,12,20,3.0,6,0.18,1.8,0.6759701976890342,0.24152399600824517
32,12,10,1.5,6,0.22,2.2,0.6759705947125596,0.2415596676564943
36,16,15,1.5,14,0.18,2.6,0.6759712961229084,0.2416329857156999
36,16,25,3.0,14,0.18,2.2,0.6759714787899768,0.24172688962445463
36,20,10,1.5,10,0.22,2.6,0.6759718246302627,0.2416349199561998
40,16,20,3.0,10,0.15,1.8,0.6759738543799685,0.2416325585621324
32,12,25,3.0,6,0.22,2.2,0.6759750413106094,0.2416133761368796
28,12,15,2.5,10,0.15,2.6,0.6759765297944363,0.24156428919830425
32,12,20,2.5,6,0.22,1.8,0.6759765463482704,0.2415765384247948
36,20,10,2.5,14,0.15,2.2,0.6759783278612403,0.24164652041631726
28,12,15,3.0,6,0.15,2.6,0.6759809217368901,0.24152703481267376
32,20,20,3.0,10,0.22,2.6,0.6759809869546146,0.24169437903282187
36,16,20,3.0,6,0.22,2.2,0.6759815892990461,0.24164651602119178
32,12,25,2.5,6,0.22,2.6,0.6759824578969921,0.2416323763459759
40,12,20,2.0,6,0.15,2.2,0.6759826626727297,0.2415614065677056
40,20,20,3.0,10,0.22,1.8,0.6759831951848891,0.24173799777368865
40,16,25,1.5,14,0.22,2.6,0.6759834837673967,0.24173667350621325
36,20,15,2.5,10,0.22,1.8,0.6759887774035708,0.24166609204968967
32,12,15,1.5,10,0.18,2.6,0.6759897991266275,0.2415864649495638
40,16,15,1.5,10,0.18,1.8,0.6759921229706684,0.2416269287796751
28,12,20,2.5,10,0.22,1.8,0.6759929497743463,0.24159349238870378
32,20,15,2.5,10,0.22,2.6,0.6759938512724769,0.24166933051367126
32,16,10,2.0,6,0.22,2.6,0.6759975939865114,0.241606118568665
32,16,20,2.0,14,0.22,2.6,0.675999208973918,0.24166942450457554
40,20,15,3.0,6,0.22,2.2,0.6759993275448654,0.24168464475421844
32,16,20,2.5,14,0.18,2.6,0.6759996550652574,0.2416681884723723
32,20,10,3.0,14,0.18,2.2,0.6759998237121744,0.24166740600953526
28,12,15,2.0,14,0.22,2.2,0.6760005842952028,0.24159977419505124
40,20,10,2.5,6,0.15,2.6,0.6760006964378659,0.2415783648448912
32,16,20,3.0,14,0.18,1.8,0.6760024320646941,0.24166552899261648
40,16,20,2.0,14,0.15,2.6,0.6760044189507358,0.2417027700596469
40,20,10,2.0,10,0.15,2.2,0.6760045195491013,0.24162998367298066
36,20,10,2.0,10,0.18,2.6,0.676004619110585,0.24164160160523152
36,20,10,1.5,14,0.22,2.6,0.6760047195608094,0.24166610013095988
32,16,10,3.0,6,0.15,2.2,0.676006306473291,0.2415290061959183
40,20,25,2.5,10,0.22,2.6,0.6760075732433319,0.24179043238083164
40,16,15,1.5,14,0.15,2.2,0.6760088716921056,0.24165516063161344
36,16,15,1.5,14,0.22,1.8,0.6760088993490194,0.24165186005161632
28,12,15,2.5,6,0.22,2.2,0.6760122499221263,0.24158647834340258
32,12,15,1.5,10,0.22,1.8,0.6760143136595629,0.24159832256764302
36,12,25,2.5,14,0.15,1.8,0.6760165491661698,0.2416672343924793
28,12,15,2.0,10,0.22,2.2,0.6760175582321071,0.2415949122155343
36,16,20,2.5,10,0.15,2.6,0.676019623639336,0.24164820833406128
40,12,20,1.5,6,0.18,2.2,0.676019684900313,0.24162389204817908
40,16,15,1.5,6,0.22,1.8,0.676020412408889,0.2416364358210322
40,20,15,2.0,6,0.22,2.6,0.6760204509881796,0.24170482670704882
36,16,20,2.0,10,0.22,1.8,0.6760219024784002,0.24166531843336428
36,20,10,3.0,6,0.18,2.6,0.6760235071888816,0.24162099294691478
32,16,15,3.0,6,0.18,2.6,0.6760235348290111,0.24160074304904813
28,16,15,2.5,10,0.22,2.6,0.6760264665580509,0.24163335814196762
28,12,20,3.0,10,0.15,2.2,0.6760280695369757,0.2415926484199655
40,20,25,3.0,14,0.22,2.6,0.676030024754135,0.24189167147488158
32,12,25,2.5,14,0.18,1.8,0.6760309791292548,0.24165816689460598
40,20,15,3.0,14,0.15,1.8,0.6760310965676387,0.241735131635268
32,12,20,2.0,14,0.15,2.6,0.6760319036398484,0.2416343860548833
36,16,10,2.0,6,0.18,1.8,0.6760324205493972,0.24157898801481645
36,16,15,1.5,10,0.18,2.6,0.6760324668836551,0.24164311785078663
28,16,10,3.0,14,0.15,2.6,0.6760327729903653,0.2416235535508147
28,12,10,2.5,10,0.15,2.2,0.6760338494281253,0.24158060971668602
28,12,10,2.0,14,0.22,2.2,0.6760347718710097,0.2416005710341172
40,20,20,3.0,14,0.22,1.8,0.6760364516938174,0.2418338515899294
32,16,20,2.5,14,0.22,1.8,0.6760366634156776,0.2416870079352112
36,20,15,2.0,10,0.22,2.2,0.6760383966528623,0.2416926037428581
28,12,25,2.5,14,0.22,2.2,0.6760386993380603,0.24165555667895566
32,12,20,3.0,6,0.15,2.2,0.6760389093497671,0.24154169301121847
28,12,10,2.0,10,0.22,2.2,0.6760394021536613,0.24159217144483974
32,20,10,2.5,14,0.22,2.2,0.6760396240491876,0.24168950890230687
36,12,25,3.0,6,0.22,1.8,0.6760412941045586,0.24163276694094088
28,12,15,2.5,10,0.18,1.8,0.6760474192460089,0.24159644144560039
28,12,20,2.5,14,0.18,2.2,0.6760498573770062,0.24163500571154156
40,12,25,2.0,10,0.18,1.8,0.6760508882279025,0.24167951596240594
32,12,10,1.5,14,0.18,2.2,0.6760517484481218,0.24160913482352928
36,20,15,3.0,14,0.18,1.8,0.6760523938494535,0.24173340833104698
32,16,10,2.0,14,0.18,2.2,0.6760540333382329,0.24163813651904714
28,12,10,2.5,6,0.22,1.8,0.676055456941685,0.24158405563774096
32,20,10,2.5,10,0.22,2.2,0.6760558850328848,0.24167036849704263
36,16,15,2.0,6,0.18,2.6,0.6760565202133045,0.24163441799683816
40,20,10,1.5,14,0.18,2.2,0.6760581222652069,0.24169012487139802
36,20,15,2.0,14,0.22,2.2,0.6760588338180039,0.24173091760367557
40,16,20,1.5,14,0.18,2.6,0.6760591726840613,0.24172692012818123
32,16,15,2.5,14,0.15,2.2,0.6760592449260676,0.24165527275871418
40,20,15,2.0,14,0.18,2.2,0.6760598047020953,0.24174114619798603
36,16,25,3.0,10,0.18,2.2,0.6760607446957347,0.2417084825866214
40,20,10,2.0,6,0.22,1.8,0.6760626367104781,0.2416540696394889
40,16,20,1.5,6,0.22,2.6,0.6760632976455487,0.24171432912999927
28,16,15,3.0,10,0.18,2.6,0.6760633416725066,0.24164013027844336
28,12,25,2.5,10,0.22,2.2,0.676064650422962,0.24164644556513032
40,16,15,2.5,6,0.15,1.8,0.6760647724405604,0.2415518019757514
32,12,20,2.5,10,0.15,1.8,0.6760657513352715,0.2416141861953808
32,16,10,2.5,6,0.22,1.8,0.6760677767381662,0.24161229294148484
36,12,15,1.5,10,0.15,1.8,0.676067802610552,0.24161907053222875
36,20,10,2.0,10,0.22,1.8,0.6760686438833295,0.241671583065101
40,16,20,2.5,14,0.15,1.8,0.6760701436273889,0.24173011603256395
28,16,10,3.0,10,0.18,2.2,0.6760710376808293,0.24162481724679252
40,12,25,2.0,14,0.15,2.2,0.676074657204457,0.24172598631917971
28,12,25,3.0,10,0.18,2.2,0.6760747121578332,0.2416384147542179
40,16,15,2.0,6,0.18,1.8,0.6760768401720914,0.24161791453613826
28,12,20,2.0,10,0.22,2.6,0.6760778324181469,0.2416406877854735
32,16,25,3.0,14,0.18,2.6,0.6760778613815877,0.24173843537314732
28,16,15,2.5,14,0.22,2.6,0.6760780771086731,0.2416768592347486
28,12,25,3.0,14,0.15,2.6,0.6760789344934256,0.24166119908815065
36,12,20,2.0,10,0.15,1.8,0.6760789424319241,0.24163580597688758
36,16,25,2.5,14,0.18,2.6,0.676080056520843,0.2417627791590811
32,16,20,2.5,10,0.18,2.6,0.6760813429881427,0.24167518408238844
40,12,25,3.0,6,0.18,2.2,0.6760814051450714,0.24164156217911892
32,12,20,1.5,14,0.22,2.2,0.6760816120789725,0.2416654667026439
28,16,10,3.0,14,0.18,1.8,0.6760845073487066,0.24164672303231824
32,16,15,2.5,10,0.15,2.6,0.6760853048498933,0.24164442149788323
40,16,20,1.5,10,0.18,2.6,0.6760855202286593,0.24171255708472827
36,16,15,2.5,6,0.15,2.6,0.6760859535353353,0.24160483154970047
40,16,20,2.0,6,0.22,2.2,0.6760861059852482,0.2417122668955575
36,16,10,1.5,14,0.15,2.6,0.6760871082170203,0.24165469837529577
36,16,15,1.5,10,0.22,1.8,0.676087168995115,0.2416693235438751
36,12,15,1.5,6,0.18,1.8,0.6760880105407717,0.24161327164953061
32,20,15,2.5,14,0.22,2.6,0.6760891323287758,0.24174216455574912
28,12,20,3.0,6,0.22,2.2,0.6760900230568623,0.24163641683964926
40,20,15,2.5,14,0.15,2.2,0.676090434168761,0.24175460488548084
36,20,10,2.5,10,0.18,1.8,0.6760906141557417,0.24166640069360512
36,16,25,2.5,10,0.18,2.6,0.6760923829401501,0.24172414416792423
32,16,15,3.0,10,0.15,1.8,0.6760939408816415,0.24163047429423115
40,20,10,2.0,14,0.15,1.8,0.6760986818593576,0.2416993822390409
32,12,20,1.5,10,0.22,2.2,0.6760990669827769,0.2416599359264948
28,16,20,3.0,14,0.22,2.2,0.6761035099958226,0.2417109210259513
36,16,20,2.5,14,0.15,2.2,0.6761052886731913,0.24172335791847646
32,12,20,2.0,14,0.18,1.8,0.6761073000904487,0.24166931996841504
32,12,20,2.0,6,0.22,2.2,0.676107609226935,0.24165795403673962
36,20,10,2.5,6,0.22,2.2,0.6761095902452511,0.24168900505061236
40,16,20,2.0,14,0.18,1.8,0.6761111599200283,0.24175137280082876
28,16,20,3.0,10,0.22,2.2,0.676112090835614,0.24168650923443394
36,12,25,2.0,14,0.15,2.6,0.676114479472941,0.2417168995934497
40,16,20,1.5,14,0.22,1.8,0.6761173284825497,0.24175586775573177
28,16,15,3.0,10,0.22,1.8,0.6761181952191014,0.24166589911210293
32,12,15,2.0,10,0.15,1.8,0.676119736090077,0.24163141276842445
32,16,25,3.0,10,0.18,2.6,0.6761200067939288,0.2417147911534216
40,20,10,1.5,6,0.22,2.2,0.6761214289866929,0.24170187499105988
28,12,20,2.0,14,0.22,2.6,0.6761230717530399,0.24167602014333986
40,20,20,2.0,10,0.22,2.2,0.6761230880907494,0.24178505611310183
28,12,15,2.5,14,0.15,1.8,0.6761232530694152,0.24164157054004395
36,20,10,3.0,10,0.15,1.8,0.6761248184622842,0.24166541972420968
40,20,15,2.5,10,0.18,1.8,0.6761253057036516,0.24172400573177014
32,12,20,2.5,6,0.18,2.2,0.6761266287697357,0.24163127340329324
32,16,25,3.0,14,0.22,1.8,0.6761273137466379,0.24176356622457593
28,16,15,3.0,14,0.18,2.2,0.6761279417275289,0.24169001164412937
32,16,15,2.0,14,0.18,2.6,0.6761279962543031,0.24169654939067547
28,12,15,3.0,6,0.18,1.8,0.6761282916800356,0.2415919825352661
40,12,25,2.5,6,0.22,1.8,0.6761285413586048,0.24169866141741927
36,12,20,1.5,14,0.15,2.6,0.6761303856258831,0.24169441609740458
32,20,20,3.0,14,0.22,2.6,0.6761336801820957,0.24180422985632852
40,16,20,2.5,6,0.18,2.6,0.6761344520384781,0.2417025399432911
36,12,25,2.5,6,0.18,2.6,0.6761345906401802,0.24167897641818034
40,16,20,2.0,10,0.15,2.6,0.6761364422573534,0.24172108919196733
36,16,25,2.5,14,0.22,1.8,0.6761378398584763,0.24179188526847145
40,12,20,1.5,14,0.15,1.8,0.67613870622721,0.24171017433161598
36,20,20,2.5,10,0.22,2.2,0.6761406820184598,0.24177371125131625
32,12,10,1.5,10,0.18,2.2,0.6761426405090122,0.24164231013038703
28,16,10,2.5,14,0.22,2.2,0.6761434188152272,0.24168595576793453
28,12,25,3.0,14,0.18,1.8,0.6761454859024315,0.24169144242089866
32,12,15,2.0,6,0.15,2.6,0.6761455098484488,0.24162589195176734
28,16,25,3.0,10,0.22,2.6,0.6761455148176327,0.24172210006678646
32,16,20,3.0,14,0.15,2.2,0.6761460266560508,0.2417234986916201
36,16,10,2.0,6,0.15,2.2,0.6761465550451127,0.24162407524873955
40,20,15,2.0,10,0.18,2.2,0.6761473589090631,0.24174093660444357
36,16,15,2.0,10,0.15,2.2,0.67615013624402,0.2416798300786037
32,16,20,3.0,10,0.15,2.6,0.6761511352475347,0.24169139355626526
32,16,20,2.5,10,0.22,1.8,0.6761516133731336,0.24170840526211101
32,16,10,1.5,10,0.22,2.6,0.6761526283816556,0.24167722359782398
40,16,20,3.0,6,0.22,1.8,0.676155259519883,0.24170869648184357
36,16,10,1.5,14,0.18,1.8,0.6761585205820095,0.2416878623864725
32,12,25,2.0,14,0.18,2.6,0.6761594216810644,0.24172121999925264
32,16,15,2.0,14,0.22,1.8,0.6761597688614289,0.24171254090753283
36,16,20,2.5,10,0.18,1.8,0.6761601114459111,0.24171094534868015
32,12,15,1.5,14,0.18,2.2,0.6761610214477214,0.24167688261920087
36,16,10,1.5,6,0.18,2.6,0.6761616351981394,0.24166984746554768
40,16,20,1.5,10,0.22,1.8,0.6761622572638103,0.24174899610530956
36,20,15,3.0,10,0.15,2.6,0.6761632264112506,0.24172833645077535
32,12,25,2.5,10,0.15,2.6,0.6761635950755527,0.2416874255206957
32,12,10,2.0,6,0.15,1.8,0.6761651203647061,0.24161281821911845
28,12,10,2.5,6,0.18,2.2,0.6761663854007667,0.2416290241322474
36,16,25,2.0,10,0.22,2.2,0.6761665046287513,0.24176369613972978
36,20,15,2.5,14,0.18,2.2,0.676168706866367,0.24177994814246703
32,12,15,1.5,6,0.22,2.2,0.6761700634927852,0.24167093472468754
36,20,25,3.0,14,0.22,2.6,0.6761708586706594,0.241892313674753
40,12,25,2.5,10,0.15,1.8,0.6761756400400948,0.24171761651901066
40,20,10,1.5,10,0.18,2.2,0.6761758330795846,0.24172203173111415
32,12,25,2.5,14,0.15,2.2,0.6761769834885972,0.24171924550293242
36,12,25,3.0,6,0.18,2.2,0.6761772881253031,0.2416685069412665
32,16,10,1.5,14,0.22,2.6,0.6761773215242854,0.2416998235374799
36,16,25,2.5,10,0.22,1.8,0.676184484967899,0.24176762357244805
36,20,10,2.0,6,0.22,2.6,0.6761856246994011,0.24173703439420527
40,20,15,2.5,6,0.22,2.2,0.6761859734994132,0.24176453619541252
28,12,15,3.0,6,0.15,2.2,0.6761878980365685,0.2416102715448972
28,16,10,2.5,10,0.22,2.2,0.6761884897963444,0.24168997819284774
28,16,10,3.0,14,0.15,2.2,0.676191186565727,0.24169162019352283
32,16,25,3.0,10,0.22,1.8,0.6761932863851272,0.24174904010851853
40,12,25,1.5,14,0.18,2.2,0.6761940364138819,0.24178181630220733
40,20,20,2.0,14,0.22,2.2,0.6761959312914955,0.24185815596155058
32,16,15,2.5,10,0.18,1.8,0.6761960119012266,0.24169420764876806
32,16,25,2.5,10,0.22,2.2,0.6761960285774324,0.24175592372001492
40,20,25,2.5,14,0.22,2.6,0.6761963059518001,0.24192786769301464
32,20,10,3.0,10,0.18,2.2,0.6761975969408064,0.2417210105245286
32,12,25,2.0,14,0.22,1.8,0.6761978146418615,0.24174060049725637
28,12,15,2.5,10,0.15,2.2,0.676198140612508,0.24166403802666492
36,20,10,2.0,14,0.18,2.2,0.6762007177152688,0.24175182954714572
40,20,10,2.5,6,0.18,1.8,0.676202364654641,0.24166429941767253
36,16,20,2.0,6,0.22,2.6,0.676202695579482,0.24176001760242755
40,16,15,1.5,10,0.15,2.2,0.6762046192827018,0.2417199559348826
36,12,20,2.0,6,0.15,2.6,0.6762046413641551,0.24167036941191564
32,16,10,2.5,6,0.18,2.2,0.6762063382864576,0.24166410716190498
36,16,25,2.0,14,0.22,2.2,0.676206387004919,0.24181339033480173
36,16,20,2.0,14,0.18,2.2,0.6762067805694241,0.24177311777548877
32,16,10,2.0,10,0.18,2.2,0.6762068547496235,0.2416922948615583
40,16,15,2.0,6,0.15,2.2,0.6762089670822844,0.24166621763731644
40,16,25,2.5,14,0.18,2.2,0.6762094333987523,0.24185948270055738
36,20,20,2.0,10,0.22,2.6,0.6762098820807203,0.2418032750654011
36,12,25,2.0,14,0.18,1.8,0.6762102335025468,0.2417608423188704
36,12,25,2.0,6,0.22,2.2,0.6762144998863344,0.24174387367182595
40,20,20,2.5,10,0.18,2.6,0.6762148597013498,0.24182327061834993
36,16,15,2.0,6,0.22,1.8,0.6762157360391727,0.24170878999068715
28,12,20,2.5,10,0.18,2.2,0.6762158666687996,0.24169205974472333
28,12,15,2.5,6,0.18,2.6,0.6762161282533421,0.24166816440551125
32,12,25,3.0,6,0.18,2.6,0.6762173773817837,0.24169551152271523
32,16,15,2.5,6,0.22,2.2,0.6762174392918318,0.24171667734055893
36,20,20,2.5,14,0.22,2.2,0.6762186085430805,0.2418524204735644
36,20,15,3.0,14,0.15,2.2,0.6762186760489828,0.24179940953755824
32,16,15,3.0,6,0.22,1.8,0.6762195273458234,0.24169114381599935
32,16,15,2.0,10,0.18,2.6,0.6762196845118572,0.24171886766419046
36,20,15,3.0,6,0.22,2.6,0.6762201663474574,0.24179162389374045
36,16,15,2.0,14,0.15,1.8,0.6762213730366307,0.24173425460913361
32,16,25,2.5,14,0.22,2.2,0.6762218698020579,0.24179994584826384
32,12,20,2.0,10,0.15,2.6,0.6762231087081472,0.24170224069294832
36,12,15,1.5,6,0.15,2.2,0.6762231670406323,0.24167033672860036
36,12,20,1.5,14,0.18,1.8,0.6762233082054261,0.24173775627345656
32,16,20,3.0,6,0.22,2.6,0.6762318748303812,0.24176294651326347
36,20,10,3.0,6,0.22,1.8,0.6762336556631011,0.24171658838836554
40,16,25,3.0,14,0.15,2.6,0.6762337505464218,0.2418826487062698
36,16,20,1.5,14,0.22,2.2,0.6762347936304021,0.2417879360388168
32,20,10,3.0,14,0.15,2.6,0.6762353298332336,0.24176566526608614
36,16,20,1.5,10,0.22,2.2,0.6762365035759321,0.2417687624867648
40,20,20,2.5,14,0.18,2.6,0.6762368333914226,0.24188861501035402
32,12,25,2.0,10,0.18,2.6,0.6762370186773551,0.24173485170741685
32,12,10,1.5,6,0.18,2.6,0.6762384546121419,0.24168064105544299
36,20,20,3.0,10,0.18,2.6,0.6762388987970557,0.2418138081264661
40,20,20,1.5,10,0.22,2.6,0.6762396675411004,0.24183528503315413
32,20,15,3.0,14,0.18,2.6,0.6762408205473797,0.24180948582701184
32,16,10,2.5,10,0.15,1.8,0.6762426312274,0.24169168954336995
32,12,25,1.5,10,0.22,2.6,0.6762437827233492,0.24174788901060532
28,16,25,3.0,14,0.22,2.6,0.6762438735683264,0.241796399008561
36,16,20,2.5,6,0.22,2.2,0.6762452698353275,0.241764374439422
40,20,25,3.0,10,0.22,2.2,0.676247496167513,0.241905864473737
32,12,25,3.0,10,0.15,1.8,0.676248566569863,0.24170700548112764
36,16,10,1.5,10,0.15,2.6,0.6762512555752821,0.2417164148268929
32,12,20,2.0,14,0.15,2.2,0.6762528295215521,0.24173267803589496
28,12,20,2.5,14,0.15,2.6,0.676255296216922,0.24172507522861406
40,12,25,2.0,6,0.18,2.6,0.6762564288056343,0.24176111510605575
36,20,20,3.0,14,0.18,2.6,0.6762565659331425,0.2418787904381671
32,16,20,2.5,14,0.18,2.2,0.6762592286669947,0.24178116888833628
40,16,15,1.5,6,0.18,2.2,0.6762612648661679,0.24173534464236654
28,12,10,2.0,14,0.22,1.8,0.6762613045642177,0.2417057518390292
28,12,20,2.5,6,0.22,2.6,0.6762630363580728,0.24172850955823985
32,12,15,1.5,10,0.18,2.2,0.6762635656007908,0.2417126212280056
28,12,15,2.0,14,0.18,2.6,0.6762655344136809,0.24172066692830077
28,12,25,3.0,14,0.15,2.2,0.6762658855316086,0.24174119064641308
36,16,15,1.5,14,0.18,2.2,0.6762664370475239,0.24176612659877555
40,12,25,1.5,10,0.18,2.2,0.6762669565859866,0.2417869084183232
40,16,25,2.5,10,0.18,2.2,0.6762682355212346,0.24182739986056648
36,16,10,1.5,6,0.22,1.8,0.676268456521429,0.2417203380773514
36,12,20,2.5,6,0.15,1.8,0.6762688413005057,0.24164253605726682
28,12,10,2.0,14,0.18,2.6,0.6762700838204984,0.24170988042489364
36,16,20,3.0,6,0.18,2.6,0.6762701882003344,0.24174196409574328
32,12,10,1.5,14,0.15,2.6,0.6762711871539674,0.24171147100635074
32,16,15,2.0,10,0.22,1.8,0.6762712611988762,0.24174334854997134
36,16,25,3.0,14,0.15,2.6,0.6762715744169437,0.24184895922792007
40,20,10,2.0,6,0.18,2.2,0.6762754736687405,0.241736068810479
40,12,25,2.0,10,0.15,2.2,0.6762768101822446,0.24177448527153717
28,12,15,2.0,14,0.22,1.8,0.6762771356859492,0.2417266957054473
28,16,10,3.0,6,0.22,2.6,0.6762774005308129,0.24173700206669096
32,16,20,3.0,10,0.18,1.8,0.6762794914542888,0.2417482460393108
36,12,25,2.0,10,0.15,2.6,0.6762797318787003,0.24176067770031967
36,20,25,2.5,10,0.22,2.6,0.6762800990549752,0.2418690886856581
36,12,20,1.5,10,0.15,2.6,0.6762806326545086,0.24174472386700005
36,16,15,2.5,6,0.18,1.8,0.6762809318382477,0.2416894622855598
32,12,25,1.5,14,0.22,2.6,0.676281777507072,0.24177997832579162
36,20,15,2.5,10,0.18,2.2,0.6762824545721059,0.24178841103714555
32,16,10,2.0,14,0.15,2.6,0.6762842195960307,0.24174110633160323
36,12,20,1.5,6,0.18,2.6,0.6762857262271456,0.2417433255861611
32,12,25,2.5,10,0.18,1.8,0.6762859094428173,0.24174259121868086
28,12,20,3.0,6,0.18,2.6,0.6762861114291819,0.2417065767605848
36,16,15,3.0,6,0.15,1.8,0.6762875230292571,0.24162881634718694
40,16,20,2.0,10,0.18,1.8,0.6762881542532077,0.24178922260171498
32,16,15,1.5,10,0.22,2.6,0.6762889052450256,0.24176017308992875
40,16,10,1.5,6,0.15,1.8,0.6762890136590778,0.24169625886490556
32,12,15,2.0,6,0.18,1.8,0.6762891605710984,0.2416908682548225
36,20,10,2.5,10,0.15,2.2,0.6762893562150873,0.24175093326203007
32,20,15,3.0,14,0.22,1.8,0.6762903611394968,0.2418343632735517
28,12,10,2.5,10,0.15,1.8,0.6762913077631456,0.2416982621772196
36,20,10,2.5,14,0.15,1.8,0.6762959547485404,0.24178229669278162
40,16,25,2.0,10,0.18,2.6,0.6762973955785396,0.24184159373885802
28,16,15,2.5,14,0.22,2.2,0.6762987332493589,0.24177503218082436
32,12,10,1.5,6,0.22,1.8,0.6762993593125771,0.24170950729779944
32,12,25,2.0,10,0.22,1.8,0.6763000970161309,0.24176493983815572
40,20,20,3.0,14,0.18,2.2,0.6763020293359783,0.24193690446858399
40,12,25,1.5,6,0.22,2.2,0.6763029039388727,0.24180935877573265
32,20,15,3.0,10,0.18,2.6,0.6763040601299695,0.24179748847454757
32,16,20,2.0,14,0.22,2.2,0.676304704424221,0.24180633747040767
36,12,25,1.5,14,0.18,2.6,0.6763053290661981,0.24180704959923774
40,16,20,2.0,14,0.15,2.2,0.6763056173594598,0.24183239723664948
28,12,10,2.0,6,0.22,2.6,0.6763066655762295,0.24171937031875776
32,12,10,1.5,14,0.18,1.8,0.6763081503822705,0.24172863821907428
36,20,20,2.0,14,0.22,2.6,0.6763083649469904,0.2418780816878471
36,12,25,1.5,6,0.22,2.6,0.6763084326709128,0.24179913326607005
40,20,10,3.0,6,0.15,1.8,0.6763099359155978,0.24164431308091117
40,16,25,2.0,14,0.18,2.6,0.6763102843177927,0.24188974389611942
40,20,20,2.5,14,0.22,1.8,0.6763105070375283,0.24192545358483059
32,16,10,2.0,6,0.22,2.2,0.6763112303087065,0.24174386628465583
32,16,10,3.0,6,0.15,1.8,0.6763124308142514,0.24164830937125947
32,20,10,3.0,14,0.18,1.8,0.6763132361980602,0.2418004977556154
36,20,15,3.0,10,0.18,1.8,0.6763153033799885,0.24179529945391126
32,16,15,1.5,14,0.22,2.6,0.6763153522835359,0.24178564486303147
36,16,20,3.0,10,0.15,1.8,0.6763154080282536,0.24176222063902883
28,12,20,2.5,14,0.18,1.8,0.6763157577161959,0.24175281308472465
32,16,20,2.0,10,0.22,2.2,0.6763164410426243,0.24178956489622375
40,16,25,3.0,10,0.15,2.6,0.6763177978719025,0.2418441113896124
36,16,10,1.5,14,0.15,2.2,0.676318208187878,0.24175963115136107
40,20,20,2.5,10,0.22,1.8,0.6763184946961228,0.24187189109499968
40,20,20,1.5,14,0.22,2.6,0.6763186898652713,0.24189704055407438
32,12,20,2.0,10,0.18,1.8,0.6763208951549249,0.24174687807866876
28,12,25,2.5,14,0.18,2.6,0.6763214471976988,0.2417792802916009
32,12,20,2.5,6,0.15,2.6,0.6763216681773949,0.24170463960021288
40,20,10,2.5,6,0.15,2.2,0.676322284759532,0.2417041555955949
28,16,10,3.0,10,0.15,2.6,0.6763228684062662,0.24173563593927783
40,16,20,3.0,6,0.18,2.2,0.6763231560311177,0.24175312832830675
40,20,20,3.0,10,0.18,2.2,0.6763234753291195,0.2418725790241609
36,16,20,2.0,10,0.18,2.2,0.6763236370478724,0.24179506206877435
40,12,25,2.5,6,0.18,2.2,0.6763241003684434,0.24176230355413272
36,20,20,3.0,14,0.22,1.8,0.6763261180230239,0.24191374137952848
36,20,15,1.5,10,0.22,2.6,0.6763261853862688,0.24182490232485984
28,12,10,2.5,6,0.15,2.6,0.6763269444951202,0.24169671212946928
40,20,15,3.0,6,0.18,2.6,0.6763288201461772,0.24179184738425616
40,12,20,1.5,6,0.15,2.6,0.6763295470053169,0.24175312198857055
28,16,15,3.0,14,0.15,2.6,0.6763295671262335,0.24177547432261431
36,16,10,1.5,10,0.18,1.8,0.6763320898073186,0.24175322643830346
36,20,20,3.0,10,0.22,1.8,0.6763371366333687,0.24185985562511517
36,12,25,2.5,6,0.22,1.8,0.6763410805295745,0.241774482761055
40,12,25,3.0,6,0.15,2.6,0.6763417313493939,0.24172430971282283
28,12,10,2.0,10,0.22,1.8,0.6763421398050327,0.24173325149171432
28,16,15,2.5,10,0.22,2.2,0.6763422543739419,0.24177523496160833
36,16,15,1.5,6,0.22,2.2,0.6763425451682393,0.24178778867089465
28,16,15,3.0,10,0.18,2.2,0.6763428800016037,0.2417621823601922
32,16,15,2.5,14,0.15,1.8,0.6763439462472343,0.24177848685792044
40,16,25,3.0,14,0.18,1.8,0.6763443540253232,0.24193222076401563
32,16,25,3.0,14,0.18,2.2,0.6763448886650834,0.241851848740073
28,12,10,2.0,10,0.18,2.6,0.6763450264532408,0.24173508363961108
28,12,25,3.0,10,0.15,2.6,0.6763452520954789,0.24175523010749544
32,12,25,2.5,6,0.22,2.2,0.6763456393924868,0.24178368443916792
32,16,15,3.0,6,0.18,2.2,0.6763462218202222,0.24173014690431335
36,20,10,1.5,14,0.22,2.2,0.6763463369707252,0.24182129523263735
28,12,20,2.0,14,0.22,2.2,0.676348180385889,0.2417787047021366
32,16,10,2.0,14,0.18,1.8,0.6763492124924224,0.2417709796123702
28,12,25,2.5,14,0.22,1.8,0.6763492576445357,0.24179345731715607
40,20,15,2.5,10,0.15,2.2,0.6763503173691967,0.24181627562600413
28,16,20,2.5,10,0.22,2.6,0.6763512063489535,0.24179851547308032
28,12,15,2.0,10,0.18,2.6,0.6763513928011669,0.24174832316521133
32,20,10,2.0,10,0.22,2.6,0.6763527930433331,0.24180823443582455
36,12,25,1.5,10,0.18,2.6,0.6763529194039933,0.24180832033331362
28,12,20,3.0,10,0.15,1.8,0.6763537515155867,0.24173556260490148
28,12,15,2.5,6,0.22,1.8,0.6763540400356706,0.24173341771078016
36,12,25,1.5,14,0.22,1.8,0.6763545788212114,0.24183166821079824
32,20,10,2.5,14,0.18,2.6,0.6763573488004917,0.2418264349283841
36,20,10,2.0,10,0.18,2.2,0.6763576448951655,0.2417976438317361
36,20,10,3.0,6,0.18,2.2,0.6763636860656604,0.24175278503583686
32,16,15,2.0,6,0.22,2.6,0.6763655311741023,0.24179739115437252
40,16,20,2.5,6,0.22,1.8,0.6763662965582454,0.24180872427315342
36,16,20,2.5,10,0.15,2.2,0.6763672220854254,0.2417973733205181
28,16,20,3.0,14,0.18,2.6,0.6763685442569115,0.24182268583939642
36,16,25,3.0,14,0.18,1.8,0.6763713418176296,0.24189372640513168
36,20,10,1.5,10,0.22,2.2,0.6763715140351606,0.24181607525990786
32,12,20,3.0,6,0.15,1.8,0.6763745701983993,0.24167091855770956
28,12,25,3.0,6,0.22,2.6,0.6763745901597783,0.24179654667794648
28,12,15,2.0,10,0.22,1.8,0.6763750991988566,0.24175956900536819
40,16,25,3.0,6,0.22,2.6,0.6763755216650504,0.24190837676173838
36,20,15,1.5,14,0.22,2.6,0.6763758695671692,0.24186664592858104
28,12,20,2.0,10,0.22,2.2,0.676376346523082,0.24177742841552263
40,20,10,1.5,14,0.15,2.6,0.6763771412505818,0.2418310960524681
36,12,25,2.5,10,0.15,1.8,0.6763772688017574,0.24178505693658095
32,16,15,2.5,10,0.15,2.2,0.6763782003712009,0.24177286333183565
32,20,15,3.0,10,0.22,1.8,0.6763785500031905,0.24183203681305704
40,16,25,2.0,14,0.22,1.8,0.6763789370750304,0.24192387925646933
36,16,15,2.5,6,0.15,2.2,0.6763796822435995,0.24172110724792856
36,12,20,2.0,6,0.18,1.8,0.6763802218595542,0.24174817922501698
36,16,15,1.5,10,0.18,2.2,0.6763815841915176,0.24180056166317632
40,12,20,1.5,10,0.15,1.8,0.6763817001077934,0.24179438470926007
32,16,15,2.0,14,0.18,2.2,0.6763818229496054,0.24180993087110023
40,16,15,1.5,14,0.15,1.8,0.6763838781548066,0.24182150726429127
36,12,25,2.0,14,0.15,2.2,0.6763857136073965,0.24183516462062155
40,20,25,2.0,10,0.22,2.6,0.6763859111151768,0.24194151351669418
32,20,20,3.0,10,0.22,2.2,0.6763859720254194,0.24186778827535788
36,12,20,1.5,10,0.18,1.8,0.6763888318250361,0.24179436289875006
32,16,25,2.0,10,0.22,2.6,0.6763918079859713,0.2418464605432176
32,12,15,2.0,6,0.15,2.2,0.6763926423515707,0.24173231343772345
32,20,10,2.5,14,0.22,1.8,0.6763928152754224,0.24184406942620904
32,20,15,2.5,10,0.22,2.2,0.6763929784656237,0.24184479743108295
32,20,10,2.0,14,0.22,2.6,0.6763945741355656,0.24184657187836212
28,16,15,3.0,14,0.18,1.8,0.6763954557241776,0.24180518863752884
36,12,20,1.5,14,0.15,2.2,0.6763956389532818,0.24181349652955772
32,16,10,2.5,6,0.15,2.6,0.676395676953303,0.2417381158610204
40,12,20,2.0,6,0.15,1.8,0.6763958948401975,0.24172812844111535
28,12,15,2.0,6,0.22,2.6,0.6763962371123835,0.24177539834383283
40,20,15,2.0,14,0.15,2.6,0.6763967880008276,0.24188463247519937
40,16,25,1.5,10,0.22,2.2,0.6763976575383563,0.24189326613725534
28,16,10,2.5,14,0.18,2.6,0.676398078272983,0.2417989080648332
36,16,25,1.5,10,0.22,2.6,0.6763997872337858,0.24187063863333838
36,12,25,3.0,6,0.15,2.6,0.6764006816843077,0.2417409427301224
28,16,20,3.0,14,0.22,1.8,0.6764014234592964,0.24183937773304973
32,20,15,2.5,14,0.22,2.2,0.6764028201823252,0.24188006747897092
40,16,25,2.0,10,0.22,1.8,0.676403209129647,0.24189161389630448
36,16,25,2.5,14,0.18,2.2,0.6764038029343973,0.2419018941545849
40,20,15,3.0,10,0.15,1.8,0.6764051344135356,0.24183029511322482
32,12,15,1.5,14,0.15,2.6,0.6764059109578221,0.2417887389694618
28,16,10,3.0,14,0.15,1.8,0.6764064583463709,0.24178410513759538
32,12,10,1.5,10,0.15,2.6,0.6764073198703967,0.24176643004160195
36,20,10,2.5,6,0.18,2.6,0.6764075750210278,0.24180019949940118
36,12,25,2.0,10,0.18,1.8,0.6764102416004428,0.24181955284154066
32,20,25,3.0,10,0.22,2.6,0.6764113233599617,0.24190610094053172
32,12,20,2.0,6,0.18,2.6,0.676411543171066,0.24178380936702282
28,16,20,2.5,14,0.22,2.6,0.6764118763811745,0.2418480893167086
28,16,10,2.5,14,0.22,1.8,0.6764126210189041,0.2418062676334221
36,16,15,2.0,6,0.18,2.2,0.676414190043705,0.2417863303599547
32,12,20,1.5,6,0.22,2.6,0.676414963450068,0.24181083895237576
28,16,10,3.0,10,0.18,1.8,0.6764150421153996,0.24177711508110625
36,20,25,3.0,10,0.22,2.2,0.6764175513258417,0.24193554439525622
36,12,20,1.5,6,0.22,1.8,0.6764184510749103,0.2418062212391414
40,16,20,1.5,14,0.18,2.2,0.6764186096665527,0.24188625084039786
32,16,20,2.5,10,0.18,2.2,0.6764193145420351,0.24182251474665675
40,16,20,2.5,10,0.15,1.8,0.6764199926206953,0.24182969132665272
36,12,25,1.5,10,0.22,1.8,0.6764222820751715,0.24184154237632063
28,12,10,2.0,14,0.18,2.2,0.6764240177422477,0.24178085336038901
32,12,25,2.0,6,0.22,2.6,0.6764266956935834,0.2418343945669696
32,12,25,3.0,6,0.22,1.8,0.6764273577922894,0.24179252852014219
32,20,20,2.5,10,0.22,2.6,0.6764274768620387,0.2418864795137157
32,12,25,2.0,14,0.18,2.2,0.676430558054258,0.24184202274467506
40,16,25,1.5,14,0.22,2.2,0.6764326520780451,0.24193693430419716
40,20,15,1.5,14,0.18,2.6,0.6764357076246906,0.24190305758628244
28,12,20,2.5,14,0.15,2.2,0.6764360274526591,0.2418045595138546
36,16,25,3.0,10,0.15,2.6,0.6764367712313143,0.2418629262633982
28,12,25,2.5,10,0.18,2.6,0.6764368006257494,0.24181152309302142
40,20,10,2.0,10,0.15,1.8,0.6764370794899742,0.2418183655003713
32,16,10,1.5,14,0.22,2.2,0.6764406305734036,0.24182148059523784
40,20,15,1.5,6,0.22,2.6,0.6764427501841179,0.24189311892599835
28,12,10,2.5,6,0.18,1.8,0.676442784948961,0.2417488632418863
32,12,20,1.5,14,0.18,2.6,0.6764454729471705,0.24183075321239003
36,20,25,2.5,14,0.22,2.6,0.6764455857239433,0.241987071464876
32,12,10,1.5,14,0.15,2.2,0.6764455860988151,0.2417924598903006
40,12,25,2.0,6,0.22,1.8,0.6764502686067531,0.24185096200895728
32,12,10,1.5,10,0.18,1.8,0.676451503550479,0.24178651671630733
40,16,25,2.5,6,0.22,2.6,0.6764516031808943,0.24193216382974375
28,12,25,2.0,10,0.22,2.6,0.6764516864540602,0.24182880250709254
32,20,10,3.0,14,0.15,2.2,0.6764518588591244,0.2418568305458474
32,16,20,3.0,14,0.15,1.8,0.6764528802112934,0.24185264766687462
36,20,15,2.5,6,0.22,2.6,0.6764533016714562,0.24189047082310244
28,12,20,3.0,6,0.22,1.8,0.6764542462578399,0.2417851004346003
32,20,20,3.0,14,0.22,2.2,0.6764552661121186,0.24194281355360273
36,16,20,2.5,14,0.15,1.8,0.6764552821013994,0.24187205739027867
28,12,15,3.0,6,0.15,1.8,0.6764556553977318,0.24171724383472518
28,12,15,2.0,14,0.18,2.2,0.6764568263540482,0.24180797938626913
28,20,10,3.0,10,0.22,2.6,0.6764574940858056,0.24186161883403623
28,12,25,3.0,10,0.18,1.8,0.6764589583657317,0.24180679121967175
36,16,25,1.5,14,0.22,2.6,0.6764622859611643,0.24191982588420874
36,20,15,2.5,14,0.15,2.6,0.6764642157978357,0.24190383207787883
32,16,25,2.0,14,0.22,2.6,0.6764654801349965,0.24190327378440485
36,20,15,2.0,14,0.18,2.6,0.6764693824223672,0.24190900957373193
32,12,15,1.5,14,0.18,1.8,0.6764698371742169,0.2418186815184124
40,20,25,3.0,14,0.22,2.2,0.6764702470091378,0.24207864235652934
32,20,10,2.5,10,0.18,2.6,0.6764704239658587,0.24185132204260223
40,20,15,1.5,10,0.18,2.6,0.6764706440598899,0.24189310894960067
32,16,10,1.5,10,0.22,2.2,0.6764706706330592,0.24182422916247986
40,12,25,2.0,14,0.15,1.8,0.6764715214172042,0.2418964324663438
32,16,20,3.0,10,0.15,2.2,0.6764730582039081,0.24182903523252636
32,12,25,2.5,10,0.15,2.2,0.6764739405280809,0.24182305231768728
32,12,10,1.5,6,0.18,2.2,0.6764754171674355,0.24178854175937792
40,20,10,1.5,14,0.18,1.8,0.6764770829856998,0.24187698758635193
32,16,25,3.0,10,0.18,2.2,0.6764773235837328,0.24186673215765736
28,12,15,2.5,6,0.18,2.2,0.6764776526194677,0.24178124241861035
32,12,20,1.5,14,0.22,1.8,0.6764776933017791,0.24184698278165734
40,20,15,2.5,14,0.15,1.8,0.6764779809451884,0.24191720681643106
36,16,10,1.5,6,0.18,2.2,0.6764787637449652,0.24181081453524106
32,12,25,2.5,14,0.15,1.8,0.6764795667409175,0.24184969584848776
32,12,15,1.5,6,0.18,2.6,0.6764802659907837,0.24180779232980926
28,12,20,2.5,10,0.15,2.6,0.6764809652214068,0.24181003184094998
32,16,15,2.5,6,0.18,2.6,0.6764819507499638,0.24181722240600598
36,16,10,2.0,6,0.15,1.8,0.6764826523949136,0.2417650269975558
40,20,15,2.0,6,0.22,2.2,0.6764831700609485,0.24189803911030133
28,12,25,2.5,10,0.22,1.8,0.6764832972182443,0.24183367044065646
32,16,10,2.0,14,0.15,2.2,0.6764858145879765,0.24183132411180558
36,20,10,2.0,14,0.15,2.6,0.6764875018237813,0.2418767868099585
40,16,20,2.0,6,0.18,2.6,0.6764891376800081,0.2418695233080921
28,16,20,3.0,10,0.18,2.6,0.6764892443058625,0.24184962887464553
40,16,25,3.0,10,0.18,1.8,0.6764892611013956,0.241919313776919
28,12,25,2.0,14,0.22,2.6,0.6764899817932896,0.24186204249705562
36,16,25,2.5,10,0.18,2.2,0.6764935910917272,0.24189566287462885
32,16,10,2.0,10,0.15,2.6,0.6764940431000398,0.24182206864532266
40,20,15,1.5,14,0.22,1.8,0.6764976156336775,0.24193350836705807
32,12,20,2.5,6,0.18,1.8,0.6764980225458378,0.24178250732903786
40,16,20,1.5,10,0.18,2.2,0.6764986909281385,0.2418949782776388
28,16,25,3.0,10,0.22,2.2,0.6764996175450192,0.2418772049272855
28,16,25,3.0,14,0.22,2.2,0.6765000514319324,0.24190775064639747
32,12,20,2.0,10,0.15,2.2,0.6765016135684604,0.24182672314044096
28,12,15,2.5,10,0.15,1.8,0.6765032284541231,0.24180173458825277
36,12,20,2.0,6,0.15,2.2,0.6765039709117019,0.24179468274391908
32,20,10,3.0,10,0.15,2.6,0.6765046692823834,0.2418511424544562
32,20,15,3.0,14,0.18,2.2,0.6765053654996808,0.24192179391879173
36,16,20,3.0,6,0.22,1.8,0.6765061477418626,0.24184964446322194
40,20,15,2.0,14,0.18,1.8,0.6765081803806394,0.24193508430098293
40,12,20,1.5,6,0.18,1.8,0.6765121992147031,0.24183514743225404
32,12,20,1.5,10,0.18,2.6,0.6765130828544127,0.24184842826950376
28,12,10,2.5,6,0.15,2.2,0.6765142503678586,0.24177706378059532
36,16,25,3.0,6,0.22,2.6,0.6765143252830218,0.24193672058966814
28,16,15,3.0,14,0.15,2.2,0.6765143509947218,0.24185440316568008
40,16,20,2.0,10,0.15,2.2,0.6765145948626596,0.2418844120270917
28,12,25,3.0,14,0.15,1.8,0.6765149186953735,0.24184741409853627
40,20,25,2.0,14,0.22,2.6,0.6765155717251897,0.24203995998034838
36,16,20,2.0,14,0.15,2.6,0.6765160202555506,0.24190651864925244
32,16,15,3.0,6,0.15,2.6,0.6765165230434402,0.2417860581755492
40,20,25,2.5,10,0.22,2.2,0.6765178661309389,0.24200653136930247
36,20,15,2.0,14,0.22,1.8,0.6765229514462797,0.2419354763080301
28,20,10,3.0,14,0.22,2.6,0.6765233090261754,0.2419181444871108
36,16,10,1.5,10,0.15,2.2,0.6765236814623641,0.24184016360588123
32,16,20,2.5,14,0.15,2.6,0.6765240804773128,0.2418941672571525
36,20,15,2.0,10,0.18,2.6,0.6765242195717742,0.2419040455510383
36,12,25,2.5,6,0.18,2.2,0.6765248221556971,0.24183782576124374
36,20,15,3.0,10,0.15,2.2,0.6765255701363369,0.2418805909219221
28,16,10,2.5,10,0.18,2.6,0.6765268169642797,0.24184204029252104
40,20,10,1.5,6,0.18,2.6,0.6765277268129853,0.241873627350373
40,16,20,1.5,6,0.22,2.2,0.6765294985380202,0.24191553285642242
32,20,10,2.5,10,0.22,1.8,0.6765364375054961,0.24188207942291287
32,20,20,2.5,14,0.22,2.6,0.6765374604659069,0.24196847887829634
32,16,15,2.0,10,0.18,2.2,0.6765378549867822,0.24186129200519468
32,20,10,3.0,6,0.22,2.6,0.6765385012328159,0.24190111766542677
40,20,15,2.0,10,0.15,2.6,0.67654091021539,0.24190914087365245
28,12,10,2.0,6,0.22,2.2,0.676543781053052,0.24182673758275466
28,12,25,2.5,14,0.18,2.2,0.6765442385905266,0.2418778234366999
32,12,20,2.0,14,0.15,1.8,0.6765450562617039,0.24186236626095756
40,12,25,1.5,14,0.15,2.6,0.6765453225325461,0.24193463954924266
40,20,15,2.5,6,0.18,2.6,0.6765465737855677,0.24189427675922065
40,20,10,1.5,10,0.15,2.6,0.6765472329328043,0.2418870836132079
28,12,10,2.0,10,0.18,2.2,0.6765473876131759,0.24182880936036294
40,16,25,3.0,14,0.15,2.2,0.6765485175583286,0.2420117161604596
36,16,25,3.0,14,0.15,2.2,0.6765495795139755,0.24196409409962322
40,20,10,2.0,6,0.15,2.6,0.6765498165149718,0.24184438640643643
32,16,10,2.5,6,0.18,1.8,0.6765506180610004,0.24180627522371165
40,20,15,1.5,10,0.22,1.8,0.6765520144390205,0.24193146252103934
32,16,20,2.5,6,0.22,2.6,0.6765535313285208,0.24190629763437807
32,12,15,1.5,10,0.15,2.6,0.6765539627545282,0.24184612375174178
28,16,10,2.5,10,0.22,1.8,0.6765547307948593,0.24185488029087224
36,12,15,1.5,6,0.15,1.8,0.6765548561011634,0.2418141683205289
36,16,15,2.0,10,0.15,1.8,0.6765559480459631,0.24185856933516148
28,16,20,3.0,10,0.22,1.8,0.6765569440937529,0.24188148850725155
32,12,20,1.5,10,0.22,1.8,0.6765571665973692,0.24186972661748607
40,16,25,2.5,14,0.15,2.6,0.6765579356794822,0.2420028312452941
32,12,20,2.0,6,0.22,1.8,0.676559102889975,0.24185351015186005
32,12,25,3.0,6,0.18,2.2,0.6765609389625022,0.24183269761790435
28,12,20,3.0,6,0.18,2.2,0.6765628388596492,0.24182026808341517
40,16,20,2.5,6,0.18,2.2,0.6765631308395417,0.24187295940599907
36,20,25,3.0,14,0.22,2.2,0.6765637949125344,0.24206042784404921
36,16,15,1.5,14,0.15,2.6,0.676564225775772,0.24189861853254813
36,20,15,2.5,14,0.18,1.8,0.6765644347141968,0.24194898133735288
36,20,10,3.0,6,0.15,2.6,0.6765655070358728,0.24181873500563997
28,16,10,3.0,6,0.22,2.2,0.676567341753993,0.24185850625668912
36,20,15,3.0,14,0.15,1.8,0.6765685572176524,0.2419443103988411
40,16,15,1.5,6,0.15,2.6,0.6765691042597968,0.24186406123841153
36,20,10,2.0,6,0.22,2.2,0.6765698157751506,0.24190058658117042
28,16,10,3.0,10,0.15,2.2,0.6765716857275295,0.24184555642777808
36,16,20,2.5,6,0.18,2.6,0.6765722250073998,0.2418845589098107
28,12,20,2.5,10,0.18,1.8,0.676572758974983,0.24185182219031837
32,12,25,2.0,10,0.18,2.2,0.6765741503571137,0.24188525523195134
32,16,10,2.0,10,0.18,1.8,0.6765741888935741,0.24185825266303085
28,12,20,2.5,6,0.22,2.2,0.6765743558577042,0.24186292751208188
36,20,20,3.0,14,0.18,2.2,0.6765748124599025,0.24201229774259955
32,12,15,1.5,6,0.22,1.8,0.6765758945165986,0.24185337966624354
40,20,15,3.0,6,0.22,1.8,0.6765765569378144,0.24190354880607562
36,12,25,2.0,6,0.18,2.6,0.6765773558331479,0.24188842665769641
32,16,25,2.5,14,0.18,2.6,0.6765781573809571,0.24195194460790803
36,20,10,2.0,14,0.18,1.8,0.6765784774410698,0.241918157675837
28,16,15,2.5,14,0.18,2.6,0.6765816212294314,0.24189900467455155
32,20,25,3.0,14,0.22,2.6,0.6765822409051613,0.24202665570747248
40,16,20,3.0,6,0.15,2.6,0.6765837349252968,0.24183591964498627
40,12,25,3.0,6,0.18,1.8,0.676584698825601,0.24182569874185536
32,12,20,2.5,6,0.15,2.2,0.6765861343801769,0.24181191212480574
28,16,10,2.5,14,0.18,2.2,0.6765871205859901,0.24188285286259745
32,16,10,2.0,6,0.18,2.6,0.6765879670561571,0.2418599098630313
28,16,20,3.0,14,0.18,2.2,0.6765906329117513,0.24191836649491197
36,12,20,1.5,10,0.15,2.2,0.676590822154606,0.24188398075702555
40,12,25,2.5,6,0.15,2.6,0.6765935933837279,0.24185604575264893
28,12,15,2.0,10,0.18,2.2,0.6765942145849753,0.24185958978411304
36,16,25,3.0,10,0.18,1.8,0.6765960903484969,0.2419330454686738
32,20,15,2.0,10,0.22,2.6,0.6765974344366105,0.24194005283628744
36,20,10,2.5,6,0.22,1.8,0.6766007841452517,0.24188910934678004
32,12,25,1.5,14,0.22,2.2,0.6766017694953759,0.24192605876040688
36,20,15,2.0,10,0.22,1.8,0.6766061598429736,0.24194245371296608
40,20,20,2.5,14,0.18,2.2,0.6766063841471543,0.24204553971073123
32,16,20,3.0,6,0.22,2.2,0.6766064033685433,0.2419127581496092
32,16,25,3.0,14,0.15,2.6,0.6766071376438317,0.24195973409166044
28,12,10,2.0,14,0.15,2.6,0.6766079281604397,0.24186572390368666
28,16,15,2.5,14,0.22,1.8,0.6766093951647079,0.2419129317399733
32,20,10,2.5,14,0.18,2.2,0.6766111230485811,0.24193698985358114
32,16,20,2.5,14,0.18,1.8,0.6766134537922226,0.24193480175031803
28,16,15,3.0,10,0.15,2.6,0.6766137851577503,0.24187949298014902
28,16,15,3.0,6,0.22,2.6,0.6766165263107526,0.24190878400841398
36,16,20,2.0,14,0.18,1.8,0.6766172853294115,0.24195276127665422
32,12,10,1.5,10,0.15,2.2,0.6766177286184578,0.24186429329950346
32,12,15,1.5,14,0.15,2.2,0.6766181554053601,0.24188591192528416
36,12,25,2.0,10,0.15,2.2,0.6766187042391416,0.2419088784890851
32,16,15,1.5,14,0.22,2.2,0.6766197093509154,0.2419250199240426
40,16,15,2.0,6,0.15,1.8,0.6766201917978337,0.2418323731620329
36,16,10,1.5,14,0.15,1.8,0.6766209634169991,0.24189689123591512
36,16,20,2.0,6,0.22,2.2,0.6766218887474579,0.2419372256918516
36,12,25,3.0,6,0.18,1.8,0.6766253414827127,0.24183619133345619
32,16,25,2.5,14,0.22,1.8,0.6766259737048973,0.2419758832441724
28,12,25,3.0,10,0.15,2.2,0.6766263268227473,0.2418783614167445
32,12,25,1.5,10,0.22,2.2,0.6766263858597771,0.24192248174817255
32,12,25,2.5,6,0.18,2.6,0.6766271285229606,0.24188983371906153
36,12,25,1.5,14,0.18,2.2,0.6766309883614005,0.2419529939031026
32,12,15,1.5,10,0.18,1.8,0.6766311401989689,0.24188176566136996
32,20,10,3.0,10,0.18,1.8,0.6766335538622816,0.2419081512941741
36,20,20,2.5,14,0.18,2.6,0.6766342230847654,0.2420269940963165
28,20,15,3.0,10,0.22,2.6,0.6766350419688397,0.24195650883759734
32,16,10,2.5,6,0.15,2.2,0.6766368641119509,0.24183698108025903
36,16,25,2.0,14,0.18,2.6,0.6766381628644851,0.24199980568864746
40,16,25,2.0,6,0.22,2.6,0.6766383193924054,0.24200920730604117
40,16,15,1.5,10,0.15,1.8,0.6766397865679528,0.2419129567606033
28,12,10,2.0,14,0.18,1.8,0.6766397915698384,0.24188026774431123
32,16,15,2.0,14,0.15,2.6,0.6766401763732635,0.24192368497931313
36,12,20,1.5,6,0.18,2.2,0.6766435092243757,0.24190013676618047
28,12,20,2.0,14,0.18,2.6,0.676643701607016,0.24191194133337088
36,20,20,2.5,10,0.18,2.6,0.6766455811051653,0.24198684622138472
36,20,15,2.5,10,0.15,2.6,0.6766471568111799,0.24194286300538237
36,16,20,3.0,6,0.18,2.2,0.6766474005853375,0.24188710740373376
32,16,25,2.5,10,0.18,2.6,0.676647680830935,0.24195063466657532
36,20,15,3.0,6,0.22,2.2,0.676649700397876,0.24196042156625827
28,12,15,2.5,6,0.15,2.6,0.6766511538380341,0.24185154115179014
32,16,15,1.5,10,0.22,2.2,0.6766525691849051,0.24192668230707948
40,20,20,3.0,14,0.15,2.6,0.6766526283375472,0.242077645646492
40,20,25,2.5,14,0.22,2.2,0.6766548987579949,0.24212550468133945
32,16,15,2.5,6,0.22,1.8,0.6766567593159222,0.24189859447578774
28,12,15,1.5,10,0.22,2.6,0.6766585217994983,0.2418993234184118
28,16,10,2.0,10,0.22,2.6,0.6766586433425559,0.24191231222798673
32,20,15,2.0,14,0.22,2.6,0.6766586778058028,0.24199016705535678
32,20,15,3.0,10,0.18,2.2,0.6766587853385836,0.24194836311852372
36,20,20,3.0,10,0.18,2.2,0.6766592291236518,0.24199011412269644
28,12,15,2.0,14,0.15,2.6,0.6766613150669346,0.2419005391766886
36,16,15,1.5,14,0.18,1.8,0.6766614464319309,0.24194373257816687
40,12,25,1.5,14,0.18,1.8,0.6766632598699897,0.2419889794900463
28,16,20,2.5,14,0.22,2.2,0.6766634253470657,0.24195958865264372
40,20,10,1.5,14,0.15,2.2,0.6766661047417407,0.24195949467755923
40,12,25,1.5,10,0.15,2.6,0.6766667230396219,0.24196155280284606
40,20,20,2.5,10,0.18,2.2,0.6766669970651406,0.24201386992854576
40,20,10,1.5,10,0.18,1.8,0.6766685224346961,0.24194181052098482
28,12,20,2.0,14,0.22,1.8,0.6766690840419151,0.24192472467916204
40,12,20,1.5,6,0.15,2.2,0.6766696285015036,0.24189800565724565
36,16,25,2.0,10,0.18,2.6,0.6766703868289156,0.24198168651720342
40,20,10,1.5,6,0.22,1.8,0.6766713334794134,0.2419407511161193
36,16,15,2.0,6,0.15,2.6,0.6766713936341201,0.24188943775540497
40,20,20,2.0,10,0.18,2.6,0.6766715236383778,0.24201803905105548
40,16,25,2.5,10,0.15,2.6,0.6766721869594736,0.24199337860598993
32,16,20,2.0,14,0.18,2.6,0.6766725292464654,0.24196807834841463
36,16,20,1.5,14,0.18,2.6,0.6766728346427398,0.24198244202605185
36,20,20,2.0,10,0.22,2.2,0.67667532312466,0.24200767688653727
32,12,10,1.5,14,0.15,1.8,0.6766754436103611,0.24189920290171496
40,16,25,2.5,14,0.18,1.8,0.6766772180585485,0.2420564952909493
28,12,20,2.5,14,0.15,1.8,0.6766783900157738,0.24191097705121373
36,16,20,1.5,6,0.22,2.6,0.6766800111818205,0.24197722774141403
28,16,25,2.5,10,0.22,2.6,0.6766808272639192,0.2419629698650355
28,12,15,2.0,6,0.22,2.2,0.676681344781788,0.24190302337556746
40,20,20,2.0,14,0.18,2.6,0.6766817873494284,0.242065232123351
28,16,10,2.0,14,0.22,2.6,0.6766827222152754,0.2419360698117971
40,12,25,2.0,6,0.18,2.2,0.6766844235017427,0.24193811976027033
40,16,20,2.0,6,0.22,1.8,0.6766857695887473,0.2419604654621949
28,12,15,1.5,14,0.22,2.6,0.6766858340294483,0.24192100515936013
36,16,20,2.0,10,0.15,2.6,0.6766879306379323,0.24195314410074023
36,16,25,2.5,6,0.22,2.6,0.6766879427329731,0.2420084616222598
40,16,25,2.0,14,0.18,2.2,0.676689323842018,0.24205382445978837
32,20,10,2.0,14,0.22,2.2,0.676693631316986,0.24198066915541744
40,20,15,2.0,10,0.18,1.8,0.6766946179805959,0.24197781379771277
32,12,15,2.0,6,0.15,1.8,0.6766955506674562,0.2418609727815642
32,12,10,1.5,6,0.15,2.6,0.6766963334021436,0.24188842586092169
36,16,25,2.0,14,0.22,1.8,0.6766965021089569,0.24202873852887466
32,16,20,1.5,10,0.22,2.6,0.676696590565582,0.24196832603270702
28,16,20,2.5,10,0.22,2.2,0.6766967841939646,0.24195290118216628
36,20,20,2.5,14,0.22,1.8,0.6766991194422651,0.2420591742132304
32,16,25,3.0,14,0.18,1.8,0.6767001974896786,0.24200163573903088
36,20,10,2.0,10,0.15,2.6,0.6767020501584866,0.24194888575858592
32,12,25,2.0,14,0.15,2.6,0.6767022111327239,0.2419609390078065
40,20,15,2.0,14,0.15,2.2,0.6767041974869374,0.24201674246128876
40,16,20,2.0,14,0.15,1.8,0.676706494803105,0.24200445402120138
40,12,25,3.0,6,0.15,2.2,0.6767092201402272,0.24185923031950668
36,20,10,2.5,10,0.15,1.8,0.6767112094632202,0.241933009387244
28,12,20,3.0,6,0.15,2.6,0.6767113620965957,0.24187179640919182
28,16,15,2.5,10,0.18,2.6,0.6767121081283864,0.24193948052026204
28,12,15,2.0,14,0.18,1.8,0.6767145795405012,0.24192526319909885
36,20,20,2.0,14,0.22,2.2,0.6767145800685482,0.24205778429787958
32,12,20,1.5,14,0.18,2.2,0.6767151564531355,0.2419537390730358
28,12,25,3.0,6,0.22,2.2,0.6767153292533776,0.2419386520142036
32,16,10,1.5,6,0.22,2.6,0.6767161278404983,0.24194239454103508
32,16,15,3.0,6,0.18,1.8,0.6767168113305451,0.2418727015987537
36,16,25,2.5,14,0.15,2.6,0.6767171349065394,0.24203257986663612
32,16,20,2.0,14,0.22,1.8,0.6767175408977644,0.24199042725591602
32,16,10,2.0,6,0.22,1.8,0.6767205153471461,0.2419223957922853
28,12,25,2.5,10,0.18,2.2,0.6767206171332978,0.2419374730012317
28,20,15,3.0,14,0.22,2.6,0.6767229951303341,0.2420260420600522
32,16,15,2.0,14,0.18,1.8,0.6767243877842104,0.24196244634214542
40,16,25,3.0,10,0.15,2.2,0.676724935184841,0.24201160170977826
36,16,15,1.5,6,0.18,2.6,0.6767249910548672,0.2419512514849114
36,12,25,3.0,6,0.15,2.2,0.6767254952061363,0.2418626976321498
36,16,20,1.5,10,0.18,2.6,0.6767255505944672,0.24198600077285437
36,16,20,1.5,14,0.22,1.8,0.6767267413376947,0.24200909513429647
32,16,15,2.0,6,0.22,2.2,0.6767270518963889,0.2419543689803006
32,16,25,2.5,10,0.22,1.8,0.6767286705820165,0.2419887266131013
36,16,15,1.5,10,0.15,2.6,0.6767287305652568,0.2419559678092493
32,16,20,1.5,14,0.22,2.6,0.6767294095601789,0.24199826214834982
28,16,15,2.0,10,0.22,2.6,0.6767294961632762,0.24195852418803845
28,16,15,3.0,10,0.18,1.8,0.6767295069438971,0.24193182129336538
40,20,10,2.5,6,0.15,1.8,0.6767301016335122,0.2418619357973734
32,20,10,2.0,10,0.22,2.2,0.6767311879410365,0.2419782536000036
36,12,25,1.5,10,0.18,2.2,0.6767338960448943,0.24197892614438002
28,12,20,2.5,10,0.15,2.2,0.6767339099693567,0.2419228723311687
32,12,20,2.0,6,0.18,2.2,0.6767360355669129,0.24192406121317214
40,20,20,3.0,10,0.15,2.6,0.6767368083232996,0.24203855265425733
36,16,10,1.5,6,0.15,2.6,0.676738636400448,0.24192365553268713
28,12,20,2.0,10,0.18,2.6,0.6767392114829246,0.24194220832302743
36,20,10,1.5,6,0.22,2.6,0.6767395122147642,0.2419907679575367
36,20,15,2.5,14,0.15,2.2,0.6767398674733264,0.24202088596772386
40,20,10,2.0,6,0.18,1.8,0.676739973498562,0.24192725979845522
36,12,20,1.5,14,0.15,1.8,0.6767416619681016,0.24196848799120924
32,16,20,2.5,10,0.15,2.6,0.6767421435387392,0.24196151046711553
36,12,25,1.5,6,0.22,2.2,0.6767425803911442,0.2419897446822688
28,12,25,2.0,14,0.22,2.2,0.6767427063707807,0.24197660807351573
32,12,25,3.0,6,0.15,2.6,0.6767435186388907,0.24189218009764302
36,20,10,2.0,14,0.15,2.2,0.67674423551454,0.24198905382711447
36,20,20,2.5,10,0.22,1.8,0.6767449237735126,0.24203335740985812
28,12,10,2.5,6,0.15,1.8,0.6767459866092528,0.2418754065693744
28,16,25,2.5,14,0.22,2.6,0.6767466209195616,0.24201624107174324
40,12,25,1.5,6,0.18,2.6,0.6767470198262278,0.241993241218907
40,16,25,2.0,10,0.18,2.2,0.676747372995204,0.24203530705196785
36,12,25,2.0,14,0.15,1.8,0.6767476901647933,0.2419926569100719
40,20,20,1.5,10,0.22,2.2,0.6767480304765953,0.24205991923850356
32,20,10,3.0,14,0.15,1.8,0.6767482622449243,0.2419816828290862
40,20,15,3.0,6,0.18,2.2,0.6767491075918111,0.2419501146419019
32,16,10,2.0,10,0.15,2.2,0.676749387027199,0.24193692638459288
36,20,25,2.0,10,0.22,2.6,0.6767526311169987,0.2420710866016651
40,16,15,1.5,6,0.18,1.8,0.6767536105925372,0.2419469302762337
36,12,25,2.0,6,0.22,1.8,0.6767538186097336,0.2419707986516267
28,12,10,2.0,14,0.15,2.2,0.6767548720016652,0.24193308324602347
28,16,15,2.0,14,0.22,2.6,0.6767549363280332,0.2419849696076475
32,16,10,2.0,14,0.15,1.8,0.6767551730548619,0.24195174600812913
32,20,15,2.5,14,0.18,2.6,0.6767552667514611,0.24203058743275388
40,20,20,2.0,14,0.22,1.8,0.676755900662363,0.24210169308769258
32,16,20,2.0,10,0.18,2.6,0.6767561033226802,0.2419839221171385
28,12,10,2.0,6,0.18,2.6,0.6767561839311401,0.24191967612777937
36,12,25,2.5,6,0.15,2.6,0.6767567075605717,0.24191996841664726
36,16,25,2.0,10,0.22,1.8,0.6767568625412235,0.24202231310884784
32,16,15,2.5,10,0.15,1.8,0.676757744575394,0.24193906507800578
40,12,25,2.0,10,0.15,1.8,0.6767581712207007,0.24198150936929855
28,16,15,2.5,10,0.22,1.8,0.676758184847092,0.24196118852032822
36,20,10,1.5,14,0.18,2.6,0.6767597724664592,0.24200655026964463
28,16,15,3.0,14,0.15,1.8,0.6767622931768982,0.24196012924835686
36,16,15,2.5,6,0.15,1.8,0.6767623655431126,0.24187194079579927
36,20,25,2.5,10,0.22,2.2,0.6767627182208503,0.24207635734224503
36,20,15,1.5,14,0.22,2.2,0.6767638464414168,0.24204144017555437
32,20,15,3.0,14,0.15,2.6,0.6767648522059969,0.24202875945779423
32,16,20,2.5,14,0.15,2.2,0.6767659057908946,0.24199824756686308
28,16,10,3.0,6,0.18,2.6,0.6767667486816258,0.2419317871102808
40,20,20,3.0,14,0.18,1.8,0.6767688988945675,0.24212945235875202
32,12,15,1.5,6,0.18,2.2,0.6767690104683584,0.24193740318503254
28,12,25,2.5,14,0.15,2.6,0.6767690937078661,0.24197550254149439
28,20,10,3.0,14,0.22,2.2,0.6767700598692561,0.242025274611502
40,16,20,1.5,14,0.15,2.6,0.6767716232210137,0.24203978290849798
36,20,15,1.5,10,0.22,2.2,0.6767719919609209,0.24202514774283448
28,16,10,2.5,6,0.22,2.6,0.6767731767853542,0.24196649328691341
32,12,20,1.5,6,0.22,2.2,0.6767758215480424,0.2419726370824444
36,20,10,2.5,6,0.18,2.2,0.6767769684022502,0.24195159182025633
36,20,10,3.0,6,0.18,1.8,0.6767771681568802,0.24190817703508236
28,16,10,2.5,10,0.18,2.2,0.6767790483015014,0.24195484237493672
28,12,20,2.0,10,0.22,1.8,0.6767795514094147,0.24196150126307267
28,12,25,2.0,10,0.22,2.2,0.6767796300806846,0.24197811436144318
40,20,15,2.5,6,0.22,1.8,0.6767799960831592,0.2420007808610547
40,20,20,1.5,14,0.22,2.2,0.6767804500377884,0.24210253115680858
28,12,10,2.0,10,0.15,2.6,0.6767813508828334,0.24193781837426118
40,20,20,2.0,10,0.22,1.8,0.676782829886607,0.24207035072960967
28,12,10,1.5,10,0.22,2.6,0.6767829578016558,0.24194615890572763
32,16,10,1.5,14,0.18,2.6,0.6767841210181824,0.241978982071788
36,16,20,2.5,6,0.22,1.8,0.6767850380602077,0.24198269791211482
36,20,15,2.0,6,0.22,2.6,0.6767865614960855,0.2420384517228593
28,16,25,3.0,14,0.18,2.6,0.6767870237062212,0.24202822028875423
28,12,25,2.5,6,0.22,2.6,0.6767871009886421,0.24198592727300197
32,16,15,3.0,6,0.15,2.2,0.6767897491266283,0.24189155640920953
28,16,10,2.5,14,0.15,2.6,0.6767898153023179,0.24197212144393548
32,12,10,1.5,6,0.18,1.8,0.6767913082470328,0.2419320866527325
36,20,15,2.0,14,0.18,2.2,0.6767917026551132,0.2420501763889513
28,12,15,2.5,6,0.18,1.8,0.6767926226008257,0.24191498994392754
32,12,25,2.0,14,0.18,1.8,0.6767928203722319,0.2420027340864171
36,20,15,2.5,10,0.18,1.8,0.6767960843571273,0.24200899044169896
36,16,20,2.0,14,0.15,2.2,0.6767963376432813,0.24202842170720648
28,16,20,3.0,10,0.18,2.2,0.6767974408847982,0.2419835249215544
40,20,20,3.0,6,0.22,2.6,0.6767985077987693,0.2421066559260185
36,16,20,1.5,10,0.22,1.8,0.6768003878726416,0.24202161820865697
40,20,15,1.5,14,0.18,2.2,0.6768016874294958,0.2420650331933508
32,20,10,2.5,10,0.18,2.2,0.6768017793700833,0.2419960662985189
28,20,10,3.0,10,0.22,2.2,0.6768026296031164,0.2420130533461837
28,16,15,2.5,14,0.18,2.2,0.676802753303436,0.24199670286547847
36,20,10,1.5,14,0.22,1.8,0.6768027947591045,0.24202764723648582
32,16,25,2.0,14,0.22,2.2,0.6768037689173043,0.24205421465589672
32,20,15,2.5,14,0.22,1.8,0.6768039673581306,0.24205469382184802
32,16,10,1.5,14,0.22,1.8,0.6768051227951746,0.24198940769038127
32,16,25,2.0,10,0.22,2.2,0.6768072159158454,0.2420317634526187
32,12,25,2.0,6,0.22,2.2,0.6768081420053521,0.24199935247939555
32,12,15,1.5,10,0.15,2.2,0.6768081979013475,0.24196275153204305
32,20,20,3.0,14,0.18,2.6,0.6768102774428603,0.24208960402007557
40,12,25,1.5,10,0.18,1.8,0.6768106767268717,0.2420267387496178
28,16,20,3.0,14,0.15,2.6,0.6768120581221881,0.24201142521127603
28,12,20,2.5,6,0.18,2.6,0.6768125723310314,0.24195741603273865
32,12,25,2.5,6,0.22,1.8,0.6768127462786186,0.24197634258134898
28,12,10,1.5,14,0.22,2.6,0.6768128543543832,0.2419676359837606
32,16,15,2.5,6,0.18,2.2,0.6768152448988214,0.24195627505442058
36,16,25,3.0,10,0.15,2.2,0.6768160217057828,0.24202149710817558
40,20,25,3.0,10,0.18,2.6,0.6768172961478592,0.24213554080014074
32,16,25,3.0,10,0.15,2.6,0.6768181426694945,0.24200956166211215
32,20,10,3.0,10,0.15,2.2,0.6768204655775529,0.2419865951247159
36,20,10,2.0,10,0.18,1.8,0.676821388297204,0.24200222230018642
36,16,20,2.5,10,0.15,1.8,0.6768220950546437,0.2419921467174024
36,16,20,2.0,10,0.18,1.8,0.6768240706577907,0.24201432947793117
40,12,25,2.5,6,0.18,1.8,0.6768241425326377,0.24195433315169518
36,16,25,2.5,14,0.18,1.8,0.6768250586640575,0.24208131174450545
28,12,10,2.0,10,0.18,1.8,0.6768255542495388,0.24195768211725086
32,20,25,2.5,10,0.22,2.6,0.676825933558835,0.24208324939903064
32,12,20,1.5,10,0.18,2.2,0.6768267921870749,0.24199153119607214
32,16,20,2.0,10,0.22,1.8,0.6768278177778033,0.2420178718732093
28,16,25,3.0,14,0.22,1.8,0.6768289955059351,0.24204925886131948
40,16,20,3.0,6,0.18,1.8,0.6768305650680885,0.24193883912182837
40,16,20,2.5,6,0.15,2.6,0.6768335889302803,0.24196708874847278
28,12,20,2.0,6,0.22,2.6,0.6768337612324972,0.2419952275281859
36,16,15,1.5,14,0.15,2.2,0.6768365669039338,0.2420206557425156
36,20,10,1.5,10,0.18,2.6,0.6768368060798633,0.24202477440869538
28,12,15,2.0,14,0.15,2.2,0.676837264925277,0.24198020260920688
28,12,10,2.0,6,0.22,1.8,0.6768376710154663,0.24195825275469116
36,16,15,1.5,10,0.18,1.8,0.6768408149155637,0.24200717782194253
32,20,25,3.0,10,0.22,2.2,0.6768416598771554,0.2420896810781635
28,12,25,2.5,14,0.18,1.8,0.6768417780219648,0.24200878040097418
32,20,15,2.5,10,0.18,2.6,0.6768418837770246,0.24203868601562972
40,20,15,2.5,10,0.15,1.8,0.6768421787245289,0.2420239813710386
32,20,20,3.0,10,0.18,2.6,0.676845352511313,0.2420606131034258
40,16,25,2.5,10,0.18,1.8,0.6768457610442632,0.24207041582534644
28,16,10,2.5,14,0.18,1.8,0.6768484069710692,0.241998710640167
28,12,15,2.0,10,0.15,2.6,0.6768494768861006,0.24197640254879113
32,16,15,2.0,10,0.15,2.6,0.6768512231585279,0.24200054658406578
36,16,15,2.0,6,0.18,1.8,0.6768521343142904,0.24196937818070277
40,20,20,2.5,6,0.22,2.6,0.6768531200709267,0.24212123913475592
32,16,25,3.0,14,0.15,2.2,0.6768553242854284,0.24206369414274562
32,20,15,3.0,14,0.18,1.8,0.6768572091820381,0.24207012117194382
32,20,20,2.5,10,0.22,2.2,0.6768578051536425,0.2420746996396824
36,20,25,2.0,14,0.22,2.6,0.6768603874194105,0.24215210606195578
36,20,25,2.5,14,0.22,2.2,0.6768608424069216,0.24216745062171724
36,16,15,1.5,6,0.22,1.8,0.6768614607458415,0.2420156770718458
36,20,20,1.5,10,0.22,2.6,0.676862092071786,0.24209441062240153
36,16,25,1.5,10,0.22,2.2,0.6768641058057148,0.24207848127217746
32,16,20,3.0,6,0.18,2.6,0.6768642196581898,0.2420000738656512
32,16,10,1.5,10,0.18,2.6,0.6768651914930004,0.24200562000026762
40,16,25,3.0,6,0.22,2.2,0.6768671849691628,0.2420965584434387
32,16,25,2.5,14,0.18,2.2,0.6768673817927877,0.24207730934570443
28,12,20,2.0,14,0.18,2.2,0.6768676239380014,0.24201335922123768
32,20,10,2.5,14,0.15,2.6,0.6768680867947428,0.2420470483940233
40,12,25,1.5,14,0.15,2.2,0.6768682089560188,0.24207662662137314
36,16,25,1.5,14,0.22,2.2,0.6768694307954947,0.2421027305242213
32,20,20,3.0,14,0.22,1.8,0.676869857987533,0.24211923640913238
28,12,15,2.5,6,0.15,2.2,0.6768701517086017,0.24194367861560934
36,16,25,2.5,10,0.15,2.6,0.676870385085479,0.24205393661375424
32,12,20,2.0,10,0.15,1.8,0.6768729244044716,0.24199275227800165
40,20,10,2.0,6,0.15,2.2,0.6768737851211644,0.24197671949362287
32,16,20,2.5,10,0.18,1.8,0.6768745489873447,0.24202096421556157
36,20,10,3.0,6,0.15,2.2,0.6768753333401298,0.2419362504810846
32,12,25,2.5,10,0.15,1.8,0.6768754443963898,0.24199797902649156
32,16,15,2.0,14,0.15,2.2,0.6768756441711056,0.24202798967884315
36,16,20,3.0,6,0.15,2.6,0.6768773835998612,0.24196171018581578
36,16,10,1.5,6,0.18,1.8,0.6768786684822645,0.24198733939407485
36,16,10,1.5,10,0.15,1.8,0.6768794386104404,0.24200154667286342
36,20,15,2.5,6,0.22,2.2,0.6768814778016995,0.24206474411889353
40,16,25,2.5,14,0.15,2.2,0.6768815586745546,0.2421382131174199
36,12,20,2.0,6,0.15,1.8,0.6768825844977515,0.24195032165820915
40,20,10,1.5,10,0.15,2.2,0.6768838267352141,0.24203639096525928
28,12,20,3.0,6,0.18,1.8,0.6768848316584486,0.24194823872821763
32,20,20,2.5,14,0.22,2.2,0.6768849339129986,0.24212071294873114
32,20,10,2.5,6,0.22,2.6,0.6768881706864279,0.24205810517028428
36,20,20,3.0,14,0.15,2.6,0.6768887557126373,0.2421396343922113
40,20,15,2.0,6,0.18,2.6,0.6768907667183128,0.2420570984180221
32,16,10,2.0,6,0.18,2.2,0.6768911482893653,0.2419923696009697
40,20,15,1.5,10,0.18,2.2,0.676892112550146,0.2420790290690694
40,16,20,1.5,14,0.18,1.8,0.6768921233513276,0.2420951396982044
28,16,20,3.0,14,0.18,1.8,0.6768925237125247,0.24204780726750086
32,16,20,3.0,10,0.15,1.8,0.6768928818518576,0.242008090814116
32,12,15,1.5,14,0.15,1.8,0.6768948987059527,0.24201247549345414
28,16,10,3.0,10,0.15,1.8,0.6768959054572403,0.24198850279451484
32,16,10,1.5,10,0.22,1.8,0.6768963445586076,0.24202037767048667
28,16,15,3.0,10,0.15,2.2,0.6768964807769066,0.24200345153254854
28,16,25,3.0,10,0.18,2.6,0.6768986700616557,0.242048778562254
32,12,25,2.0,10,0.15,2.6,0.6769003158585959,0.24202928033491747
40,16,20,1.5,10,0.15,2.6,0.6769003209170874,0.24207040622716275
32,12,10,1.5,10,0.15,1.8,0.6769011313375852,0.24199602716059326
36,20,10,1.5,10,0.22,1.8,0.6769011573410684,0.24205516275220018
32,20,10,3.0,6,0.22,2.2,0.6769050323300463,0.24204858279840274
28,16,10,2.0,14,0.22,2.2,0.6769052923283462,0.24203761381432257
40,20,25,2.0,10,0.22,2.2,0.6769066533840821,0.24216602895022796
28,20,20,3.0,10,0.22,2.6,0.6769094981266004,0.24209403701549048
40,16,15,1.5,6,0.15,2.2,0.676910026893187,0.24200963593605287
40,12,25,1.5,6,0.22,1.8,0.6769114155091107,0.24207030995566597
36,20,10,2.0,6,0.18,2.6,0.6769147661394516,0.24203976754792225
40,20,20,3.0,10,0.18,1.8,0.6769149333633234,0.2421164017290155
32,16,25,3.0,6,0.22,2.6,0.6769155092916884,0.2420923476486912
40,20,15,1.5,6,0.22,2.2,0.6769159274111259,0.24209712767393415
40,20,10,1.5,6,0.18,2.2,0.6769163664988889,0.2420419416939505
36,20,15,2.0,10,0.18,2.2,0.6769166832632532,0.24207558662817563
32,12,10,1.5,6,0.15,2.2,0.676916944036654,0.24198844103595366
28,12,15,1.5,14,0.22,2.2,0.676917500412672,0.24202901768456053
28,12,15,2.0,10,0.18,1.8,0.6769194751436299,0.24200841327815306
36,16,25,3.0,14,0.15,1.8,0.6769199934331566,0.24211687443248484
40,16,20,2.0,6,0.18,2.2,0.6769208370422186,0.24204799918983055
36,20,20,1.5,14,0.22,2.6,0.6769218037023202,0.24214267830894068
40,20,15,2.0,10,0.15,2.2,0.6769225748227099,0.24207362232579388
32,20,15,2.5,10,0.22,1.8,0.6769232483294051,0.2420767536773196
28,12,20,1.5,10,0.22,2.6,0.6769242124848551,0.24203796288821813
32,12,20,2.5,6,0.15,1.8,0.67692510325046,0.24194843204717414
28,12,15,2.0,6,0.18,2.6,0.676927848142437,0.2420084977800209
36,12,20,1.5,6,0.15,2.6,0.6769281705506233,0.24202079541475058
32,20,20,3.0,10,0.22,1.8,0.676928815116286,0.24209922231674963
40,20,25,1.5,10,0.22,2.6,0.6769298459902082,0.2421753652621411
28,12,25,3.0,6,0.18,2.6,0.6769304763305543,0.24201443127611535
32,20,25,3.0,14,0.22,2.2,0.6769307026751853,0.24217651106977786
28,16,10,3.0,6,0.22,1.8,0.676930944257481,0.2420083336660691
28,12,15,1.5,10,0.22,2.2,0.6769378105407214,0.24202968603765887
32,16,20,2.5,6,0.22,2.2,0.6769384552205643,0.24206615719831603
40,20,25,3.0,10,0.22,1.8,0.6769404183099449,0.2421935771011054
40,16,25,2.5,6,0.22,2.2,0.6769445838980316,0.24212852627542153
32,20,25,2.5,14,0.22,2.6,0.6769457447944754,0.24217147972705322
28,12,20,3.0,6,0.15,2.2,0.676945997727056,0.24196511373058902
28,12,20,1.5,14,0.22,2.6,0.6769469149333478,0.24205850661264644
36,20,25,3.0,10,0.18,2.6,0.676946966667607,0.24215324845942848
40,16,25,1.5,14,0.18,2.6,0.6769470594625817,0.24216120838962002
32,12,25,2.0,14,0.15,2.2,0.6769514368019497,0.24207096843088916
28,12,10,2.0,14,0.15,1.8,0.6769519718419439,0.2420235061492953
36,12,25,1.5,14,0.15,2.6,0.6769524509952966,0.24209460100632674
36,20,15,3.0,6,0.18,2.6,0.6769532794466344,0.2420611742292203
28,16,10,2.0,10,0.22,2.2,0.6769534430114917,0.24204754596554548
28,16,15,3.0,6,0.22,2.2,0.6769541643221533,0.24204965358534586
40,16,20,3.0,6,0.15,2.2,0.6769543958636225,0.2419720567568577
32,20,10,2.5,14,0.18,1.8,0.676954942434424,0.24208622550674713
32,16,10,2.5,6,0.15,1.8,0.6769550394007102,0.24196702738072232
32,12,25,3.0,6,0.18,1.8,0.6769561604975763,0.2419841572684533
40,12,25,2.5,6,0.15,2.2,0.6769562229889563,0.24199552191001628
32,16,15,2.0,10,0.18,1.8,0.6769576708873192,0.24204889800391247
32,16,20,2.0,6,0.22,2.6,0.6769586175663157,0.2420906955644092
40,16,25,1.5,10,0.18,2.6,0.6769590470642898,0.24213748496420404
40,16,25,1.5,6,0.22,2.6,0.676959311367776,0.2421513427667672
32,16,25,3.0,10,0.18,1.8,0.6769604842002857,0.24207239037751072
32,16,20,2.0,14,0.18,2.2,0.6769606013005922,0.24209587632398946
40,20,20,2.5,14,0.15,2.6,0.6769619383074972,0.24219157822560206
36,16,25,3.0,6,0.22,2.2,0.6769624028479995,0.2421115592809904
32,12,20,2.0,6,0.15,2.6,0.6769664388444229,0.24201828603453948
36,16,25,2.0,6,0.22,2.6,0.6769669514000071,0.2421315818192588
40,20,25,3.0,14,0.18,2.6,0.6769672013070891,0.2422795930988685
28,16,10,2.5,14,0.15,2.2,0.6769672455681757,0.24205019492708263
36,12,25,2.0,6,0.18,2.2,0.6769675953590172,0.24205266234390993
28,16,20,2.5,14,0.18,2.6,0.6769694159614995,0.242092528275368
28,12,20,2.5,6,0.22,1.8,0.6769698748763002,0.24203167515720544
40,16,25,3.0,14,0.15,1.8,0.6769720395501356,0.24218462619988085
28,12,25,2.5,14,0.15,2.2,0.6769731739389712,0.24206474501934921
36,16,20,2.5,6,0.18,2.2,0.6769738115554564,0.24204772404062672
36,12,25,2.5,6,0.18,1.8,0.6769752771915732,0.24201476077689352
36,20,20,2.5,14,0.18,2.2,0.6769756046038214,0.2421731680820092
28,16,25,3.0,10,0.22,1.8,0.6769758394308616,0.24208504548063683
40,16,20,1.5,6,0.18,2.6,0.6769759338882281,0.24210036792057768
40,20,20,3.0,14,0.15,2.2,0.6769765113269121,0.24221019016500295
32,16,15,1.5,6,0.22,2.6,0.6769772651630304,0.2420822758600504
28,12,10,2.0,10,0.15,2.2,0.6769775098201477,0.24202840245693275
36,16,15,2.0,6,0.15,2.2,0.6769777322158851,0.2420165726254476
28,12,10,2.0,6,0.18,2.2,0.6769778526783964,0.24201910869386642
32,12,25,2.5,6,0.18,2.2,0.6769785774744104,0.24203572376167823
36,16,25,2.0,14,0.18,2.2,0.6769794316795708,0.24214885313163276
40,12,25,2.0,6,0.15,2.6,0.6769800822233856,0.24205076323501581
40,20,15,2.5,6,0.18,2.2,0.676980203644106,0.24206648640264575
28,12,25,3.0,10,0.15,1.8,0.6769811575841909,0.2420327284525767
32,12,20,1.5,14,0.15,2.6,0.6769864663626013,0.24207588637546737
32,20,20,2.0,10,0.22,2.6,0.6769869965943974,0.24213597088336444
32,12,25,1.5,6,0.22,2.6,0.6769908431984127,0.2420963266858287
36,16,20,2.0,6,0.18,2.6,0.6769933404090951,0.24208488055687769
32,20,15,2.0,14,0.22,2.2,0.6769950516642845,0.24214020025790756
28,16,15,2.5,10,0.18,2.2,0.6769955829982087,0.24206527494536464
32,20,15,3.0,10,0.15,2.6,0.6769963147725178,0.2420900692355611
32,12,25,1.5,14,0.18,2.6,0.6769967035712025,0.2421038464575627
40,20,25,2.0,14,0.22,2.2,0.6769968516179996,0.24225028900660203
36,20,20,3.0,14,0.18,1.8,0.6769975986273715,0.242188150935635
28,20,15,3.0,14,0.22,2.2,0.6769977449568731,0.24214518049087158
36,12,20,1.5,10,0.15,1.8,0.6769978190884692,0.2420664912670222
36,20,25,3.0,14,0.18,2.6,0.6769978861542745,0.2422376472102836
36,20,15,3.0,10,0.15,1.8,0.6769987420564393,0.2420790169489936
32,16,15,1.5,14,0.18,2.6,0.67699923314071,0.24209676391263227
40,16,20,2.0,10,0.15,1.8,0.6769998461507512,0.2420929875009461
28,12,10,1.5,14,0.22,2.2,0.6770043749554286,0.24205775880435215
28,12,25,2.5,10,0.15,2.6,0.6770046309872834,0.24206261879873425
36,20,10,2.5,6,0.15,2.6,0.6770061051864537,0.24203564565969057
28,20,15,3.0,10,0.22,2.2,0.6770064559307337,0.24211874456581545
28,16,20,2.5,14,0.22,1.8,0.6770068629176134,0.2421111379012598
32,12,15,1.5,6,0.15,2.6,0.6770080561080247,0.24204235585134123
36,16,20,1.5,14,0.18,2.2,0.6770084207513158,0.2421324567321634
28,20,10,2.5,10,0.22,2.6,0.6770085075005268,0.24211125004098885
36,16,25,2.5,14,0.15,2.2,0.6770086785327186,0.24215596099226971
28,16,15,2.0,14,0.22,2.2,0.6770091166372189,0.2421001764891564
36,20,15,2.5,10,0.15,2.2,0.6770095448614796,0.2420978484640393
40,20,25,1.5,14,0.22,2.6,0.6770103710782854,0.24223979977176113
28,20,20,3.0,14,0.22,2.6,0.6770104883797647,0.2421714053032437
32,20,15,3.0,14,0.15,2.2,0.6770113016282361,0.24213199362634033
40,20,15,3.0,6,0.15,2.6,0.6770116048549522,0.24203355222327397
32,20,15,2.0,10,0.22,2.2,0.677011678054239,0.2421249146719213
32,16,25,2.5,10,0.18,2.2,0.6770130664436043,0.24210896007689234
28,16,20,2.0,10,0.22,2.6,0.6770148077190896,0.24210425999257382
28,12,10,1.5,10,0.22,2.2,0.6770150972759301,0.24205548088218262
28,12,20,2.0,10,0.18,2.2,0.6770164321286019,0.24206819699945265
32,12,25,2.0,10,0.18,1.8,0.6770185880270284,0.24208315867966723
40,16,25,1.5,14,0.22,1.8,0.6770192554374402,0.24219663594776789
40,20,20,2.0,6,0.22,2.6,0.6770197327740205,0.24218970454108316
36,16,10,1.5,6,0.15,2.2,0.677020255871293,0.24204767530823548
32,16,15,2.5,6,0.15,2.6,0.6770214169939981,0.2420337183520111
28,16,20,3.0,14,0.15,2.2,0.6770225977611665,0.24210112655922442
36,20,10,2.0,10,0.15,2.2,0.6770228735990255,0.24208960442430846
28,16,25,2.5,14,0.22,2.2,0.6770240419097971,0.2421389180761828
28,16,15,2.5,14,0.15,2.6,0.6770272153274987,0.24209435812303168
28,16,25,3.0,14,0.18,2.2,0.6770277971613504,0.2421315243699116
32,16,10,1.5,14,0.18,2.2,0.6770300078711071,0.24209165150407774
36,16,25,2.5,10,0.18,1.8,0.6770307329329323,0.24212535329546017
28,16,10,3.0,6,0.18,2.2,0.6770340312403519,0.24204188695464454
36,16,20,2.0,10,0.15,2.2,0.677035542409244,0.2421047098134424
28,16,15,2.5,6,0.22,2.6,0.6770375626643096,0.24210272271674796
32,12,25,3.0,6,0.15,2.2,0.6770380280944227,0.2420058762066413
32,16,15,1.5,14,0.22,1.8,0.6770383192688109,0.24211609277813712
40,12,25,1.5,10,0.15,2.2,0.6770402973970947,0.2421254971793311
32,12,25,1.5,14,0.22,1.8,0.67704184172239,0.24212626171742693
28,16,10,2.5,10,0.15,2.6,0.6770418660367393,0.24207242770417853
32,20,15,2.5,14,0.18,2.2,0.6770423370443877,0.24215499202003657
28,12,15,2.0,6,0.22,1.8,0.6770435354889145,0.2420635488484645
32,16,15,2.0,6,0.18,2.6,0.6770454514320604,0.24208572512689433
36,16,15,1.5,10,0.15,2.2,0.6770455296980661,0.24209795138270154
40,20,10,1.5,14,0.15,1.8,0.6770455307713173,0.24212764214215268
28,16,20,2.0,14,0.22,2.6,0.6770460805816798,0.2421348397813189
40,16,20,1.5,10,0.18,1.8,0.6770466548801043,0.24213650952023102
28,20,10,2.5,14,0.22,2.6,0.67704709636933,0.24214968524727032
32,16,10,1.5,6,0.22,2.2,0.6770476619266382,0.24209203797787776
36,20,20,3.0,10,0.15,2.6,0.6770479159820045,0.24214916131216607
28,20,10,3.0,14,0.18,2.6,0.6770490876321605,0.24214283951085333
28,16,25,2.5,10,0.22,2.2,0.6770500082766111,0.2421272162693104
40,16,25,1.5,10,0.22,1.8,0.6770508167080257,0.2421806740332241
40,20,25,3.0,14,0.22,1.8,0.6770541923200439,0.24232320616147912
36,20,25,3.0,10,0.22,1.8,0.6770560660702403,0.24220414444986504
32,20,10,2.0,14,0.18,2.6,0.6770567597896693,0.2421410365956895
40,16,25,2.0,14,0.15,2.6,0.6770577843042488,0.24220935908850097
32,20,20,2.0,14,0.22,2.6,0.6770582461225464,0.24219250321916902
28,16,15,2.0,10,0.22,2.2,0.6770593210862744,0.2421087441377459
36,12,25,2.0,10,0.15,1.8,0.6770617754243603,0.24210232170746934
36,12,25,1.5,14,0.18,1.8,0.6770636277665979,0.2421461284788561
28,12,25,2.0,14,0.18,2.6,0.6770637784160252,0.24212019513144947
36,20,20,2.5,10,0.18,2.2,0.6770643781912582,0.24216524152125188
40,16,20,2.5,6,0.18,1.8,0.6770674768737046,0.24206667577139226
32,16,20,2.5,10,0.15,2.2,0.6770685661595525,0.24210353995422523
32,16,20,1.5,14,0.22,2.2,0.6770692954031892,0.2421528390106734
36,20,10,1.5,14,0.18,2.2,0.6770700792435985,0.24214600033142153
32,12,20,1.5,14,0.18,1.8,0.6770707487135464,0.24211526777264222
32,12,25,1.5,10,0.18,2.6,0.6770715051794434,0.24212333578271808
40,20,20,2.0,14,0.18,2.2,0.6770718974167964,0.2422338025645413
28,12,15,2.0,14,0.15,1.8,0.6770729183409683,0.2420869358486125
36,20,25,3.0,14,0.22,1.8,0.6770747440111878,0.24227589653387022
28,12,20,2.5,10,0.15,1.8,0.6770749382631908,0.2420751615193276
28,12,15,2.0,10,0.15,2.2,0.6770774070561434,0.24208033916953034
40,20,20,2.5,10,0.15,2.6,0.6770777434518389,0.2421823578541074
28,16,10,2.5,6,0.22,2.2,0.6770780882229789,0.24209861648388833
36,16,25,2.0,10,0.18,2.2,0.6770781671259459,0.24215911926272307
32,20,15,3.0,6,0.22,2.6,0.6770783047955048,0.24216646266480565
40,16,25,2.5,10,0.15,2.2,0.6770797313321064,0.24216447830363666
36,20,10,2.0,6,0.22,1.8,0.6770812401952626,0.24211712418261083
32,16,15,1.5,10,0.18,2.6,0.6770818425892696,0.24212139570295005
32,16,20,3.0,6,0.22,1.8,0.6770846606455152,0.24210154905313855
28,16,20,3.0,10,0.15,2.6,0.677085492899352,0.24210689546461733
36,12,25,2.5,6,0.15,2.2,0.6770864113110417,0.24204984904162324
40,20,20,2.5,14,0.18,1.8,0.6770868082629008,0.24224748041345034
32,16,20,2.5,14,0.15,1.8,0.6770874972231147,0.24213629242283555
28,20,10,3.0,14,0.22,1.8,0.67708809284414,0.24216207542528864
40,12,20,1.5,6,0.15,1.8,0.6770903898716801,0.24207528483416932
36,16,15,1.5,6,0.18,2.2,0.677090513312534,0.2421112606664962
36,20,10,2.0,14,0.15,1.8,0.6770907588312423,0.24214056995824504
40,20,15,2.0,6,0.22,1.8,0.6770911709024398,0.24214947056126318
32,16,10,2.0,10,0.15,1.8,0.6770922918916288,0.24209138447249415
28,16,20,2.5,10,0.18,2.6,0.6770935706971745,0.24212771084038406
28,12,20,2.0,14,0.15,2.6,0.6770939886457241,0.2421145388661673
40,20,25,2.5,10,0.18,2.6,0.6770944359515702,0.24224433558413935
40,16,20,1.5,14,0.15,2.2,0.6770980048377944,0.24218320284628952
32,20,10,2.0,14,0.22,1.8,0.6770983495934915,0.24216138151371844
32,16,20,1.5,10,0.22,2.2,0.6770994889895108,0.2421515298843165
28,12,25,2.0,14,0.22,1.8,0.6770998196873764,0.242138120521625
28,16,15,2.5,14,0.18,1.8,0.6770999530473312,0.2421274851403576
36,12,20,1.5,6,0.18,1.8,0.6771007310509569,0.24209928715940235
36,12,25,1.5,10,0.15,2.6,0.6771024224110992,0.24214217693714835
32,20,10,2.5,14,0.15,2.2,0.6771027872127638,0.24214811333477596
32,20,20,3.0,14,0.18,2.2,0.6771039595953654,0.2422138578789569
36,20,15,2.5,14,0.15,1.8,0.6771070459893576,0.24217634273931835
28,12,20,2.5,6,0.18,2.2,0.6771091602427971,0.24208434359359476
36,16,20,3.0,6,0.18,1.8,0.6771091859666223,0.24205976330554904
36,20,15,2.0,14,0.15,2.6,0.6771113119658206,0.24218758174890398
32,16,20,2.0,10,0.18,2.2,0.6771113841679318,0.24214179651239212
32,16,25,1.5,10,0.22,2.6,0.6771118548784777,0.24217612596910815
28,12,25,2.5,10,0.18,1.8,0.6771118757192295,0.24211141336560257
32,16,10,2.0,6,0.15,2.6,0.6771120367468387,0.2420848276752982
40,20,15,2.0,14,0.15,1.8,0.6771127233092127,0.24219189154022283
28,12,25,3.0,6,0.22,1.8,0.6771162524117498,0.24210094527630793
36,16,20,1.5,10,0.18,2.2,0.6771172897369181,0.24216103803781056
28,16,20,3.0,6,0.22,2.6,0.6771199110166919,0.2421549632851307
32,20,10,2.5,10,0.15,2.6,0.677122779457277,0.24213532308755237
32,12,20,1.5,6,0.18,2.6,0.6771243261059366,0.24212415311968002
36,16,20,1.5,6,0.22,2.2,0.6771260335050882,0.24217264401488714
28,16,10,2.5,10,0.18,1.8,0.6771271196161575,0.2421108519030582
32,20,10,1.5,10,0.22,2.6,0.6771293098886678,0.2421667953163256
36,20,20,3.0,6,0.22,2.6,0.677129867093464,0.24222774491183494
32,12,25,1.5,10,0.22,1.8,0.6771301339870553,0.24215151106056473
28,12,25,2.5,6,0.22,2.2,0.6771309324174076,0.24213347625572568
40,20,20,2.0,10,0.18,2.2,0.6771319555852761,0.2422158728687191
32,16,15,1.5,10,0.22,1.8,0.6771335219919151,0.24214612355271606
32,12,20,2.0,6,0.18,1.8,0.6771352529098921,0.2420943106964699
32,12,15,1.5,6,0.18,1.8,0.6771372892959978,0.2421018000204957
36,12,25,3.0,6,0.15,1.8,0.6771387821230184,0.24201589462935566
32,20,15,3.0,10,0.18,1.8,0.6771388493288454,0.24215283642363283
36,16,25,2.5,6,0.22,2.2,0.6771393158811511,0.24219146950663015
40,16,25,2.0,6,0.22,2.2,0.6771397820311865,0.2422168995137573
32,12,15,1.5,10,0.15,1.8,0.6771412513602276,0.24211522457094886
32,12,25,2.0,6,0.18,2.6,0.6771425145874188,0.24213615753729117
32,12,20,1.5,10,0.15,2.6,0.6771431729338803,0.2421349553662927
32,20,10,1.5,14,0.22,2.6,0.6771433383594644,0.24218644212041276
40,16,20,1.5,6,0.22,1.8,0.6771433920928924,0.24217869779922072
32,16,15,2.0,10,0.15,2.2,0.6771437132728418,0.2421307053843652
32,16,15,3.0,6,0.15,1.8,0.677144876249227,0.2420280507890232
28,12,15,2.5,6,0.15,1.8,0.677146989968792,0.24205916709676215
32,16,25,1.5,14,0.22,2.6,0.6771490040835393,0.24220919467714414
36,12,25,1.5,6,0.18,2.6,0.6771500738408573,0.24216147657185577
28,12,10,1.5,6,0.22,2.6,0.6771502753018289,0.24212090190789595
28,12,15,1.5,6,0.22,2.6,0.6771505588313433,0.24213284147784947
32,16,25,2.5,14,0.15,2.6,0.6771510159958333,0.24219730801579611
28,20,15,2.5,10,0.22,2.6,0.677151338533156,0.2421888611898989
36,20,10,1.5,6,0.22,2.2,0.6771514955945913,0.242172356985383
40,20,20,3.0,10,0.15,2.2,0.6771540302753177,0.24220989278111738
32,16,10,1.5,10,0.18,2.2,0.6771561556520763,0.24213916451557743
32,20,10,3.0,6,0.18,2.6,0.6771577529441556,0.2421355820685069
40,20,15,1.5,14,0.15,2.6,0.6771584643252967,0.24222010205549713
28,16,20,2.5,10,0.22,1.8,0.6771587424422899,0.24215839440387651
28,12,20,2.0,6,0.22,2.2,0.6771593067032076,0.24213980475354266
40,20,25,2.5,14,0.18,2.6,0.6771602138972569,0.24233469787589876
28,12,10,2.0,6,0.15,2.6,0.6771608872138807,0.24209967953954956
36,20,20,2.0,14,0.18,2.6,0.6771629747687303,0.24225071755595315
28,12,20,2.0,14,0.18,1.8,0.6771635376837029,0.24214680628646557
32,20,10,2.0,10,0.18,2.6,0.6771644200050703,0.2421706403617221
28,20,25,3.0,10,0.22,2.6,0.6771645652394135,0.2422201097883516
40,16,25,2.0,10,0.15,2.6,0.677165023140538,0.24221172273255798
32,16,25,3.0,10,0.15,2.2,0.6771657596540344,0.2421572334733659
28,12,25,2.0,10,0.18,2.6,0.6771678137054866,0.24215297367821284
36,16,20,2.0,14,0.15,1.8,0.6771701091432655,0.24219066757114904
32,16,25,2.5,6,0.22,2.6,0.6771703505875251,0.24220551185647102
40,12,25,3.0,6,0.15,1.8,0.677170540709917,0.24202576324244438
28,16,15,3.0,6,0.18,2.6,0.6771723935018756,0.24212755042489612
36,16,20,2.0,6,0.22,1.8,0.6771757152127071,0.2421697411927063
40,12,25,1.5,6,0.18,2.2,0.677177509993112,0.24217733091394403
40,16,25,2.0,14,0.18,1.8,0.6771808091405493,0.24226492108777392
36,20,20,3.0,14,0.15,2.2,0.6771829672436913,0.24226111411373732
32,16,15,2.0,14,0.15,1.8,0.677186013758375,0.24216515155737992
28,16,10,3.0,6,0.15,2.6,0.6771875883902705,0.24209723725233392
32,12,10,1.5,6,0.15,1.8,0.6771877740098698,0.2421102476084132
36,16,15,1.5,14,0.15,1.8,0.6771908325395185,0.24217901295581656
28,20,10,3.0,10,0.18,2.6,0.6771921345545402,0.24218126038311333
32,12,25,2.5,6,0.15,2.6,0.6771950170980018,0.24211615336343
32,16,25,3.0,14,0.15,1.8,0.6771950847355036,0.24220602448279552
36,20,20,2.0,10,0.18,2.6,0.6771956007558573,0.24223199637869153
28,12,15,2.0,6,0.18,2.2,0.6771957432760007,0.24212742259014186
36,20,15,3.0,6,0.22,1.8,0.6771964009935477,0.2421716223742105
28,16,10,2.0,14,0.18,2.6,0.6771983754753967,0.24217026289685534
32,16,25,2.0,14,0.18,2.6,0.6771989112194619,0.24222680840176827
40,16,20,2.5,6,0.15,2.2,0.6771998715344358,0.24210802464183606
40,12,25,2.0,6,0.18,1.8,0.6772000916113383,0.24214670798774127
32,16,15,2.0,6,0.22,1.8,0.6772026659790605,0.2421597118522388
36,20,10,1.5,10,0.18,2.2,0.6772033633287667,0.24218958500202878
32,20,15,2.5,10,0.18,2.2,0.6772051164771062,0.24219614767827344
28,16,10,2.5,14,0.15,1.8,0.6772070508168289,0.24215572586793427
28,20,15,2.5,14,0.22,2.6,0.6772073112402966,0.24223758526549474
36,20,10,2.5,6,0.18,1.8,0.6772082480481938,0.24212300442537188
32,16,15,2.5,6,0.18,1.8,0.6772084376795722,0.24211605537357841
32,12,25,2.0,10,0.15,2.2,0.6772111011953694,0.24216714479037466
36,16,20,3.0,6,0.15,2.2,0.6772126673541918,0.24208730118018731
28,12,20,1.5,14,0.22,2.2,0.6772128831762722,0.24218161260438315
36,16,20,2.5,6,0.15,2.6,0.6772130031093481,0.24213248649174646
36,20,15,1.5,14,0.18,2.6,0.6772168118501352,0.24224198070824668
28,16,20,2.5,14,0.18,2.2,0.6772171070968481,0.24220148007801987
36,20,20,3.0,10,0.18,1.8,0.6772173170639741,0.24222339948905544
40,16,20,2.0,6,0.15,2.6,0.6772186733855416,0.24216159851014846
28,16,20,3.0,10,0.18,1.8,0.6772189015000741,0.2421670306956659
28,12,25,2.0,10,0.22,1.8,0.6772198378358708,0.24217782504339463
28,16,10,2.0,14,0.22,1.8,0.677220620407704,0.24218119033036292
36,20,15,2.0,14,0.18,1.8,0.6772207197484204,0.24223723039152764
36,20,15,2.5,6,0.18,2.6,0.6772215268920138,0.2421894822344613
40,20,25,2.5,10,0.22,1.8,0.6772219254350192,0.24230404909495765
40,16,25,3.0,6,0.18,2.6,0.6772231395358117,0.24220936139357763
36,20,15,2.0,6,0.22,2.2,0.6772249133839328,0.24222332006165248
28,12,15,1.5,14,0.18,2.6,0.6772251646988976,0.2421715330148728
40,20,10,1.5,6,0.15,2.6,0.6772264279354723,0.24217199910494386
32,16,20,3.0,6,0.18,2.2,0.6772269499509153,0.2421444311862434
32,20,20,3.0,10,0.18,2.2,0.6772287330510605,0.242222836583183
36,20,20,2.0,14,0.22,1.8,0.6772291664142234,0.24228311969212307
36,20,15,1.5,6,0.22,2.6,0.6772291942304866,0.242240330848235
28,16,25,3.0,10,0.18,2.2,0.6772292618309323,0.2421918658181134
28,16,15,2.5,14,0.15,2.2,0.6772298895590189,0.24218290846405943
32,12,20,1.5,14,0.15,2.2,0.6772313920352506,0.24218681803507133
32,20,10,3.0,10,0.15,1.8,0.6772319357063019,0.24216271270272582
32,20,10,2.0,10,0.22,1.8,0.6772325138210447,0.24220251604913476
32,16,20,2.5,6,0.18,2.6,0.6772349699160972,0.24217753025938976
36,12,25,1.5,10,0.18,1.8,0.6772360793409693,0.2422032268706088
28,12,25,3.0,6,0.18,2.2,0.67723960881224,0.24214099641437914
28,12,15,1.5,14,0.22,1.8,0.6772421396130676,0.24218006636449524
28,12,20,1.5,10,0.22,2.2,0.6772423856954772,0.24218545094926627
28,12,25,2.5,14,0.15,1.8,0.6772429725894082,0.24218239302778288
32,12,20,1.5,10,0.18,1.8,0.6772431465463876,0.24218106446391832
28,12,10,2.0,10,0.15,1.8,0.6772435837731196,0.24215127078221904
32,16,20,2.0,14,0.15,2.6,0.6772445821525979,0.24221962962199173
36,12,25,2.0,6,0.15,2.6,0.677245107324888,0.24216203846617873
40,20,25,2.5,14,0.22,1.8,0.6772459439147422,0.2423770016325702
32,12,20,1.5,6,0.22,1.8,0.6772464328553892,0.24218229881591097
40,16,25,3.0,10,0.15,1.8,0.6772469548888184,0.24222481316274486
32,12,20,2.0,6,0.15,2.2,0.6772475287995712,0.2421376380723061
36,12,20,1.5,6,0.15,2.2,0.6772480785347824,0.24215952522868717
36,20,25,2.0,10,0.22,2.2,0.6772481842298529,0.24228756698595097
28,12,20,3.0,6,0.15,1.8,0.6772501700859067,0.24208533278468733
28,16,15,3.0,10,0.15,1.8,0.6772501724047783,0.24215743288873418
32,20,10,2.5,10,0.18,1.8,0.6772504209532028,0.24219232445473832
36,12,25,1.5,14,0.15,2.2,0.677250849027449,0.24222735876550952
36,16,25,2.5,10,0.15,2.2,0.677251256408899,0.24221627341931692
28,12,25,1.5,10,0.22,2.6,0.677253336997231,0.24220418510912325
32,16,25,2.0,14,0.22,1.8,0.6772537200719954,0.24225376759860467
32,16,25,2.5,14,0.18,1.8,0.6772537600187691,0.2422438871656661
40,20,15,2.5,6,0.15,2.6,0.6772539600451443,0.24216194131843072
40,20,20,2.5,10,0.18,1.8,0.6772577465567884,0.24226198251578523
40,20,15,3.0,6,0.18,1.8,0.677263290911864,0.24213829794620587
28,20,10,3.0,10,0.22,1.8,0.6772657048985088,0.24221544972179457
28,16,25,3.0,14,0.15,2.6,0.6772659347660589,0.24223109265538986
32,16,10,2.0,6,0.18,1.8,0.6772662694758446,0.2421544238967595
36,20,20,2.5,6,0.22,2.6,0.6772663281156711,0.24228333469136487
36,20,10,3.0,6,0.15,1.8,0.6772664398531841,0.24208262656347346
32,20,20,2.5,14,0.18,2.6,0.6772669226719708,0.2422829192740221
32,20,10,2.5,6,0.22,2.2,0.6772681017828408,0.24221692214806945
28,12,10,2.0,6,0.18,1.8,0.6772697037145488,0.24214957783110724
32,12,15,1.5,6,0.15,2.2,0.6772697820108433,0.24215910599920645
28,12,25,1.5,14,0.22,2.6,0.6772706689820217,0.24222300976279104
32,16,25,2.0,10,0.18,2.6,0.6772737977040953,0.2422366164443822
28,20,25,3.0,14,0.22,2.6,0.6772749534592836,0.24230312039421956
36,20,15,1.5,10,0.18,2.6,0.6772757728786668,0.24224830650191573
40,16,20,1.5,10,0.15,2.2,0.6772768340945775,0.24223550502595717
36,20,15,1.5,14,0.22,1.8,0.6772773297558369,0.24227151516107576
32,12,25,2.0,14,0.15,1.8,0.6772783222514612,0.24221483280546396
28,16,15,2.5,10,0.15,2.6,0.6772788027583411,0.24219028127804837
32,20,25,2.5,10,0.22,2.2,0.6772795657233984,0.24228085946254538
28,12,10,1.5,14,0.22,1.8,0.677280353913664,0.24218751277909406
28,12,25,2.5,10,0.15,2.2,0.6772821817967193,0.24218562046814135
40,20,15,1.5,14,0.18,1.8,0.6772831860133427,0.2422771515942784
32,16,15,1.5,14,0.18,2.2,0.6772845899645835,0.24222636100447845
28,20,10,3.0,14,0.18,2.2,0.6772846378859391,0.24224402419680488
36,16,25,3.0,6,0.18,2.6,0.6772854063504885,0.24221803869384792
28,12,10,1.5,14,0.18,2.6,0.6772854880867174,0.24218997558949426
28,16,10,2.5,10,0.15,2.2,0.6772877584955179,0.2421821975435791
32,16,10,1.5,14,0.15,2.6,0.6772877865438349,0.24220899115614047
40,20,10,2.0,6,0.15,1.8,0.6772881608536809,0.24214446522697927
36,20,10,2.0,6,0.18,2.2,0.67728878094674,0.24219833594118378
36,20,20,2.0,10,0.22,1.8,0.6772901845568831,0.24227612373242957
36,20,15,2.0,10,0.15,2.6,0.6772913722185601,0.24223765189103524
28,12,25,2.0,6,0.22,2.6,0.6772928786996216,0.2422220970617797
28,12,20,2.0,10,0.15,2.6,0.6772940532650067,0.24219367712947806
40,12,25,1.5,14,0.15,1.8,0.6772940898557028,0.2422634368939052
40,20,20,2.5,14,0.15,2.2,0.6772944653479083,0.2423304051389422
28,12,15,1.5,10,0.18,2.6,0.6772946861724791,0.2421956123278914
28,12,20,2.5,6,0.15,2.6,0.6772964983871315,0.24215809890435588
28,12,20,2.0,14,0.15,2.2,0.6772965899787077,0.24220547756296926
40,20,15,1.5,10,0.15,2.6,0.677297730860598,0.24225611717171783
36,20,25,2.5,10,0.18,2.6,0.6772980407352395,0.24230094218450846
32,12,25,1.5,14,0.18,2.2,0.6772982792470127,0.2422404092905043
28,16,20,3.0,14,0.15,1.8,0.6772985173919237,0.2422181417147091
28,20,15,3.0,14,0.18,2.6,0.6772989119679199,0.24227133431607092
36,20,25,2.0,14,0.22,2.2,0.6773001949270495,0.242345830231951
32,16,15,2.5,6,0.15,2.2,0.6773016354839597,0.24214712918619422
40,20,20,3.0,6,0.22,2.2,0.6773021548821171,0.24229913235217054
28,20,20,3.0,10,0.22,2.2,0.677302353769392,0.24226507027781802
36,20,20,2.5,14,0.15,2.6,0.6773025233812472,0.24230911451307438
36,12,25,1.5,6,0.22,1.8,0.6773040049651172,0.24223415317789604
40,20,20,1.5,14,0.18,2.6,0.6773041171309812,0.2423304945476553
36,16,25,3.0,10,0.15,1.8,0.6773050339011788,0.24222543021888368
40,20,25,3.0,10,0.18,2.2,0.6773061723966968,0.24233709632438644
40,16,25,2.5,14,0.15,1.8,0.6773065576845099,0.24231507967136504
32,12,25,2.0,6,0.22,1.8,0.6773069448706988,0.24221355091154698
28,20,20,3.0,14,0.22,2.2,0.6773073071214567,0.24229993059785654
28,16,10,2.5,6,0.18,2.6,0.6773087105635152,0.24219065691089323
36,20,25,2.5,14,0.18,2.6,0.6773109602114927,0.24235566681553777
32,20,25,3.0,14,0.18,2.6,0.6773121058873425,0.24233377779526824
28,16,25,2.0,10,0.22,2.6,0.6773127171590436,0.2422533355410889
36,20,10,2.5,6,0.15,2.2,0.6773131129446134,0.24215710733522816
36,16,25,2.0,14,0.15,2.6,0.6773137140401821,0.24229175432766586
28,12,25,2.0,14,0.18,2.2,0.6773139356820971,0.24223285390787908
28,16,10,2.0,10,0.18,2.6,0.6773149895578493,0.24221243980818066
28,20,10,2.5,14,0.22,2.2,0.677316696488757,0.24226891496964156
40,20,20,1.5,10,0.18,2.6,0.6773187096679593,0.24230781895346398
40,20,20,1.5,6,0.22,2.6,0.6773187943258978,0.24232232250245972
32,20,25,2.5,14,0.22,2.2,0.6773194053261049,0.24233474840670272
32,20,10,2.0,6,0.22,2.6,0.677321650378113,0.24225671867046186
40,20,10,1.5,10,0.15,1.8,0.6773223325539617,0.2422307324881284
28,12,15,1.5,10,0.22,1.8,0.6773226784792857,0.24220907163528307
32,20,15,1.5,10,0.22,2.6,0.6773227997902849,0.24227301808150598
32,20,15,2.5,14,0.15,2.6,0.6773240508315388,0.242274393514388
32,20,20,2.5,14,0.22,1.8,0.6773256846709987,0.2423118023654635
28,16,20,2.0,14,0.22,2.2,0.6773263455607558,0.24226117833389074
32,20,25,3.0,10,0.18,2.6,0.6773265381589263,0.24229240378727696
32,16,25,3.0,6,0.22,2.2,0.677327211840294,0.24225651782784577
40,16,15,1.5,6,0.15,1.8,0.6773290149277386,0.24218640732594252
28,16,15,2.0,14,0.18,2.6,0.6773294291420977,0.24224357206957808
40,20,15,2.0,6,0.18,2.2,0.6773294852316083,0.24223838097086056
32,20,20,2.5,10,0.18,2.6,0.67733429693669,0.242279035866512
36,16,20,1.5,14,0.15,2.6,0.6773366683849448,0.2422767311676855
32,20,10,2.0,14,0.18,2.2,0.6773366918624265,0.24226527353762947
40,16,25,2.5,6,0.18,2.6,0.6773371431723813,0.2422676514862966
40,16,25,2.0,10,0.18,1.8,0.6773389834003923,0.24228944554308762
36,16,25,1.5,14,0.18,2.6,0.6773414158850077,0.24231071919884564
32,20,15,3.0,10,0.15,2.2,0.6773417981204737,0.24223694127254175
28,12,10,1.5,10,0.18,2.6,0.6773422720817208,0.24220979143745533
32,16,20,2.0,14,0.18,1.8,0.6773441237454697,0.24226530400998056
36,20,25,3.0,14,0.18,2.2,0.6773450459627598,0.24238259589332153
36,20,20,1.5,10,0.22,2.2,0.677345380293186,0.24231004092563602
36,20,15,3.0,6,0.18,2.2,0.6773460874744481,0.24221194392786563
32,20,15,2.5,6,0.22,2.6,0.6773466812831808,0.24228617808488798
40,16,25,1.5,14,0.18,2.2,0.6773467341694821,0.2423370055501666
32,20,15,3.0,14,0.15,1.8,0.6773470023260947,0.2422725993218152
28,12,10,1.5,10,0.22,1.8,0.6773472075632749,0.24221188647450137
28,20,15,3.0,14,0.22,1.8,0.6773479275568205,0.24229547403781734
28,16,25,2.0,14,0.22,2.6,0.6773480540666106,0.24228683268955226
40,20,25,3.0,14,0.18,2.2,0.6773482430533015,0.24243687362461103
36,20,20,1.5,14,0.22,2.2,0.6773492219112709,0.24233408581710317
28,16,25,2.5,14,0.18,2.6,0.6773497916263568,0.2422796567682319
32,20,15,1.5,14,0.22,2.6,0.6773504091065132,0.2423009600210191
28,16,10,2.0,10,0.22,1.8,0.6773504797038242,0.24222909346163138
32,20,25,2.0,10,0.22,2.6,0.6773514005498551,0.24231655985234737
40,12,25,2.0,6,0.15,2.2,0.6773516125547666,0.24220076642981694
28,16,10,3.0,6,0.18,1.8,0.6773529127718654,0.2421698597930694
28,16,15,3.0,6,0.22,1.8,0.6773561930450296,0.24221294691849543
32,16,15,1.5,6,0.22,2.2,0.6773565680875377,0.24225176265145446
32,16,25,2.5,10,0.15,2.6,0.6773566996156077,0.24225573842735523
36,20,25,1.5,10,0.22,2.6,0.6773573364841686,0.242339759056194
32,16,25,2.0,10,0.22,1.8,0.6773575483747605,0.2422761475765425
28,16,25,3.0,14,0.18,1.8,0.677358241914926,0.24227283842574088
36,20,15,1.5,10,0.22,1.8,0.6773584514357349,0.24228734832412688
40,20,20,2.5,6,0.22,2.2,0.6773589190045586,0.24232246215579026
36,16,10,1.5,6,0.15,1.8,0.677359591147716,0.24219503870525677
32,16,10,1.5,14,0.18,1.8,0.6773600488004947,0.2422425396581734
36,16,25,1.5,6,0.22,2.6,0.6773615302135606,0.24231123762883913
32,16,20,2.0,6,0.22,2.2,0.6773618271503709,0.242264503905659
36,16,15,2.0,6,0.15,1.8,0.6773637056367439,0.2421751138470039
28,16,10,2.0,6,0.22,2.6,0.6773638419072456,0.2422439906324479
28,16,15,2.0,14,0.22,1.8,0.6773650650874422,0.24226110611642243
40,20,15,1.5,6,0.18,2.6,0.6773675526706328,0.24228408895059272
32,20,10,3.0,6,0.22,1.8,0.677368654198899,0.24223231508217735
28,12,10,2.0,6,0.15,2.2,0.6773691301283951,0.24219266808930542
28,20,10,2.5,10,0.22,2.2,0.6773713094365168,0.24227299774569
32,16,10,1.5,6,0.18,2.6,0.6773736243578442,0.24223550318791806
32,16,10,2.0,6,0.15,2.2,0.6773763386669909,0.24219855166368906
28,16,20,2.0,10,0.22,2.2,0.6773765342744402,0.24226812685986077
36,20,10,1.5,14,0.15,2.6,0.6773785159825909,0.24228288116872895
32,20,25,3.0,14,0.22,1.8,0.6773792030588468,0.24236689063221056
36,16,15,1.5,6,0.15,2.6,0.6773795480172472,0.24223367109304567
28,16,15,2.5,6,0.22,2.2,0.6773805825981466,0.24225006903528612
40,20,20,1.5,14,0.22,1.8,0.6773809598639116,0.24236788643751278
28,12,20,2.0,10,0.18,1.8,0.6773832677823296,0.2422345557599192
28,16,15,2.5,10,0.18,1.8,0.6773844493186882,0.24223814325191836
36,16,25,1.5,10,0.18,2.6,0.6773854399971131,0.2423082539740844
36,20,25,2.5,14,0.22,1.8,0.6773855045916944,0.24239227073968658
32,20,20,3.0,14,0.15,2.6,0.6773858821971555,0.24232930926324736
40,20,15,3.0,6,0.15,2.2,0.6773874347080469,0.2421715836132941
32,20,15,2.0,14,0.18,2.6,0.6773876254686327,0.2423118840728571
32,16,15,2.0,6,0.18,2.2,0.6773878754851839,0.24223330520267272
28,12,15,2.0,10,0.15,1.8,0.677388678636652,0.242222377467153
32,12,25,1.5,6,0.22,2.2,0.677390710234216,0.24227439288898597
28,12,15,2.0,6,0.15,2.6,0.6773909066409743,0.242210699719773
32,12,25,2.5,6,0.18,1.8,0.6773925871333507,0.24220304549253055
28,16,20,3.0,10,0.15,2.2,0.6773932391355664,0.2422408503647183
28,16,25,2.5,14,0.22,1.8,0.6773935724791443,0.24230127160793463
40,16,25,2.0,14,0.15,2.2,0.6773940567037735,0.2423528444820014
36,16,20,2.0,6,0.18,2.2,0.6773944901017259,0.24225335402587825
28,12,25,2.5,6,0.18,2.6,0.6773960104418423,0.24223792068194092
36,16,25,2.5,14,0.15,1.8,0.6773963783829379,0.2423194944576771
28,20,20,2.5,10,0.22,2.6,0.6773974120605328,0.24231263871207448
36,20,25,3.0,10,0.18,2.2,0.677398096483692,0.2423415340440083
28,12,10,1.5,6,0.22,2.2,0.6774017789410802,0.2422371998540114
28,12,25,3.0,6,0.15,2.6,0.6774030157464322,0.24219680739598315
36,20,15,2.0,14,0.15,2.2,0.6774054051643087,0.24231502882629688
36,16,25,1.5,14,0.22,1.8,0.6774074864118409,0.24234305145367918
28,16,20,2.5,10,0.18,2.2,0.6774085595179868,0.24226678760785605
40,16,25,1.5,10,0.18,2.2,0.6774099589644825,0.24233485494084456
40,16,20,1.5,6,0.18,2.2,0.6774102570424972,0.2422860170513057
36,20,25,2.5,10,0.22,1.8,0.6774105898099219,0.24235347294246118
40,20,20,3.0,14,0.15,1.8,0.6774111068096902,0.24238729452166663
32,16,15,1.5,10,0.18,2.2,0.6774118644897762,0.2422713758422707
32,12,25,3.0,6,0.15,1.8,0.6774126962418302,0.2421488825741119
40,20,15,2.0,10,0.15,1.8,0.6774151195566315,0.24228511461691207
40,20,20,1.5,10,0.22,1.8,0.6774155620345592,0.24235313813758413
28,16,10,3.0,6,0.15,2.2,0.6774159015619305,0.24218851785234755
40,20,10,1.5,6,0.18,1.8,0.6774166246169054,0.24225740365518164
28,16,10,2.0,14,0.18,2.2,0.6774166486963101,0.24226911139468324
32,12,25,1.5,10,0.18,2.2,0.6774174943709185,0.2422800034321722
40,16,20,3.0,6,0.15,1.8,0.6774183941205261,0.24213955281016722
32,20,10,2.5,14,0.15,1.8,0.6774184486944014,0.24228396964253637
32,16,25,2.5,14,0.15,2.2,0.6774184539290081,0.24231189573861625
32,20,25,3.0,10,0.22,1.8,0.6774188641314612,0.24233504331117373
28,20,15,3.0,10,0.18,2.6,0.6774192581973397,0.24229574461401351
40,12,25,2.5,6,0.15,1.8,0.6774201019648048,0.24217213095193243
36,20,20,2.5,14,0.18,1.8,0.6774202098293104,0.24236197729188846
32,16,20,3.0,6,0.15,2.6,0.6774216477630445,0.24220796587990465
36,20,25,1.5,14,0.22,2.6,0.6774243410366946,0.24239278408443737
32,20,20,2.5,10,0.22,1.8,0.677425270052029,0.24232144025643254
32,20,15,2.5,14,0.18,1.8,0.6774262570737253,0.2423205394619276
32,20,20,2.0,14,0.22,2.2,0.6774274872204291,0.24235660822843347
36,16,25,2.0,6,0.22,2.2,0.6774283519977123,0.24232548528694325
36,16,25,2.0,14,0.18,1.8,0.6774287727072461,0.24234400236162762
32,20,25,2.0,14,0.22,2.6,0.6774291271799183,0.24237736163735382
32,20,20,2.0,10,0.22,2.2,0.6774302643648548,0.24233276743884508
32,16,20,2.5,6,0.22,1.8,0.6774309533598961,0.24226853524856146
32,12,20,1.5,10,0.15,2.2,0.6774323447669311,0.24226619792890583
36,20,15,2.0,10,0.18,1.8,0.6774358298125726,0.24230225557051485
36,16,20,2.5,6,0.18,1.8,0.6774380209825697,0.24222983613322513
28,12,20,2.0,6,0.18,2.6,0.67743821945964,0.242257638793903
32,20,10,2.5,10,0.15,2.2,0.6774402577050246,0.24227364967949838
40,16,20,2.0,6,0.18,1.8,0.6774411396698807,0.24225847631859354
32,20,15,2.0,14,0.22,1.8,0.6774420468573066,0.2423384452460779
36,20,15,2.5,6,0.22,1.8,0.6774432737045014,0.2422913297501966
36,20,20,3.0,10,0.15,2.2,0.6774435741625346,0.24231401897418178
36,12,25,2.0,6,0.18,1.8,0.6774438342761218,0.24224968821221693
28,12,15,1.5,14,0.18,2.2,0.6774465543832441,0.2422741146559312
40,20,20,2.0,14,0.15,2.6,0.6774466017019628,0.2423916903438284
28,16,15,2.0,10,0.18,2.6,0.6774466138939572,0.24228340137261245
40,20,15,1.5,10,0.18,1.8,0.6774480639792246,0.24232378514892944
36,20,10,2.0,10,0.15,1.8,0.6774488500884149,0.24227666208987758
32,16,20,2.0,10,0.15,2.6,0.677449208007767,0.2422902851999669
36,12,25,1.5,10,0.15,2.2,0.6774493092663169,0.24229648088805997
28,12,15,1.5,6,0.22,2.2,0.677449933231747,0.24226992163346484
36,16,20,1.5,14,0.18,1.8,0.6774535760037299,0.24233070479317384
36,20,20,2.5,10,0.15,2.6,0.6774538939728947,0.24232829873085343
32,16,10,1.5,10,0.15,2.6,0.6774584224512352,0.24227765297931875
36,16,15,1.5,10,0.15,1.8,0.6774586420845835,0.24228283473545875
32,12,20,1.5,6,0.18,2.2,0.6774594747502414,0.24227323755220193
28,16,20,2.5,14,0.15,2.6,0.6774597693915589,0.24230614828849018
28,12,20,2.5,6,0.18,1.8,0.677459791851214,0.24223118881583655
28,16,10,2.5,6,0.22,1.8,0.6774612507885683,0.2422624781392246
28,20,20,2.5,14,0.22,2.6,0.6774630043933569,0.24236725988071267
28,16,25,2.5,10,0.18,2.6,0.6774677183588048,0.24231023751486636
40,20,25,1.5,10,0.22,2.2,0.6774680054611898,0.24241160610987786
36,16,25,2.0,10,0.15,2.6,0.6774688859644439,0.24232720967352783
28,12,10,1.5,14,0.18,2.2,0.677469031379802,0.24227579977478064
28,12,25,2.0,10,0.18,2.2,0.6774714046684981,0.2422900856030176
36,16,25,1.5,10,0.22,1.8,0.6774739480018066,0.24235014661035006
40,16,25,1.5,6,0.22,2.2,0.6774755078551286,0.24237259631897823
32,20,15,2.0,10,0.18,2.6,0.6774756196381787,0.24232890191693626
28,16,15,3.0,6,0.18,2.2,0.6774773773861353,0.2422522913980453
32,20,10,1.5,14,0.22,2.2,0.6774773969642734,0.24233851798168393
32,16,10,1.5,6,0.22,1.8,0.6774774142886522,0.24228472792059136
28,16,20,2.5,6,0.22,2.6,0.677478372727738,0.24231974304365395
32,16,20,1.5,14,0.18,2.6,0.6774800418196119,0.2423369903289611
36,20,15,2.5,10,0.15,1.8,0.6774805650506038,0.24229874537111418
32,16,20,1.5,6,0.22,2.6,0.6774828621222515,0.2423345007104188
36,20,10,1.5,14,0.18,1.8,0.6774838910883201,0.24233141951428736
32,20,15,3.0,6,0.22,2.2,0.6774856458591475,0.24232898672426423
32,16,20,2.5,10,0.15,1.8,0.6774893170707801,0.24228601782052323
36,16,20,2.0,10,0.15,1.8,0.6774899879517193,0.2423026383498602
32,12,25,2.5,6,0.15,2.2,0.677490583045421,0.24223511647390683
32,20,20,3.0,14,0.18,1.8,0.6774908548046498,0.24237624014412487
40,20,15,1.5,14,0.15,2.2,0.6774913092411486,0.24236618645674693
36,16,20,1.5,10,0.15,2.6,0.6774924666551912,0.24232687555477903
28,16,20,3.0,6,0.22,2.2,0.6774925986136378,0.24230968011499493
40,20,15,2.5,6,0.18,1.8,0.6774929659248233,0.24226351875377217
40,20,25,2.0,10,0.18,2.6,0.6774940695662018,0.24241393958194246
40,20,20,2.5,10,0.15,2.2,0.6774948676993329,0.24235715596235816
28,16,25,3.0,14,0.15,2.2,0.6774973858191932,0.24232952493202325
28,16,15,2.0,10,0.22,1.8,0.6774984870725953,0.24230800887583928
40,16,25,3.0,6,0.22,1.8,0.6774990880156102,0.24233406609017144
32,12,25,2.0,6,0.18,2.2,0.6774991359391048,0.24228890725517957
28,16,15,2.5,14,0.15,1.8,0.6775000419185773,0.24230076900312433
36,16,25,2.5,6,0.18,2.6,0.6775014653080366,0.24232374005912022
32,16,25,2.5,10,0.18,1.8,0.6775015568103928,0.24232049378505757
28,20,15,3.0,10,0.22,1.8,0.6775033113665111,0.24233493985310703
28,20,15,2.5,14,0.22,2.2,0.6775034489862375,0.24236824128456835
36,20,20,2.0,6,0.22,2.6,0.6775051974654288,0.24238871597903588
28,12,20,1.5,6,0.22,2.6,0.677508161601988,0.24231424923130032
32,16,20,2.0,14,0.15,2.2,0.6775088667646458,0.24233581894016085
28,16,10,1.5,10,0.22,2.6,0.6775093459655395,0.24231349131117513
32,20,10,3.0,6,0.18,2.2,0.6775093842498296,0.24227609960906363
36,12,25,2.5,6,0.15,1.8,0.6775100097838238,0.24221553182080882
32,16,25,2.0,14,0.18,2.2,0.677511868097514,0.24236485926513973
32,16,25,2.0,6,0.22,2.6,0.6775120348361567,0.2423610361433586
32,20,10,2.0,10,0.18,2.2,0.6775128318677136,0.24232573644177569
28,20,10,3.0,10,0.18,2.2,0.677513100842193,0.2423202824645226
40,20,25,1.5,14,0.22,2.2,0.6775134370430901,0.24246249523440686
28,16,10,1.5,14,0.22,2.6,0.6775137083876397,0.24232419308808656
28,20,10,3.0,14,0.15,2.6,0.6775150992108799,0.24234072295519513
32,16,10,1.5,14,0.15,2.2,0.6775152336083795,0.24231266885307645
32,16,25,1.5,14,0.22,2.2,0.6775187091231095,0.24237651758288883
40,12,25,1.5,6,0.15,2.6,0.6775199583533134,0.24231801516199006
36,20,20,2.0,14,0.18,2.2,0.6775225321584813,0.24240726878773752
40,20,25,2.0,14,0.18,2.6,0.677524654097656,0.24247390084199003
32,20,10,1.5,10,0.22,2.2,0.6775267664228787,0.2423478693205831
40,16,20,1.5,14,0.15,1.8,0.6775276618439413,0.24237151871946153
28,12,15,2.0,6,0.18,1.8,0.6775280555641914,0.24227351510463838
40,12,25,1.5,10,0.15,1.8,0.6775281900827739,0.2423393336307517
28,16,25,3.0,10,0.15,2.6,0.6775318137984571,0.24232050711252429
40,20,20,2.0,6,0.22,2.2,0.6775318145920087,0.24240135823739026
32,16,15,2.0,10,0.15,1.8,0.6775320035328186,0.24230356300063502
32,16,20,1.5,14,0.22,1.8,0.6775324060895342,0.24236269281359107
28,16,15,1.5,10,0.22,2.6,0.6775330351371762,0.2423356501412844
28,20,15,2.5,10,0.22,2.2,0.6775380540942335,0.2423604605695851
28,12,20,2.5,6,0.15,2.2,0.6775384593869122,0.2422585244779777
40,20,15,1.5,6,0.22,1.8,0.6775397691676315,0.24236438581411585
28,16,15,1.5,14,0.22,2.6,0.6775400964561319,0.24234909488580927
28,16,25,2.5,10,0.22,1.8,0.677542812268503,0.24234555244995584
36,16,20,1.5,6,0.18,2.6,0.6775430924883495,0.2423480941755339
32,16,10,1.5,10,0.18,1.8,0.6775432805901495,0.24231659065365527
32,16,25,1.5,10,0.22,2.2,0.6775442037931577,0.24237172356534423
36,16,25,3.0,6,0.22,1.8,0.6775444442275828,0.24233591280005753
28,16,20,2.5,14,0.18,1.8,0.6775450591127756,0.24234498470448512
32,20,15,2.5,10,0.15,2.6,0.6775457376304119,0.2423418903627233
36,12,25,1.5,6,0.18,2.2,0.6775479088790219,0.2423342761481432
32,12,20,1.5,14,0.15,1.8,0.6775487872207098,0.2423303046817627
28,12,20,2.0,10,0.15,2.2,0.6775490001718621,0.24230882409828133
28,12,20,1.5,14,0.18,2.6,0.6775490031329453,0.24233570411158586
36,20,10,1.5,6,0.18,2.6,0.6775495061529477,0.24234237641205808
28,16,15,2.0,6,0.22,2.6,0.6775513157528109,0.24234325897915507
36,16,20,2.5,6,0.15,2.2,0.6775520450145645,0.24226581046754994
28,20,15,3.0,14,0.18,2.2,0.6775538043951105,0.24238037651318445
28,16,15,2.5,10,0.15,2.2,0.6775544207161323,0.24231239427600035
40,20,20,2.0,10,0.15,2.6,0.6775562396162738,0.24239480030104515
32,20,10,2.5,6,0.18,2.6,0.6775564246456456,0.2423261899430345
36,16,15,1.5,6,0.18,1.8,0.6775569762322948,0.24231420954438085
28,12,15,1.5,10,0.18,2.2,0.6775580255547163,0.24231796608943101
36,20,10,2.0,6,0.15,2.6,0.6775581337614817,0.24230646356458452
28,12,25,2.0,14,0.15,2.6,0.6775585554495936,0.24234123940791572
32,20,15,2.0,10,0.22,1.8,0.6775591397558376,0.24236811062441388
32,16,20,1.5,10,0.18,2.6,0.6775606939786457,0.24235883962914942
36,20,10,1.5,10,0.15,2.6,0.6775607726866021,0.24234921570095685
28,12,25,1.5,14,0.22,2.2,0.6775642668185525,0.24235816507106325
28,12,20,2.0,14,0.15,1.8,0.6775657192079214,0.2423262131333848
32,16,15,1.5,14,0.15,2.6,0.6775667170290676,0.242352861825838
36,20,15,1.5,14,0.18,2.2,0.6775672354211837,0.24239808535056365
28,12,10,1.5,10,0.18,2.2,0.6775673387251241,0.24231542527017297
40,20,25,2.5,14,0.18,2.2,0.6775679439189783,0.24250686042001066
28,12,25,2.5,6,0.22,1.8,0.6775685907240091,0.24231912711554135
36,20,20,3.0,14,0.15,1.8,0.6775728782539375,0.24242141826136623
28,20,25,3.0,10,0.22,2.2,0.6775740944549911,0.24239796184368245
40,20,10,1.5,6,0.15,2.2,0.677574685149839,0.24232110262105985
28,12,20,2.0,6,0.22,1.8,0.6775748364538444,0.24232259460340214
40,20,20,2.0,14,0.18,1.8,0.6775758262194408,0.24244982561604064
28,16,15,2.0,14,0.18,2.2,0.6775782151971541,0.24235554404590445
32,16,20,2.0,10,0.18,1.8,0.6775806815670798,0.24234993338948416
28,12,20,1.5,14,0.22,1.8,0.6775808871232701,0.24235151240737096
36,12,25,2.0,6,0.15,2.2,0.6775812697923836,0.24230047699349486
40,16,25,2.0,10,0.15,2.2,0.6775812945061321,0.24239001053520526
32,20,20,2.5,14,0.18,2.2,0.6775819486254753,0.24241888483350255
28,16,25,3.0,6,0.22,2.6,0.6775828696933861,0.2423791747129876
40,16,25,2.0,6,0.18,2.6,0.6775846521005441,0.24238882231435396
40,20,25,2.5,10,0.18,2.2,0.6775848974987725,0.2424498775122701
28,16,10,2.0,10,0.18,2.2,0.6775853126864385,0.24233542352680168
36,20,15,3.0,6,0.15,2.6,0.677586465032551,0.24229005769655343
32,12,15,1.5,6,0.15,1.8,0.6775872740375476,0.2422990194506185
32,20,20,3.0,10,0.15,2.6,0.6775880049574436,0.2423725370717146
28,20,25,3.0,14,0.22,2.2,0.6775882165282994,0.2424385662208004
32,20,15,2.5,14,0.15,2.2,0.6775883866330864,0.24238759345754368
32,16,25,2.5,6,0.22,2.2,0.6775912389080786,0.24237958216083197
32,12,25,1.5,14,0.15,2.6,0.6775921462655563,0.24237143558241828
40,16,25,2.5,6,0.22,1.8,0.6775922096634284,0.24238393374498443
40,16,20,2.0,6,0.15,2.2,0.6775929381888961,0.24231266109299146
32,12,20,2.0,6,0.15,1.8,0.6775947331822009,0.24228329683267114
28,12,25,3.0,6,0.18,1.8,0.6775963680527014,0.24228188592584515
28,16,10,2.5,6,0.18,2.2,0.6775996590288228,0.24231571836565508
36,20,20,3.0,6,0.22,2.2,0.6776002994560523,0.24241093153390023
28,12,25,1.5,10,0.22,2.2,0.6776014867867828,0.24236471800908488
28,20,10,3.0,14,0.18,1.8,0.677602903163601,0.2423801201598974
32,16,20,2.5,6,0.18,2.2,0.6776052542663973,0.242330675785381
40,16,25,2.5,10,0.15,1.8,0.6776059084855205,0.24238442860908518
36,20,15,2.0,6,0.18,2.6,0.6776096347680451,0.24237582622355333
36,20,20,2.5,14,0.15,2.2,0.6776096382210935,0.24243865636757292
32,16,25,3.0,6,0.18,2.6,0.6776101109575863,0.24235183696536589
28,12,10,2.0,6,0.15,1.8,0.6776103734367812,0.24229870451803442
40,20,25,2.0,14,0.22,1.8,0.6776110802219782,0.2425159670419942
32,20,10,2.0,14,0.15,2.6,0.6776138663138991,0.24238651496843067
32,16,25,3.0,10,0.15,1.8,0.6776147281259316,0.24234724263827895
28,16,25,2.5,14,0.18,2.2,0.6776163524739246,0.24239642508125117
32,12,25,2.0,10,0.15,1.8,0.6776169605425795,0.24234697297715924
40,20,25,2.0,10,0.22,1.8,0.6776176485750616,0.24247165215876465
36,20,20,2.0,10,0.18,2.2,0.6776211522023186,0.24241656703284492
28,16,10,2.5,10,0.15,1.8,0.6776224577253495,0.2423319882927894
36,16,25,2.0,10,0.18,1.8,0.6776227598140233,0.24239607320406414
36,16,25,2.0,14,0.15,2.2,0.67762311181593,0.24242538579876532
36,20,20,2.5,10,0.18,1.8,0.6776236645853596,0.24240358199829082
40,20,15,2.5,6,0.15,2.2,0.6776268179827311,0.2423054903294127
36,12,20,1.5,6,0.15,1.8,0.6776283470489567,0.24232186202369427
32,16,15,2.0,6,0.15,2.6,0.6776284476964196,0.2423312482817729
28,12,20,1.5,10,0.18,2.6,0.6776285564232178,0.24236319806709136
32,20,25,3.0,14,0.18,2.2,0.6776286596193675,0.2424673611674244
28,20,20,3.0,14,0.18,2.6,0.6776287219937245,0.242434133636788
28,12,15,2.0,6,0.15,2.2,0.677630492579825,0.2423159303681967
28,20,25,2.5,10,0.22,2.6,0.6776306933728036,0.2424282885738693
32,16,20,1.5,10,0.22,1.8,0.6776313149381819,0.24239245697735487
40,20,15,2.0,6,0.15,2.6,0.6776320794269447,0.2423540140102992
36,16,20,1.5,10,0.18,1.8,0.6776321283245914,0.2423904705319962
28,20,10,2.5,14,0.18,2.6,0.6776361301414361,0.24240747264945445
36,12,25,1.5,14,0.15,1.8,0.6776375734827594,0.24239890614915724
36,16,20,3.0,6,0.15,1.8,0.6776378542773965,0.242244743649581
36,20,15,2.5,6,0.18,2.2,0.6776400438512086,0.24235910583356238
28,12,25,2.0,14,0.18,1.8,0.6776403399137667,0.2423790904800433
28,16,10,2.0,14,0.15,2.6,0.6776407741550694,0.24236968430557165
28,16,15,3.0,6,0.15,2.6,0.6776416357246247,0.24230902304872823
28,16,15,2.5,6,0.18,2.6,0.6776422603122038,0.2423533262196666
36,16,20,1.5,14,0.15,2.2,0.677644534574656,0.24241339454834127
32,16,20,3.0,6,0.18,1.8,0.6776453929095405,0.24230442253416926
28,12,25,2.0,6,0.22,2.2,0.6776498690486368,0.24237968019367437
28,16,25,2.0,14,0.22,2.2,0.6776511612041718,0.24242298907444806
28,12,25,2.5,10,0.15,1.8,0.6776511774302858,0.2423491073019031
28,20,10,2.0,10,0.22,2.6,0.6776522192564491,0.24240856878371847
36,20,15,2.0,10,0.15,2.2,0.6776522586296533,0.24239443863365098
32,20,20,3.0,14,0.15,2.2,0.6776545312309981,0.24244125729812485
32,16,25,2.0,10,0.18,2.2,0.6776560350505558,0.2424055097556603
32,16,15,2.5,6,0.15,1.8,0.6776588470744059,0.24229058801370043
32,16,15,1.5,14,0.18,1.8,0.6776594367314567,0.24239594447530247
28,12,10,1.5,6,0.18,2.6,0.6776619010720951,0.24235565112828766
40,20,20,3.0,6,0.18,2.6,0.6776635007727208,0.24241327322809986
28,12,25,3.0,6,0.15,2.2,0.6776639730048667,0.2423000516673288
36,20,10,1.5,14,0.15,2.2,0.6776649380896997,0.24241080749926042
28,20,10,2.0,14,0.22,2.6,0.6776666936098656,0.24243066136264146
40,16,20,2.5,6,0.15,1.8,0.6776670504137685,0.24228592674988597
32,20,20,1.5,10,0.22,2.6,0.6776693182181173,0.24244803768016282
28,16,20,2.0,14,0.18,2.6,0.6776711945869573,0.24241441567928732
28,12,20,1.5,10,0.22,1.8,0.6776721392497741,0.24238421223738751
28,16,25,3.0,10,0.18,1.8,0.6776740044776633,0.24238434009144674
28,20,10,2.5,14,0.22,1.8,0.6776781674713143,0.2424279240500021
28,12,15,1.5,14,0.15,2.6,0.6776786970114611,0.24238095001648505
36,16,20,2.0,6,0.15,2.6,0.6776788085763458,0.24236521541665657
40,20,15,1.5,10,0.15,2.2,0.6776797579734053,0.24242340364256998
32,16,10,1.5,6,0.18,2.2,0.6776802317781099,0.2423727758679083
36,20,25,2.5,14,0.18,2.2,0.6776802695007165,0.24251301106387027
28,12,10,1.5,14,0.15,2.6,0.6776817846999867,0.24237532844842521
28,16,10,2.0,6,0.22,2.2,0.6776821528348782,0.2423857029017419
36,20,15,1.5,10,0.18,2.2,0.6776835015371264,0.24242993087699746
28,20,20,3.0,14,0.22,1.8,0.677684511594468,0.24246150125998853
36,20,10,1.5,10,0.18,1.8,0.6776849968979083,0.242405624948637
36,20,25,3.0,14,0.15,2.6,0.6776856001677204,0.24252007597147615
40,16,25,3.0,6,0.18,2.2,0.6776856441164799,0.24238230488125678
28,16,20,2.5,14,0.15,2.2,0.677686191627973,0.24240464919966018
40,20,20,3.0,10,0.15,1.8,0.6776875748102708,0.24242741387880237
32,20,20,3.0,6,0.22,2.6,0.6776878354599178,0.24245994790225067
32,12,25,1.5,14,0.18,1.8,0.6776915531028292,0.24241768384138493
32,20,15,2.5,10,0.18,1.8,0.6776917724816276,0.2424070892296445
36,20,15,1.5,6,0.22,2.2,0.6776934070296945,0.2424431616388526
36,20,10,1.5,6,0.22,1.8,0.6776935898399192,0.24241003968647812
28,16,25,2.0,10,0.22,2.2,0.6776969140543699,0.2424266765467483
32,20,15,2.0,6,0.22,2.6,0.6776969622881835,0.2424459851411864
32,16,10,2.0,6,0.15,1.8,0.6776977955945144,0.24233484970161887
32,20,15,2.0,14,0.18,2.2,0.6776988724673059,0.24244918078557595
32,20,10,3.0,6,0.15,2.6,0.6776996481653729,0.2423393177915968
28,20,25,2.5,14,0.22,2.6,0.6777027214808962,0.24248691022574567
36,16,20,1.5,6,0.22,1.8,0.6777027567338583,0.2424232454354259
36,16,25,3.0,6,0.18,2.2,0.6777041498830688,0.24237842092103587
32,20,20,1.5,14,0.22,2.6,0.6777042516805358,0.24248067954847938
36,16,15,1.5,6,0.15,2.2,0.6777070370853582,0.24237560740097067
28,16,10,2.0,14,0.18,1.8,0.6777076851131235,0.24240049941340647
36,16,25,1.5,14,0.18,2.2,0.6777085948909136,0.2424737620689925
32,16,25,2.5,10,0.15,2.2,0.6777092121360623,0.2424082714748097
28,16,20,2.5,10,0.15,2.6,0.6777095817976032,0.24239843599730462
32,16,20,2.0,6,0.18,2.6,0.6777109350730778,0.2424066463769908
32,20,10,2.0,14,0.18,1.8,0.6777117994037308,0.24243122315049453
36,20,10,2.5,6,0.15,1.8,0.6777119650139314,0.2423142236587544
40,20,20,1.5,14,0.18,2.2,0.6777137198085668,0.24251030690610437
28,16,10,3.0,6,0.15,1.8,0.6777165564760911,0.2423082718961874
28,16,20,2.0,14,0.22,1.8,0.6777171343383894,0.2424369234857074
32,20,10,2.0,6,0.22,2.2,0.6777171459561628,0.24242778641746354
28,12,25,2.5,6,0.18,2.2,0.6777187199556913,0.2423749294139862
32,20,15,1.5,14,0.22,2.2,0.6777187680310153,0.24246767126087104
32,16,15,1.5,6,0.18,2.6,0.6777200130334834,0.2424092231734117
28,12,10,1.5,14,0.18,1.8,0.6777204244783994,0.24239325377145557
32,12,20,1.5,6,0.15,2.6,0.6777225038852073,0.24238660525560207
32,20,20,2.5,10,0.18,2.2,0.6777241077284856,0.24244707844489827
32,20,25,2.5,14,0.18,2.6,0.677724849515157,0.24250625888688282
40,12,25,1.5,6,0.18,1.8,0.6777250911174212,0.24240941338421815
28,12,10,1.5,6,0.22,1.8,0.6777251040978018,0.2423857993273774
32,16,10,1.5,10,0.15,2.2,0.677725849192868,0.24239981375877884
28,16,20,3.0,6,0.18,2.6,0.6777280244127717,0.24239217302709953
40,16,25,1.5,14,0.15,2.6,0.6777300109220087,0.2425020908950001
40,20,20,2.5,14,0.15,1.8,0.6777302374610812,0.24251140662139273
32,20,25,3.0,10,0.18,2.2,0.677731435150656,0.24246303757222948
32,16,20,3.0,6,0.15,2.2,0.6777329142140113,0.24232783541967176
36,16,25,2.5,6,0.22,1.8,0.6777331494005028,0.24243019132813093
40,20,25,3.0,14,0.15,2.6,0.6777340489553647,0.2425908641331119
28,20,20,3.0,10,0.18,2.6,0.6777346165979589,0.2424495483898756
40,20,20,2.0,10,0.18,1.8,0.6777360076851819,0.2424748798765979
36,20,20,2.5,6,0.22,2.2,0.6777360735158311,0.24247305338897956
28,20,10,3.0,14,0.15,2.2,0.6777369391834932,0.2424349802607653
32,16,15,1.5,10,0.15,2.6,0.6777389428132745,0.24241906647260972
28,12,15,1.5,14,0.18,1.8,0.6777392814810443,0.24240934580223902
28,12,15,1.5,6,0.18,2.6,0.6777404342420406,0.24239970826926624
36,16,25,2.5,10,0.15,1.8,0.6777424947624312,0.24242477217594377
28,12,20,2.0,6,0.18,2.2,0.6777425105488896,0.24239161448048838
32,20,20,3.0,10,0.18,1.8,0.677743565005852,0.24244083875455244
32,20,10,2.5,6,0.22,1.8,0.6777452287413327,0.24241357387169307
36,20,10,2.0,6,0.18,1.8,0.6777480772922886,0.24239020514552387
36,20,25,2.5,10,0.18,2.2,0.6777489846616385,0.24249231061237142
40,20,25,3.0,10,0.15,2.6,0.6777492559278312,0.24251348360558753
28,16,15,2.0,10,0.18,2.2,0.6777494250079432,0.24242018071465934
32,12,25,2.0,6,0.15,2.6,0.6777517187843406,0.24239098655981553
40,16,20,1.5,6,0.15,2.6,0.6777541595309294,0.24242730176218244
32,20,15,1.5,10,0.22,2.2,0.6777542094938082,0.24246827741669158
32,12,25,1.5,10,0.15,2.6,0.6777555400162085,0.2424317477128531
40,20,20,2.5,6,0.18,2.6,0.6777575216630928,0.2424633574199826
32,20,15,2.5,6,0.22,2.2,0.6777629955515309,0.2424584256226211
28,20,15,2.0,10,0.22,2.6,0.6777633171699622,0.24247025922650017
28,20,15,3.0,10,0.18,2.2,0.6777644960535663,0.2424447236933207
32,20,15,3.0,6,0.18,2.6,0.677765819296827,0.2424238449312131
40,16,20,1.5,10,0.15,1.8,0.6777681223968465,0.24245067855492922
28,12,25,2.0,10,0.15,2.6,0.6777688016888802,0.24242338133365618
32,12,25,1.5,6,0.18,2.6,0.6777691257441982,0.24243719167806554
32,16,25,2.5,14,0.15,1.8,0.6777697132706463,0.24246182379496964
28,16,10,1.5,14,0.22,2.2,0.6777761961360574,0.24244575044134967
32,20,25,2.5,10,0.18,2.6,0.6777773420893219,0.2424932445356202
32,16,20,2.0,10,0.15,2.2,0.6777775849542591,0.24243537491651207
28,20,10,2.5,10,0.18,2.6,0.6777791267497414,0.24245232293125088
40,20,20,1.5,10,0.18,2.2,0.6777799194962737,0.24250933587947515
36,20,25,2.0,14,0.18,2.6,0.6777801280270708,0.24255127868875279
28,16,20,1.5,10,0.22,2.6,0.677780346955652,0.24246252415499406
28,16,20,3.0,10,0.15,1.8,0.6777811683246373,0.24240854345126384
28,20,20,2.5,14,0.22,2.2,0.6777816425167199,0.24250759290401683
28,12,25,2.0,14,0.15,2.2,0.6777831089113725,0.24244140894428903
28,16,20,2.0,10,0.18,2.6,0.6777886045594312,0.24245257924453167
32,20,15,3.0,10,0.15,1.8,0.6777890175420788,0.24242648625051819
28,16,20,1.5,14,0.22,2.6,0.6777898121148559,0.2424781078205099
28,20,15,2.0,14,0.22,2.6,0.6777907899925453,0.2425001091031302
32,20,25,2.5,14,0.22,1.8,0.6777913280415329,0.2425387351088654
28,16,10,2.5,6,0.15,2.6,0.6777915925493154,0.24239287016370706
40,20,20,2.0,14,0.15,2.2,0.6777925053684996,0.24253903854414396
36,20,25,2.0,10,0.18,2.6,0.6777953540345028,0.24252195030527027
28,16,25,3.0,14,0.15,1.8,0.6777956957360243,0.2424555437770986
36,20,15,2.0,14,0.15,1.8,0.677796902712946,0.24248443723540217
32,16,20,1.5,14,0.18,2.2,0.677798396363579,0.24248059170621195
40,16,25,2.0,6,0.22,1.8,0.6778000285868769,0.24248788884975941
36,20,25,3.0,10,0.15,2.6,0.6778003862219667,0.24250416447815562
36,20,15,2.0,6,0.22,1.8,0.6778003896897719,0.24246420400773744
28,12,20,1.5,14,0.18,2.2,0.6778009323965549,0.24245153322568105
28,20,15,3.0,14,0.15,2.6,0.6778016085370805,0.2424836956612111
28,16,25,2.5,10,0.18,2.2,0.6778039404545096,0.24245806915906884
28,20,20,2.5,10,0.22,2.2,0.677804108697248,0.2424924874219964
36,20,25,3.0,14,0.18,1.8,0.6778076145051724,0.24257425274806566
32,16,15,2.0,6,0.18,1.8,0.677807967878224,0.2424118781247405
40,20,25,2.5,6,0.22,2.6,0.6778084988947402,0.24257584951098393
40,20,15,1.5,6,0.18,2.2,0.6778090032994838,0.24247264946511593
36,16,25,1.5,10,0.18,2.2,0.6778097130139904,0.2424965471517848
32,12,20,1.5,10,0.15,1.8,0.6778097260585946,0.24243712325461944
32,16,10,1.5,14,0.15,1.8,0.6778098725143713,0.24244676926661754
28,20,10,3.0,10,0.15,2.6,0.6778119869992429,0.24244825995950434
28,16,15,2.5,6,0.22,1.8,0.6778142341267349,0.2424341215228867
40,16,25,2.5,6,0.18,2.2,0.6778144775090985,0.2424560785215546
32,16,25,2.0,14,0.15,2.6,0.6778157789059492,0.2424963441877598
32,20,25,2.0,10,0.22,2.2,0.67781668090427,0.24252230971303124
40,12,25,2.0,6,0.15,1.8,0.6778175738368277,0.24238667366966674
28,20,10,3.0,6,0.22,2.6,0.6778192063602597,0.24248636983116556
28,16,10,1.5,10,0.22,2.2,0.6778201532907342,0.2424576901832337
28,12,10,1.5,10,0.15,2.6,0.6778220119095677,0.24243524519998974
28,16,15,2.0,14,0.15,2.6,0.6778221083838158,0.2424637408250338
32,20,25,2.0,14,0.22,2.2,0.6778241104647529,0.24255242529519708
32,16,15,1.5,14,0.15,2.2,0.6778260656644818,0.24246987525801414
28,20,20,3.0,10,0.22,1.8,0.6778264057025064,0.24249233821661295
28,12,15,1.5,6,0.22,1.8,0.6778281244909283,0.24244166920909827
36,20,15,3.0,6,0.18,1.8,0.6778284754558512,0.24239211245444034
28,16,15,3.0,6,0.18,1.8,0.6778328684077349,0.24239302057192694
32,16,20,2.5,6,0.15,2.6,0.6778330420347031,0.2424150045060572
28,16,15,1.5,14,0.22,2.2,0.6778336903398435,0.24248421968725847
28,12,15,1.5,10,0.15,2.6,0.6778337528145557,0.24244580746870628
36,16,25,2.0,6,0.18,2.6,0.6778342020288253,0.24248549062635083
28,16,20,2.5,10,0.18,1.8,0.6778370591239006,0.2424561909262714
40,16,25,2.0,14,0.15,1.8,0.6778372667365615,0.24254134267532262
36,20,20,1.5,14,0.18,2.6,0.6778376450603915,0.242548644655554
40,16,25,1.5,10,0.15,2.6,0.6778410319997497,0.2425212969114954
28,16,10,2.0,14,0.15,2.2,0.6778417602468737,0.24246005094002226
28,20,15,2.5,14,0.18,2.6,0.6778429650606618,0.24251454144567466
32,20,10,2.0,10,0.15,2.6,0.6778440844661102,0.24247199827759872
40,20,20,1.5,6,0.22,2.2,0.6778465645486159,0.24254817388758756
32,20,20,2.0,14,0.18,2.6,0.6778468870400552,0.24253889224011083
28,12,20,1.5,6,0.22,2.2,0.6778469877433538,0.24246827321273345
40,20,25,3.0,6,0.22,2.6,0.6778472766913761,0.24260161299832106
32,16,15,1.5,10,0.18,1.8,0.6778474078641563,0.2424688746790618
36,16,25,1.5,6,0.22,2.2,0.6778474711481672,0.2425228155420873
36,16,20,1.5,10,0.15,2.2,0.6778485724233776,0.2424849251457851
32,16,25,3.0,6,0.22,1.8,0.6778486471946791,0.2424613841864942
36,16,25,2.0,10,0.15,2.2,0.6778490602318664,0.24249190656203057
28,20,10,2.5,10,0.22,1.8,0.6778498234982444,0.24248524087676343
36,20,20,2.5,10,0.15,2.2,0.6778502754968196,0.24249663067555588
32,16,15,1.5,6,0.22,1.8,0.6778506742243059,0.24247119350916332
28,12,10,1.5,14,0.15,2.2,0.6778514198280512,0.24245428453440365
28,16,20,2.5,6,0.22,2.2,0.6778529509751772,0.24247972262863277
28,12,20,2.5,6,0.15,1.8,0.6778533865714085,0.2423886111250229
32,20,10,2.5,10,0.15,1.8,0.6778543083142805,0.24245385629851549
32,16,20,2.0,14,0.15,1.8,0.6778550002759579,0.2424875548621423
28,16,20,2.0,10,0.22,1.8,0.6778554995927748,0.24248425420532185
36,20,25,2.0,14,0.22,1.8,0.677856322995531,0.24258829134447524
32,20,15,2.0,10,0.18,2.2,0.6778564184501982,0.24249725058192614
28,16,25,3.0,10,0.15,2.2,0.6778581023653772,0.24246181930367333
40,20,15,3.0,6,0.15,1.8,0.6778582576556597,0.24234170642067504
40,20,15,2.0,6,0.18,1.8,0.67785864374595,0.2424524706813564
36,12,25,1.5,6,0.15,2.6,0.6778589167067948,0.24246437129015502
28,16,10,2.0,10,0.15,2.6,0.6778597709053455,0.24246000138062893
36,20,20,1.5,6,0.22,2.6,0.6778618393773761,0.24255158223051332
32,12,25,1.5,14,0.15,2.2,0.6778639543344883,0.2424936191573348
40,20,25,3.0,14,0.18,1.8,0.6778667056839708,0.2426496209454165
40,16,25,1.5,14,0.18,1.8,0.6778671499011487,0.24256464669685834
36,20,20,2.0,14,0.15,2.6,0.6778691442082843,0.2425549374774317
28,12,10,1.5,10,0.18,1.8,0.677869296130105,0.24245695724117444
36,20,25,1.5,10,0.22,2.2,0.6778696899731623,0.24256723135199057
32,12,25,2.5,6,0.15,1.8,0.6778701992269464,0.2423869187300705
28,12,25,2.0,10,0.18,1.8,0.6778718418392193,0.2424705241197551
32,20,10,1.5,6,0.22,2.6,0.6778725606249505,0.2425141168314629
32,12,25,1.5,10,0.18,1.8,0.6778732740903204,0.24248589859779618
32,20,10,2.0,14,0.15,2.2,0.677873483275168,0.24250085538466193
28,16,25,2.5,14,0.15,2.6,0.6778748005289146,0.24250729855053985
32,20,25,2.5,10,0.22,1.8,0.6778759533322652,0.24253905205338935
32,12,20,1.5,6,0.18,1.8,0.6778778388974495,0.2424578290563595
36,20,10,2.0,6,0.15,2.2,0.6778793631353816,0.24243968202394375
28,12,15,1.5,14,0.15,2.2,0.677879772136481,0.24247359183160402
28,16,15,1.5,10,0.22,2.2,0.6778801576254079,0.2424957128273013
36,20,20,1.5,10,0.18,2.6,0.6778827528573538,0.2425461491740796
36,20,25,1.5,14,0.22,2.2,0.677882766286639,0.24259717967367941
32,20,10,1.5,14,0.18,2.6,0.6778828710807273,0.2425209734873192
32,20,20,2.5,14,0.15,2.6,0.6778830233556296,0.2425455423498729
36,16,20,2.0,6,0.18,1.8,0.6778843084285272,0.24245565450258633
32,16,20,2.0,6,0.22,1.8,0.6778850681363924,0.24248831164937146
40,20,25,2.0,6,0.22,2.6,0.6778864882901668,0.2426057228669757
32,20,20,2.5,6,0.22,2.6,0.677890231408763,0.24254994674526625
36,20,15,2.5,6,0.15,2.6,0.677890662762779,0.24244803547632546
28,20,15,2.5,14,0.22,1.8,0.6778921837884516,0.24253850626529774
28,12,10,1.5,6,0.18,2.2,0.6778930011867633,0.242461739711421
28,16,25,2.5,6,0.22,2.6,0.6778934686799368,0.24252195101239413
36,20,10,1.5,10,0.15,2.2,0.677894613758669,0.2424984152002033
32,20,15,2.5,10,0.15,2.2,0.6778953728187982,0.2424932050432259
28,20,10,2.5,14,0.18,2.2,0.6778956704587047,0.24252123605930392
28,12,20,2.0,10,0.15,1.8,0.6778971051463265,0.24246623342781992
40,12,25,1.5,6,0.15,2.2,0.6778979908364641,0.24247708595339135
36,20,25,2.0,10,0.22,1.8,0.6778998976807923,0.24257050385217682
28,16,15,3.0,6,0.15,2.2,0.6779007417726619,0.24241169447885738
28,20,20,3.0,14,0.18,2.2,0.6779016110470347,0.24255058986090067
36,12,25,1.5,10,0.15,1.8,0.6779018105004483,0.2424974820515174
28,20,15,3.0,14,0.18,1.8,0.6779025211154533,0.24252912879172797
32,16,20,1.5,6,0.22,2.2,0.6779026023771723,0.24252075556815725
28,12,25,1.5,6,0.22,2.6,0.6779040912487543,0.24251117772875874
28,16,15,2.0,14,0.18,1.8,0.6779040993557766,0.24250154267448787
36,20,15,1.5,14,0.15,2.6,0.6779058570342924,0.24254645545421386
28,12,15,1.5,10,0.18,1.8,0.6779066435676515,0.24247958554615065
28,16,15,2.0,6,0.22,2.2,0.6779069276118144,0.24250032516742542
36,20,25,3.0,6,0.22,2.6,0.6779069727324807,0.24259694807366297
32,12,25,1.5,6,0.22,1.8,0.6779095316038205,0.24250388202763928
36,20,20,1.5,14,0.22,1.8,0.6779105944493955,0.24258400325557364
32,20,20,2.0,14,0.22,1.8,0.6779109217911694,0.24256998541227068
28,12,15,2.0,6,0.15,1.8,0.6779131690203477,0.24243813159780916
32,16,25,2.5,6,0.18,2.6,0.6779135081868994,0.24249977902656442
32,20,10,3.0,6,0.18,1.8,0.6779157746325305,0.24243232436174897
32,20,10,2.5,6,0.18,2.2,0.6779181345400326,0.2424763994950906
28,12,25,2.5,6,0.15,2.6,0.6779205039103892,0.2424531200055412
32,20,20,2.0,10,0.18,2.6,0.6779207135334635,0.2425470282815673
28,16,15,2.5,10,0.15,1.8,0.6779219256976803,0.2424752859151126
28,12,20,1.5,10,0.18,2.2,0.6779235295295508,0.24249917819013783
28,12,25,1.5,14,0.18,2.6,0.6779246120298098,0.2425221563385997
32,16,15,2.0,6,0.15,2.2,0.6779250722789852,0.2424568438145286
28,20,25,3.0,14,0.18,2.6,0.6779259939886443,0.24257931139956615
32,16,20,1.5,10,0.18,2.2,0.6779271092826556,0.24252415109752157
32,16,25,2.0,14,0.18,1.8,0.6779278657329367,0.2425476025029962
40,20,15,1.5,14,0.15,1.8,0.6779279382351947,0.2425573104471755
28,16,20,2.0,6,0.22,2.6,0.6779291430030792,0.24253067690964705
28,16,20,3.0,6,0.22,1.8,0.6779292104734153,0.24248547614046426
32,20,25,3.0,14,0.15,2.6,0.6779293729701147,0.24259005976467798
32,16,10,1.5,6,0.15,2.6,0.6779313867721082,0.24248280031996094
36,20,10,1.5,6,0.18,2.2,0.677931679860705,0.24250938085044837
32,20,10,1.5,14,0.22,1.8,0.6779323792074649,0.24254499392145337
36,20,20,3.0,6,0.18,2.6,0.6779352421644042,0.24252076376205436
36,20,15,3.0,6,0.15,2.2,0.677937746304883,0.24242157225492184
32,20,15,2.5,14,0.15,1.8,0.6779380821496086,0.24253695995309757
32,12,25,2.0,6,0.18,1.8,0.6779389189465104,0.24247490886998468
36,16,25,2.5,6,0.18,2.2,0.6779401568468395,0.24250068641970765
40,20,25,3.0,10,0.18,1.8,0.6779434209075682,0.24259783773673754
28,16,10,2.0,10,0.18,1.8,0.6779438702729409,0.24249825338436523
28,16,20,2.0,14,0.18,2.2,0.6779454864740088,0.2425372638825779
40,20,20,3.0,6,0.22,1.8,0.6779465862107116,0.24254087427734863
32,16,25,2.0,6,0.22,2.2,0.6779495787259214,0.2425487584604157
36,20,20,3.0,10,0.15,1.8,0.677950058104692,0.24252431978280584
40,20,25,2.0,14,0.18,2.2,0.6779510650883297,0.2426570809083359
28,16,10,2.5,6,0.18,1.8,0.6779514554928366,0.2424644112901615
36,16,20,1.5,6,0.18,2.2,0.6779515585091802,0.2425251508253891
32,16,25,1.5,14,0.18,2.6,0.6779538457025773,0.24257031139646576
28,20,10,3.0,10,0.18,1.8,0.6779539254147147,0.24251195993284155
28,16,10,2.0,6,0.18,2.6,0.6779544790733804,0.2425014438203201
28,12,25,2.0,6,0.18,2.6,0.677954877508274,0.24250752185768992
40,20,25,2.5,14,0.15,2.6,0.6779560565681523,0.24266528006974353
32,20,20,3.0,10,0.15,2.2,0.6779582933803786,0.24252900162790403
28,12,20,2.0,6,0.15,2.6,0.6779587514216292,0.2424823628022299
40,16,25,1.5,6,0.18,2.6,0.6779611661813063,0.24257164146235613
40,16,20,1.5,6,0.18,1.8,0.6779628216905776,0.24252018709998782
36,16,25,3.0,6,0.15,2.6,0.6779630812563447,0.2424624228299443
28,20,10,2.0,14,0.22,2.2,0.6779631717800502,0.24256394181659585
28,16,15,2.5,6,0.18,2.2,0.6779659398592044,0.24249104596671253
28,12,25,1.5,14,0.22,1.8,0.6779669268796295,0.2425429918300425
28,20,15,2.5,10,0.18,2.6,0.6779692575563869,0.24254888101487834
32,16,25,1.5,6,0.22,2.6,0.6779696325623241,0.24257402084703264
28,16,25,2.5,14,0.18,1.8,0.6779699780876116,0.24255057436801045
32,20,10,2.0,10,0.18,1.8,0.6779702247876821,0.24252893667802086
36,20,25,2.5,6,0.22,2.6,0.6779727042936385,0.24262148836488573
36,20,20,1.5,10,0.22,1.8,0.6779792328164823,0.24259153392269567
28,16,25,3.0,6,0.22,2.2,0.6779804116083242,0.24254341093895035
40,16,25,3.0,6,0.15,2.6,0.6779810594050631,0.24247597534173587
40,20,20,2.0,10,0.15,2.2,0.6779813717904353,0.24257653987754157
32,20,10,1.5,10,0.18,2.6,0.6779814309488916,0.24255298195622285
28,20,20,2.0,10,0.22,2.6,0.6779820349846336,0.24258070604122217
28,16,20,2.5,14,0.15,1.8,0.67798250759739,0.2425331163840082
40,20,20,2.0,6,0.18,2.6,0.6779850021939308,0.2425762591193135
28,20,25,3.0,14,0.22,1.8,0.677986785011956,0.2426090177957536
36,20,20,2.0,6,0.22,2.2,0.6779871015514479,0.2425906635110341
36,16,20,2.5,6,0.15,1.8,0.6779874133678265,0.24243583548878297
36,20,25,3.0,10,0.18,1.8,0.6779893655231185,0.24258711218586324
40,20,25,2.0,10,0.18,2.2,0.6779907642842744,0.2426261314570102
36,20,20,2.0,14,0.18,1.8,0.6779924293277374,0.24261062973364714
28,12,25,3.0,6,0.15,1.8,0.6779945637048654,0.2424295923721306
32,20,20,2.5,14,0.18,1.8,0.677997713585956,0.2425972374918769
40,20,10,1.5,6,0.15,1.8,0.6779979673849046,0.24249999580623544
32,20,10,3.0,6,0.15,2.2,0.6779981058650361,0.2424543548444966
32,20,25,1.5,10,0.22,2.6,0.6780001482284541,0.24261255246667737
32,20,15,3.0,6,0.22,1.8,0.6780004785444667,0.2425313384138603
32,20,15,2.0,14,0.15,2.6,0.6780005993546143,0.24257990686350436
32,16,25,3.0,6,0.18,2.2,0.6780030663568256,0.2425072993180972
36,12,25,2.0,6,0.15,1.8,0.678005958604932,0.24247348239514302
40,16,25,1.5,10,0.18,1.8,0.6780071497710154,0.24259591200812192
36,20,25,3.0,14,0.15,2.2,0.6780079697203653,0.24265271900606936
28,12,15,1.5,6,0.18,2.2,0.6780106039813927,0.24252229058639976
40,20,15,2.0,6,0.15,2.2,0.6780116897185723,0.2425071652420151
28,12,25,1.5,10,0.18,2.6,0.6780124068929277,0.24255252304984323
32,16,25,2.0,10,0.15,2.6,0.6780131957776683,0.24256131143917004
28,16,25,2.0,14,0.18,2.6,0.6780142892158282,0.24258345067160583
28,16,20,2.5,10,0.15,2.2,0.6780143397323392,0.2425327379016027
32,20,20,2.0,10,0.22,1.8,0.6780155916436216,0.2425915037864247
36,20,20,2.5,14,0.15,1.8,0.6780159629624446,0.24260946939145617
32,16,25,1.5,14,0.22,1.8,0.6780160766758192,0.24260066459167298
28,20,20,2.0,14,0.22,2.6,0.6780169657388261,0.24261513363643167
40,20,20,2.5,6,0.22,1.8,0.6780185743751643,0.24258202514871363
32,12,20,1.5,6,0.15,2.2,0.6780200680052761,0.24251784199426257
32,20,20,3.0,14,0.15,1.8,0.6780202068220721,0.24259364605025802
40,20,25,2.5,10,0.15,2.6,0.6780219416634877,0.24262776814120585
28,20,25,3.0,10,0.18,2.6,0.6780219686698307,0.24258851283080948
36,20,20,2.0,10,0.15,2.6,0.6780241526435251,0.24258935736716666
36,16,20,2.0,6,0.15,2.2,0.6780245902918837,0.2425073639960051
28,20,10,3.0,14,0.15,1.8,0.678026494448933,0.2425574504648236
36,20,15,2.0,6,0.18,2.2,0.6780270106159662,0.24255061355105478
28,12,10,1.5,10,0.15,2.2,0.6780290922259421,0.24253196748601874
36,20,15,1.5,14,0.18,1.8,0.6780309119839173,0.24260389397151721
32,16,25,1.5,10,0.18,2.6,0.678030945188743,0.24258914109213944
28,20,10,2.0,10,0.22,2.2,0.67803109851611,0.24257987363899572
36,20,25,2.5,14,0.15,2.6,0.6780311373126413,0.24265810344016286
40,20,20,2.5,10,0.15,1.8,0.6780322503369866,0.24258135838355768
36,16,25,2.0,6,0.22,1.8,0.6780328161689012,0.2425775133562264
28,16,10,2.5,6,0.15,2.2,0.6780331596864254,0.24249398932626717
36,16,25,2.0,14,0.15,1.8,0.6780332868005605,0.24260215261430565
36,20,10,1.5,14,0.15,1.8,0.6780358476103664,0.2425760084431951
28,20,25,2.5,14,0.22,2.2,0.6780382689802689,0.24263444075059745
32,20,25,1.5,14,0.22,2.6,0.678039691414658,0.2426482537393063
32,16,20,2.5,6,0.18,1.8,0.6780418376902526,0.24250654970783148
32,16,15,1.5,10,0.15,2.2,0.6780418846597026,0.2425560259328796
36,16,20,1.5,14,0.15,1.8,0.6780423452988341,0.24258941617382793
32,20,25,3.0,14,0.18,1.8,0.6780442810274766,0.2426413169266825
28,16,15,2.0,10,0.15,2.6,0.6780444130651293,0.24255252277900038
28,12,25,2.0,10,0.15,2.2,0.678045207317029,0.24254734054199553
28,20,15,3.0,14,0.15,2.2,0.6780465610842901,0.24258764293982507
28,16,15,2.0,14,0.15,2.2,0.6780467046925301,0.24256393963057893
28,16,25,1.5,10,0.22,2.6,0.6780471576175825,0.24259643774132164
32,20,10,1.5,10,0.22,1.8,0.6780498560977829,0.242585290489278
28,20,15,2.5,10,0.22,1.8,0.6780504486702209,0.24258679608593214
28,16,10,1.5,6,0.22,2.6,0.6780522356247425,0.24257100952241653
36,12,25,1.5,6,0.18,1.8,0.6780526163529275,0.242551917993626
28,20,25,2.5,10,0.22,2.2,0.6780530999945816,0.24261461293689957
28,12,20,1.5,14,0.15,2.6,0.678053219937875,0.2425663058172943
32,20,10,2.0,6,0.18,2.6,0.6780584907868805,0.242567799041338
40,16,25,2.0,6,0.18,2.2,0.6780592068126718,0.24258333056074174
28,16,25,1.5,14,0.22,2.6,0.6780596630371211,0.2426141740816034
32,20,25,2.5,14,0.18,2.2,0.6780607198047188,0.24265072292308681
36,16,25,1.5,14,0.15,2.6,0.6780607326286101,0.24262723775640965
32,12,25,2.0,6,0.15,2.2,0.6780612945433605,0.2425212535160245
40,16,20,2.0,6,0.15,1.8,0.6780625918665973,0.2425000353991563
28,16,20,3.0,6,0.18,2.2,0.6780641159305654,0.24252907601048532
28,12,25,1.5,10,0.22,1.8,0.6780667685280336,0.24257867873504677
28,16,25,2.0,14,0.22,1.8,0.6780678893609035,0.24260959858740874
32,16,10,1.5,6,0.18,1.8,0.6780687488481504,0.2425457281098244
36,20,15,1.5,10,0.15,2.6,0.6780688417610532,0.24259974427601955
40,20,25,1.5,10,0.18,2.6,0.678071478879795,0.24267186229547422
32,16,15,1.5,6,0.18,2.2,0.678071793796551,0.24256520498553535
32,12,25,1.5,10,0.15,2.2,0.6780720657979197,0.24257427860512293
28,12,10,1.5,14,0.15,1.8,0.6780733381386932,0.24255759347832523
28,12,15,1.5,10,0.15,2.2,0.678074338046318,0.24255696315889408
40,20,25,1.5,14,0.18,2.6,0.6780743813895429,0.24270511814870327
32,16,10,1.5,10,0.15,1.8,0.6780745408998381,0.2425587458694695
28,20,15,3.0,10,0.15,2.6,0.6780774385946139,0.2425774510555776
28,12,25,2.0,14,0.15,1.8,0.6780797546316708,0.2425735905291579
32,20,15,2.5,6,0.18,2.6,0.6780811706077661,0.2425773714166555
28,16,10,2.0,6,0.22,1.8,0.6780842001987737,0.24256288440463425
32,16,20,2.0,6,0.18,2.2,0.6780854797240277,0.24256646067038942
32,20,20,2.5,10,0.15,2.6,0.6780861194012155,0.2426008720088366
40,16,25,1.5,14,0.15,2.2,0.6780889979275072,0.2426585036563185
40,20,25,1.5,6,0.22,2.6,0.6780933034055179,0.2426974076637147
40,20,25,3.0,14,0.15,2.2,0.6780943128067981,0.24273761724154194
36,16,15,1.5,6,0.15,1.8,0.6780957609480202,0.24254144449542184
40,20,25,2.5,14,0.18,1.8,0.6780969521987992,0.2427280023322174
28,20,20,3.0,10,0.18,2.2,0.6780991845257078,0.24260640370546455
40,20,15,2.5,6,0.15,1.8,0.6781010524166513,0.24248616595461944
28,12,25,2.5,6,0.18,1.8,0.6781011914421989,0.24253382276943738
32,20,20,1.5,14,0.22,2.2,0.6781018515480931,0.24265985319544675
40,20,20,1.5,14,0.15,2.6,0.6781034772461515,0.24267791507644323
28,12,10,1.5,6,0.15,2.6,0.678103544520198,0.24255757701529526
32,16,25,2.0,14,0.15,2.2,0.6781035483703921,0.24262218800567745
32,16,20,1.5,14,0.15,2.6,0.6781038889680219,0.24261622757895607
28,12,25,2.0,6,0.22,1.8,0.678106292715922,0.24257935094279276
28,16,10,2.0,14,0.15,1.8,0.6781071743388168,0.24257927555453382
28,20,10,2.5,10,0.18,2.2,0.6781076676853955,0.2425970282493251
32,20,25,3.0,10,0.15,2.6,0.6781078997880384,0.242619114718323
40,16,25,2.0,10,0.15,1.8,0.6781081917738397,0.24261434432984816
28,16,20,1.5,14,0.22,2.2,0.6781089640141287,0.24262425260494214
28,16,10,1.5,14,0.18,2.6,0.6781105186309385,0.24259951363177795
28,20,15,2.0,14,0.22,2.2,0.6781106861342086,0.24264340889273112
28,16,10,2.0,10,0.15,2.2,0.6781115244914807,0.24257396392231423
32,20,15,2.0,14,0.18,1.8,0.6781124585455777,0.24263090582311975
32,16,25,1.5,10,0.22,1.8,0.6781124907405104,0.24262782211603942
36,20,20,2.5,6,0.18,2.6,0.678113586408595,0.24261060012835292
28,12,20,2.0,6,0.18,1.8,0.6781178586090034,0.2425550659687253
40,16,25,2.5,6,0.15,2.6,0.6781182616697613,0.24256110139315135
28,20,25,3.0,10,0.22,1.8,0.6781191907406909,0.24263376715881257
28,16,25,2.5,10,0.15,2.6,0.6781196087754364,0.2425952594680689
28,16,25,2.5,14,0.15,2.2,0.6781201780429502,0.2426137033748663
28,20,15,3.0,6,0.22,2.6,0.678120308277286,0.24263482948549064
28,16,20,2.0,10,0.18,2.2,0.6781208319949676,0.24260182331482097
28,20,15,2.5,14,0.18,2.2,0.6781230674356382,0.24263685314275033
36,20,15,2.0,10,0.15,1.8,0.6781234542968619,0.24259896311296
36,20,15,1.5,6,0.18,2.6,0.6781245850411625,0.24262408179553235
36,20,15,2.5,6,0.18,1.8,0.6781248572274889,0.24254901289382866
32,16,25,2.5,6,0.22,1.8,0.6781254857838528,0.24259795847622123
32,16,20,3.0,6,0.15,1.8,0.6781281646288583,0.24247841092690964
32,20,20,1.5,10,0.22,2.2,0.6781284080312784,0.24265480405969447
28,16,25,2.0,10,0.18,2.6,0.6781286044248249,0.24261891110470468
28,12,20,1.5,14,0.18,1.8,0.6781294640987988,0.24260199740376387
32,20,20,3.0,6,0.22,2.2,0.6781310103070867,0.24263611921640346
32,20,15,2.0,6,0.22,2.2,0.6781312555415756,0.24263242864191717
28,20,10,3.0,10,0.15,2.2,0.6781320897349622,0.24258729263213466
40,16,20,1.5,6,0.15,2.2,0.6781361744075408,0.2425880570344458
40,20,20,3.0,6,0.18,2.2,0.6781366363414574,0.2425900040901988
32,12,25,1.5,6,0.18,2.2,0.6781377567420431,0.24260000060428383
28,16,10,1.5,14,0.22,1.8,0.6781383807401805,0.2426131148579097
28,20,20,2.5,14,0.18,2.6,0.678138653405971,0.24266076182937607
28,12,15,1.5,14,0.15,1.8,0.6781393963279262,0.24259306792262408
36,20,25,2.0,6,0.22,2.6,0.6781397862651913,0.2426949128329777
28,16,20,2.5,6,0.18,2.6,0.6781400666457194,0.24259211469829103
32,20,10,2.5,6,0.15,2.6,0.6781434821716547,0.2425610397558054
40,16,25,1.5,6,0.22,1.8,0.6781450026596174,0.24265711059163486
32,16,20,2.5,6,0.15,2.2,0.6781453438369316,0.24254043872144626
28,16,15,2.0,10,0.18,1.8,0.6781468424442457,0.24259924235355745
28,20,10,2.5,14,0.15,2.6,0.6781484498590252,0.24263010866720702
32,20,15,1.5,14,0.18,2.6,0.6781519849684509,0.24266084885109013
32,20,15,3.0,6,0.18,2.2,0.6781554960732898,0.24257825038304448
40,20,15,1.5,6,0.15,2.6,0.6781562520725609,0.24261529106367277
28,20,10,2.5,6,0.22,2.6,0.6781564748941097,0.24264220531070207
36,20,25,2.5,10,0.15,2.6,0.6781576295554749,0.24266196801262002
32,16,25,2.5,10,0.15,1.8,0.6781576819141764,0.24260133040550155
32,16,25,2.0,10,0.18,1.8,0.6781598361079209,0.2426276825228413
28,16,20,1.5,10,0.22,2.2,0.6781600366560288,0.24263676855399233
32,16,15,1.5,14,0.15,1.8,0.6781604846069526,0.2426204100676392
36,20,25,2.5,14,0.18,1.8,0.6781617731769665,0.2427165566591001
40,20,25,1.5,14,0.22,1.8,0.6781621846820027,0.2427474700470383
28,20,20,3.0,14,0.15,2.6,0.6781623672633568,0.24265877684917284
32,20,10,2.0,10,0.15,2.2,0.6781638532223148,0.2426134621539117
28,20,15,2.0,10,0.22,2.2,0.6781643966421701,0.24265075499498198
32,20,15,1.5,6,0.22,2.6,0.6781650691656692,0.24266433915958688
28,16,15,1.5,6,0.22,2.6,0.6781676570945923,0.24263538992141556
28,12,20,1.5,6,0.18,2.6,0.6781676819028863,0.24260984546775222
28,16,15,2.5,6,0.15,2.6,0.6781684249182754,0.24256999595587472
36,20,25,2.0,14,0.18,2.2,0.6781687389105103,0.24271975068466956
32,20,20,2.5,14,0.15,2.2,0.6781727941023394,0.24266917697046775
40,20,15,1.5,10,0.15,1.8,0.6781775774583916,0.24264117811474378
32,20,20,2.0,6,0.22,2.6,0.6781793660784073,0.24268203195899157
40,20,25,1.5,10,0.22,1.8,0.6781811749235837,0.24272290148546297
32,20,20,2.0,14,0.18,2.2,0.6781829843858399,0.2426864197633094
28,12,25,2.5,6,0.15,2.2,0.678186422174769,0.2425627624129537
36,20,20,2.0,10,0.18,1.8,0.6781871001130607,0.24266198449396661
32,20,25,2.5,10,0.18,2.2,0.6781898303714416,0.24267048977985348
36,16,25,1.5,14,0.18,1.8,0.6781924122566235,0.24268772191358312
36,20,20,2.0,14,0.15,2.2,0.6781927569952507,0.24269420816704593
28,16,15,1.5,14,0.18,2.6,0.678193281432712,0.2426480219702294
32,20,10,1.5,14,0.18,2.2,0.6781934632262316,0.2426611948785853
28,20,25,2.0,10,0.22,2.6,0.678194108024027,0.2426861529109978
28,20,20,2.5,14,0.22,1.8,0.678194945028515,0.24268809879934958
28,12,10,1.5,6,0.18,1.8,0.6781957481675921,0.24260027379996976
40,20,25,3.0,10,0.15,2.2,0.6781994479937786,0.24269712441377783
28,12,25,1.5,14,0.18,2.2,0.6782010419269019,0.24264853568606654
36,16,25,2.5,6,0.15,2.6,0.6782019576439484,0.24259243078832476
28,16,10,1.5,10,0.18,2.6,0.6782030549041749,0.2426345367645216
36,20,20,3.0,6,0.22,1.8,0.6782032986024077,0.24264226466361383
32,16,20,2.0,10,0.15,1.8,0.678206011082297,0.24262440873135632
40,20,20,2.0,6,0.22,1.8,0.6782061710047693,0.2426776894157886
28,16,25,2.0,10,0.22,1.8,0.6782062751830317,0.24265559795024108
32,16,10,1.5,6,0.15,2.2,0.6782067878911922,0.2426052854575056
28,16,20,2.0,14,0.15,2.6,0.6782069004241378,0.24265229633419236
28,20,10,3.0,6,0.22,2.2,0.6782074299087313,0.2426474322369865
36,16,25,1.5,10,0.15,2.6,0.6782078810144492,0.2426710286617846
28,16,15,2.0,6,0.18,2.6,0.6782092903211208,0.2426272525459634
32,20,15,2.0,10,0.15,2.6,0.6782110446132973,0.24265219385256961
36,12,25,1.5,6,0.15,2.2,0.6782117115632993,0.2426158018452487
32,16,20,1.5,14,0.18,1.8,0.6782119959171172,0.2426662926136585
32,20,10,2.0,14,0.15,1.8,0.678212896857433,0.24264995573582768
28,20,25,3.0,14,0.18,2.2,0.6782129243177791,0.242701524027618
32,12,25,1.5,14,0.15,1.8,0.6782141866474207,0.24265065667934127
32,20,15,1.5,14,0.22,1.8,0.678214240351879,0.24269103004685233
36,16,25,3.0,6,0.18,1.8,0.6782145741937149,0.24256829705912292
36,20,15,1.5,10,0.18,1.8,0.6782172202924852,0.24266702982838514
40,20,20,1.5,10,0.15,2.6,0.6782174641626747,0.24269828491894846
40,20,25,2.5,10,0.18,1.8,0.6782182838489094,0.24271414385177792
32,20,25,3.0,14,0.15,2.2,0.6782183991401887,0.24271020558685932
32,16,25,3.0,6,0.15,2.6,0.6782187972133017,0.24257768725931664
36,20,25,3.0,10,0.15,2.2,0.6782191462334303,0.24267758191292943
28,12,20,1.5,10,0.15,2.6,0.6782200438950716,0.24263519342441983
28,12,20,2.0,6,0.15,2.2,0.6782212749495171,0.24259627301715375
36,20,20,1.5,14,0.18,2.2,0.6782212991595464,0.24271843696892526
32,20,25,3.0,6,0.22,2.6,0.678222837027011,0.24271556844383008
28,20,15,3.0,10,0.18,1.8,0.678227714233203,0.24264463603347866
36,20,15,1.5,14,0.15,2.2,0.6782277267574749,0.2426888916609049
28,16,15,3.0,6,0.15,1.8,0.67822962221923,0.24254083814101915
32,20,10,2.0,6,0.22,1.8,0.6782305957900736,0.24264838521655965
36,20,10,1.5,6,0.15,2.6,0.6782308245821431,0.2426358833947591
28,16,25,3.0,6,0.18,2.6,0.6782331561737003,0.24263144801429526
28,20,25,2.0,14,0.22,2.6,0.6782339250529349,0.2427236343862103
28,16,15,1.5,14,0.22,1.8,0.6782355657237514,0.24266868046441234
28,12,15,1.5,6,0.15,2.6,0.6782364194188829,0.24262284042740886
32,20,15,1.5,10,0.18,2.6,0.6782384243811864,0.2426848244921288
28,20,10,2.5,14,0.18,1.8,0.6782398534968099,0.24267142456770446
28,16,10,1.5,10,0.22,1.8,0.6782430012314488,0.24265354381758866
28,16,20,3.0,6,0.15,2.6,0.6782435181998736,0.24259033104005104
36,20,15,2.5,6,0.15,2.2,0.6782437055095615,0.24258655048213631
32,20,20,2.5,10,0.18,1.8,0.6782439915072641,0.24267109442907386
40,20,20,2.5,6,0.18,2.2,0.6782454129669243,0.24265567362311505
40,20,20,1.5,14,0.18,1.8,0.6782459809013395,0.24274268401975804
40,20,20,2.0,14,0.15,1.8,0.6782465459590499,0.24273179663700187
40,16,25,3.0,6,0.18,1.8,0.6782489257551002,0.24258689822951582
36,20,25,2.0,10,0.18,2.2,0.6782497207092096,0.24271813600372683
28,16,10,2.0,6,0.18,2.2,0.6782523976313408,0.24263299255400333
40,16,25,1.5,10,0.15,2.2,0.6782536927256138,0.24270083316717944
28,20,20,2.5,10,0.18,2.6,0.6782538527711036,0.24268815419153167
28,16,25,2.5,10,0.18,1.8,0.6782585669000947,0.24265811832180761
32,20,25,2.0,14,0.18,2.6,0.6782648262828922,0.2427431639362479
28,16,25,3.0,10,0.15,1.8,0.6782686700815014,0.24263834777652032
36,16,20,1.5,6,0.15,2.6,0.6782688368385593,0.24265756252962953
36,16,25,2.0,6,0.18,2.2,0.6782697981405191,0.24266702738016455
28,12,25,1.5,6,0.22,2.2,0.6782725900293475,0.24267772654573572
28,20,20,3.0,14,0.18,1.8,0.6782734035507402,0.24270878266751003
28,12,20,1.5,6,0.22,1.8,0.6782739012389732,0.24266063255814824
32,20,25,3.0,10,0.18,1.8,0.6782739692057107,0.24269186363045525
32,16,20,1.5,10,0.15,2.6,0.6782763075230559,0.24268024160573348
28,12,20,1.5,14,0.15,2.2,0.6782803352330677,0.24267009222192637
32,20,10,1.5,6,0.22,2.2,0.6782825490015473,0.2426964518692541
36,20,10,2.0,6,0.15,1.8,0.6782828642747469,0.24260535226027963
28,12,25,2.0,6,0.18,2.2,0.6782861126630565,0.2426523968549422
32,20,15,2.0,14,0.15,2.2,0.6782862719819396,0.24270483249852814
28,16,15,1.5,10,0.18,2.6,0.6782898206730992,0.2426831194047069
32,16,15,2.0,6,0.15,1.8,0.6782899208615323,0.2426094117000798
32,20,15,2.5,6,0.22,1.8,0.6782913054275543,0.24267447527521013
36,20,15,1.5,6,0.22,1.8,0.6782924387816961,0.2427027602186081
28,16,25,2.5,6,0.22,2.2,0.6782924955484333,0.24269165408700674
36,16,25,1.5,6,0.18,2.6,0.6782942485284982,0.24270893658693082
28,16,25,2.0,6,0.22,2.6,0.6782959005500541,0.2427104582973269
32,16,20,1.5,6,0.18,2.6,0.6782967115046941,0.24268961829373878
32,16,25,1.5,14,0.18,2.2,0.67829807236779,0.2427247952788405
28,16,20,2.0,14,0.18,1.8,0.6783008385948317,0.24269554412483318
28,12,10,1.5,10,0.15,1.8,0.6783064773306334,0.24266152170454852
28,16,25,2.0,14,0.18,2.2,0.6783079856651497,0.2427144765829923
28,12,20,1.5,10,0.18,1.8,0.6783097699140279,0.2426767268583171
36,16,20,1.5,10,0.15,1.8,0.6783116025725027,0.24269011748697697
32,16,25,2.5,6,0.18,2.2,0.6783130560530581,0.24266404661203664
28,16,20,2.0,6,0.22,2.2,0.6783153237815736,0.24270028145374611
28,12,10,1.5,6,0.15,2.2,0.6783159245718575,0.24265459449116902
28,20,15,2.5,10,0.18,2.2,0.6783194667853985,0.2427024071300264
32,20,15,1.5,10,0.22,1.8,0.6783203648757731,0.24272353102977412
28,16,15,2.0,10,0.15,2.2,0.6783206848359862,0.24267648249367538
28,20,10,2.0,14,0.18,2.6,0.6783210736488365,0.24272269344826972
36,20,15,2.0,6,0.15,2.6,0.6783219073428371,0.24266638918810057
32,16,25,2.0,6,0.18,2.6,0.6783219504715899,0.24269895809664443
40,20,25,2.5,14,0.15,2.2,0.678322497544564,0.24281744457344107
36,20,10,1.5,10,0.15,1.8,0.6783232632179165,0.24268957260149338
36,20,20,1.5,10,0.18,2.2,0.6783240635470145,0.2427413821456801
28,16,20,2.5,6,0.22,1.8,0.6783267566783225,0.24267959574295273
32,20,20,2.0,10,0.18,2.2,0.6783275299777504,0.24272592770178378
32,20,25,2.0,10,0.18,2.6,0.67832813853931,0.24274476443383206
36,16,25,3.0,6,0.15,2.2,0.6783312312029681,0.24259944009065917
28,12,25,1.5,10,0.18,2.2,0.6783317033320139,0.24269884546443282
32,20,25,2.0,14,0.22,1.8,0.6783357839123035,0.24277745884331053
36,16,25,2.0,10,0.15,1.8,0.6783382902191917,0.24270320958339903
40,20,20,1.5,6,0.18,2.6,0.6783407316388566,0.24275041432007888
32,20,20,2.5,6,0.22,2.2,0.6783415149448042,0.2427358660844255
32,20,10,1.5,10,0.18,2.2,0.678342045310016,0.24271600519098388
32,20,15,2.5,10,0.15,1.8,0.6783425758305838,0.24268596998546146
28,16,15,2.0,14,0.15,1.8,0.6783429289629009,0.2426959306734868
36,20,25,2.5,10,0.18,1.8,0.6783432415943597,0.24274410346652484
28,20,20,2.5,10,0.22,1.8,0.6783434885536084,0.24273000899860986
28,16,15,1.5,10,0.22,1.8,0.6783443892748117,0.24270923009126585
28,16,10,2.5,6,0.15,1.8,0.6783459010795739,0.24262410086961508
32,16,15,1.5,6,0.15,2.6,0.6783466833956493,0.24268329243173362
32,20,10,2.5,6,0.18,1.8,0.678347044123498,0.24265029914278607
28,16,15,2.5,6,0.18,1.8,0.6783488229173633,0.2426504930690631
32,16,20,2.0,6,0.15,2.6,0.6783491989322286,0.24267258081609142
36,20,20,2.5,6,0.22,1.8,0.6783546066477377,0.24272092089062772
40,20,25,2.0,14,0.15,2.6,0.6783551462060168,0.24282617933386316
28,12,15,1.5,6,0.18,1.8,0.6783558489944874,0.2426781544977697
32,20,15,2.0,10,0.18,1.8,0.6783561666544828,0.24271770384150898
28,20,20,2.0,14,0.22,2.2,0.6783569947743561,0.2427670627508852
40,20,25,2.5,6,0.22,2.2,0.678357071333274,0.24279281956985616
28,16,10,1.5,14,0.18,2.2,0.678357985589804,0.2427133811808192
28,20,15,3.0,14,0.15,1.8,0.6783597621066332,0.24271956809157122
28,16,15,2.0,6,0.22,1.8,0.6783599797303365,0.24269861353210778
36,20,20,2.5,10,0.15,1.8,0.6783600638949338,0.2427121992453117
36,20,25,2.5,14,0.15,2.2,0.6783646026869983,0.24279816227094284
36,16,25,1.5,10,0.18,1.8,0.6783649749009707,0.24274228295912706
32,16,25,2.0,10,0.15,2.2,0.6783666143860555,0.24271662343738445
32,12,20,1.5,6,0.15,1.8,0.6783675443450305,0.242668480957183
36,20,20,1.5,6,0.22,2.2,0.678367678219811,0.24277117485127286
32,20,15,3.0,6,0.15,2.6,0.6783679105535582,0.24264778386500505
32,20,25,2.5,6,0.22,2.6,0.6783689892405051,0.24278029318021474
40,12,25,1.5,6,0.15,1.8,0.678370245619176,0.24267394383962448
40,20,15,1.5,6,0.18,1.8,0.6783708154371626,0.2427106839632828
28,20,10,2.0,14,0.22,1.8,0.678371409808619,0.2427470024635315
36,20,20,3.0,6,0.18,2.2,0.6783723443110367,0.24268773929754378
40,16,25,2.5,6,0.18,1.8,0.6783728698484043,0.24266883500225722
32,20,25,2.5,14,0.15,2.6,0.6783798117754934,0.24278443381410664
36,20,15,3.0,6,0.15,1.8,0.6783811944260815,0.2425856074616988
32,20,10,3.0,6,0.15,1.8,0.6783835535258285,0.24260210023920972
28,16,10,1.5,6,0.22,2.2,0.6783844388132615,0.2427223279778247
28,20,10,2.5,14,0.15,2.2,0.6783851414070567,0.24273274135252854
40,16,25,2.0,6,0.15,2.6,0.6783859821685764,0.24270645470970567
40,20,20,1.5,10,0.18,1.8,0.6783892623009664,0.24277522422976675
32,16,20,1.5,14,0.15,2.2,0.6783906826665803,0.24274465970748693
28,12,15,1.5,10,0.15,1.8,0.6783911183241945,0.2427031851828563
28,20,15,2.5,14,0.15,2.6,0.6783912157685864,0.2427515543979226
40,16,25,3.0,6,0.15,2.2,0.678391498925406,0.24262551754734804
28,20,10,1.5,14,0.22,2.6,0.6783934665659251,0.24276698414259887
40,20,25,3.0,6,0.22,2.2,0.6783943495759391,0.24280945054680825
36,16,25,1.5,14,0.15,2.2,0.6783966810829932,0.24277536035147335
28,20,10,1.5,10,0.22,2.6,0.6783972373238373,0.2427580877469672
28,16,25,1.5,14,0.22,2.2,0.6783986348788728,0.2427687870008004
36,20,25,1.5,14,0.18,2.6,0.6783995431077735,0.24282298576910838
28,20,25,3.0,10,0.18,2.2,0.6784006746565422,0.24275101810630734
28,20,20,2.0,10,0.22,2.2,0.6784023800198928,0.24276924926672905
28,20,15,2.5,6,0.22,2.6,0.6784044655124827,0.24276593781173095
32,16,20,1.5,10,0.18,1.8,0.6784059957326725,0.24273965653886947
36,20,20,2.0,6,0.18,2.6,0.6784084261719745,0.2427562583849817
28,20,25,2.5,14,0.18,2.6,0.678409681227787,0.24279334331139316
28,16,20,2.5,10,0.15,1.8,0.6784108752063355,0.24270726476380447
36,20,25,3.0,6,0.22,2.2,0.6784118138668139,0.2427925750951902
28,20,15,3.0,10,0.15,2.2,0.6784160230231737,0.2427236053537414
36,20,10,1.5,6,0.18,1.8,0.6784172535305276,0.24272023944858387
28,20,10,2.5,10,0.15,2.6,0.6784178603201606,0.24273248973154832
36,20,20,2.0,10,0.15,2.2,0.6784191949797849,0.24275989093657285
28,12,25,2.0,10,0.15,1.8,0.6784217581540125,0.24271646409042427
32,16,25,1.5,6,0.22,2.2,0.6784217690849267,0.24277368113328862
32,16,25,1.5,10,0.18,2.2,0.6784230193252918,0.24276507488542284
32,12,25,1.5,6,0.15,2.6,0.6784242463093756,0.2427222016073704
28,20,20,3.0,14,0.15,2.2,0.6784247095720866,0.24276988036622985
28,20,20,3.0,10,0.15,2.6,0.6784254055716006,0.24274397128142922
36,20,25,1.5,6,0.22,2.6,0.6784281758062433,0.24282715328044982
32,20,10,2.0,6,0.18,2.2,0.6784298444659828,0.24272717366165145
32,20,25,2.0,10,0.22,1.8,0.6784314635140761,0.24279308655863002
36,20,25,3.0,14,0.15,1.8,0.6784315280763281,0.24282608216742582
32,20,20,3.0,10,0.15,1.8,0.6784338750983384,0.2427291110558578
36,20,25,1.5,10,0.18,2.6,0.6784340019321949,0.2428138141664385
28,16,15,2.5,6,0.15,2.2,0.6784340599304785,0.24267973061532688
28,20,20,2.5,14,0.18,2.2,0.6784345087107098,0.24278952568760354
40,16,25,1.5,6,0.18,2.2,0.6784348182118379,0.24277229673370207
32,16,15,1.5,10,0.15,1.8,0.6784349034736189,0.24273330262848658
28,16,20,2.0,10,0.15,2.6,0.6784355220031558,0.2427419166146721
32,20,20,3.0,6,0.18,2.6,0.6784367838614812,0.2427391749072518
40,20,20,3.0,6,0.15,2.6,0.67843789652915,0.24268550269374117
28,16,25,2.5,14,0.15,1.8,0.6784379277055947,0.2427508746504438
36,20,15,1.5,10,0.15,2.2,0.6784386620492616,0.24276337089196132
40,20,25,2.0,6,0.22,2.2,0.6784387299530925,0.24283251980839937
40,20,25,2.0,10,0.15,2.6,0.6784388843960908,0.24281338785919257
28,16,25,2.5,10,0.15,2.2,0.678443110849303,0.24273719459873858
32,12,25,2.0,6,0.15,1.8,0.6784451976441004,0.24268089960164788
32,16,20,1.5,6,0.22,1.8,0.6784464982152437,0.24276051670724286
28,16,25,3.0,6,0.22,1.8,0.678447871796523,0.2427308454843055
36,16,25,2.5,6,0.18,1.8,0.678448744898946,0.2426987756211851
32,20,10,2.5,6,0.15,2.2,0.6784493122477765,0.24268446678310604
28,16,25,1.5,10,0.22,2.2,0.6784499560106526,0.24278060697054918
28,16,10,2.0,10,0.15,1.8,0.6784507585575261,0.24272754798370352
28,16,20,2.0,14,0.15,2.2,0.6784529875404866,0.24276149023674876
28,16,20,3.0,6,0.18,1.8,0.6784531859742238,0.2426822323505818
28,20,10,2.0,10,0.18,2.6,0.6784555555676016,0.2427695530062218
28,20,10,3.0,6,0.18,2.6,0.6784585290935468,0.24273661134541832
32,16,25,3.0,6,0.18,1.8,0.6784593240590743,0.24268099488434733
32,20,25,1.5,14,0.22,2.2,0.6784603909101127,0.24283723550650171
36,16,20,2.0,6,0.15,1.8,0.6784605485009476,0.24268467143668473
32,20,20,2.5,10,0.15,2.2,0.6784608307784148,0.2427621880384611
28,16,10,2.0,6,0.15,2.6,0.6784675156732939,0.24272415872304415
36,16,25,1.5,6,0.22,1.8,0.6784688888612762,0.24279079568522516
28,16,15,1.5,14,0.18,2.2,0.6784690386564467,0.2427740682624709
36,16,20,1.5,6,0.18,1.8,0.6784691704601576,0.24274791396005818
28,12,25,1.5,14,0.15,2.6,0.6784693456171164,0.24276958267358237
40,20,20,2.0,6,0.18,2.2,0.6784700619489076,0.24277476509550736
40,20,25,2.5,10,0.15,2.2,0.6784704055282709,0.24281437933845318
40,20,20,1.5,14,0.15,2.2,0.6784712111473327,0.24283784564349883
28,20,25,2.5,14,0.22,1.8,0.6784715034347022,0.24282327755803249
28,12,20,1.5,6,0.18,2.2,0.6784725611794131,0.24274708532498884
36,20,25,2.5,6,0.22,2.2,0.6784734284566336,0.24282249029559066
28,20,15,1.5,10,0.22,2.6,0.6784766982166768,0.2428038138565569
32,20,15,2.5,6,0.18,2.2,0.678477946381816,0.24274068366869786
32,16,25,2.0,14,0.15,1.8,0.6784786371597857,0.2427856981577211
32,20,25,1.5,10,0.22,2.2,0.678480511704022,0.24282809446511952
36,20,25,1.5,14,0.22,1.8,0.6784817074312193,0.24286256908665999
28,16,25,2.0,10,0.18,2.2,0.6784817731516929,0.2427769002839333
28,12,15,1.5,6,0.15,2.2,0.678482801055445,0.24273398016004447
28,20,20,3.0,6,0.22,2.6,0.678482881029764,0.24281007175170927
28,20,15,1.5,14,0.22,2.6,0.6784835627152919,0.2428189200345115
32,12,25,1.5,10,0.15,1.8,0.6784844051999709,0.2427595929294149
28,16,20,1.5,6,0.22,2.6,0.6784848992346231,0.24279411599358278
28,20,25,3.0,14,0.15,2.6,0.6784849611714386,0.24281407533334953
28,20,15,2.0,14,0.18,2.6,0.678486730178598,0.24280911072848357
28,16,20,2.5,6,0.18,2.2,0.6784874403043378,0.24273873472137314
28,12,20,1.5,10,0.15,2.2,0.6784883038632911,0.24275811843606407
40,20,15,2.0,6,0.15,1.8,0.6784884830730016,0.2426973788430165
28,16,20,1.5,14,0.18,2.6,0.6784920427921166,0.24279756797782362
28,20,15,2.5,14,0.18,1.8,0.6784935047893946,0.24279783770025085
28,16,10,1.5,10,0.18,2.2,0.6784935161656742,0.2427686474407067
32,20,15,1.5,14,0.18,2.2,0.6784940055836995,0.24281434487983874
32,20,10,1.5,14,0.15,2.6,0.6784945976974283,0.2427954533714967
32,20,25,3.0,10,0.15,2.2,0.678496740753599,0.24278265040210534
40,20,25,2.0,14,0.18,1.8,0.6785000522009894,0.24289102841232563
32,20,15,2.0,6,0.18,2.6,0.6785013679243018,0.2427821748486165
32,20,20,2.0,14,0.15,2.6,0.678503433419195,0.24282428335903133
32,20,25,2.5,14,0.18,1.8,0.678504207231948,0.24284037715897874
32,16,25,2.0,6,0.22,1.8,0.6785096866821017,0.24278673035478368
32,16,15,1.5,6,0.18,1.8,0.6785114300444945,0.24275857972942694
28,20,25,2.5,10,0.18,2.6,0.678517418982541,0.24281600571811407
40,20,25,1.5,14,0.18,2.2,0.6785182029225426,0.24289880369667544
28,12,25,2.0,6,0.15,2.6,0.6785191524854163,0.2427491022752239
40,20,20,2.0,10,0.15,1.8,0.6785192997830449,0.24280514396165667
40,16,25,2.5,6,0.15,2.2,0.6785231213876293,0.24271559726357625
28,12,25,2.5,6,0.15,1.8,0.6785257657150007,0.24270166821857314
28,16,20,3.0,6,0.15,2.2,0.6785285652530582,0.24270268607155734
40,20,20,1.5,6,0.22,1.8,0.6785301970552329,0.24283823339197216
28,20,10,2.0,10,0.22,1.8,0.6785304998325579,0.2428047201687357
28,20,10,3.0,10,0.15,1.8,0.6785335317723606,0.242760396591697
28,16,15,1.5,6,0.22,2.2,0.6785351735120212,0.2428015747894271
28,20,15,3.0,6,0.22,2.2,0.6785355814557722,0.2428060788683024
36,20,25,2.0,14,0.15,2.6,0.6785370072793395,0.24287570264937244
36,20,15,2.0,6,0.18,1.8,0.6785371704366202,0.24276084361969
28,12,20,2.0,6,0.15,1.8,0.678537441622585,0.2427314341318327
28,16,15,2.0,6,0.18,2.2,0.6785398265211553,0.2427719622260229
36,20,25,1.5,10,0.22,1.8,0.6785411574142522,0.24286402417290517
32,16,10,1.5,6,0.15,1.8,0.6785433934078354,0.24275335094168982
28,16,20,1.5,14,0.22,1.8,0.6785442888672045,0.2428230267354219
32,16,20,2.5,6,0.15,1.8,0.6785447553712424,0.2426996234321218
40,20,15,1.5,6,0.15,2.2,0.6785455857759005,0.24277913689745861
28,20,15,2.0,14,0.22,1.8,0.6785458569887504,0.24283768290761876
32,16,20,2.0,6,0.18,1.8,0.6785470929650457,0.24276099405563717
28,20,10,2.5,6,0.22,2.2,0.6785479958697349,0.24280931417368862
36,20,15,1.5,6,0.18,2.2,0.6785488791005999,0.24280748357002874
28,16,20,2.0,10,0.18,1.8,0.6785511581869716,0.2427945984701941
28,20,10,2.5,10,0.18,1.8,0.6785512979555443,0.2427925991694308
32,20,20,2.5,14,0.15,1.8,0.6785513471733562,0.242830028819472
40,20,20,2.5,6,0.15,2.6,0.6785555051377452,0.24276285936297765
32,16,25,3.0,6,0.15,2.2,0.6785583610540409,0.2427079381726562
32,16,25,2.5,6,0.15,2.6,0.6785585717208931,0.24275405207736317
28,12,25,1.5,14,0.18,1.8,0.6785586762486726,0.2428113265897679
32,20,20,1.5,14,0.18,2.6,0.6785597434230862,0.24286278786518314
40,16,25,1.5,14,0.15,1.8,0.6785609379670758,0.24286360668350868
32,20,15,2.0,10,0.15,2.2,0.6785613269996984,0.24280613928790082
40,20,25,1.5,10,0.18,2.2,0.6785660233775553,0.24288661005115286
32,20,25,2.5,10,0.15,2.6,0.6785673737375312,0.24283001094791107
40,20,25,3.0,14,0.15,1.8,0.6785693674738995,0.24292976626510163
36,20,20,2.5,6,0.18,2.2,0.6785705702208682,0.24279436569043886
28,12,20,1.5,14,0.15,1.8,0.6785723883802621,0.2428033148721398
36,20,10,1.5,6,0.15,2.2,0.6785734988262331,0.242784239626126
36,16,25,2.0,6,0.15,2.6,0.6785765768635172,0.24278632588116214
36,16,25,2.5,6,0.15,2.2,0.6785769762690761,0.24273917501707548
36,20,25,2.5,10,0.15,2.2,0.6785815254474062,0.24284117623564058
28,12,10,1.5,6,0.15,1.8,0.6785820512454612,0.24277556859119856
32,20,20,1.5,6,0.22,2.6,0.678582389024654,0.24287034550696746
28,20,20,3.0,10,0.18,1.8,0.6785830222513242,0.24281422584589574
28,16,25,2.0,14,0.15,2.6,0.6785840048952488,0.24283527056522586
36,20,20,1.5,14,0.15,2.6,0.6785844010296517,0.24287613597899896
32,20,10,2.0,10,0.15,1.8,0.6785845592098803,0.24279961061467176
28,20,10,2.0,6,0.22,2.6,0.6785853423287654,0.24284384373256612
28,20,25,2.0,14,0.22,2.2,0.6785898245026974,0.2428823425659176
28,16,25,3.0,6,0.18,2.2,0.678592656193183,0.24277731273046202
36,16,25,1.5,10,0.15,2.2,0.6785927431279025,0.242840660839472
28,16,20,1.5,10,0.18,2.6,0.6785937574740545,0.2428338637551955
28,16,25,2.5,6,0.18,2.6,0.6785995505015503,0.24281120440790308
32,12,25,1.5,6,0.18,1.8,0.6785995782823029,0.24280229999212133
32,20,10,1.5,14,0.18,1.8,0.6786006483862442,0.242844380480065
28,20,25,3.0,14,0.18,1.8,0.6786027935622467,0.24286709142469043
32,20,25,3.0,14,0.15,1.8,0.6786039231427871,0.2428700785996422
32,20,15,3.0,6,0.18,1.8,0.6786067197840444,0.2427502642302995
28,20,10,2.0,14,0.18,2.2,0.678606909420565,0.24285030442924496
28,16,15,1.5,10,0.18,2.2,0.6786091553515186,0.2428295029602764
28,20,15,2.0,10,0.18,2.6,0.6786092170449435,0.24284831610536334
28,16,10,1.5,14,0.15,2.6,0.6786096982949539,0.24282839497704325
32,16,20,1.5,10,0.15,2.2,0.6786102272504081,0.24283002611648408
32,20,25,2.0,6,0.22,2.6,0.6786114902572865,0.2428915181739741
40,16,20,1.5,6,0.15,1.8,0.6786117031536197,0.24278622022311433
28,20,25,2.5,10,0.22,1.8,0.6786132640217469,0.24286071322315833
32,20,15,1.5,6,0.22,2.2,0.6786138777306617,0.24286261576400076
36,20,20,2.0,6,0.22,1.8,0.6786158881726968,0.24285199751819844
28,12,25,1.5,6,0.18,2.6,0.678618337566959,0.24282917728718006
28,16,10,2.0,6,0.18,1.8,0.6786196402191222,0.2427935211044944
32,20,25,2.0,14,0.18,2.2,0.6786207641871368,0.24289883837524076
36,20,20,2.0,14,0.15,1.8,0.6786219268283704,0.24287856889265974
32,16,25,1.5,14,0.15,2.6,0.6786222040587621,0.242867719555573
28,20,20,2.5,10,0.18,2.2,0.6786224721672419,0.24284920834702461
32,20,20,2.0,14,0.18,1.8,0.6786274909280416,0.24288070771561918
32,20,15,1.5,10,0.18,2.2,0.6786292734813143,0.24286029905551312
28,20,25,2.0,10,0.22,2.2,0.678629590865176,0.24288100812016467
32,20,20,1.5,14,0.22,1.8,0.6786307971688298,0.24289711075855083
36,16,20,1.5,6,0.15,2.2,0.6786310901022806,0.24281276260530696
40,16,25,2.0,6,0.18,1.8,0.6786313930649246,0.24281273080872307
40,20,25,2.0,10,0.18,1.8,0.6786376641700793,0.24290158568457754
32,20,20,1.5,10,0.18,2.6,0.6786377679714395,0.24288124550676188
40,20,20,1.5,10,0.15,2.2,0.6786387436548628,0.24288122345310917
36,12,25,1.5,6,0.15,1.8,0.6786392286903624,0.2427968072697971
36,20,15,1.5,14,0.15,1.8,0.6786420274413126,0.2428715719487709
28,16,20,2.0,6,0.18,2.6,0.6786424861737682,0.24283650634945436
36,20,20,3.0,6,0.15,2.6,0.6786435015854371,0.2427757594741555
28,20,15,2.5,10,0.15,2.6,0.678644808797651,0.24284340398137064
28,12,25,1.5,10,0.15,2.6,0.6786459948292742,0.24284190825172294
32,20,20,2.0,6,0.22,2.2,0.6786467351712342,0.24288172428513202
28,20,15,2.5,14,0.15,2.2,0.6786487212210616,0.24286289054500734
36,20,25,2.0,6,0.22,2.2,0.6786523990238738,0.24290851382772977
40,20,25,1.5,6,0.22,2.2,0.6786576505272633,0.24293723049523383
32,16,15,1.5,6,0.15,2.2,0.6786582240680877,0.24282020408808178
28,16,20,1.5,10,0.22,1.8,0.6786585257021203,0.24286482829595538
32,20,15,2.0,14,0.15,1.8,0.678659692526932,0.24286770659302812
28,20,10,3.0,6,0.22,1.8,0.6786650073818664,0.2428319641386969
28,20,20,1.5,10,0.22,2.6,0.678669798861725,0.24290170279531334
32,20,10,1.5,6,0.18,2.6,0.6786701437988442,0.2428634927713115
36,20,25,2.0,14,0.18,1.8,0.6786729553209399,0.2429368908750494
36,20,25,2.0,10,0.15,2.6,0.6786731305196397,0.24289847300154668
32,16,20,2.0,6,0.15,2.2,0.6786747524987315,0.24280910140793138
28,20,20,1.5,14,0.22,2.6,0.6786812901434724,0.24291974112683637
36,20,15,2.0,6,0.15,2.2,0.6786820314737003,0.24281408322951537
32,16,20,1.5,6,0.18,2.2,0.6786828180564289,0.24285953087670134
28,16,10,1.5,14,0.18,1.8,0.6786835402867927,0.24286276185214187
32,20,25,3.0,6,0.22,2.2,0.6786856226854895,0.24289830699493317
32,20,20,2.5,6,0.18,2.6,0.6786861209382169,0.24286391247034483
32,20,10,1.5,10,0.15,2.6,0.6786867755994537,0.24287075554077955
28,16,25,2.0,14,0.18,1.8,0.6786875249130189,0.24288283980322778
32,20,25,2.5,14,0.15,2.2,0.6786876694733301,0.24291533874505242
32,20,10,2.0,6,0.15,2.6,0.6786881049213249,0.24283177449880708
32,20,15,2.0,6,0.22,1.8,0.6786887852823794,0.2428696537991974
32,20,20,3.0,6,0.22,1.8,0.6786895231437919,0.24285473746272918
28,20,15,2.0,10,0.22,1.8,0.6786934060516032,0.24288785275850858
28,16,15,2.0,10,0.15,1.8,0.6786949131079283,0.24284457172651305
28,12,25,2.0,6,0.18,1.8,0.6786957064287586,0.2428295373213749
36,20,15,2.5,6,0.15,1.8,0.6786966433195647,0.24276308496245944
28,20,10,2.5,14,0.15,1.8,0.678696801581446,0.24286761071315396
28,16,10,1.5,6,0.18,2.6,0.6787012228388878,0.24286296008172858
32,20,20,2.0,10,0.15,2.6,0.6787014700491927,0.24288814567854566
32,20,15,3.0,6,0.15,2.2,0.6787027688763511,0.2427762948415709
28,16,20,2.5,6,0.15,2.6,0.6787046993057825,0.24282228387773108
28,16,25,2.0,6,0.22,2.2,0.6787065332981355,0.2428900972936499
40,20,20,3.0,6,0.18,1.8,0.6787127681966805,0.24279910751275116
28,12,20,1.5,6,0.15,2.6,0.6787166291161746,0.24285416909906585
28,20,20,2.5,14,0.15,2.6,0.6787169044935109,0.24290982134509861
28,12,25,1.5,14,0.15,2.2,0.6787173307371973,0.24288221299653368
28,20,25,2.5,14,0.18,2.2,0.6787191096694289,0.24292772642130522
32,20,15,2.5,6,0.15,2.6,0.6787221871071952,0.24283070811951893
32,16,25,2.0,6,0.18,2.2,0.6787228678924873,0.2428688896998586
36,20,20,1.5,14,0.18,1.8,0.6787245748309896,0.24294023782525645
28,20,20,2.5,6,0.22,2.6,0.6787258123531213,0.24292235337750565
28,20,10,1.5,14,0.22,2.2,0.6787272544472613,0.2429194394011162
28,16,10,2.0,6,0.15,2.2,0.678728512165185,0.24283805587906
32,20,20,1.5,10,0.22,1.8,0.6787298944149623,0.2429246601936921
28,16,20,2.0,10,0.15,2.2,0.6787323766695754,0.24287424029598126
28,20,10,2.5,10,0.15,2.2,0.6787329785737217,0.2428709541818216
36,20,20,1.5,10,0.15,2.6,0.6787334697853639,0.24292018144792316
40,20,25,2.0,14,0.15,2.2,0.6787340757838456,0.24298673355171396
32,20,25,2.5,10,0.18,1.8,0.6787353215374605,0.24290452489961029
36,16,25,1.5,6,0.18,2.2,0.6787354942412703,0.2428988041611303
28,16,15,1.5,14,0.15,2.6,0.6787378838562583,0.24289553387533275
28,20,25,3.0,10,0.15,2.6,0.6787381004220181,0.2428928182833931
28,12,25,1.5,6,0.22,1.8,0.6787407156420987,0.24288761325097902
32,16,25,1.5,14,0.18,1.8,0.6787426102670051,0.24292329593786305
28,12,25,1.5,10,0.18,1.8,0.6787477232113357,0.24288887675802806
32,12,25,1.5,6,0.15,2.2,0.6787487503439883,0.2428640206761395
28,20,20,2.0,14,0.18,2.6,0.6787488391654217,0.24293894582526276
32,20,25,2.0,10,0.18,2.2,0.6787552314661071,0.24293185169078557
36,20,25,3.0,10,0.15,1.8,0.6787555246952756,0.24289883859883904
28,20,20,3.0,14,0.15,1.8,0.6787586165482978,0.24291017917017396
32,16,20,1.5,14,0.15,1.8,0.6787588495145928,0.24290904964538174
28,20,25,3.0,14,0.15,2.2,0.6787596738995385,0.24293017423817517
36,20,25,3.0,6,0.18,2.6,0.6787662628920412,0.24290711988012634
28,16,15,2.0,6,0.15,2.6,0.6787717383032043,0.24286845894880887
28,16,15,2.5,6,0.15,1.8,0.6787720048546221,0.24281833062514313
40,20,25,3.0,10,0.15,1.8,0.6787721393121311,0.24292877532135307
28,16,20,2.0,14,0.15,1.8,0.6787753351301825,0.24290423772892328
32,20,10,1.5,14,0.15,2.2,0.6787764256755896,0.242921871656808
28,20,20,3.0,10,0.15,2.2,0.6787795293576633,0.24289618929252382
28,20,15,2.0,6,0.22,2.6,0.6787798606560967,0.24294243283929542
40,20,25,2.5,6,0.18,2.6,0.6787815252699143,0.24294059931785442
32,16,25,2.5,6,0.18,1.8,0.6787831763879681,0.24285214880895306
28,12,15,1.5,6,0.15,1.8,0.6787852587992791,0.2428693480282683
28,16,25,3.0,6,0.15,2.6,0.678785812384595,0.24284309116219033
40,16,25,1.5,10,0.15,1.8,0.6787866254718922,0.24293214947117897
28,16,10,1.5,10,0.15,2.6,0.6787877959457773,0.24290412283765644
40,20,25,3.0,6,0.18,2.6,0.6787890167794524,0.24293327205130122
32,16,25,1.5,10,0.15,2.6,0.6787901421793983,0.24292802699746033
28,20,15,2.5,10,0.18,1.8,0.6787913263651166,0.2429094199964071
28,16,20,1.5,14,0.18,2.2,0.6787916220259305,0.24293381272536302
28,20,10,1.5,10,0.22,2.2,0.6787923529320161,0.24293902227578082
28,20,15,2.0,14,0.18,2.2,0.6787938888675599,0.24294573321065244
36,16,25,3.0,6,0.15,1.8,0.6787974886486772,0.24277088218331416
28,16,25,2.5,6,0.22,1.8,0.6787979185820292,0.24290396759719346
40,16,25,2.0,6,0.15,2.2,0.6787986422742877,0.24287161237159743
40,20,25,2.5,14,0.15,1.8,0.678798870101806,0.24301408993535747
36,20,25,2.5,14,0.15,1.8,0.6788002007211795,0.2429802858702594
28,20,15,3.0,6,0.18,2.6,0.6788005808325888,0.24289854838470304
36,16,25,2.0,6,0.18,1.8,0.6788005992566342,0.24288448633668536
28,16,25,1.5,14,0.18,2.6,0.6788006418635264,0.24294978578680687
28,20,10,2.0,10,0.18,2.2,0.6788017912961982,0.24292474264530847
28,16,10,1.5,6,0.22,1.8,0.6788022683344199,0.24291107580821572
28,20,25,3.0,6,0.22,2.6,0.6788024050670344,0.24296347431727688
40,20,20,2.0,6,0.15,2.6,0.678803160596036,0.24290015654233102
28,16,25,1.5,6,0.22,2.6,0.6788046300473651,0.24295190593335525
28,20,10,3.0,6,0.18,2.2,0.6788051895164555,0.24287752882697863
28,16,20,2.0,6,0.22,1.8,0.6788073127340961,0.24291437436626043
40,16,25,1.5,6,0.15,2.6,0.678807390621684,0.24292360868031918
28,12,25,2.0,6,0.15,2.2,0.6788077723760672,0.24287357810011997
36,20,25,1.5,14,0.18,2.2,0.6788097746096909,0.24300368948616674
32,20,10,1.5,10,0.18,1.8,0.6788114264267737,0.24292765938892844
28,16,25,2.0,10,0.15,2.6,0.6788115818416434,0.24292292926022682
32,20,20,2.0,14,0.15,2.2,0.6788123519055862,0.2429587399258494
32,20,10,1.5,6,0.22,1.8,0.6788140123746023,0.2429313540557905
28,20,20,2.0,14,0.22,1.8,0.6788144010255754,0.24297057018052598
32,20,15,1.5,14,0.15,2.6,0.6788165995105507,0.24295680141723547
40,20,20,2.5,6,0.18,1.8,0.6788166095273342,0.2428730947343875
28,20,15,2.5,6,0.22,2.2,0.6788207017719577,0.24294257579905532
32,16,25,2.0,10,0.15,1.8,0.6788209067294958,0.24291562122799346
40,20,20,1.5,6,0.18,2.2,0.6788244423504233,0.24295497809300992
28,16,15,1.5,14,0.18,1.8,0.6788269554561404,0.24293702521516763
28,20,20,2.5,14,0.18,1.8,0.6788275535300536,0.24295984194569778
36,16,25,1.5,14,0.15,1.8,0.6788289525353693,0.24296524102076875
36,20,20,1.5,6,0.18,2.6,0.6788295110483248,0.24296292828311544
28,16,10,1.5,14,0.15,2.2,0.678833482130264,0.24293078168886206
32,20,10,2.5,6,0.15,1.8,0.6788365232204464,0.24283941331155895
28,20,15,1.5,14,0.22,2.2,0.6788373445695466,0.24297983626069858
28,12,20,1.5,10,0.15,1.8,0.6788379798013633,0.2429180898271121
32,16,25,1.5,6,0.18,2.6,0.6788405430160657,0.2429517760179017
28,20,15,3.0,10,0.15,1.8,0.6788418369596635,0.24290612224740743
28,20,10,2.5,6,0.18,2.6,0.6788440535252686,0.2429251652028887
36,20,20,2.5,6,0.15,2.6,0.6788442455678309,0.242890175493237
32,20,25,2.5,6,0.22,2.2,0.678846345033153,0.24297627454972395
28,16,25,2.0,14,0.15,2.2,0.6788475880074692,0.24295177879513685
36,20,25,2.0,10,0.18,1.8,0.6788506056976474,0.24297734285039768
32,20,20,3.0,6,0.18,2.2,0.6788558338648134,0.24290421140212007
28,12,20,1.5,6,0.18,1.8,0.6788559646937717,0.24291855102100968
40,20,20,3.0,6,0.15,2.2,0.6788577088132427,0.24283833262069654
28,16,25,1.5,14,0.22,1.8,0.67886042730661,0.24297882705900387
32,20,20,2.0,10,0.18,1.8,0.6788612237136066,0.24296012949604567
36,20,20,2.0,6,0.18,2.2,0.6788616221038537,0.24294452021580804
28,20,25,1.5,10,0.22,2.6,0.6788616993271852,0.24299739335383178
28,20,20,2.0,10,0.18,2.6,0.6788644617011269,0.24297361361838007
28,16,25,2.5,10,0.15,1.8,0.6788646456288612,0.24292180380938502
28,16,10,1.5,10,0.18,1.8,0.6788737812970023,0.24294376873625548
28,20,25,1.5,14,0.22,2.6,0.6788758135201705,0.24301719952070502
36,20,15,1.5,6,0.15,2.6,0.6788758361239097,0.24294350570627032
36,20,25,2.5,6,0.18,2.6,0.6788769483465655,0.24296850340543025
28,20,10,2.0,14,0.15,2.6,0.6788775823528402,0.24296920015789777
28,16,15,1.5,6,0.18,2.6,0.6788797333878926,0.24295276635932148
28,16,20,1.5,6,0.22,2.2,0.6788807874823641,0.24297214370230427
32,20,10,2.0,6,0.18,1.8,0.6788843319615306,0.24291958264761396
36,20,25,2.0,14,0.15,2.2,0.6788845814967429,0.24302456724604427
28,16,20,3.0,6,0.15,1.8,0.678887433332697,0.24284266841072955
40,20,25,2.0,10,0.15,2.2,0.6788950878501255,0.2430070950397482
28,20,15,1.5,10,0.22,2.2,0.6788956495764451,0.24299490119204054
32,16,25,2.5,6,0.15,2.2,0.6788960471297193,0.24288883515105048
36,20,20,1.5,10,0.18,1.8,0.6788997921375252,0.2429953469664901
28,20,25,2.5,10,0.18,2.2,0.6789002582768883,0.24298285053576074
28,16,20,2.5,6,0.18,1.8,0.6789009144581167,0.24290960177979284
32,20,15,2.0,6,0.18,2.2,0.6789011081632297,0.24295187708760652
36,20,25,1.5,10,0.18,2.2,0.678901286046983,0.24301949172667692
28,20,25,3.0,10,0.18,1.8,0.6789016404705877,0.24296553728144465
28,16,25,1.5,10,0.18,2.6,0.6789029432982866,0.2429854881861223
36,20,20,3.0,6,0.18,1.8,0.6789055112198924,0.2428856948120317
40,16,25,3.0,6,0.15,1.8,0.6789081075708576,0.2428108407693186
32,20,20,2.5,6,0.22,1.8,0.6789114176069625,0.24296778435937194
36,20,15,1.5,10,0.15,1.8,0.6789171646101313,0.24297471233075862
28,20,20,3.0,6,0.22,2.2,0.6789197536615457,0.2429894749972155
40,20,25,2.0,6,0.18,2.6,0.6789206428100133,0.24301642251125619
28,16,15,1.5,10,0.15,2.6,0.6789221267004695,0.24297212009173028
32,20,20,1.5,14,0.18,2.2,0.6789261420963741,0.2430264335777563
36,20,20,2.0,10,0.15,1.8,0.6789264951800166,0.2429782144273291
32,16,25,1.5,14,0.15,2.2,0.6789311558332944,0.24300533330418742
40,20,25,1.5,14,0.15,2.6,0.678934663711134,0.24307664576717858
32,20,20,2.5,10,0.15,1.8,0.6789347279462707,0.2429650226186755
28,12,25,1.5,10,0.15,2.2,0.6789351972272542,0.24297359265146606
36,20,20,1.5,14,0.15,2.2,0.6789353412283777,0.24303038042484973
32,16,25,1.5,10,0.18,1.8,0.6789353644803423,0.24299435693512242
28,16,20,1.5,10,0.18,2.2,0.678936393362142,0.24299006069896967
32,20,15,1.5,14,0.18,1.8,0.6789370551850813,0.24301227664895672
32,20,25,1.5,14,0.18,2.6,0.6789384883161356,0.24304823991403987
28,16,25,2.0,10,0.18,1.8,0.6789429770346532,0.24298266826104953
32,20,15,2.5,6,0.18,1.8,0.6789463668616715,0.2429285855469984
28,16,15,2.0,6,0.18,1.8,0.6789491314202992,0.24294925923482877
28,12,25,1.5,6,0.18,2.2,0.6789513595186203,0.24297825161068679
36,16,25,2.0,6,0.15,2.2,0.6789529721012338,0.24293990760345804
40,20,20,1.5,14,0.15,1.8,0.6789535824623956,0.2430470865350533
32,20,25,2.0,14,0.15,2.6,0.6789554395884239,0.24304209703095864
28,20,20,2.0,10,0.22,1.8,0.678956416366535,0.24301677376546912
28,20,20,2.5,10,0.15,2.6,0.6789607351881495,0.24299505537117808
32,20,25,2.5,10,0.15,2.2,0.67896112927821,0.24299884888013748
36,20,25,1.5,6,0.22,2.2,0.6789645969745061,0.24305881994890957
32,20,25,1.5,6,0.22,2.6,0.6789651187036321,0.2430573171574929
28,16,25,2.5,6,0.18,2.2,0.6789654335067924,0.24296465979725726
40,20,20,2.5,6,0.15,2.2,0.6789700433046807,0.2429209127441593
28,20,15,2.0,10,0.18,2.2,0.6789765920743362,0.24301221513854712
28,20,10,2.0,14,0.18,1.8,0.6789774427381793,0.24301489192232426
36,20,10,1.5,6,0.15,1.8,0.6789795155604984,0.24295724677515756
28,16,25,1.5,10,0.22,1.8,0.6789796425107899,0.24302199723663762
32,16,20,1.5,6,0.15,2.6,0.6789802580710973,0.24298585859686453
28,20,15,2.5,10,0.15,2.2,0.6789803724265976,0.24299017001397175
28,20,15,2.5,14,0.15,1.8,0.6789820871847284,0.2430064365559447
28,16,15,1.5,14,0.15,2.2,0.6789856193566894,0.24300806582973047
32,16,25,3.0,6,0.15,1.8,0.6789857607368361,0.24286996223781124
28,20,10,2.0,6,0.22,2.2,0.678987154556349,0.24302008087968544
28,12,20,1.5,6,0.15,2.2,0.6789878354768989,0.24297535108483725
28,20,20,2.5,14,0.15,2.2,0.678991103920064,0.2430280885897917
28,16,20,2.5,6,0.15,2.2,0.6789931161424158,0.2429406163984979
32,20,15,1.5,10,0.15,2.6,0.6789946297095024,0.24302270991222288
28,20,10,3.0,6,0.15,2.6,0.678994728261139,0.24294299273704528
32,20,25,3.0,10,0.15,1.8,0.6789951058470829,0.24299132198499893
28,20,25,2.0,14,0.18,2.6,0.6789953754154542,0.24305971775588597
28,16,10,1.5,6,0.18,2.2,0.6789983020086102,0.24299697849658672
28,16,20,2.0,6,0.18,2.2,0.6789988238315259,0.2429915504165183
28,16,15,1.5,6,0.22,1.8,0.6790003387772457,0.24301021156666217
32,16,25,1.5,6,0.22,1.8,0.6790036684589514,0.24302877992441732
32,16,25,2.0,6,0.15,2.6,0.679005071054968,0.24298146563050477
28,16,25,3.0,6,0.18,1.8,0.6790074748835025,0.24293987736802208
32,20,25,1.5,10,0.18,2.6,0.6790097479539854,0.2430623929244962
32,20,10,2.0,6,0.15,2.2,0.6790097550868667,0.24296743006967808
28,20,25,2.5,14,0.15,2.6,0.6790117446418585,0.24305197553563532
36,20,20,1.5,6,0.22,1.8,0.6790125403897884,0.2430483887947068
32,20,25,3.0,6,0.18,2.6,0.6790129158932569,0.24300859130699048
28,20,25,2.5,6,0.22,2.6,0.6790147004816373,0.24306194203355594
32,20,10,1.5,10,0.15,2.2,0.6790148221172992,0.24301824046168688
32,20,15,2.0,10,0.15,1.8,0.6790151031699321,0.24300518342507613
32,20,25,1.5,14,0.22,1.8,0.6790165544955122,0.2430858104323789
28,20,15,3.0,6,0.22,1.8,0.6790223692757198,0.24300084644504658
32,16,15,1.5,6,0.15,1.8,0.6790232630173254,0.24297797636357737
28,16,15,1.5,10,0.18,1.8,0.6790245065606889,0.24301931023962822
40,20,15,1.5,6,0.15,1.8,0.6790274889198359,0.2429798489076476
36,20,20,3.0,6,0.15,2.2,0.6790281291673157,0.2429186292333799
40,20,25,1.5,10,0.15,2.6,0.6790291722105825,0.24308516523407447
32,20,15,1.5,6,0.18,2.6,0.6790296153076592,0.2430397400638778
28,12,25,1.5,14,0.15,1.8,0.6790353874856931,0.24302636219834925
40,16,25,1.5,6,0.18,1.8,0.6790354839119935,0.24302448685534278
28,20,10,2.5,6,0.22,1.8,0.6790371374972962,0.2430153081501504
40,16,25,2.5,6,0.15,1.8,0.6790386197309657,0.2429101252564662
32,16,20,1.5,10,0.15,1.8,0.6790398712013833,0.24302233831061837
32,20,20,2.0,6,0.18,2.6,0.6790401788488416,0.2430395028277755
28,16,10,2.0,6,0.15,1.8,0.6790418569261312,0.2429727816451421
40,20,25,2.5,10,0.15,1.8,0.6790444860885293,0.24305198103396453
32,20,10,1.5,6,0.18,2.2,0.6790488910980998,0.2430306667855998
36,20,25,3.0,6,0.22,1.8,0.6790498870447716,0.24303525086090572
28,16,10,1.5,10,0.15,2.2,0.6790507887214634,0.24302481741449197
36,16,25,2.5,6,0.15,1.8,0.6790515202674597,0.24292303318356107
28,16,25,2.0,6,0.18,2.6,0.6790525428712593,0.2430332826652303
28,20,20,1.5,14,0.22,2.2,0.6790533649738001,0.24308849224755458
32,20,20,1.5,10,0.18,2.2,0.6790533706413845,0.2430668837760229
40,20,20,2.0,6,0.18,1.8,0.6790550625953145,0.2430090148460844
32,20,15,2.5,6,0.15,2.2,0.6790578689490776,0.242965039665588
28,20,20,2.0,6,0.22,2.6,0.6790593369133182,0.24307951753541973
28,16,15,2.0,6,0.15,2.2,0.6790604521343481,0.24299318638968959
32,20,20,1.5,6,0.22,2.2,0.6790626968395681,0.24308154334456786
28,20,25,2.0,14,0.22,1.8,0.6790650367113532,0.24309324787260259
40,20,25,2.5,6,0.22,1.8,0.6790658934237628,0.24306958201356238
36,16,20,1.5,6,0.15,1.8,0.6790696073391554,0.24299808832876274
28,20,20,2.0,14,0.18,2.2,0.6790726604387629,0.24308253156058662
36,16,25,1.5,6,0.15,2.6,0.6790758812192553,0.24303946932426965
28,16,20,1.5,14,0.15,2.6,0.6790759821293766,0.24306130939231935
32,20,20,2.0,10,0.15,2.2,0.6790763417469933,0.2430520860840823
32,16,20,2.0,6,0.15,1.8,0.67907757137308,0.24297599359944744
28,20,15,2.0,14,0.15,2.6,0.6790792562712182,0.24307025809330898
36,20,15,1.5,6,0.18,1.8,0.6790855817366014,0.2430378159906168
36,16,25,1.5,10,0.15,1.8,0.6790887043464969,0.24305870624686904
32,20,25,2.0,14,0.18,1.8,0.6790889204665964,0.24310265517735502
32,20,25,2.5,14,0.15,1.8,0.6790890615302714,0.24308526781128148
32,20,20,3.0,6,0.15,2.6,0.6790892131794002,0.24298049765145377
28,16,25,3.0,6,0.15,2.2,0.6790909153823868,0.24296296806670847
40,20,25,1.5,14,0.18,1.8,0.6790914494335148,0.24314751482027072
40,20,25,3.0,6,0.22,1.8,0.6790933291714734,0.2430701119163997
36,20,25,2.0,10,0.15,2.2,0.6790939014002854,0.243079231398475
36,20,20,2.5,6,0.18,1.8,0.679101318643356,0.24300059038003435
36,20,25,2.0,6,0.18,2.6,0.6791014332883475,0.2430839583518978
32,20,25,2.0,6,0.22,2.2,0.6791032853971084,0.24310083856536316
28,20,25,3.0,10,0.15,2.2,0.6791041929115291,0.24304968649126732
28,20,25,2.0,10,0.18,2.6,0.6791052935711102,0.24309076944531516
28,20,20,1.5,10,0.22,2.2,0.6791073595855016,0.24310065490039034
32,20,25,1.5,10,0.22,1.8,0.6791095868283442,0.24310931438392538
28,20,25,3.0,14,0.15,1.8,0.6791098263770488,0.2430770288486625
32,20,20,2.5,6,0.18,2.2,0.6791113059426038,0.243037885560913
28,20,10,1.5,6,0.22,2.6,0.679115673252116,0.24309625026514545
28,20,20,2.5,10,0.18,1.8,0.6791170039692866,0.24306538456887372
28,16,25,1.5,14,0.18,2.2,0.6791187994572533,0.24309391781722417
36,20,25,2.5,10,0.15,1.8,0.6791205873967974,0.24306767757005826
28,16,10,1.5,14,0.15,1.8,0.6791211561047756,0.24306218748991035
28,20,10,1.5,14,0.18,2.6,0.6791224213171378,0.24309789405218252
28,20,10,2.0,10,0.15,2.6,0.6791232827839697,0.24306755554063372
32,20,15,1.5,14,0.15,2.2,0.6791242017925049,0.24309385457717197
32,20,15,3.0,6,0.15,1.8,0.6791272104871026,0.24293761280729564
28,20,25,2.5,14,0.18,1.8,0.6791287824484145,0.2431048161482616
32,12,25,1.5,6,0.15,1.8,0.6791290748506008,0.24302739276248583
28,16,25,2.0,10,0.15,2.2,0.6791296187981458,0.2430640720670803
36,20,25,2.5,6,0.22,1.8,0.6791304093847577,0.2430840741205783
36,20,20,1.5,10,0.15,2.2,0.6791330256925814,0.24309571509211944
28,16,20,2.0,10,0.15,1.8,0.6791342473864906,0.24305363410764885
36,20,15,2.0,6,0.15,1.8,0.6791347110059228,0.24299773007681727
28,20,10,2.0,14,0.15,2.2,0.679135115142851,0.243083198186467
32,20,10,1.5,14,0.15,1.8,0.6791382606317203,0.2430837414160318
28,20,15,2.5,6,0.18,2.6,0.6791388929341314,0.24306617020635193
32,20,15,1.5,10,0.18,1.8,0.6791390784919398,0.24308856418434105
32,20,25,2.0,10,0.15,2.6,0.6791449273611287,0.24310011456444747
28,12,25,2.0,6,0.15,1.8,0.6791450997743568,0.24301640407778563
28,20,10,2.5,10,0.15,1.8,0.6791458824195675,0.24305225427960833
32,16,25,1.5,10,0.15,2.2,0.6791466911156927,0.2430870380696079
40,20,25,2.0,6,0.22,1.8,0.679156261161078,0.2431239512991201
28,20,20,2.5,6,0.22,2.2,0.6791641947156396,0.2431077723336369
32,16,20,1.5,6,0.18,1.8,0.6791674395943074,0.24307113648116221
28,20,15,3.0,6,0.18,2.2,0.6791736724216322,0.24304950419015947
28,16,20,1.5,14,0.18,1.8,0.679177138251559,0.24310834984650026
28,20,10,1.5,14,0.22,1.8,0.6791796308124289,0.24312547742005422
36,20,20,2.0,6,0.15,2.6,0.6791796952648465,0.2430678061942868
32,20,15,2.0,6,0.15,2.6,0.6791807212804342,0.2430636858650529
40,20,20,1.5,10,0.15,1.8,0.6791821368869434,0.24311665175926686
40,20,25,1.5,6,0.18,2.6,0.6791835757893935,0.24315069558148855
28,20,15,2.0,14,0.18,1.8,0.6791896649856375,0.24312077194968312
28,16,25,2.0,14,0.15,1.8,0.6791905586377346,0.24310296369579357
36,20,25,1.5,14,0.15,2.6,0.6791919220212671,0.24316863988268725
32,20,15,1.5,6,0.22,1.8,0.6791923365877028,0.24311641226015365
28,16,25,2.5,6,0.15,2.6,0.6791962702211709,0.24305294171355282
28,20,20,3.0,6,0.18,2.6,0.6792005181190343,0.24308699346267265
40,20,20,1.5,6,0.15,2.6,0.6792022969578667,0.24310812502365697
28,20,25,2.0,10,0.22,1.8,0.6792030745722248,0.24313661119848762
28,20,15,2.0,6,0.22,2.2,0.6792071275044186,0.24312891280075435
28,20,10,2.5,6,0.18,2.2,0.6792080006329474,0.24307891179172936
28,16,15,1.5,6,0.18,2.2,0.6792108645940058,0.2431010664202438
28,12,25,1.5,6,0.15,2.6,0.6792110426377469,0.24309105754589813
28,16,15,1.5,10,0.15,2.2,0.6792111689123831,0.2431037908953544
28,20,10,3.0,6,0.18,1.8,0.6792118140445758,0.24303791323054355
32,20,25,2.5,6,0.18,2.6,0.6792123315463652,0.2431118534989906
32,20,20,2.0,14,0.15,1.8,0.6792139845304482,0.24313301769260687
32,16,25,2.0,6,0.18,1.8,0.6792169302032223,0.24307572340390785
40,20,25,1.5,10,0.18,1.8,0.6792176482615688,0.24316920991949842
40,16,25,1.5,6,0.15,2.2,0.679222498211398,0.24309659800004263
28,16,25,1.5,6,0.22,2.2,0.6792236716682527,0.24313962250495152
28,20,20,3.0,10,0.15,1.8,0.6792249240792274,0.24308626447346704
40,20,20,2.0,6,0.15,2.2,0.679225082616018,0.24306880196999392
40,20,25,2.0,14,0.15,1.8,0.6792252873468734,0.24319391100829965
28,16,25,2.0,6,0.22,1.8,0.6792283124767763,0.24311616889780055
36,20,20,2.5,6,0.15,2.2,0.6792354045963512,0.24304284664802175
28,20,10,1.5,10,0.18,2.6,0.6792380751805963,0.24314122794625867
36,20,25,3.0,6,0.18,2.2,0.6792385173952171,0.24308699494335345
32,20,20,2.0,6,0.22,1.8,0.6792397159575623,0.24313235167717778
28,16,10,1.5,6,0.15,2.6,0.6792413802600382,0.24310438817041627
28,16,20,2.0,6,0.15,2.6,0.6792470830297248,0.24309373769343526
28,16,20,1.5,6,0.18,2.6,0.6792483057605904,0.2431321477339311
28,20,20,2.0,10,0.18,2.2,0.6792489513769457,0.24314455090355985
28,20,25,2.5,10,0.15,2.6,0.6792495042927887,0.24313294888719447
28,20,10,2.0,10,0.18,1.8,0.6792509535367688,0.2431254464815344
28,20,15,1.5,14,0.18,2.6,0.6792521000242459,0.24316608740336948
36,20,15,1.5,6,0.15,2.2,0.679252178506124,0.2431043268894409
32,16,25,1.5,6,0.18,2.2,0.6792532327605632,0.2431323542733348
28,20,25,3.0,6,0.22,2.2,0.6792560625490425,0.24314921695111996
28,20,15,1.5,6,0.22,2.6,0.6792600409435192,0.2431710676444061
28,20,25,1.5,14,0.22,2.2,0.6792629363728547,0.2431924075915563
28,16,20,1.5,10,0.15,2.6,0.6792668217714725,0.24313953762003232
32,20,20,1.5,14,0.15,2.6,0.6792669180277485,0.2431759374157524
28,16,25,1.5,10,0.18,2.2,0.6792682768720939,0.24315136061640072
32,20,25,3.0,6,0.22,1.8,0.6792769065861525,0.24312899023541207
32,20,25,2.0,14,0.15,2.2,0.6792827260141266,0.24318406271330759
36,20,20,1.5,6,0.18,2.2,0.6792875336009359,0.2431593750210785
28,20,10,3.0,6,0.15,2.2,0.6792906024333633,0.2430596554202021
40,20,25,3.0,6,0.18,2.2,0.6792917529704604,0.24311876490453235
36,16,25,1.5,6,0.18,1.8,0.679292600758727,0.24313666357302996
28,20,25,2.5,14,0.15,2.2,0.679298575398846,0.24317543954688714
28,16,15,1.5,14,0.15,1.8,0.6793031664686512,0.24315199570669171
40,20,25,2.5,6,0.18,2.2,0.6793084579157727,0.24314700316130305
28,20,10,1.5,10,0.22,1.8,0.6793121591613266,0.24317632614794782
28,12,25,1.5,10,0.15,1.8,0.6793124357203192,0.24314508842040328
28,20,20,2.5,10,0.15,2.2,0.6793127175124951,0.2431484688956788
40,16,25,2.0,6,0.15,1.8,0.6793138281374639,0.24307531155097223
28,20,25,1.5,10,0.22,2.2,0.6793138568144702,0.24320250203466368
32,20,25,2.0,10,0.18,1.8,0.6793150097214423,0.24317655516003792
28,20,15,2.0,10,0.15,2.6,0.6793150755534587,0.24316164397334955
28,20,25,2.0,6,0.22,2.6,0.6793165121482782,0.2432046162806751
28,20,15,1.5,14,0.22,1.8,0.6793176452868445,0.24319769742008016
28,12,20,1.5,6,0.15,1.8,0.6793197144921366,0.24312221730061653
36,20,25,2.0,6,0.22,1.8,0.6793208685207335,0.24318483988199333
32,16,20,1.5,6,0.15,2.2,0.6793215453133986,0.24313451924603457
32,20,25,1.5,14,0.18,2.2,0.6793228562415091,0.24321925707841663
28,20,10,2.0,6,0.18,2.6,0.6793238751259943,0.2431601400889524
32,16,25,1.5,14,0.15,1.8,0.6793260181956824,0.24318060763988378
32,16,25,2.5,6,0.15,1.8,0.6793293544695578,0.2430609257413296
36,20,25,1.5,10,0.15,2.6,0.6793301148911509,0.243205633451487
28,20,25,2.0,14,0.18,2.2,0.6793310897687724,0.24320818191204344
40,20,25,1.5,14,0.15,2.2,0.6793312587129702,0.24324806158266876
32,20,10,1.5,6,0.15,2.6,0.679341359269484,0.24315559302234577
36,20,25,2.0,14,0.15,1.8,0.6793427334981545,0.2432203502233245
28,20,20,2.5,14,0.15,1.8,0.6793430122681678,0.24317909988696865
36,20,25,1.5,14,0.18,1.8,0.6793435268635293,0.2432376974248758
28,16,20,1.5,14,0.15,2.2,0.6793438422760887,0.24318230153799128
32,20,20,3.0,6,0.18,1.8,0.6793449877514053,0.2430898913882543
28,20,15,2.5,6,0.22,1.8,0.6793450852865254,0.2431622804045419
32,20,15,1.5,10,0.15,2.2,0.6793499701459577,0.2431812866304864
32,16,25,2.0,6,0.15,2.2,0.6793538353548194,0.2431268614985374
28,20,15,2.0,14,0.15,2.2,0.6793551732398097,0.24319189218781026
28,16,20,2.5,6,0.15,1.8,0.6793599053613848,0.24308996197223634
28,20,15,1.5,10,0.18,2.6,0.6793612564842999,0.24320496524513838
36,20,25,2.5,6,0.18,2.2,0.6793631445364469,0.2431628960066599
28,12,25,1.5,6,0.18,1.8,0.679365062455851,0.243161995706023
28,20,20,2.0,14,0.15,2.6,0.6793711416129606,0.24321221663343548
32,20,20,2.5,6,0.15,2.6,0.6793728024621432,0.2431332985541032
28,16,10,1.5,6,0.18,1.8,0.6793753669274365,0.24316618527566036
28,20,15,3.0,6,0.15,2.6,0.6793759929716426,0.24311857777846896
28,16,20,1.5,10,0.18,1.8,0.6793801485513581,0.24319164079589733
40,20,20,3.0,6,0.15,1.8,0.6793853161261094,0.24302743780793534
36,20,20,1.5,14,0.15,1.8,0.6793853976656695,0.24322737979134776
28,16,20,1.5,6,0.22,1.8,0.6793855390084086,0.24319741275755205
40,20,25,1.5,6,0.22,1.8,0.6793865823218732,0.24324431607184444
32,20,15,2.0,6,0.18,1.8,0.6793934337560621,0.24315833352229252
28,16,10,1.5,10,0.15,1.8,0.679394846442193,0.24318254017727917
28,16,15,2.0,6,0.15,1.8,0.6793985144161034,0.24313668626305054
32,20,20,1.5,14,0.18,1.8,0.6793991901932566,0.24323669203581025
32,20,10,2.0,6,0.15,1.8,0.6794033024087677,0.24313125888343518
28,16,25,2.5,6,0.18,1.8,0.6794042200565326,0.24314523873960134
28,20,25,2.5,10,0.18,1.8,0.6794122846150994,0.24320606573998305
36,20,20,2.0,6,0.18,1.8,0.6794138052125787,0.2431700702580005
28,16,25,1.5,14,0.15,2.6,0.6794161495917491,0.24322653767513552
28,20,15,2.5,10,0.15,1.8,0.6794164393084234,0.24318054867751177
36,16,25,2.0,6,0.15,1.8,0.6794275209135443,0.24313148287260533
28,16,25,2.0,6,0.18,2.2,0.6794291755794073,0.24319639798316625
32,20,10,1.5,10,0.15,1.8,0.6794333225877204,0.24320586853425008
28,20,10,1.5,14,0.18,2.2,0.6794337029137368,0.2432390804892674
28,20,10,2.5,6,0.15,2.6,0.6794338952524794,0.24316595513597775
28,20,20,3.0,6,0.22,1.8,0.6794341447748686,0.24319460371113136
28,20,10,2.0,10,0.15,2.2,0.6794360571499357,0.24320671034459274
32,20,20,1.5,10,0.15,2.6,0.6794366610259602,0.24323613428412866
40,20,20,1.5,6,0.18,1.8,0.6794372745171675,0.24321186573991466
28,16,20,2.0,6,0.18,1.8,0.6794382486243223,0.24318047921102431
40,20,25,2.0,6,0.18,2.2,0.6794401859285516,0.24322749226546608
32,20,15,1.5,6,0.18,2.2,0.6794403367167597,0.24321961636524642
32,20,25,1.5,10,0.18,2.2,0.6794446623547565,0.24325592749984265
28,20,15,1.5,10,0.22,1.8,0.6794450267776103,0.24324462699771762
32,20,25,2.5,6,0.22,1.8,0.6794473262622686,0.24321989651439344
36,20,25,1.5,6,0.18,2.6,0.6794515197040416,0.24325964318951507
32,20,20,3.0,6,0.15,2.2,0.6794521717694397,0.24311923271784028
28,20,15,2.0,10,0.18,1.8,0.6794539219869924,0.24322454606071642
32,20,25,3.0,6,0.18,2.2,0.67945452308077,0.24318176542859574
32,20,25,2.5,10,0.15,1.8,0.6794559404692596,0.24320956888073506
32,20,20,2.0,6,0.18,2.2,0.6794651854606397,0.24321873602858915
36,16,25,1.5,6,0.15,2.2,0.6794657022915358,0.24320510622507419
40,20,25,2.0,10,0.15,1.8,0.6794664870706447,0.24324815803688626
32,20,25,1.5,6,0.22,2.2,0.6794695162796021,0.24327832711997965
28,20,25,2.5,6,0.22,2.2,0.6794700045057259,0.24325402997199821
28,16,15,1.5,6,0.15,2.6,0.6794700903133793,0.243213925899863
28,20,10,2.0,14,0.15,1.8,0.6794710712182798,0.2432315663686291
28,16,25,3.0,6,0.15,1.8,0.679473607450907,0.2431115684609596
40,20,25,1.5,10,0.15,2.2,0.6794802555425068,0.2432798376186952
28,20,20,1.5,14,0.18,2.6,0.6794838713397725,0.24328102033174018
32,20,15,2.5,6,0.15,1.8,0.679485646549465,0.2431349627439411
28,20,20,2.0,14,0.18,1.8,0.6794896759173787,0.24326637708375604
28,20,10,2.0,6,0.22,1.8,0.6794943080834259,0.2432403388328305
40,20,20,2.5,6,0.15,1.8,0.6794965197208445,0.2431193716576636
28,20,20,1.5,6,0.22,2.6,0.6794991921550176,0.24328937666844339
28,20,20,2.5,6,0.18,2.6,0.6794996495919838,0.24323745448906992
28,16,25,2.5,6,0.15,2.2,0.6795026312585347,0.2431780158220031
28,20,25,2.0,10,0.18,2.2,0.6795031316963371,0.24326718279832393
32,20,20,1.5,6,0.18,2.6,0.6795031982049224,0.24326790135425264
28,12,25,1.5,6,0.15,2.2,0.6795045935332239,0.24322135116868362
28,20,20,2.0,6,0.22,2.2,0.6795075973222346,0.24327449943058263
28,16,10,1.5,6,0.15,2.2,0.6795082879232601,0.24322403161349723
36,20,25,1.5,10,0.18,1.8,0.6795091166533656,0.24328622013968842
36,20,20,3.0,6,0.15,1.8,0.6795141177687933,0.24309693741476393
32,20,25,2.0,6,0.18,2.6,0.6795158719305436,0.2432653928748869
32,20,15,1.5,14,0.15,1.8,0.6795176686039839,0.2432685829325197
28,20,15,2.5,6,0.18,2.2,0.6795198874322003,0.24322564788933107
32,20,10,1.5,6,0.18,1.8,0.6795230420327175,0.24323829840478528
28,20,10,1.5,6,0.22,2.2,0.6795264007005848,0.24328065417736197
28,16,25,1.5,14,0.18,1.8,0.6795271142651568,0.24327801844507657
32,20,15,2.0,6,0.15,2.2,0.6795290516745589,0.24320921273169557
36,20,25,3.0,6,0.15,2.6,0.6795318654438418,0.24318200199394596
32,20,25,2.0,10,0.15,2.2,0.6795388303527212,0.2432717370920418
28,20,25,3.0,6,0.18,2.6,0.6795501389338754,0.24325122697840254
28,16,25,2.0,10,0.15,1.8,0.6795549275526066,0.24325304155082858
32,20,20,2.0,10,0.15,1.8,0.6795552475774017,0.24326071335596755
28,20,20,1.5,14,0.22,1.8,0.6795557013838207,0.24331560701299013
28,16,20,2.0,6,0.15,2.2,0.679557457378506,0.2432268481658061
28,20,15,2.0,6,0.18,2.6,0.6795643910195763,0.24327634962360548
28,20,25,3.0,10,0.15,1.8,0.6795646944555652,0.24324557208758393
36,20,25,1.5,14,0.15,2.2,0.6795653169456004,0.243331933490447
32,16,25,1.5,6,0.15,2.6,0.6795684195466934,0.24326515946786254
36,20,20,2.0,6,0.15,2.2,0.6795715258536269,0.24322721313530646
28,16,20,1.5,10,0.15,2.2,0.6795757328119095,0.24327941670283584
36,20,25,2.0,6,0.18,2.2,0.6795827662117886,0.24328280005252537
28,20,15,1.5,14,0.18,2.2,0.6795834052474244,0.24331575798257013
28,16,15,1.5,10,0.15,1.8,0.6795857524831702,0.24327409636934072
28,20,20,1.5,10,0.18,2.6,0.6795895127458239,0.24331733983288314
28,20,20,3.0,6,0.18,2.2,0.679594095060816,0.24324569768796492
32,20,20,1.5,10,0.18,1.8,0.6795942489724219,0.2433077936553707
32,20,20,1.5,14,0.15,2.2,0.6795961850890114,0.24332191810136902
28,20,10,1.5,10,0.18,2.2,0.6795974507543002,0.24330472439227707
28,20,20,2.0,10,0.15,2.6,0.679601262350635,0.24329941058461796
28,20,15,3.0,6,0.18,1.8,0.6796067823960908,0.24321908642944334
32,16,25,1.5,10,0.15,1.8,0.6796082894318985,0.2432925053927615
28,16,25,1.5,6,0.18,2.6,0.679608442496049,0.24330612201588334
28,16,20,1.5,6,0.18,2.2,0.6796084893221219,0.24329267462160561
32,20,20,2.5,6,0.18,1.8,0.679611947335238,0.24323730492096032
28,16,25,1.5,10,0.15,2.6,0.6796120371784325,0.2433060292714558
28,20,25,2.5,10,0.15,2.2,0.6796143501530489,0.24329156786612838
40,20,25,3.0,6,0.15,2.6,0.6796232220327154,0.24322376230409046
28,16,15,1.5,6,0.18,1.8,0.6796236595769023,0.24328459550454595
40,20,20,1.5,6,0.15,2.2,0.679626208709135,0.24328450523992376
36,20,25,2.0,10,0.15,1.8,0.6796290495892379,0.24330812217522088
36,20,20,1.5,6,0.15,2.6,0.6796380172492951,0.24330361492824878
28,20,10,2.5,6,0.18,1.8,0.6796385194810852,0.24325682721735645
28,20,25,2.0,14,0.15,2.6,0.6796398632424239,0.2433419273220313
28,20,15,2.0,10,0.15,2.2,0.6796451192537847,0.24330769886022924
36,20,20,1.5,10,0.15,1.8,0.6796460817809677,0.24332048500704387
36,20,25,1.5,6,0.22,1.8,0.67964632682216,0.24335029078473774
40,20,25,2.5,6,0.15,2.6,0.6796482163296887,0.24326405800677525
36,20,25,2.5,6,0.15,2.6,0.679658604761062,0.2432659444044246
32,20,25,2.5,6,0.18,2.2,0.6796594023870848,0.2432940045334324
28,20,20,2.0,14,0.15,2.2,0.6796622237454365,0.24334014114560157
28,20,10,3.0,6,0.15,1.8,0.6796638133859431,0.24320539724454582
28,20,25,2.5,14,0.15,1.8,0.6796654473842367,0.2433324989823237
32,20,10,1.5,6,0.15,2.2,0.679677743346721,0.24330275842902185
32,20,20,1.5,6,0.22,1.8,0.6796778126798063,0.24334996017920915
32,20,25,1.5,14,0.15,2.6,0.6796782414074802,0.24337446777964053
28,20,20,1.5,10,0.22,1.8,0.6796798897909203,0.24336006636965732
28,16,20,1.5,14,0.15,1.8,0.6796858557825647,0.24333637512156925
28,16,25,2.0,6,0.15,2.6,0.6796908405054712,0.24330341985637802
28,20,10,2.0,6,0.18,2.2,0.6796931937486378,0.24332061835198612
28,20,15,3.0,6,0.15,2.2,0.6796941744528999,0.24324351548227885
28,20,15,1.5,6,0.22,2.2,0.6796945807564004,0.24336524848704827
40,20,25,1.5,6,0.18,2.2,0.6796988233695507,0.24336696585607137
28,16,25,1.5,14,0.15,2.2,0.6797004621349167,0.24335445019008908
32,20,25,3.0,6,0.15,2.6,0.6797044292164072,0.24326346797376977
28,20,25,1.5,14,0.18,2.6,0.6797056146662531,0.24338978013492799
32,20,25,2.0,14,0.15,1.8,0.679706435240739,0.24336722884304107
36,20,15,1.5,6,0.15,1.8,0.6797071636331876,0.24329614236369268
28,20,15,2.0,14,0.15,1.8,0.6797123900260834,0.24334888294567875
28,20,20,2.5,6,0.22,1.8,0.679714214673746,0.2433372407964339
32,16,20,1.5,6,0.15,1.8,0.6797197061384056,0.24330490460500798
32,20,25,2.0,6,0.22,1.8,0.6797242252417438,0.24336206749300232
28,20,25,1.5,6,0.22,2.6,0.6797252902848314,0.24340014141731206
28,20,10,1.5,14,0.15,2.6,0.6797284821801995,0.24337106490841515
36,20,20,2.5,6,0.15,1.8,0.6797291688468449,0.24323362130676743
32,20,20,2.5,6,0.15,2.2,0.6797328965239429,0.2432765284911457
28,16,25,1.5,10,0.18,1.8,0.6797345001265492,0.24336221067688887
28,20,10,2.5,6,0.15,2.2,0.6797348304779052,0.24328947986396923
28,20,15,1.5,10,0.18,2.2,0.6797402549327223,0.24337659738318604
40,16,25,1.5,6,0.15,1.8,0.6797412719495312,0.24331077505161253
28,20,15,2.0,6,0.22,1.8,0.6797473697401222,0.24336235557285849
28,20,20,2.0,10,0.18,1.8,0.6797486784887866,0.24336608719624234
40,20,20,2.0,6,0.15,1.8,0.679751093711078,0.24327650361998934
36,20,25,1.5,10,0.15,2.2,0.679752598125189,0.24339026790406232
32,20,15,1.5,6,0.15,2.6,0.6797535151854924,0.2433518725556913
28,16,25,1.5,6,0.22,1.8,0.6797571868073854,0.24337674968813736
28,20,15,2.5,6,0.15,2.6,0.6797595893569163,0.2433172223644796
28,16,15,1.5,6,0.15,2.2,0.6797627276100091,0.24334393164478502
32,20,20,2.0,6,0.15,2.6,0.6797631871521307,0.24333691086851345
28,20,25,2.0,14,0.18,1.8,0.6797646121089108,0.2433988442919591
32,16,25,1.5,6,0.18,1.8,0.6797679250955287,0.24335558766322865
28,20,20,2.5,10,0.15,1.8,0.6797679350648914,0.2433463968865514
28,20,25,2.0,6,0.22,2.2,0.6797807504506762,0.24340602506548456
28,20,25,1.5,14,0.22,1.8,0.6797822323167818,0.2434266049178691
32,16,25,2.0,6,0.15,1.8,0.6797863806445782,0.2433049932056927
28,20,25,3.0,6,0.22,1.8,0.6797918575276781,0.2433623893225739
40,20,25,2.0,6,0.15,2.6,0.6797976911963955,0.24336081616693073
32,20,15,1.5,10,0.15,1.8,0.6798079174241852,0.24338519695237718
36,20,25,3.0,6,0.18,1.8,0.6798088622068791,0.24329774000334992
28,20,20,3.0,6,0.15,2.6,0.6798089279344592,0.24331873432622234
28,20,25,1.5,10,0.18,2.6,0.6798090354903839,0.2434244193688833
32,20,20,1.5,10,0.15,2.2,0.679813040809381,0.2434031672390784
28,20,25,2.5,6,0.18,2.6,0.6798184893707833,0.24338828439750543
32,20,25,1.5,14,0.18,1.8,0.6798198088903744,0.24343932864827206
28,20,20,1.5,14,0.18,2.2,0.6798309737518402,0.24343732719221198
28,20,10,1.5,14,0.18,1.8,0.6798354421544821,0.2434205524041871
28,16,10,1.5,6,0.15,1.8,0.6798403631718303,0.2433718019871045
32,20,25,1.5,10,0.15,2.6,0.6798423776587424,0.24343073520927117
40,20,25,1.5,14,0.15,1.8,0.6798471384141952,0.2434703168742799
28,20,10,2.0,10,0.15,1.8,0.6798514410463911,0.24339162950378132
28,12,25,1.5,6,0.15,1.8,0.6798577933192024,0.2433763799906005
36,20,20,1.5,6,0.18,1.8,0.6798649649933947,0.24340510264452217
28,20,25,2.0,10,0.15,2.6,0.6798658031729419,0.24342608801801408
28,20,20,2.0,6,0.18,2.6,0.6798824284043761,0.2434284695091669
28,16,20,1.5,6,0.15,2.6,0.6798827831560834,0.24341094847609135
28,20,15,1.5,14,0.15,2.6,0.6798903811837402,0.2434523213289651
28,16,25,2.5,6,0.15,1.8,0.6798927902703691,0.2433361520759413
28,16,25,2.0,6,0.18,1.8,0.6798929184203981,0.24339484654182983
28,20,20,2.5,6,0.18,2.2,0.6798960733263647,0.2434024409595251
28,20,25,1.5,10,0.22,1.8,0.6799044046067114,0.24346943312752634
28,20,10,1.5,6,0.18,2.6,0.6799045206967448,0.24344509625520122
32,20,20,3.0,6,0.15,1.8,0.6799076905028225,0.24329124738526858
40,20,25,3.0,6,0.18,1.8,0.6799144697798474,0.24334340013885677
36,20,25,2.0,6,0.15,2.6,0.6799184363140387,0.24341174207214153
28,16,20,2.0,6,0.15,1.8,0.6799238323168579,0.243381258711073
40,20,25,2.5,6,0.18,1.8,0.6799272456665283,0.2433812604438486
32,20,25,1.5,6,0.18,2.6,0.6799296327019724,0.24347206126871646
36,20,25,2.5,6,0.18,1.8,0.6799299214809743,0.24338197203288736
32,16,25,1.5,6,0.15,2.2,0.6799307969469205,0.2434219455839795
36,20,25,1.5,6,0.18,2.2,0.6799343321732118,0.243465457924912
32,20,25,2.5,6,0.15,2.6,0.6799348465815024,0.2433939102015447
28,20,10,1.5,10,0.15,2.6,0.6799355928321942,0.2434574048417109
28,16,25,1.5,10,0.15,2.2,0.6799372534966257,0.2434526568508211
36,16,25,1.5,6,0.15,1.8,0.6799392737324513,0.24340371901524613
32,20,20,1.5,6,0.18,2.2,0.6799394492472142,0.24345788589791797
36,20,25,3.0,6,0.15,2.2,0.6799428300572941,0.24333388892119776
28,20,25,2.0,14,0.15,2.2,0.6799428316153966,0.24347476916488042
28,20,20,2.0,10,0.15,2.2,0.6799462316290358,0.2434515099266989
28,20,10,2.0,6,0.15,2.6,0.679949339239433,0.24342601927627283
28,20,20,1.5,6,0.22,2.2,0.6799539872433418,0.24349196015933738
32,20,15,1.5,6,0.18,1.8,0.6799540111466782,0.24344275968650364
28,20,15,2.0,6,0.18,2.2,0.6799549347009082,0.24344506355092232
32,20,15,2.0,6,0.15,1.8,0.6799586482185962,0.24338634159232758
28,20,25,3.0,6,0.18,2.2,0.6799592693324734,0.24341578047278128
32,20,25,2.0,6,0.18,2.2,0.6799610528144043,0.24345228383206807
32,20,25,3.0,6,0.18,1.8,0.6799736469400738,0.24337831804770305
28,20,15,2.5,6,0.18,1.8,0.6799763199145809,0.2434131174926112
28,16,20,1.5,10,0.15,1.8,0.6799775363796654,0.24346104704184143
28,20,20,1.5,10,0.18,2.2,0.6799847541952228,0.2434957231174536
32,20,20,2.0,6,0.18,1.8,0.6799887448665282,0.24343684492417061
28,16,25,1.5,6,0.18,2.2,0.6799904818061963,0.2434757943731165
28,20,10,1.5,14,0.15,2.2,0.6800062994061563,0.24349621720703837
28,20,15,1.5,14,0.18,1.8,0.6800079711806569,0.24350667030956116
32,20,25,1.5,10,0.18,1.8,0.6800096045672929,0.24350658307979728
32,20,20,1.5,14,0.15,1.8,0.6800155706481398,0.243507141575313
28,16,25,2.0,6,0.15,2.2,0.6800183398588595,0.24344316039072036
28,20,25,2.0,10,0.18,1.8,0.6800200634927072,0.24349575849156643
32,20,25,1.5,14,0.15,2.2,0.6800245518999574,0.24352744490817704
28,20,20,2.0,14,0.15,1.8,0.6800372150586335,0.24350435968912643
32,20,25,2.0,10,0.15,1.8,0.6800375990022455,0.24348796148482535
28,20,25,2.5,6,0.22,1.8,0.6800384046220781,0.24349032644716573
36,20,20,1.5,6,0.15,2.2,0.6800417708149611,0.24347456209881063
36,20,25,1.5,14,0.15,1.8,0.6800432629715036,0.2435400347487928
28,20,10,1.5,6,0.22,1.8,0.6800461405107733,0.24351216766767309
28,20,20,3.0,6,0.18,1.8,0.6800489925313012,0.24342295462887445
28,16,20,1.5,6,0.18,1.8,0.68005040489044,0.24348784331144932
28,20,10,1.5,10,0.18,1.8,0.6800562570191895,0.24351270833729974
40,20,25,1.5,10,0.15,1.8,0.6800581629865268,0.24352845571976073
28,16,25,1.5,14,0.15,1.8,0.680062137646786,0.2435166622109924
36,20,20,2.0,6,0.15,1.8,0.6800646513503573,0.24342569100809322
28,20,25,1.5,14,0.18,2.2,0.6800650836085328,0.24355126501078808
40,20,25,2.0,6,0.18,1.8,0.6800672539737898,0.24347670417386044
32,20,10,1.5,6,0.15,1.8,0.68007137771461,0.2434721543725558
28,20,20,2.0,6,0.22,1.8,0.6800742954611699,0.24351850630393557
40,20,25,3.0,6,0.15,2.2,0.680076004589395,0.24338752071436692
36,20,25,2.5,6,0.15,2.2,0.680076216269662,0.24342811905426726
28,20,15,2.5,6,0.15,2.2,0.6800787760179524,0.24344730995685523
28,20,25,2.5,10,0.15,1.8,0.680083128817321,0.24349468802694665
28,20,15,2.0,10,0.15,1.8,0.680085992947116,0.24350299414825605
32,20,25,3.0,6,0.15,2.2,0.6800887131681076,0.24340991631414274
28,20,15,1.5,6,0.18,2.6,0.6800911330888813,0.24353641062497822
28,20,15,3.0,6,0.15,1.8,0.6800919747376624,0.24339773418312502
28,20,15,1.5,10,0.15,2.6,0.6800927951831524,0.24353479437450246
40,20,25,2.5,6,0.15,2.2,0.6800946924791103,0.24343315499294477
40,20,25,1.5,6,0.15,2.6,0.6801003230801665,0.24352821778216963
32,20,25,1.5,6,0.22,1.8,0.6801128376438061,0.2435579370121515
28,20,10,2.5,6,0.15,1.8,0.6801153176494721,0.24344439783674604
32,20,15,1.5,6,0.15,2.2,0.6801164205923104,0.243509177897658
28,16,15,1.5,6,0.15,1.8,0.6801166556042892,0.24349954583865854
32,20,20,2.0,6,0.15,2.2,0.6801332839436142,0.24349046760465914
28,20,20,3.0,6,0.15,2.2,0.6801438581318036,0.24344975679992148
28,20,20,2.5,6,0.15,2.6,0.6801474449478915,0.24349786099312917
28,20,10,2.0,6,0.18,1.8,0.6801488006093238,0.2435163267240766
28,20,20,1.5,14,0.15,2.6,0.6801494482319952,0.2435784002896291
40,20,20,1.5,6,0.15,1.8,0.6801553783848127,0.2435026373296073
36,20,25,2.0,6,0.18,1.8,0.6801670632839866,0.2435199221640065
28,20,25,2.0,6,0.18,2.6,0.6801693898654062,0.2435651747884779
28,20,25,3.0,6,0.15,2.6,0.6801840807482967,0.24349206350924937
32,20,25,2.5,6,0.18,1.8,0.6801853045288326,0.243502492896995
28,20,15,1.5,14,0.15,2.2,0.6801858630590891,0.2435848762276463
32,20,20,2.5,6,0.15,1.8,0.6801940060632209,0.24345889482854152
28,20,25,1.5,6,0.22,2.2,0.6801956154574087,0.24360913603902468
28,16,20,1.5,6,0.15,2.2,0.6801968210753697,0.24354955599740405
28,20,25,1.5,10,0.18,2.2,0.6802167508048402,0.24360795684777145
28,20,25,2.0,10,0.15,2.2,0.680222996148633,0.24358317911724398
28,20,15,2.0,6,0.15,2.6,0.6802251393040245,0.24355532324708634
28,20,15,1.5,10,0.18,1.8,0.6802267564973576,0.24359603539409666
28,20,25,2.5,6,0.18,2.2,0.6802278516764355,0.24355803110806679
32,20,25,1.5,10,0.15,2.2,0.68023487707684,0.24360419968164054
28,20,15,1.5,6,0.22,1.8,0.6802466142300344,0.24360999864445576
40,20,25,2.0,6,0.15,2.2,0.6802499706746578,0.24354023894190285
28,20,10,1.5,10,0.15,2.2,0.6802553942718911,0.24360191268986894
32,20,20,1.5,6,0.15,2.6,0.6802687909060501,0.24359574832990233
28,20,10,2.0,6,0.15,2.2,0.6802721703265787,0.24356438884550863
32,20,25,2.0,6,0.15,2.6,0.6802733239773858,0.2435754150765574
28,20,20,1.5,14,0.18,1.8,0.6802755760235912,0.24363659262243312
28,20,10,1.5,6,0.18,2.2,0.680277118038347,0.2436108988372431
28,16,25,1.5,6,0.15,2.6,0.6802783024316162,0.24359915120933345
28,20,20,2.0,6,0.18,2.2,0.6802902299690552,0.2436038949588716
36,20,25,1.5,10,0.15,1.8,0.6802933650628321,0.24362587056674992
32,20,20,1.5,10,0.15,1.8,0.6802990689525978,0.2436184588620471
36,20,25,1.5,6,0.15,2.6,0.6803022667925285,0.2436156838677504
32,20,25,2.5,6,0.15,2.2,0.6803147815785122,0.2435444588681495
28,20,25,2.0,14,0.15,1.8,0.6803317157501183,0.2436446215883555
36,20,25,2.0,6,0.15,2.2,0.6803338258758547,0.24357968133836871
28,20,20,1.5,10,0.15,2.6,0.6803485692397204,0.24365823541774084
40,20,25,1.5,6,0.18,1.8,0.6803508118470931,0.24363818904596202
32,16,25,1.5,6,0.15,1.8,0.6803583660119747,0.24360383158031354
28,16,25,1.5,10,0.15,1.8,0.6803601344929344,0.2436429903945478
28,20,10,1.5,14,0.15,1.8,0.6803614741973556,0.24365581386112375
28,20,20,1.5,6,0.18,2.6,0.6803659836314762,0.24366889916307577
28,20,25,2.0,6,0.22,1.8,0.6803673760240275,0.24365791690846145
28,20,20,2.5,6,0.18,1.8,0.6803737532702185,0.24359773263407672
32,20,25,1.5,6,0.18,2.2,0.6803842390894151,0.24366913707539573
28,20,25,1.5,14,0.15,2.6,0.6803930412988523,0.24369609502389247
28,20,20,2.0,10,0.15,1.8,0.6804043472780005,0.24365362712536634
28,16,25,2.0,6,0.15,1.8,0.6804071633046666,0.24360621271246125
28,20,25,3.0,6,0.18,1.8,0.6804312962894209,0.24359912558211674
28,20,15,1.5,10,0.15,2.2,0.6804327465805416,0.24368765614347426
28,20,15,2.0,6,0.18,1.8,0.6804358302956853,0.24365040163692603
28,16,25,1.5,6,0.18,1.8,0.6804566002832894,0.2436807226342176
28,20,20,1.5,14,0.15,2.2,0.6804592655803017,0.24371694089223697
36,20,25,3.0,6,0.15,1.8,0.6804616329472624,0.24352320542488415
32,20,25,1.5,14,0.15,1.8,0.6804642567897091,0.2437208620828083
32,20,20,1.5,6,0.18,1.8,0.68048166512106,0.2436918308268396
28,20,20,2.5,6,0.15,2.2,0.680482351274784,0.24363391727636763
28,20,15,2.5,6,0.15,1.8,0.6804840024989902,0.2436112282109369
28,20,15,1.5,6,0.18,2.2,0.6804864311456398,0.24371152813525723
28,20,25,2.5,6,0.15,2.6,0.6804884716633589,0.24365655241109418
28,20,20,1.5,10,0.18,1.8,0.6804909516914768,0.24372322727047482
32,20,25,2.0,6,0.18,1.8,0.6805090594376924,0.24367952370008725
28,20,25,1.5,14,0.18,1.8,0.6805253774115055,0.24375705743516662
28,20,20,1.5,6,0.22,1.8,0.6805309072813183,0.24374684534520738
28,20,25,3.0,6,0.15,2.2,0.6805319430122029,0.24362776537925043
36,20,20,1.5,6,0.15,1.8,0.6805328165577585,0.24367982738932337
32,20,15,1.5,6,0.15,1.8,0.6805415326843377,0.24369026492787238
36,20,25,1.5,6,0.18,1.8,0.6805422868373655,0.24372255236895582
40,20,25,1.5,6,0.15,2.2,0.6805523180518145,0.2437148904764378
28,20,10,1.5,6,0.15,2.6,0.6805596696295829,0.24373262935677836
28,20,15,1.5,14,0.15,1.8,0.6805615488772784,0.24375287292569617
28,20,20,3.0,6,0.15,1.8,0.6805636763733434,0.2436121889310943
28,20,15,2.0,6,0.15,2.2,0.6805652755002881,0.24370012911287278
32,20,25,3.0,6,0.15,1.8,0.6805687413696215,0.24359041379910146
28,20,20,2.0,6,0.15,2.6,0.680572437959436,0.24371847520374929
28,16,20,1.5,6,0.15,1.8,0.6805744037715186,0.24371431429474694
28,20,25,1.5,10,0.15,2.6,0.6805896715426135,0.24377400176684777
28,20,25,2.0,6,0.18,2.2,0.6805906014587259,0.24374581363953496
32,20,20,2.0,6,0.15,1.8,0.6805921932154697,0.2436786700948989
36,20,25,2.5,6,0.15,1.8,0.6806018770989037,0.24363001892542865
28,16,25,1.5,6,0.15,2.2,0.680609053340477,0.24374444244101082
28,20,25,1.5,6,0.18,2.6,0.6806199788819179,0.2437907608003781
40,20,25,3.0,6,0.15,1.8,0.6806470622623629,0.24359111440340253
32,20,20,1.5,6,0.15,2.2,0.6806500474707068,0.24375977803236273
28,20,10,2.0,6,0.15,1.8,0.6806544330322776,0.24372559050508477
32,20,25,2.0,6,0.15,2.2,0.6806593143649067,0.2437346942395424
40,20,25,2.5,6,0.15,1.8,0.6806612736718067,0.24364517310363615
28,20,10,1.5,10,0.15,1.8,0.6806677165035243,0.24378780221545146
28,20,25,2.0,10,0.15,1.8,0.6806946457979848,0.24379064350240823
28,20,20,1.5,10,0.15,2.2,0.6807024775694345,0.24381681261290986
28,20,25,1.5,14,0.15,2.2,0.6807138274684851,0.2438391932092473
28,20,25,2.5,6,0.18,1.8,0.6807221754620296,0.24375946666071224
32,20,25,1.5,6,0.15,2.6,0.680724399161262,0.24381049775262903
36,20,25,1.5,6,0.15,2.2,0.6807286440591948,0.24379513435347078
28,20,10,1.5,6,0.18,1.8,0.6807338957279492,0.24381234481583533
28,20,25,1.5,10,0.18,1.8,0.6807385315079845,0.2438418522804556
32,20,25,1.5,10,0.15,1.8,0.6807421962116027,0.24382804991385224
28,20,20,1.5,6,0.18,2.2,0.6807791845131984,0.2438513068095312
28,20,15,1.5,6,0.15,2.6,0.68078413549289,0.24383887703872423
28,20,25,1.5,6,0.22,1.8,0.6807912807958434,0.24387159607604839
28,20,20,2.0,6,0.18,1.8,0.6807918969381224,0.2438171927264897
32,20,25,2.5,6,0.15,1.8,0.6808002745462756,0.24373569839616818
40,20,25,2.0,6,0.15,1.8,0.6808145232584041,0.2437615436725246
28,20,25,2.5,6,0.15,2.2,0.6808353890034348,0.2437970447495764
28,20,20,1.5,14,0.15,1.8,0.6808519518277494,0.24389191056125298
36,20,25,2.0,6,0.15,1.8,0.6808567510117464,0.24378887368632282
28,20,15,1.5,10,0.15,1.8,0.6808707503696388,0.24388421988167108
28,20,25,2.0,6,0.15,2.6,0.6808816435971871,0.2438634663184523
28,20,10,1.5,6,0.15,2.2,0.6808839624255792,0.2438755352304813
28,20,20,2.5,6,0.15,1.8,0.6809081033013903,0.24380548779055883
28,20,20,2.0,6,0.15,2.2,0.680925879316567,0.24386820461537365
32,20,25,1.5,6,0.18,1.8,0.6809481400667888,0.2439112068693117
28,20,25,1.5,10,0.15,2.2,0.6809544538193576,0.2439370217898027
28,20,25,3.0,6,0.15,1.8,0.6809686128263266,0.24379637783590835
28,20,15,2.0,6,0.15,1.8,0.6809689086958023,0.24386903619281453
28,20,15,1.5,6,0.18,1.8,0.6809702705969598,0.2439238112448053
28,16,25,1.5,6,0.15,1.8,0.681005493057478,0.24391647316015008
28,20,25,1.5,6,0.18,2.2,0.6810466224573708,0.2439785952028795
28,20,20,1.5,6,0.15,2.6,0.6810866147091842,0.24398206369737144
32,20,20,1.5,6,0.15,1.8,0.6811050411985662,0.24395260217999942
28,20,25,2.0,6,0.18,1.8,0.6811080436251394,0.24396508809829318
40,20,25,1.5,6,0.15,1.8,0.6811188708230287,0.24394684254015878
28,20,25,1.5,14,0.15,1.8,0.6811198254939895,0.2440196156787222
32,20,25,1.5,6,0.15,2.2,0.6811225716493801,0.24398102718768
28,20,15,1.5,6,0.15,2.2,0.6811260177772921,0.24398864725770208
32,20,25,2.0,6,0.15,1.8,0.681139142703865,0.24393044873016154
28,20,20,1.5,10,0.15,1.8,0.6811607722644452,0.24402176623692134
28,20,25,2.0,6,0.15,2.2,0.6812443392293994,0.24401652421867176
36,20,25,1.5,6,0.15,1.8,0.6812485637835997,0.24401123317744589
28,20,10,1.5,6,0.15,1.8,0.6812752875864131,0.2440461485051386
28,20,25,2.5,6,0.15,1.8,0.6812773700314528,0.2439748395045853
28,20,20,1.5,6,0.18,1.8,0.6812846177919848,0.2440722837031803
28,20,20,2.0,6,0.15,1.8,0.681346692997734,0.24404339444792392
28,20,25,1.5,6,0.15,2.6,0.6813615811748783,0.24411197902177248
28,20,25,1.5,10,0.15,1.8,0.6814269785975752,0.24414778387934624
28,20,20,1.5,6,0.15,2.2,0.681444621827035,0.24413832543861955
28,20,15,1.5,6,0.15,1.8,0.68153569917029,0.2441659391074213
28,20,25,1.5,6,0.18,1.8,0.681567639762118,0.24420567688815262
32,20,25,1.5,6,0.15,1.8,0.6815989540987887,0.244182078656384
28,20,25,2.0,6,0.15,1.8,0.6816794410029667,0.24419709488421903
28,20,25,1.5,6,0.15,2.2,0.6817325472022364,0.24427351613165008
28,20,20,1.5,6,0.15,1.8,0.6818708196046593,0.2443219011912561
28,20,25,1.5,6,0.15,1.8,0.6821717378742512,0.24446205569912924
