Event,MatchIndex,Played,PassiveChange,Date,Bey,ELO,Position,Spiele,Siege,Niederlagen,Winrate
1,1,1,0,2025-09-07,WizardArc,989,2,1,0,1,0.0
1,1,1,0,2025-09-07,ViperTail,1011,1,1,1,0,1.0
2,1,1,0,2025-09-07,TuskMammoth,1011,2,1,1,0,1.0
2,1,0,1,2025-09-07,WizardArc,989,3,1,0,1,0.0
2,1,1,0,2025-09-07,SamuraiSaber,989,4,1,0,1,0.0
3,1,1,0,2025-09-07,BlackShell,984,6,1,0,1,0.0
3,1,0,1,2025-09-07,TuskMammoth,1011,3,1,1,0,1.0
3,1,1,0,2025-09-07,GolemRock,1016,1,1,1,0,1.0
3,1,0,1,2025-09-07,SamuraiSaber,989,5,1,0,1,0.0
3,1,0,1,2025-09-07,WizardArc,989,4,1,0,1,0.0
3,1,0,1,2025-09-07,ViperTail,1011,2,1,1,0,1.0
4,1,1,0,2025-09-07,LeonCrest,989,5,1,0,1,0.0
4,1,1,0,2025-09-07,ImpactDrake,1011,4,1,1,0,1.0
4,1,0,1,2025-09-07,BlackShell,984,8,1,0,1,0.0
4,1,0,1,2025-09-07,SamuraiSaber,989,7,1,0,1,0.0
4,1,0,1,2025-09-07,WizardArc,989,6,1,0,1,0.0
5,1,0,1,2025-09-07,LeonCrest,989,6,1,0,1,0.0
5,1,0,1,2025-09-07,SamuraiSaber,989,8,1,0,1,0.0
5,1,0,1,2025-09-07,ImpactDrake,1011,5,1,1,0,1.0
5,1,0,1,2025-09-07,BlackShell,984,10,1,0,1,0.0
5,1,0,1,2025-09-07,WizardArc,989,7,1,0,1,0.0
5,1,1,0,2025-09-07,HellsReaper,989,9,1,0,1,0.0
5,1,1,0,2025-09-07,DranBrave,1011,4,1,1,0,1.0
6,1,0,1,2025-09-07,LeonCrest,989,7,1,0,1,0.0
6,1,0,1,2025-09-07,BlackShell,984,12,1,0,1,0.0
6,1,0,1,2025-09-07,HellsReaper,989,11,1,0,1,0.0
6,1,0,1,2025-09-07,SamuraiSaber,989,10,1,0,1,0.0
6,1,1,0,2025-09-07,HellsHammer,989,8,1,0,1,0.0
6,1,1,0,2025-09-07,DranSword,1011,6,1,1,0,1.0
6,1,0,1,2025-09-07,WizardArc,989,9,1,0,1,0.0
7,1,0,1,2025-09-07,LeonCrest,989,8,1,0,1,0.0
7,1,0,1,2025-09-07,SamuraiSaber,989,11,1,0,1,0.0
7,1,0,1,2025-09-07,ImpactDrake,1011,6,1,1,0,1.0
7,1,0,1,2025-09-07,BlackShell,984,13,1,0,1,0.0
7,1,1,0,2025-09-07,DranDagger,1016,2,1,1,0,1.0
7,1,0,1,2025-09-07,HellsReaper,989,12,1,0,1,0.0
7,1,0,1,2025-09-07,TuskMammoth,1011,4,1,1,0,1.0
7,1,0,1,2025-09-07,WizardArc,989,10,1,0,1,0.0
7,1,0,1,2025-09-07,HellsHammer,989,9,1,0,1,0.0
7,1,0,1,2025-09-07,DranSword,1011,7,1,1,0,1.0
7,1,1,0,2025-09-07,CrimsonGaruda,984,14,1,0,1,0.0
7,1,0,1,2025-09-07,DranBrave,1011,5,1,1,0,1.0
7,1,0,1,2025-09-07,ViperTail,1011,3,1,1,0,1.0
8,1,0,1,2025-09-07,LeonCrest,989,9,1,0,1,0.0
8,1,1,0,2025-09-07,UnicornSting,1016,3,1,1,0,1.0
8,1,1,0,2025-09-07,LeonClaw,984,16,1,0,1,0.0
8,1,0,1,2025-09-07,SamuraiSaber,989,12,1,0,1,0.0
8,1,0,1,2025-09-07,ImpactDrake,1011,7,1,1,0,1.0
8,1,0,1,2025-09-07,BlackShell,984,14,1,0,1,0.0
8,1,0,1,2025-09-07,HellsReaper,989,13,1,0,1,0.0
8,1,0,1,2025-09-07,TuskMammoth,1011,5,1,1,0,1.0
8,1,0,1,2025-09-07,WizardArc,989,11,1,0,1,0.0
8,1,0,1,2025-09-07,HellsHammer,989,10,1,0,1,0.0
8,1,0,1,2025-09-07,DranSword,1011,8,1,1,0,1.0
8,1,0,1,2025-09-07,CrimsonGaruda,984,15,1,0,1,0.0
8,1,0,1,2025-09-07,DranBrave,1011,6,1,1,0,1.0
8,1,0,1,2025-09-07,ViperTail,1011,4,1,1,0,1.0
9,1,0,1,2025-09-07,LeonCrest,989,10,1,0,1,0.0
9,1,0,1,2025-09-07,UnicornSting,1016,4,1,1,0,1.0
9,1,0,1,2025-09-07,SamuraiSaber,989,13,1,0,1,0.0
9,1,0,1,2025-09-07,LeonClaw,984,17,1,0,1,0.0
9,1,0,1,2025-09-07,ImpactDrake,1011,8,1,1,0,1.0
9,1,1,0,2025-09-07,FoxBrush,1019,1,1,1,0,1.0
9,1,0,1,2025-09-07,DranDagger,1016,3,1,1,0,1.0
9,1,0,1,2025-09-07,BlackShell,984,15,1,0,1,0.0
9,1,0,1,2025-09-07,HellsReaper,989,14,1,0,1,0.0
9,1,1,0,2025-09-07,DranBuster,981,18,1,0,1,0.0
9,1,0,1,2025-09-07,GolemRock,1016,2,1,1,0,1.0
9,1,0,1,2025-09-07,TuskMammoth,1011,6,1,1,0,1.0
9,1,0,1,2025-09-07,WizardArc,989,12,1,0,1,0.0
9,1,0,1,2025-09-07,HellsHammer,989,11,1,0,1,0.0
9,1,0,1,2025-09-07,DranSword,1011,9,1,1,0,1.0
9,1,0,1,2025-09-07,CrimsonGaruda,984,16,1,0,1,0.0
9,1,0,1,2025-09-07,DranBrave,1011,7,1,1,0,1.0
9,1,0,1,2025-09-07,ViperTail,1011,5,1,1,0,1.0
10,1,0,1,2025-09-07,LeonCrest,989,11,1,0,1,0.0
10,1,0,1,2025-09-07,LeonClaw,984,19,1,0,1,0.0
10,1,0,1,2025-09-07,ImpactDrake,1011,9,1,1,0,1.0
10,1,0,1,2025-09-07,CrimsonGaruda,984,18,1,0,1,0.0
10,1,0,1,2025-09-07,BlackShell,984,17,1,0,1,0.0
10,1,0,1,2025-09-07,DranSword,1011,10,1,1,0,1.0
10,1,0,1,2025-09-07,HellsReaper,989,15,1,0,1,0.0
10,1,0,1,2025-09-07,DranBuster,981,20,1,0,1,0.0
10,1,0,1,2025-09-07,SamuraiSaber,989,14,1,0,1,0.0
10,1,0,1,2025-09-07,HellsHammer,989,12,1,0,1,0.0
10,1,1,0,2025-09-07,HellsChain,989,16,1,0,1,0.0
10,1,1,0,2025-09-07,TyrannoBeat,1011,8,1,1,0,1.0
10,1,0,1,2025-09-07,WizardArc,989,13,1,0,1,0.0
11,1,0,1,2025-09-07,LeonCrest,989,12,1,0,1,0.0
11,1,0,1,2025-09-07,LeonClaw,984,21,1,0,1,0.0
11,1,1,0,2025-09-07,PhoenixWing,1011,11,1,1,0,1.0
11,1,1,0,2025-09-07,WizardArrow,989,14,1,0,1,0.0
11,1,0,1,2025-09-07,BlackShell,984,19,1,0,1,0.0
11,1,0,1,2025-09-07,HellsReaper,989,17,1,0,1,0.0
11,1,0,1,2025-09-07,DranBuster,981,22,1,0,1,0.0
11,1,0,1,2025-09-07,SamuraiSaber,989,16,1,0,1,0.0
11,1,0,1,2025-09-07,HellsHammer,989,13,1,0,1,0.0
11,1,0,1,2025-09-07,HellsChain,989,18,1,0,1,0.0
11,1,0,1,2025-09-07,CrimsonGaruda,984,20,1,0,1,0.0
11,1,0,1,2025-09-07,WizardArc,989,15,1,0,1,0.0
12,1,0,1,2025-09-07,PhoenixWing,1011,12,1,1,0,1.0
12,1,1,0,2025-09-07,CobaltDragoon,1019,2,1,1,0,1.0
12,1,0,1,2025-09-07,DranBuster,981,23,1,0,1,0.0
12,1,0,1,2025-09-07,HellsHammer,989,14,1,0,1,0.0
12,1,0,1,2025-09-07,LeonClaw,984,22,1,0,1,0.0
12,1,1,0,2025-09-07,SharkEdge,981,24,1,0,1,0.0
12,1,0,1,2025-09-07,BlackShell,984,20,1,0,1,0.0
12,1,0,1,2025-09-07,DranDagger,1016,4,1,1,0,1.0
12,1,0,1,2025-09-07,GolemRock,1016,3,1,1,0,1.0
12,1,0,1,2025-09-07,SamuraiSaber,989,17,1,0,1,0.0
12,1,0,1,2025-09-07,DranSword,1011,11,1,1,0,1.0
12,1,0,1,2025-09-07,WizardArc,989,16,1,0,1,0.0
12,1,0,1,2025-09-07,LeonCrest,989,13,1,0,1,0.0
12,1,0,1,2025-09-07,UnicornSting,1016,5,1,1,0,1.0
12,1,0,1,2025-09-07,ImpactDrake,1011,10,1,1,0,1.0
12,1,0,1,2025-09-07,WizardArrow,989,15,1,0,1,0.0
12,1,0,1,2025-09-07,HellsReaper,989,18,1,0,1,0.0
12,1,0,1,2025-09-07,TyrannoBeat,1011,9,1,1,0,1.0
12,1,0,1,2025-09-07,DranBrave,1011,8,1,1,0,1.0
12,1,0,1,2025-09-07,CrimsonGaruda,984,21,1,0,1,0.0
12,1,0,1,2025-09-07,TuskMammoth,1011,7,1,1,0,1.0
12,1,0,1,2025-09-07,HellsChain,989,19,1,0,1,0.0
12,1,0,1,2025-09-07,ViperTail,1011,6,1,1,0,1.0
13,1,0,1,2025-09-07,PhoenixWing,1011,13,1,1,0,1.0
13,1,0,1,2025-09-07,DranBuster,981,24,1,0,1,0.0
13,1,0,1,2025-09-07,HellsHammer,989,15,1,0,1,0.0
13,1,0,1,2025-09-07,LeonClaw,984,23,1,0,1,0.0
13,1,0,1,2025-09-07,SharkEdge,981,25,1,0,1,0.0
13,1,1,0,2025-09-07,WhaleWave,981,26,1,0,1,0.0
13,1,0,1,2025-09-07,BlackShell,984,21,1,0,1,0.0
13,1,0,1,2025-09-07,DranDagger,1016,5,1,1,0,1.0
13,1,0,1,2025-09-07,GolemRock,1016,4,1,1,0,1.0
13,1,0,1,2025-09-07,SamuraiSaber,989,18,1,0,1,0.0
13,1,1,0,2025-09-07,PerseusDark,1019,3,1,1,0,1.0
13,1,0,1,2025-09-07,DranSword,1011,12,1,1,0,1.0
13,1,0,1,2025-09-07,WizardArc,989,17,1,0,1,0.0
13,1,0,1,2025-09-07,LeonCrest,989,14,1,0,1,0.0
13,1,0,1,2025-09-07,UnicornSting,1016,6,1,1,0,1.0
13,1,0,1,2025-09-07,ImpactDrake,1011,11,1,1,0,1.0
13,1,0,1,2025-09-07,WizardArrow,989,16,1,0,1,0.0
13,1,0,1,2025-09-07,HellsReaper,989,19,1,0,1,0.0
13,1,0,1,2025-09-07,TyrannoBeat,1011,10,1,1,0,1.0
13,1,0,1,2025-09-07,DranBrave,1011,9,1,1,0,1.0
13,1,0,1,2025-09-07,CrimsonGaruda,984,22,1,0,1,0.0
13,1,0,1,2025-09-07,TuskMammoth,1011,8,1,1,0,1.0
13,1,0,1,2025-09-07,HellsChain,989,20,1,0,1,0.0
13,1,0,1,2025-09-07,ViperTail,1011,7,1,1,0,1.0
14,1,0,1,2025-09-07,LeonCrest,989,15,1,0,1,0.0
14,1,0,1,2025-09-07,LeonClaw,984,25,1,0,1,0.0
14,1,0,1,2025-09-07,SamuraiSaber,989,20,1,0,1,0.0
14,1,1,0,2025-09-07,WizardRod,1011,14,1,1,0,1.0
14,1,0,1,2025-09-07,WizardArrow,989,17,1,0,1,0.0
14,1,0,1,2025-09-07,WhaleWave,981,28,1,0,1,0.0
14,1,0,1,2025-09-07,BlackShell,984,23,1,0,1,0.0
14,1,0,1,2025-09-07,HellsReaper,989,21,1,0,1,0.0
14,1,0,1,2025-09-07,DranBuster,981,26,1,0,1,0.0
14,1,1,0,2025-09-07,SilverWolf,989,18,1,0,1,0.0
14,1,0,1,2025-09-07,HellsHammer,989,16,1,0,1,0.0
14,1,0,1,2025-09-07,HellsChain,989,22,1,0,1,0.0
14,1,0,1,2025-09-07,CrimsonGaruda,984,24,1,0,1,0.0
14,1,0,1,2025-09-07,WizardArc,989,19,1,0,1,0.0
14,1,0,1,2025-09-07,SharkEdge,981,27,1,0,1,0.0
15,1,1,0,2025-09-07,RhinoReaper,984,27,1,0,1,0.0
15,1,0,1,2025-09-07,PhoenixWing,1011,14,1,1,0,1.0
15,1,0,1,2025-09-07,WizardRod,1011,15,1,1,0,1.0
15,1,0,1,2025-09-07,DranBuster,981,28,1,0,1,0.0
15,1,0,1,2025-09-07,SilverWolf,989,19,1,0,1,0.0
15,1,0,1,2025-09-07,HellsHammer,989,17,1,0,1,0.0
15,1,0,1,2025-09-07,LeonClaw,984,26,1,0,1,0.0
15,1,0,1,2025-09-07,SharkEdge,981,29,1,0,1,0.0
15,1,0,1,2025-09-07,WhaleWave,981,30,1,0,1,0.0
15,1,0,1,2025-09-07,BlackShell,984,24,1,0,1,0.0
15,1,1,0,2025-09-07,WeissTiger,1016,7,1,1,0,1.0
15,1,0,1,2025-09-07,SamuraiSaber,989,21,1,0,1,0.0
15,1,0,1,2025-09-07,DranSword,1011,13,1,1,0,1.0
15,1,0,1,2025-09-07,WizardArc,989,20,1,0,1,0.0
15,1,0,1,2025-09-07,LeonCrest,989,16,1,0,1,0.0
15,1,0,1,2025-09-07,ImpactDrake,1011,12,1,1,0,1.0
15,1,0,1,2025-09-07,WizardArrow,989,18,1,0,1,0.0
15,1,0,1,2025-09-07,HellsReaper,989,22,1,0,1,0.0
15,1,0,1,2025-09-07,TyrannoBeat,1011,11,1,1,0,1.0
15,1,0,1,2025-09-07,DranBrave,1011,10,1,1,0,1.0
15,1,0,1,2025-09-07,CrimsonGaruda,984,25,1,0,1,0.0
15,1,0,1,2025-09-07,TuskMammoth,1011,9,1,1,0,1.0
15,1,0,1,2025-09-07,HellsChain,989,23,1,0,1,0.0
15,1,0,1,2025-09-07,ViperTail,1011,8,1,1,0,1.0
16,1,0,1,2025-09-07,PhoenixWing,1011,15,1,1,0,1.0
16,1,0,1,2025-09-07,WizardRod,1011,16,1,1,0,1.0
16,1,0,1,2025-09-07,RhinoReaper,984,29,1,0,1,0.0
16,1,1,0,2025-09-07,PhoenixRudder,1011,12,1,1,0,1.0
16,1,0,1,2025-09-07,DranBuster,981,30,1,0,1,0.0
16,1,0,1,2025-09-07,SilverWolf,989,20,1,0,1,0.0
16,1,0,1,2025-09-07,HellsHammer,989,18,1,0,1,0.0
16,1,0,1,2025-09-07,LeonClaw,984,28,1,0,1,0.0
16,1,0,1,2025-09-07,WhaleWave,981,32,1,0,1,0.0
16,1,0,1,2025-09-07,BlackShell,984,26,1,0,1,0.0
16,1,0,1,2025-09-07,SamuraiSaber,989,22,1,0,1,0.0
16,1,0,1,2025-09-07,DranSword,1011,14,1,1,0,1.0
16,1,0,1,2025-09-07,WizardArc,989,21,1,0,1,0.0
16,1,0,1,2025-09-07,LeonCrest,989,17,1,0,1,0.0
16,1,0,1,2025-09-07,ImpactDrake,1011,13,1,1,0,1.0
16,1,0,1,2025-09-07,WizardArrow,989,19,1,0,1,0.0
16,1,0,1,2025-09-07,HellsReaper,989,23,1,0,1,0.0
16,1,0,1,2025-09-07,CrimsonGaruda,984,27,1,0,1,0.0
16,1,1,0,2025-09-07,ScorpioSpear,989,25,1,0,1,0.0
16,1,0,1,2025-09-07,HellsChain,989,24,1,0,1,0.0
16,1,0,1,2025-09-07,SharkEdge,981,31,1,0,1,0.0
17,1,0,1,2025-09-07,UnicornSting,1016,7,1,1,0,1.0
17,1,0,1,2025-09-07,PhoenixWing,1011,14,1,1,0,1.0
17,1,0,1,2025-09-07,WizardRod,1011,15,1,1,0,1.0
17,1,0,1,2025-09-07,ImpactDrake,1011,12,1,1,0,1.0
17,1,0,1,2025-09-07,PhoenixRudder,1011,11,1,1,0,1.0
17,1,0,1,2025-09-07,FoxBrush,1019,2,1,1,0,1.0
17,1,0,1,2025-09-07,DranDagger,1016,6,1,1,0,1.0
17,1,0,1,2025-09-07,CobaltDragoon,1019,3,1,1,0,1.0
17,2,1,0,2025-09-07,TuskMammoth,1033,1,2,2,0,1.0
17,1,0,1,2025-09-07,GolemRock,1016,5,1,1,0,1.0
17,1,0,1,2025-09-07,WeissTiger,1016,8,1,1,0,1.0
17,1,0,1,2025-09-07,PerseusDark,1019,4,1,1,0,1.0
17,1,0,1,2025-09-07,DranSword,1011,13,1,1,0,1.0
17,1,0,1,2025-09-07,TyrannoBeat,1011,10,1,1,0,1.0
17,1,0,1,2025-09-07,DranBrave,1011,9,1,1,0,1.0
17,2,1,0,2025-09-07,ViperTail,989,16,2,1,1,0.5
18,1,0,1,2025-09-07,PhoenixWing,1011,13,1,1,0,1.0
18,1,0,1,2025-09-07,WizardRod,1011,14,1,1,0,1.0
18,1,0,1,2025-09-07,CobaltDragoon,1019,4,1,1,0,1.0
18,1,0,1,2025-09-07,SilverWolf,989,19,1,0,1,0.0
18,1,0,1,2025-09-07,HellsHammer,989,17,1,0,1,0.0
18,2,1,0,2025-09-07,GolemRock,984,25,2,1,1,0.5
18,1,0,1,2025-09-07,SamuraiSaber,989,21,1,0,1,0.0
18,1,0,1,2025-09-07,PerseusDark,1019,5,1,1,0,1.0
18,1,0,1,2025-09-07,DranSword,1011,12,1,1,0,1.0
18,1,0,1,2025-09-07,WizardArc,989,20,1,0,1,0.0
18,1,0,1,2025-09-07,LeonCrest,989,16,1,0,1,0.0
18,2,1,0,2025-09-07,ImpactDrake,1037,1,2,2,0,1.0
18,1,0,1,2025-09-07,WizardArrow,989,18,1,0,1,0.0
18,1,0,1,2025-09-07,HellsReaper,989,22,1,0,1,0.0
18,1,0,1,2025-09-07,FoxBrush,1019,3,1,1,0,1.0
18,2,0,1,2025-09-07,TuskMammoth,1033,2,2,2,0,1.0
18,1,0,1,2025-09-07,ScorpioSpear,989,24,1,0,1,0.0
18,1,0,1,2025-09-07,HellsChain,989,23,1,0,1,0.0
18,2,0,1,2025-09-07,ViperTail,989,15,2,1,1,0.5
19,1,0,1,2025-09-07,UnicornSting,1016,8,1,1,0,1.0
19,1,0,1,2025-09-07,PhoenixWing,1011,12,1,1,0,1.0
19,1,0,1,2025-09-07,WizardRod,1011,13,1,1,0,1.0
19,1,0,1,2025-09-07,FoxBrush,1019,4,1,1,0,1.0
19,1,0,1,2025-09-07,DranDagger,1016,7,1,1,0,1.0
19,1,0,1,2025-09-07,CobaltDragoon,1019,5,1,1,0,1.0
19,1,0,1,2025-09-07,WeissTiger,1016,9,1,1,0,1.0
19,1,0,1,2025-09-07,PerseusDark,1019,6,1,1,0,1.0
19,2,1,0,2025-09-07,DranSword,1029,3,2,2,0,1.0
19,2,1,0,2025-09-07,DranBrave,992,14,2,1,1,0.5
20,2,1,0,2025-09-07,UnicornSting,1042,1,2,2,0,1.0
20,1,0,1,2025-09-07,PhoenixWing,1011,11,1,1,0,1.0
20,1,0,1,2025-09-07,WizardRod,1011,12,1,1,0,1.0
20,2,0,1,2025-09-07,ImpactDrake,1037,2,2,2,0,1.0
20,1,0,1,2025-09-07,PhoenixRudder,1011,10,1,1,0,1.0
20,1,0,1,2025-09-07,FoxBrush,1019,5,1,1,0,1.0
20,2,1,0,2025-09-07,DranDagger,990,14,2,1,1,0.5
20,1,0,1,2025-09-07,CobaltDragoon,1019,6,1,1,0,1.0
20,2,0,1,2025-09-07,TuskMammoth,1033,3,2,2,0,1.0
20,1,0,1,2025-09-07,WeissTiger,1016,8,1,1,0,1.0
20,1,0,1,2025-09-07,PerseusDark,1019,7,1,1,0,1.0
20,2,0,1,2025-09-07,DranSword,1029,4,2,2,0,1.0
20,1,0,1,2025-09-07,TyrannoBeat,1011,9,1,1,0,1.0
20,2,0,1,2025-09-07,DranBrave,992,13,2,1,1,0.5
21,2,0,1,2025-09-07,UnicornSting,1042,2,2,2,0,1.0
21,1,0,1,2025-09-07,PhoenixWing,1011,10,1,1,0,1.0
21,1,0,1,2025-09-07,WizardRod,1011,11,1,1,0,1.0
21,2,0,1,2025-09-07,ImpactDrake,1037,3,2,2,0,1.0
21,1,0,1,2025-09-07,PhoenixRudder,1011,9,1,1,0,1.0
21,2,1,0,2025-09-07,FoxBrush,1046,1,2,2,0,1.0
21,2,0,1,2025-09-07,DranDagger,990,13,2,1,1,0.5
21,2,0,1,2025-09-07,TuskMammoth,1033,4,2,2,0,1.0
21,2,0,1,2025-09-07,DranSword,1029,5,2,2,0,1.0
21,2,1,0,2025-09-07,TyrannoBeat,990,14,2,1,1,0.5
21,2,0,1,2025-09-07,DranBrave,992,12,2,1,1,0.5
22,1,0,1,2025-09-07,WizardRod,1011,10,1,1,0,1.0
22,2,0,1,2025-09-07,DranSword,1029,6,2,2,0,1.0
22,2,1,0,2025-09-07,CobaltDragoon,994,11,2,1,1,0.5
22,2,1,0,2025-09-07,PhoenixWing,1030,5,2,2,0,1.0
23,2,1,0,2025-09-07,PerseusDark,994,11,2,1,1,0.5
23,2,0,1,2025-09-07,DranSword,1029,7,2,2,0,1.0
23,2,0,1,2025-09-07,CobaltDragoon,994,10,2,1,1,0.5
23,2,1,0,2025-09-07,WizardRod,1030,6,2,2,0,1.0
24,2,0,1,2025-09-07,DranSword,1029,8,2,2,0,1.0
24,2,1,0,2025-09-07,WeissTiger,995,9,2,1,1,0.5
24,2,1,0,2025-09-07,PhoenixRudder,1030,7,2,2,0,1.0
25,2,0,1,2025-09-07,UnicornSting,1042,3,2,2,0,1.0
25,2,0,1,2025-09-07,PhoenixWing,1030,4,2,2,0,1.0
25,2,0,1,2025-09-07,WizardRod,1030,5,2,2,0,1.0
25,3,1,0,2025-09-07,ImpactDrake,1063,1,3,3,0,1.0
25,2,0,1,2025-09-07,PhoenixRudder,1030,6,2,2,0,1.0
25,2,0,1,2025-09-07,FoxBrush,1046,2,2,2,0,1.0
25,3,1,0,2025-09-07,TuskMammoth,1007,8,3,2,1,0.6666666666666666
25,2,0,1,2025-09-07,DranSword,1029,7,2,2,0,1.0
26,2,0,1,2025-09-07,FoxBrush,1046,3,2,2,0,1.0
26,3,1,0,2025-09-07,DranSword,1051,2,3,3,0,1.0
26,3,1,0,2025-09-07,UnicornSting,1016,7,3,2,1,0.6666666666666666
27,3,0,1,2025-09-07,UnicornSting,1016,6,3,2,1,0.6666666666666666
27,2,0,1,2025-09-07,WizardRod,1030,4,2,2,0,1.0
27,3,1,0,2025-09-07,PhoenixWing,1005,8,3,2,1,0.6666666666666666
27,3,0,1,2025-09-07,ImpactDrake,1063,2,3,3,0,1.0
27,2,0,1,2025-09-07,PhoenixRudder,1030,5,2,2,0,1.0
27,3,1,0,2025-09-07,FoxBrush,1077,1,3,3,0,1.0
27,3,0,1,2025-09-07,TuskMammoth,1007,7,3,2,1,0.6666666666666666
27,3,0,1,2025-09-07,DranSword,1051,3,3,3,0,1.0
28,3,0,1,2025-09-07,UnicornSting,1016,5,3,2,1,0.6666666666666666
28,3,1,0,2025-09-07,PhoenixRudder,1011,6,3,2,1,0.6666666666666666
28,3,1,0,2025-09-07,WizardRod,1048,4,3,3,0,1.0
29,3,0,1,2025-09-07,FoxBrush,1077,2,3,3,0,1.0
29,4,1,0,2025-09-07,DranSword,1034,4,4,3,1,0.75
29,4,1,0,2025-09-07,ImpactDrake,1081,1,4,4,0,1.0
29,3,0,1,2025-09-07,WizardRod,1048,3,3,3,0,1.0
30,4,1,0,2025-09-07,FoxBrush,1100,1,4,4,0,1.0
30,4,0,1,2025-09-07,DranSword,1034,3,4,3,1,0.75
30,4,0,1,2025-09-07,ImpactDrake,1081,2,4,4,0,1.0
30,4,1,0,2025-09-07,WizardRod,1029,4,4,3,1,0.75
31,5,1,0,2025-09-07,FoxBrush,1059,2,5,4,1,0.8
31,5,1,0,2025-09-07,ImpactDrake,1117,1,5,5,0,1.0
32,1,0,1,2025-11-12,LeonCrest,989,15,1,0,1,0.0
32,1,0,1,2025-11-12,SamuraiSaber,989,20,1,0,1,0.0
32,1,0,1,2025-11-12,WizardArc,989,19,1,0,1,0.0
32,6,1,0,2025-11-12,ImpactDrake,1125,1,6,6,0,1.0
32,1,0,1,2025-11-12,WizardArrow,989,17,1,0,1,0.0
32,2,0,1,2025-11-12,DranDagger,990,12,2,1,1,0.5
32,1,0,1,2025-11-12,HellsHammer,989,16,1,0,1,0.0
32,2,0,1,2025-11-12,CobaltDragoon,994,9,2,1,1,0.5
32,3,1,0,2025-11-12,WeissTiger,986,24,3,1,2,0.3333333333333333
32,1,0,1,2025-11-12,HellsReaper,989,21,1,0,1,0.0
32,1,0,1,2025-11-12,ScorpioSpear,989,23,1,0,1,0.0
32,1,0,1,2025-11-12,SilverWolf,989,18,1,0,1,0.0
32,2,0,1,2025-11-12,PerseusDark,994,10,2,1,1,0.5
32,1,0,1,2025-11-12,HellsChain,989,22,1,0,1,0.0
32,2,0,1,2025-11-12,TyrannoBeat,990,13,2,1,1,0.5
32,2,0,1,2025-11-12,DranBrave,992,11,2,1,1,0.5
32,2,0,1,2025-11-12,ViperTail,989,14,2,1,1,0.5
33,1,0,1,2025-11-12,LeonClaw,984,27,1,0,1,0.0
33,3,0,1,2025-11-12,PhoenixWing,1005,9,3,2,1,0.6666666666666666
33,1,0,1,2025-11-12,RhinoReaper,984,28,1,0,1,0.0
33,1,0,1,2025-11-12,WhaleWave,981,31,1,0,1,0.0
33,3,0,1,2025-11-12,PhoenixRudder,1011,7,3,2,1,0.6666666666666666
33,1,0,1,2025-11-12,BlackShell,984,25,1,0,1,0.0
33,3,1,0,2025-11-12,CobaltDragoon,1013,6,3,2,1,0.6666666666666666
33,3,0,1,2025-11-12,TuskMammoth,1007,8,3,2,1,0.6666666666666666
33,3,0,1,2025-11-12,WeissTiger,986,23,3,1,2,0.3333333333333333
33,1,0,1,2025-11-12,ScorpioSpear,989,22,1,0,1,0.0
33,1,0,1,2025-11-12,SamuraiSaber,989,19,1,0,1,0.0
33,1,0,1,2025-11-12,HellsReaper,989,20,1,0,1,0.0
33,1,0,1,2025-11-12,HellsChain,989,21,1,0,1,0.0
33,2,0,1,2025-11-12,GolemRock,984,24,2,1,1,0.5
33,1,0,1,2025-11-12,DranBuster,981,29,1,0,1,0.0
33,1,0,1,2025-11-12,CrimsonGaruda,984,26,1,0,1,0.0
33,2,1,0,2025-11-12,WizardArc,970,32,2,0,2,0.0
33,1,0,1,2025-11-12,SharkEdge,981,30,1,0,1,0.0
34,4,1,0,2025-11-12,PhoenixWing,988,22,4,2,2,0.5
34,3,0,1,2025-11-12,PhoenixRudder,1011,8,3,2,1,0.6666666666666666
34,3,0,1,2025-11-12,TuskMammoth,1007,9,3,2,1,0.6666666666666666
34,1,0,1,2025-11-12,ScorpioSpear,989,21,1,0,1,0.0
34,2,1,0,2025-11-12,HellsChain,1012,7,2,1,1,0.5
35,4,1,0,2025-11-12,UnicornSting,1037,3,4,3,1,0.75
35,2,0,1,2025-11-12,HellsChain,1012,6,2,1,1,0.5
35,5,1,0,2025-11-12,WizardRod,1012,7,5,3,2,0.6
35,3,0,1,2025-11-12,CobaltDragoon,1013,5,3,2,1,0.6666666666666666
35,4,0,1,2025-11-12,DranSword,1034,4,4,3,1,0.75
36,1,0,1,2025-11-12,LeonCrest,989,16,1,0,1,0.0
36,5,0,1,2025-11-12,WizardRod,1012,8,5,3,2,0.6
36,1,0,1,2025-11-12,WizardArrow,989,18,1,0,1,0.0
36,4,1,0,2025-11-12,PhoenixRudder,992,12,4,2,2,0.5
36,2,0,1,2025-11-12,DranDagger,990,13,2,1,1,0.5
36,2,1,0,2025-11-12,SilverWolf,1012,6,2,1,1,0.5
36,1,0,1,2025-11-12,HellsHammer,989,17,1,0,1,0.0
36,2,0,1,2025-11-12,HellsChain,1012,7,2,1,1,0.5
36,2,0,1,2025-11-12,TyrannoBeat,990,14,2,1,1,0.5
36,2,0,1,2025-11-12,ViperTail,989,15,2,1,1,0.5
37,2,1,0,2025-11-12,LeonCrest,970,31,2,0,2,0.0
37,1,0,1,2025-11-12,LeonClaw,984,26,1,0,1,0.0
37,1,0,1,2025-11-12,SharkEdge,981,29,1,0,1,0.0
37,1,0,1,2025-11-12,RhinoReaper,984,27,1,0,1,0.0
37,1,0,1,2025-11-12,WhaleWave,981,30,1,0,1,0.0
37,4,0,1,2025-11-12,PhoenixRudder,992,13,4,2,2,0.5
37,1,0,1,2025-11-12,CrimsonGaruda,984,25,1,0,1,0.0
37,1,0,1,2025-11-12,BlackShell,984,24,1,0,1,0.0
37,2,0,1,2025-11-12,DranDagger,990,14,2,1,1,0.5
37,1,0,1,2025-11-12,DranBuster,981,28,1,0,1,0.0
37,3,1,0,2025-11-12,GolemRock,1002,10,3,2,1,0.6666666666666666
37,2,0,1,2025-11-12,PerseusDark,994,11,2,1,1,0.5
37,2,0,1,2025-11-12,TyrannoBeat,990,15,2,1,1,0.5
37,2,0,1,2025-11-12,DranBrave,992,12,2,1,1,0.5
37,2,0,1,2025-11-12,ViperTail,989,16,2,1,1,0.5
38,2,0,1,2025-11-12,LeonCrest,970,32,2,0,2,0.0
38,1,1,0,2025-11-12,CerberusFlame,1013,6,1,1,0,1.0
38,5,0,1,2025-11-12,WizardRod,1012,9,5,3,2,0.6
38,2,0,1,2025-11-12,WizardArc,970,33,2,0,2,0.0
38,4,0,1,2025-11-12,PhoenixRudder,992,14,4,2,2,0.5
38,2,0,1,2025-11-12,DranDagger,990,15,2,1,1,0.5
38,3,0,1,2025-11-12,TuskMammoth,1007,10,3,2,1,0.6666666666666666
38,3,0,1,2025-11-12,GolemRock,1002,11,3,2,1,0.6666666666666666
38,2,0,1,2025-11-12,SilverWolf,1012,7,2,1,1,0.5
38,2,0,1,2025-11-12,PerseusDark,994,12,2,1,1,0.5
38,2,0,1,2025-11-12,HellsChain,1012,8,2,1,1,0.5
38,3,1,0,2025-11-12,TyrannoBeat,973,31,3,1,2,0.3333333333333333
38,2,0,1,2025-11-12,DranBrave,992,13,2,1,1,0.5
39,1,0,1,2025-11-12,CerberusFlame,1013,7,1,1,0,1.0
39,5,0,1,2025-11-12,WizardRod,1012,10,5,3,2,0.6
39,1,1,0,2025-11-12,KnightMail,1019,5,1,1,0,1.0
39,3,0,1,2025-11-12,CobaltDragoon,1013,6,3,2,1,0.6666666666666666
39,3,0,1,2025-11-12,TuskMammoth,1007,11,3,2,1,0.6666666666666666
39,3,0,1,2025-11-12,GolemRock,1002,12,3,2,1,0.6666666666666666
39,2,0,1,2025-11-12,SilverWolf,1012,8,2,1,1,0.5
39,3,1,0,2025-11-12,PerseusDark,961,34,3,1,2,0.3333333333333333
39,2,0,1,2025-11-12,HellsChain,1012,9,2,1,1,0.5
40,5,0,1,2025-11-12,WizardRod,1012,11,5,3,2,0.6
40,4,0,1,2025-11-12,PhoenixWing,988,23,4,2,2,0.5
40,4,0,1,2025-11-12,PhoenixRudder,992,15,4,2,2,0.5
40,3,0,1,2025-11-12,CobaltDragoon,1013,7,3,2,1,0.6666666666666666
40,2,0,1,2025-11-12,SilverWolf,1012,9,2,1,1,0.5
40,1,0,1,2025-11-12,HellsHammer,989,18,1,0,1,0.0
40,2,1,0,2025-11-12,BlackShell,1014,5,2,1,1,0.5
40,1,0,1,2025-11-12,KnightMail,1019,4,1,1,0,1.0
40,2,0,1,2025-11-12,DranDagger,990,16,2,1,1,0.5
40,3,0,1,2025-11-12,WeissTiger,986,24,3,1,2,0.3333333333333333
40,3,0,1,2025-11-12,GolemRock,1002,13,3,2,1,0.6666666666666666
40,1,0,1,2025-11-12,SamuraiSaber,989,20,1,0,1,0.0
40,5,1,0,2025-11-12,DranSword,1013,6,5,3,2,0.6
40,1,0,1,2025-11-12,CerberusFlame,1013,8,1,1,0,1.0
40,1,0,1,2025-11-12,WizardArrow,989,19,1,0,1,0.0
40,1,0,1,2025-11-12,HellsReaper,989,21,1,0,1,0.0
40,2,0,1,2025-11-12,DranBrave,992,14,2,1,1,0.5
40,3,0,1,2025-11-12,TuskMammoth,1007,12,3,2,1,0.6666666666666666
40,1,0,1,2025-11-12,ScorpioSpear,989,22,1,0,1,0.0
40,2,0,1,2025-11-12,HellsChain,1012,10,2,1,1,0.5
40,2,0,1,2025-11-12,ViperTail,989,17,2,1,1,0.5
41,2,0,1,2025-11-12,LeonCrest,970,33,2,0,2,0.0
41,1,1,0,2025-11-12,PegasusBlast,987,24,1,0,1,0.0
41,3,0,1,2025-11-12,TyrannoBeat,973,32,3,1,2,0.3333333333333333
41,1,0,1,2025-11-12,LeonClaw,984,27,1,0,1,0.0
41,1,0,1,2025-11-12,RhinoReaper,984,28,1,0,1,0.0
41,1,0,1,2025-11-12,WhaleWave,981,31,1,0,1,0.0
41,6,1,0,2025-11-12,FoxBrush,1078,2,6,5,1,0.8333333333333334
41,3,0,1,2025-11-12,WeissTiger,986,25,3,1,2,0.3333333333333333
41,1,0,1,2025-11-12,DranBuster,981,29,1,0,1,0.0
41,3,0,1,2025-11-12,PerseusDark,961,35,3,1,2,0.3333333333333333
41,1,0,1,2025-11-12,CrimsonGaruda,984,26,1,0,1,0.0
41,2,0,1,2025-11-12,WizardArc,970,34,2,0,2,0.0
41,1,0,1,2025-11-12,SharkEdge,981,30,1,0,1,0.0
42,4,0,1,2025-11-12,PhoenixWing,988,22,4,2,2,0.5
42,1,0,1,2025-11-12,RhinoReaper,984,27,1,0,1,0.0
42,1,0,1,2025-11-12,DranBuster,981,28,1,0,1,0.0
42,1,0,1,2025-11-12,HellsHammer,989,17,1,0,1,0.0
42,1,0,1,2025-11-12,PegasusBlast,987,23,1,0,1,0.0
42,1,0,1,2025-11-12,LeonClaw,984,26,1,0,1,0.0
42,1,0,1,2025-11-12,WhaleWave,981,30,1,0,1,0.0
42,3,0,1,2025-11-12,WeissTiger,986,24,3,1,2,0.3333333333333333
42,3,0,1,2025-11-12,GolemRock,1002,14,3,2,1,0.6666666666666666
42,1,0,1,2025-11-12,SamuraiSaber,989,19,1,0,1,0.0
42,2,0,1,2025-11-12,LeonCrest,970,32,2,0,2,0.0
42,1,0,1,2025-11-12,WizardArrow,989,18,1,0,1,0.0
42,1,0,1,2025-11-12,HellsReaper,989,20,1,0,1,0.0
42,3,0,1,2025-11-12,TyrannoBeat,973,31,3,1,2,0.3333333333333333
42,1,0,1,2025-11-12,CrimsonGaruda,984,25,1,0,1,0.0
42,3,1,0,2025-11-12,DranBrave,970,33,3,1,2,0.3333333333333333
42,3,1,0,2025-11-12,ViperTail,1012,12,3,2,1,0.6666666666666666
42,3,0,1,2025-11-12,TuskMammoth,1007,13,3,2,1,0.6666666666666666
42,1,0,1,2025-11-12,ScorpioSpear,989,21,1,0,1,0.0
42,1,0,1,2025-11-12,SharkEdge,981,29,1,0,1,0.0
43,4,0,1,2025-11-12,PhoenixWing,988,21,4,2,2,0.5
43,1,0,1,2025-11-12,RhinoReaper,984,26,1,0,1,0.0
43,4,0,1,2025-11-12,PhoenixRudder,992,16,4,2,2,0.5
43,1,0,1,2025-11-12,DranBuster,981,27,1,0,1,0.0
43,1,0,1,2025-11-12,HellsHammer,989,18,1,0,1,0.0
43,1,0,1,2025-11-12,PegasusBlast,987,22,1,0,1,0.0
43,1,0,1,2025-11-12,LeonClaw,984,25,1,0,1,0.0
43,1,0,1,2025-11-12,WhaleWave,981,29,1,0,1,0.0
43,2,0,1,2025-11-12,DranDagger,990,17,2,1,1,0.5
43,3,0,1,2025-11-12,WeissTiger,986,23,3,1,2,0.3333333333333333
43,3,0,1,2025-11-12,GolemRock,1002,15,3,2,1,0.6666666666666666
43,1,0,1,2025-11-12,SamuraiSaber,989,20,1,0,1,0.0
43,2,0,1,2025-11-12,WizardArc,970,33,2,0,2,0.0
43,2,0,1,2025-11-12,LeonCrest,970,31,2,0,2,0.0
43,1,0,1,2025-11-12,WizardArrow,989,19,1,0,1,0.0
43,2,1,0,2025-11-12,HellsReaper,970,34,2,0,2,0.0
43,3,0,1,2025-11-12,TyrannoBeat,973,30,3,1,2,0.3333333333333333
43,1,0,1,2025-11-12,CrimsonGaruda,984,24,1,0,1,0.0
43,3,0,1,2025-11-12,DranBrave,970,32,3,1,2,0.3333333333333333
43,3,0,1,2025-11-12,TuskMammoth,1007,14,3,2,1,0.6666666666666666
43,2,1,0,2025-11-12,ScorpioSpear,1008,13,2,1,1,0.5
43,1,0,1,2025-11-12,SharkEdge,981,28,1,0,1,0.0
44,4,0,1,2025-11-12,PhoenixWing,988,23,4,2,2,0.5
44,1,0,1,2025-11-12,RhinoReaper,984,28,1,0,1,0.0
44,4,0,1,2025-11-12,PhoenixRudder,992,17,4,2,2,0.5
44,1,0,1,2025-11-12,DranBuster,981,29,1,0,1,0.0
44,1,0,1,2025-11-12,HellsHammer,989,19,1,0,1,0.0
44,1,0,1,2025-11-12,PegasusBlast,987,24,1,0,1,0.0
44,1,0,1,2025-11-12,LeonClaw,984,27,1,0,1,0.0
44,2,1,0,2025-11-12,WhaleWave,1007,15,2,1,1,0.5
44,1,1,0,2025-11-12,WhaleFlame,988,22,1,0,1,0.0
44,2,0,1,2025-11-12,DranDagger,990,18,2,1,1,0.5
44,3,0,1,2025-11-12,WeissTiger,986,25,3,1,2,0.3333333333333333
44,3,0,1,2025-11-12,GolemRock,1002,16,3,2,1,0.6666666666666666
44,1,0,1,2025-11-12,SamuraiSaber,989,21,1,0,1,0.0
44,3,0,1,2025-11-12,PerseusDark,961,36,3,1,2,0.3333333333333333
44,2,0,1,2025-11-12,WizardArc,970,34,2,0,2,0.0
44,2,0,1,2025-11-12,LeonCrest,970,32,2,0,2,0.0
44,1,0,1,2025-11-12,WizardArrow,989,20,1,0,1,0.0
44,2,0,1,2025-11-12,HellsReaper,970,35,2,0,2,0.0
44,3,0,1,2025-11-12,TyrannoBeat,973,31,3,1,2,0.3333333333333333
44,1,0,1,2025-11-12,CrimsonGaruda,984,26,1,0,1,0.0
44,3,0,1,2025-11-12,DranBrave,970,33,3,1,2,0.3333333333333333
44,1,0,1,2025-11-12,SharkEdge,981,30,1,0,1,0.0
45,5,0,1,2025-11-12,WizardRod,1012,12,5,3,2,0.6
45,4,0,1,2025-11-12,PhoenixRudder,992,18,4,2,2,0.5
45,3,0,1,2025-11-12,CobaltDragoon,1013,8,3,2,1,0.6666666666666666
45,2,1,0,2025-11-12,DranBuster,1016,5,2,1,1,0.5
45,2,0,1,2025-11-12,SilverWolf,1012,10,2,1,1,0.5
45,1,0,1,2025-11-12,HellsHammer,989,20,1,0,1,0.0
45,2,0,1,2025-11-12,WhaleWave,1007,16,2,1,1,0.5
45,2,0,1,2025-11-12,BlackShell,1014,6,2,1,1,0.5
45,2,0,1,2025-11-12,DranDagger,990,19,2,1,1,0.5
45,3,0,1,2025-11-12,GolemRock,1002,17,3,2,1,0.6666666666666666
45,2,1,0,2025-11-12,SamuraiSaber,961,36,2,0,2,0.0
45,3,0,1,2025-11-12,PerseusDark,961,35,3,1,2,0.3333333333333333
45,5,0,1,2025-11-12,DranSword,1013,7,5,3,2,0.6
45,2,0,1,2025-11-12,WizardArc,970,33,2,0,2,0.0
45,2,0,1,2025-11-12,LeonCrest,970,31,2,0,2,0.0
45,1,0,1,2025-11-12,CerberusFlame,1013,9,1,1,0,1.0
45,1,0,1,2025-11-12,WizardArrow,989,21,1,0,1,0.0
45,2,0,1,2025-11-12,HellsReaper,970,34,2,0,2,0.0
45,3,0,1,2025-11-12,TyrannoBeat,973,30,3,1,2,0.3333333333333333
45,3,0,1,2025-11-12,DranBrave,970,32,3,1,2,0.3333333333333333
45,3,0,1,2025-11-12,ViperTail,1012,13,3,2,1,0.6666666666666666
45,3,0,1,2025-11-12,TuskMammoth,1007,15,3,2,1,0.6666666666666666
45,2,0,1,2025-11-12,ScorpioSpear,1008,14,2,1,1,0.5
45,2,0,1,2025-11-12,HellsChain,1012,11,2,1,1,0.5
45,1,0,1,2025-11-12,SharkEdge,981,29,1,0,1,0.0
46,2,1,0,2025-11-12,RhinoReaper,1005,17,2,1,1,0.5
46,2,1,0,2025-11-12,WizardArrow,972,30,2,0,2,0.0
46,4,0,1,2025-11-12,PhoenixRudder,992,19,4,2,2,0.5
46,2,0,1,2025-11-12,DranDagger,990,20,2,1,1,0.5
46,3,0,1,2025-11-12,GolemRock,1002,18,3,2,1,0.6666666666666666
46,1,0,1,2025-11-12,HellsHammer,989,21,1,0,1,0.0
46,3,0,1,2025-11-12,TyrannoBeat,973,29,3,1,2,0.3333333333333333
46,1,0,1,2025-11-12,SharkEdge,981,28,1,0,1,0.0
47,2,0,1,2025-11-12,RhinoReaper,1005,18,2,1,1,0.5
47,4,0,1,2025-11-12,PhoenixWing,988,24,4,2,2,0.5
47,4,0,1,2025-11-12,PhoenixRudder,992,20,4,2,2,0.5
47,1,0,1,2025-11-12,HellsHammer,989,22,1,0,1,0.0
47,1,0,1,2025-11-12,PegasusBlast,987,25,1,0,1,0.0
47,2,0,1,2025-11-12,WhaleWave,1007,17,2,1,1,0.5
47,1,0,1,2025-11-12,WhaleFlame,988,23,1,0,1,0.0
47,2,0,1,2025-11-12,DranDagger,990,21,2,1,1,0.5
47,3,0,1,2025-11-12,WeissTiger,986,26,3,1,2,0.3333333333333333
47,3,0,1,2025-11-12,GolemRock,1002,19,3,2,1,0.6666666666666666
47,2,0,1,2025-11-12,SamuraiSaber,961,35,2,0,2,0.0
47,3,0,1,2025-11-12,PerseusDark,961,34,3,1,2,0.3333333333333333
47,2,0,1,2025-11-12,WizardArc,970,32,2,0,2,0.0
47,2,0,1,2025-11-12,LeonCrest,970,30,2,0,2,0.0
47,2,0,1,2025-11-12,WizardArrow,972,29,2,0,2,0.0
47,2,0,1,2025-11-12,HellsReaper,970,33,2,0,2,0.0
47,3,0,1,2025-11-12,TyrannoBeat,973,28,3,1,2,0.3333333333333333
47,2,1,0,2025-11-12,CrimsonGaruda,958,36,2,0,2,0.0
47,3,0,1,2025-11-12,DranBrave,970,31,3,1,2,0.3333333333333333
47,3,0,1,2025-11-12,TuskMammoth,1007,16,3,2,1,0.6666666666666666
47,2,0,1,2025-11-12,ScorpioSpear,1008,15,2,1,1,0.5
47,2,1,0,2025-11-12,SharkEdge,1009,14,2,1,1,0.5
48,7,1,0,2025-11-12,ImpactDrake,1133,1,7,7,0,1.0
48,2,1,0,2025-11-12,LeonClaw,974,27,2,0,2,0.0
49,4,0,1,2025-11-12,PhoenixWing,988,23,4,2,2,0.5
49,4,1,0,2025-11-12,CobaltDragoon,1043,3,4,3,1,0.75
49,2,0,1,2025-11-12,DranBuster,1016,6,2,1,1,0.5
49,2,1,0,2025-11-12,HellsHammer,960,35,2,0,2,0.0
49,1,0,1,2025-11-12,PegasusBlast,987,24,1,0,1,0.0
49,2,0,1,2025-11-12,LeonClaw,974,26,2,0,2,0.0
49,1,0,1,2025-11-12,WhaleFlame,988,22,1,0,1,0.0
49,1,0,1,2025-11-12,KnightMail,1019,5,1,1,0,1.0
49,2,0,1,2025-11-12,BlackShell,1014,7,2,1,1,0.5
49,3,0,1,2025-11-12,WeissTiger,986,25,3,1,2,0.3333333333333333
49,2,0,1,2025-11-12,SamuraiSaber,961,34,2,0,2,0.0
49,3,0,1,2025-11-12,PerseusDark,961,33,3,1,2,0.3333333333333333
49,5,0,1,2025-11-12,DranSword,1013,8,5,3,2,0.6
49,2,0,1,2025-11-12,WizardArc,970,31,2,0,2,0.0
49,2,0,1,2025-11-12,LeonCrest,970,29,2,0,2,0.0
49,4,0,1,2025-11-12,UnicornSting,1037,4,4,3,1,0.75
49,2,0,1,2025-11-12,WizardArrow,972,28,2,0,2,0.0
49,2,0,1,2025-11-12,HellsReaper,970,32,2,0,2,0.0
49,3,0,1,2025-11-12,TyrannoBeat,973,27,3,1,2,0.3333333333333333
49,3,0,1,2025-11-12,DranBrave,970,30,3,1,2,0.3333333333333333
50,1,0,1,2025-11-12,CerberusFlame,1013,10,1,1,0,1.0
50,2,0,1,2025-11-12,RhinoReaper,1005,17,2,1,1,0.5
50,2,0,1,2025-11-12,WhaleWave,1007,16,2,1,1,0.5
50,1,0,1,2025-11-12,KnightMail,1019,6,1,1,0,1.0
50,2,0,1,2025-11-12,BlackShell,1014,8,2,1,1,0.5
50,5,0,1,2025-11-12,DranSword,1013,9,5,3,2,0.6
50,4,1,0,2025-11-12,TuskMammoth,1023,5,4,3,1,0.75
50,2,0,1,2025-11-12,DranBuster,1016,7,2,1,1,0.5
50,3,0,1,2025-11-12,GolemRock,1002,18,3,2,1,0.6666666666666666
50,2,0,1,2025-11-12,SilverWolf,1012,11,2,1,1,0.5
50,3,1,0,2025-11-12,HellsChain,996,19,3,1,2,0.3333333333333333
51,5,1,0,2025-11-12,UnicornSting,1005,18,5,3,2,0.6
51,4,0,1,2025-11-12,PhoenixRudder,992,21,4,2,2,0.5
51,3,1,0,2025-11-12,DranDagger,1024,4,3,2,1,0.6666666666666666
51,3,0,1,2025-11-12,GolemRock,1002,19,3,2,1,0.6666666666666666
51,3,0,1,2025-11-12,HellsChain,996,20,3,1,2,0.3333333333333333
52,1,0,1,2025-11-12,PegasusBlast,987,23,1,0,1,0.0
52,3,0,1,2025-11-12,HellsChain,996,19,3,1,2,0.3333333333333333
52,2,1,0,2025-11-12,CerberusFlame,1035,4,2,2,0,1.0
52,4,0,1,2025-11-12,PhoenixWing,988,22,4,2,2,0.5
52,1,0,1,2025-11-12,WhaleFlame,988,21,1,0,1,0.0
52,4,0,1,2025-11-12,PhoenixRudder,992,20,4,2,2,0.5
52,1,0,1,2025-11-12,KnightMail,1019,7,1,1,0,1.0
52,3,0,1,2025-11-12,DranDagger,1024,5,3,2,1,0.6666666666666666
52,2,0,1,2025-11-12,BlackShell,1014,9,2,1,1,0.5
52,3,0,1,2025-11-12,WeissTiger,986,24,3,1,2,0.3333333333333333
52,4,0,1,2025-11-12,TuskMammoth,1023,6,4,3,1,0.75
52,4,1,0,2025-11-12,GolemRock,983,25,4,2,2,0.5
52,2,0,1,2025-11-12,DranBuster,1016,8,2,1,1,0.5
52,5,0,1,2025-11-12,DranSword,1013,10,5,3,2,0.6
53,5,0,1,2025-11-12,UnicornSting,1005,17,5,3,2,0.6
53,3,0,1,2025-11-12,HellsChain,996,18,3,1,2,0.3333333333333333
53,2,0,1,2025-11-12,SharkEdge,1009,13,2,1,1,0.5
53,5,0,1,2025-11-12,WizardRod,1012,11,5,3,2,0.6
53,2,0,1,2025-11-12,RhinoReaper,1005,16,2,1,1,0.5
53,2,0,1,2025-11-12,WhaleWave,1007,15,2,1,1,0.5
53,3,1,0,2025-11-12,BlackShell,994,19,3,1,2,0.3333333333333333
53,7,1,0,2025-11-12,FoxBrush,1096,2,7,6,1,0.8571428571428571
53,2,0,1,2025-11-12,ScorpioSpear,1008,14,2,1,1,0.5
53,2,0,1,2025-11-12,SilverWolf,1012,10,2,1,1,0.5
53,5,0,1,2025-11-12,DranSword,1013,9,5,3,2,0.6
53,3,0,1,2025-11-12,ViperTail,1012,12,3,2,1,0.6666666666666666
54,5,0,1,2025-11-12,WizardRod,1012,12,5,3,2,0.6
54,2,0,1,2025-11-12,RhinoReaper,1005,15,2,1,1,0.5
54,4,0,1,2025-11-12,PhoenixWing,988,21,4,2,2,0.5
54,4,0,1,2025-11-12,PhoenixRudder,992,19,4,2,2,0.5
54,2,0,1,2025-11-12,DranBuster,1016,9,2,1,1,0.5
54,2,0,1,2025-11-12,SilverWolf,1012,11,2,1,1,0.5
54,1,0,1,2025-11-12,PegasusBlast,987,22,1,0,1,0.0
54,3,1,0,2025-11-12,WhaleWave,984,24,3,1,2,0.3333333333333333
54,1,0,1,2025-11-12,WhaleFlame,988,20,1,0,1,0.0
54,1,0,1,2025-11-12,KnightMail,1019,8,1,1,0,1.0
54,3,0,1,2025-11-12,DranDagger,1024,6,3,2,1,0.6666666666666666
54,3,0,1,2025-11-12,BlackShell,994,18,3,1,2,0.3333333333333333
54,3,0,1,2025-11-12,WeissTiger,986,23,3,1,2,0.3333333333333333
54,5,0,1,2025-11-12,DranSword,1013,10,5,3,2,0.6
54,5,0,1,2025-11-12,UnicornSting,1005,16,5,3,2,0.6
54,3,0,1,2025-11-12,ViperTail,1012,13,3,2,1,0.6666666666666666
54,4,0,1,2025-11-12,TuskMammoth,1023,7,4,3,1,0.75
54,3,1,0,2025-11-12,ScorpioSpear,1026,5,3,2,1,0.6666666666666666
54,3,0,1,2025-11-12,HellsChain,996,17,3,1,2,0.3333333333333333
54,2,0,1,2025-11-12,SharkEdge,1009,14,2,1,1,0.5
55,5,0,1,2025-11-12,UnicornSting,1005,15,5,3,2,0.6
55,3,0,1,2025-11-12,HellsChain,996,16,3,1,2,0.3333333333333333
55,3,1,0,2025-11-12,RhinoReaper,1024,6,3,2,1,0.6666666666666666
55,5,0,1,2025-11-12,WizardRod,1012,13,5,3,2,0.6
55,3,0,1,2025-11-12,ViperTail,1012,14,3,2,1,0.6666666666666666
55,4,0,1,2025-11-12,PhoenixRudder,992,18,4,2,2,0.5
55,1,0,1,2025-11-12,KnightMail,1019,9,1,1,0,1.0
55,3,0,1,2025-11-12,DranDagger,1024,7,3,2,1,0.6666666666666666
55,3,0,1,2025-11-12,BlackShell,994,17,3,1,2,0.3333333333333333
55,4,0,1,2025-11-12,TuskMammoth,1023,8,4,3,1,0.75
55,2,0,1,2025-11-12,DranBuster,1016,10,2,1,1,0.5
55,2,0,1,2025-11-12,SilverWolf,1012,12,2,1,1,0.5
55,5,0,1,2025-11-12,DranSword,1013,11,5,3,2,0.6
55,3,1,0,2025-11-12,SharkEdge,989,19,3,1,2,0.3333333333333333
56,3,0,1,2025-11-12,RhinoReaper,1024,7,3,2,1,0.6666666666666666
56,8,1,0,2025-11-12,ImpactDrake,1109,1,8,7,1,0.875
56,1,0,1,2025-11-12,KnightMail,1019,10,1,1,0,1.0
56,3,0,1,2025-11-12,DranDagger,1024,8,3,2,1,0.6666666666666666
56,4,0,1,2025-11-12,TuskMammoth,1023,9,4,3,1,0.75
56,2,0,1,2025-11-12,DranBuster,1016,11,2,1,1,0.5
56,3,0,1,2025-11-12,ScorpioSpear,1026,6,3,2,1,0.6666666666666666
56,3,1,0,2025-11-12,SilverWolf,1034,5,3,2,1,0.6666666666666666
56,5,0,1,2025-11-12,DranSword,1013,12,5,3,2,0.6
57,2,1,0,2025-11-12,KnightMail,1045,3,2,2,0,1.0
57,5,1,0,2025-11-12,CobaltDragoon,1022,10,5,3,2,0.6
58,5,0,1,2025-11-12,UnicornSting,1005,14,5,3,2,0.6
58,2,0,1,2025-11-12,CerberusFlame,1035,5,2,2,0,1.0
58,3,0,1,2025-11-12,RhinoReaper,1024,8,3,2,1,0.6666666666666666
58,4,0,1,2025-11-12,PhoenixRudder,992,17,4,2,2,0.5
58,3,0,1,2025-11-12,BlackShell,994,16,3,1,2,0.3333333333333333
58,3,0,1,2025-11-12,DranDagger,1024,9,3,2,1,0.6666666666666666
58,5,1,0,2025-11-12,TuskMammoth,1043,4,5,4,1,0.8
58,3,0,1,2025-11-12,ScorpioSpear,1026,7,3,2,1,0.6666666666666666
58,3,0,1,2025-11-12,SilverWolf,1034,6,3,2,1,0.6666666666666666
58,3,0,1,2025-11-12,HellsChain,996,15,3,1,2,0.3333333333333333
58,4,1,0,2025-11-12,ViperTail,989,18,4,2,2,0.5
59,5,0,1,2025-11-12,UnicornSting,1005,13,5,3,2,0.6
59,2,0,1,2025-11-12,CerberusFlame,1035,6,2,2,0,1.0
59,3,0,1,2025-11-12,RhinoReaper,1024,9,3,2,1,0.6666666666666666
59,5,0,1,2025-11-12,WizardRod,1012,12,5,3,2,0.6
59,4,1,0,2025-11-12,DranDagger,1042,5,4,3,1,0.75
59,3,1,0,2025-11-12,DranBuster,997,14,3,1,2,0.3333333333333333
59,3,0,1,2025-11-12,ScorpioSpear,1026,8,3,2,1,0.6666666666666666
59,3,0,1,2025-11-12,SilverWolf,1034,7,3,2,1,0.6666666666666666
59,5,0,1,2025-11-12,DranSword,1013,11,5,3,2,0.6
60,3,1,0,2025-11-12,CerberusFlame,1062,3,3,3,0,1.0
60,3,0,1,2025-11-12,RhinoReaper,1024,8,3,2,1,0.6666666666666666
60,2,0,1,2025-11-12,KnightMail,1045,4,2,2,0,1.0
60,4,0,1,2025-11-12,DranDagger,1042,6,4,3,1,0.75
60,5,0,1,2025-11-12,CobaltDragoon,1022,9,5,3,2,0.6
60,5,0,1,2025-11-12,TuskMammoth,1043,5,5,4,1,0.8
60,3,0,1,2025-11-12,ScorpioSpear,1026,7,3,2,1,0.6666666666666666
60,4,1,0,2025-11-12,SilverWolf,1018,10,4,2,2,0.5
61,3,1,0,2025-11-12,KnightMail,1027,6,3,2,1,0.6666666666666666
61,4,0,1,2025-11-12,DranDagger,1042,5,4,3,1,0.75
61,8,1,0,2025-11-12,FoxBrush,1109,2,8,7,1,0.875
61,5,0,1,2025-11-12,TuskMammoth,1043,4,5,4,1,0.8
62,5,0,1,2025-11-12,UnicornSting,1005,12,5,3,2,0.6
62,3,0,1,2025-11-12,CerberusFlame,1062,4,3,3,0,1.0
62,3,0,1,2025-11-12,RhinoReaper,1024,7,3,2,1,0.6666666666666666
62,5,0,1,2025-11-12,WizardRod,1012,11,5,3,2,0.6
62,5,0,1,2025-11-12,CobaltDragoon,1022,8,5,3,2,0.6
62,6,1,0,2025-11-12,TuskMammoth,1071,3,6,5,1,0.8333333333333334
62,4,1,0,2025-11-12,ScorpioSpear,1003,13,4,2,2,0.5
62,4,0,1,2025-11-12,SilverWolf,1018,9,4,2,2,0.5
62,5,0,1,2025-11-12,DranSword,1013,10,5,3,2,0.6
63,4,0,1,2025-11-12,SilverWolf,1018,8,4,2,2,0.5
63,5,1,0,2025-11-12,DranDagger,1015,9,5,3,2,0.6
63,5,0,1,2025-11-12,CobaltDragoon,1022,7,5,3,2,0.6
63,4,1,0,2025-11-12,RhinoReaper,1046,5,4,3,1,0.75
64,9,1,0,2025-11-12,FoxBrush,1124,1,9,8,1,0.8888888888888888
64,8,0,1,2025-11-12,ImpactDrake,1109,2,8,7,1,0.875
64,4,1,0,2025-11-12,CerberusFlame,1043,5,4,3,1,0.75
64,4,0,1,2025-11-12,RhinoReaper,1046,4,4,3,1,0.75
65,7,1,0,2025-11-12,TuskMammoth,1046,4,7,5,2,0.7142857142857143
65,5,1,0,2025-11-12,RhinoReaper,1065,3,5,4,1,0.8
66,10,1,0,2025-11-12,FoxBrush,1142,1,10,9,1,0.9
66,6,1,0,2025-11-12,RhinoReaper,1052,3,6,4,2,0.6666666666666666
67,2,0,1,2025-12-02,LeonCrest,970,28,2,0,2,0.0
67,1,0,1,2025-12-02,PegasusBlast,987,21,1,0,1,0.0
67,2,0,1,2025-12-02,LeonClaw,974,25,2,0,2,0.0
67,4,0,1,2025-12-02,PhoenixWing,988,20,4,2,2,0.5
67,3,0,1,2025-12-02,WhaleWave,984,23,3,1,2,0.3333333333333333
67,2,1,0,2025-12-02,WhaleFlame,967,32,2,0,2,0.0
67,2,0,1,2025-12-02,WizardArrow,972,27,2,0,2,0.0
67,11,1,0,2025-12-02,FoxBrush,1158,1,11,10,1,0.9090909090909091
67,3,0,1,2025-12-02,WeissTiger,986,22,3,1,2,0.3333333333333333
67,4,0,1,2025-12-02,GolemRock,983,24,4,2,2,0.5
67,2,0,1,2025-12-02,WizardArc,970,30,2,0,2,0.0
67,2,0,1,2025-12-02,HellsReaper,970,31,2,0,2,0.0
67,3,0,1,2025-12-02,TyrannoBeat,973,26,3,1,2,0.3333333333333333
67,3,0,1,2025-12-02,DranBrave,970,29,3,1,2,0.3333333333333333
68,9,1,0,2025-12-02,ImpactDrake,1124,2,9,8,1,0.8888888888888888
68,2,0,1,2025-12-02,HellsHammer,960,34,2,0,2,0.0
68,2,0,1,2025-12-02,SamuraiSaber,961,33,2,0,2,0.0
68,4,1,0,2025-12-02,PerseusDark,944,36,4,1,3,0.25
68,2,0,1,2025-12-02,CrimsonGaruda,958,35,2,0,2,0.0
69,5,1,0,2025-12-02,CerberusFlame,1057,3,5,4,1,0.8
69,6,0,1,2025-12-02,RhinoReaper,1052,4,6,4,2,0.6666666666666666
69,4,0,1,2025-12-02,PhoenixRudder,992,16,4,2,2,0.5
69,3,0,1,2025-12-02,BlackShell,994,15,3,1,2,0.3333333333333333
69,7,0,1,2025-12-02,TuskMammoth,1046,5,7,5,2,0.7142857142857143
69,3,0,1,2025-12-02,DranBuster,997,13,3,1,2,0.3333333333333333
69,5,1,0,2025-12-02,ScorpioSpear,991,17,5,2,3,0.4
69,3,0,1,2025-12-02,HellsChain,996,14,3,1,2,0.3333333333333333
70,1,0,1,2025-12-02,PegasusBlast,987,20,1,0,1,0.0
70,3,0,1,2025-12-02,SharkEdge,989,18,3,1,2,0.3333333333333333
70,4,0,1,2025-12-02,PhoenixWing,988,19,4,2,2,0.5
70,3,0,1,2025-12-02,WhaleWave,984,22,3,1,2,0.3333333333333333
70,5,1,0,2025-12-02,PhoenixRudder,979,24,5,2,3,0.4
70,3,0,1,2025-12-02,KnightMail,1027,7,3,2,1,0.6666666666666666
70,6,1,0,2025-12-02,CobaltDragoon,1038,6,6,4,2,0.6666666666666666
70,3,0,1,2025-12-02,WeissTiger,986,21,3,1,2,0.3333333333333333
70,4,0,1,2025-12-02,GolemRock,983,23,4,2,2,0.5
70,5,0,1,2025-12-02,ScorpioSpear,991,16,5,2,3,0.4
70,4,0,1,2025-12-02,ViperTail,989,17,4,2,2,0.5
71,3,1,0,2025-12-02,LeonCrest,948,35,3,0,3,0.0
71,2,0,1,2025-12-02,SamuraiSaber,961,32,2,0,2,0.0
71,2,0,1,2025-12-02,WizardArc,970,29,2,0,2,0.0
71,2,0,1,2025-12-02,WhaleFlame,967,31,2,0,2,0.0
71,3,0,1,2025-12-02,KnightMail,1027,8,3,2,1,0.6666666666666666
71,6,1,0,2025-12-02,DranDagger,1033,7,6,4,2,0.6666666666666666
71,2,0,1,2025-12-02,HellsHammer,960,33,2,0,2,0.0
71,4,0,1,2025-12-02,SilverWolf,1018,9,4,2,2,0.5
71,2,0,1,2025-12-02,HellsReaper,970,30,2,0,2,0.0
71,2,0,1,2025-12-02,CrimsonGaruda,958,34,2,0,2,0.0
71,3,0,1,2025-12-02,DranBrave,970,28,3,1,2,0.3333333333333333
72,2,0,1,2025-12-02,WhaleFlame,967,30,2,0,2,0.0
72,4,1,0,2025-12-02,KnightMail,1049,5,4,3,1,0.75
72,6,0,1,2025-12-02,DranDagger,1033,8,6,4,2,0.6666666666666666
72,2,0,1,2025-12-02,HellsHammer,960,32,2,0,2,0.0
72,6,0,1,2025-12-02,CobaltDragoon,1038,7,6,4,2,0.6666666666666666
72,7,0,1,2025-12-02,TuskMammoth,1046,6,7,5,2,0.7142857142857143
72,2,0,1,2025-12-02,SamuraiSaber,961,31,2,0,2,0.0
72,2,0,1,2025-12-02,HellsReaper,970,29,2,0,2,0.0
72,2,0,1,2025-12-02,CrimsonGaruda,958,33,2,0,2,0.0
72,3,1,0,2025-12-02,WizardArc,948,34,3,0,3,0.0
73,5,0,1,2025-12-02,CerberusFlame,1057,4,5,4,1,0.8
73,7,1,0,2025-12-02,RhinoReaper,1059,3,7,5,2,0.7142857142857143
73,2,0,1,2025-12-02,WizardArrow,972,26,2,0,2,0.0
73,2,0,1,2025-12-02,WhaleFlame,967,29,2,0,2,0.0
73,2,0,1,2025-12-02,HellsReaper,970,28,2,0,2,0.0
73,4,1,0,2025-12-02,TyrannoBeat,965,30,4,1,3,0.25
73,3,0,1,2025-12-02,DranBrave,970,27,3,1,2,0.3333333333333333
74,1,0,1,2025-12-02,PegasusBlast,987,21,1,0,1,0.0
74,3,0,1,2025-12-02,SharkEdge,989,19,3,1,2,0.3333333333333333
74,4,0,1,2025-12-02,PhoenixWing,988,20,4,2,2,0.5
74,2,0,1,2025-12-02,WhaleFlame,967,28,2,0,2,0.0
74,2,0,1,2025-12-02,CrimsonGaruda,958,32,2,0,2,0.0
74,3,0,1,2025-12-02,BlackShell,994,16,3,1,2,0.3333333333333333
74,2,0,1,2025-12-02,HellsHammer,960,31,2,0,2,0.0
74,4,1,0,2025-12-02,WeissTiger,1004,13,4,2,2,0.5
74,3,0,1,2025-12-02,DranBuster,997,14,3,1,2,0.3333333333333333
74,5,0,1,2025-12-02,ScorpioSpear,991,17,5,2,3,0.4
74,2,0,1,2025-12-02,SamuraiSaber,961,30,2,0,2,0.0
74,3,1,0,2025-12-02,HellsReaper,949,33,3,0,3,0.0
74,3,0,1,2025-12-02,HellsChain,996,15,3,1,2,0.3333333333333333
74,4,0,1,2025-12-02,TyrannoBeat,965,29,4,1,3,0.25
74,4,0,1,2025-12-02,ViperTail,989,18,4,2,2,0.5
75,1,0,1,2025-12-02,PegasusBlast,987,20,1,0,1,0.0
75,4,0,1,2025-12-02,PhoenixWing,988,19,4,2,2,0.5
75,3,0,1,2025-12-02,WhaleWave,984,21,3,1,2,0.3333333333333333
75,5,0,1,2025-12-02,PhoenixRudder,979,23,5,2,3,0.4
75,4,0,1,2025-12-02,KnightMail,1049,6,4,3,1,0.75
75,8,1,0,2025-12-02,TuskMammoth,1055,5,8,6,2,0.75
75,4,0,1,2025-12-02,GolemRock,983,22,4,2,2,0.5
75,4,1,0,2025-12-02,SharkEdge,976,24,4,1,3,0.25
76,4,0,1,2025-12-02,WeissTiger,1004,12,4,2,2,0.5
76,6,1,0,2025-12-02,UnicornSting,989,19,6,3,3,0.5
76,5,1,0,2025-12-02,PhoenixWing,1002,13,5,3,2,0.6
77,5,0,1,2025-12-02,PhoenixWing,1002,14,5,3,2,0.6
77,5,0,1,2025-12-02,PhoenixRudder,979,22,5,2,3,0.4
77,3,0,1,2025-12-02,DranBuster,997,15,3,1,2,0.3333333333333333
77,2,0,1,2025-12-02,HellsHammer,960,30,2,0,2,0.0
77,2,1,0,2025-12-02,PegasusBlast,953,32,2,0,2,0.0
77,2,0,1,2025-12-02,LeonClaw,974,24,2,0,2,0.0
77,3,0,1,2025-12-02,WhaleWave,984,20,3,1,2,0.3333333333333333
77,2,0,1,2025-12-02,WhaleFlame,967,27,2,0,2,0.0
77,3,0,1,2025-12-02,BlackShell,994,17,3,1,2,0.3333333333333333
77,4,0,1,2025-12-02,WeissTiger,1004,13,4,2,2,0.5
77,4,0,1,2025-12-02,GolemRock,983,21,4,2,2,0.5
77,2,0,1,2025-12-02,SamuraiSaber,961,29,2,0,2,0.0
77,2,0,1,2025-12-02,WizardArrow,972,25,2,0,2,0.0
77,4,0,1,2025-12-02,TyrannoBeat,965,28,4,1,3,0.25
77,3,0,1,2025-12-02,DranBrave,970,26,3,1,2,0.3333333333333333
77,2,0,1,2025-12-02,CrimsonGaruda,958,31,2,0,2,0.0
77,5,1,0,2025-12-02,ViperTail,1011,12,5,3,2,0.6
77,5,0,1,2025-12-02,ScorpioSpear,991,18,5,2,3,0.4
77,3,0,1,2025-12-02,HellsChain,996,16,3,1,2,0.3333333333333333
77,4,0,1,2025-12-02,SharkEdge,976,23,4,1,3,0.25
78,2,0,1,2025-12-02,SamuraiSaber,961,28,2,0,2,0.0
78,2,0,1,2025-12-02,WhaleFlame,967,26,2,0,2,0.0
78,2,0,1,2025-12-02,CrimsonGaruda,958,30,2,0,2,0.0
78,4,0,1,2025-12-02,SilverWolf,1018,10,4,2,2,0.5
78,2,0,1,2025-12-02,HellsHammer,960,29,2,0,2,0.0
78,6,1,0,2025-12-02,DranSword,1025,9,6,4,2,0.6666666666666666
78,4,0,1,2025-12-02,TyrannoBeat,965,27,4,1,3,0.25
78,4,1,0,2025-12-02,DranBrave,958,31,4,1,3,0.25
79,3,0,1,2025-12-02,LeonCrest,948,34,3,0,3,0.0
79,2,0,1,2025-12-02,PegasusBlast,953,31,2,0,2,0.0
79,4,0,1,2025-12-02,PerseusDark,944,35,4,1,3,0.25
79,3,0,1,2025-12-02,WizardArc,948,33,3,0,3,0.0
79,6,0,1,2025-12-02,DranDagger,1033,9,6,4,2,0.6666666666666666
79,3,0,1,2025-12-02,HellsReaper,949,32,3,0,3,0.0
79,5,1,0,2025-12-02,SilverWolf,1033,8,5,3,2,0.6
79,3,1,0,2025-12-02,HellsHammer,938,36,3,0,3,0.0
79,6,0,1,2025-12-02,DranSword,1025,10,6,4,2,0.6666666666666666
79,2,0,1,2025-12-02,CrimsonGaruda,958,29,2,0,2,0.0
79,4,0,1,2025-12-02,DranBrave,958,30,4,1,3,0.25
80,3,1,0,2025-12-02,LeonClaw,1000,14,3,1,2,0.3333333333333333
80,6,0,1,2025-12-02,UnicornSting,989,20,6,3,3,0.5
80,4,0,1,2025-12-02,SharkEdge,976,24,4,1,3,0.25
80,5,0,1,2025-12-02,PhoenixWing,1002,13,5,3,2,0.6
80,6,1,0,2025-12-02,WizardRod,996,17,6,3,3,0.5
80,3,0,1,2025-12-02,WhaleWave,984,21,3,1,2,0.3333333333333333
80,5,0,1,2025-12-02,PhoenixRudder,979,23,5,2,3,0.4
80,3,0,1,2025-12-02,BlackShell,994,18,3,1,2,0.3333333333333333
80,4,0,1,2025-12-02,WeissTiger,1004,12,4,2,2,0.5
80,4,0,1,2025-12-02,GolemRock,983,22,4,2,2,0.5
80,5,0,1,2025-12-02,ScorpioSpear,991,19,5,2,3,0.4
80,5,0,1,2025-12-02,ViperTail,1011,11,5,3,2,0.6
81,3,0,1,2025-12-02,LeonClaw,1000,15,3,1,2,0.3333333333333333
81,6,0,1,2025-12-02,UnicornSting,989,19,6,3,3,0.5
81,4,0,1,2025-12-02,SharkEdge,976,23,4,1,3,0.25
81,5,0,1,2025-12-02,PhoenixWing,1002,14,5,3,2,0.6
81,3,0,1,2025-12-02,WhaleWave,984,20,3,1,2,0.3333333333333333
81,2,0,1,2025-12-02,WizardArrow,972,24,2,0,2,0.0
81,5,0,1,2025-12-02,PhoenixRudder,979,22,5,2,3,0.4
81,4,1,0,2025-12-02,BlackShell,1019,11,4,2,2,0.5
81,4,0,1,2025-12-02,WeissTiger,1004,13,4,2,2,0.5
81,4,1,0,2025-12-02,DranBuster,971,25,4,1,3,0.25
81,4,0,1,2025-12-02,GolemRock,983,21,4,2,2,0.5
81,5,0,1,2025-12-02,ScorpioSpear,991,18,5,2,3,0.4
81,5,0,1,2025-12-02,ViperTail,1011,12,5,3,2,0.6
82,3,0,1,2025-12-02,LeonClaw,1000,16,3,1,2,0.3333333333333333
82,5,0,1,2025-12-02,PhoenixWing,1002,15,5,3,2,0.6
82,4,1,0,2025-12-02,WhaleWave,1003,14,4,2,2,0.5
82,4,0,1,2025-12-02,GolemRock,983,20,4,2,2,0.5
82,4,1,0,2025-12-02,HellsChain,981,21,4,1,3,0.25
83,3,0,1,2025-12-02,LeonCrest,948,33,3,0,3,0.0
83,2,0,1,2025-12-02,PegasusBlast,953,30,2,0,2,0.0
83,3,0,1,2025-12-02,LeonClaw,1000,17,3,1,2,0.3333333333333333
83,6,0,1,2025-12-02,UnicornSting,989,20,6,3,3,0.5
83,4,0,1,2025-12-02,PerseusDark,944,34,4,1,3,0.25
83,6,0,1,2025-12-02,WizardRod,996,18,6,3,3,0.5
83,3,0,1,2025-12-02,WizardArc,948,32,3,0,3,0.0
83,3,0,1,2025-12-02,HellsHammer,938,35,3,0,3,0.0
83,5,1,0,2025-12-02,GolemRock,1002,16,5,3,2,0.6
83,5,0,1,2025-12-02,ScorpioSpear,991,19,5,2,3,0.4
83,3,1,0,2025-12-02,SamuraiSaber,936,36,3,0,3,0.0
83,3,0,1,2025-12-02,HellsReaper,949,31,3,0,3,0.0
83,2,0,1,2025-12-02,CrimsonGaruda,958,28,2,0,2,0.0
83,4,0,1,2025-12-02,DranBrave,958,29,4,1,3,0.25
84,3,0,1,2025-12-02,LeonCrest,948,32,3,0,3,0.0
84,2,0,1,2025-12-02,PegasusBlast,953,29,2,0,2,0.0
84,6,0,1,2025-12-02,UnicornSting,989,21,6,3,3,0.5
84,3,1,0,2025-12-02,WizardArrow,945,33,3,0,3,0.0
84,5,0,1,2025-12-02,PhoenixRudder,979,23,5,2,3,0.4
84,3,0,1,2025-12-02,WizardArc,948,31,3,0,3,0.0
84,3,0,1,2025-12-02,HellsReaper,949,30,3,0,3,0.0
84,4,0,1,2025-12-02,HellsChain,981,22,4,1,3,0.25
84,3,1,0,2025-12-02,CrimsonGaruda,989,20,3,1,2,0.3333333333333333
84,4,0,1,2025-12-02,DranBrave,958,28,4,1,3,0.25
84,4,0,1,2025-12-02,SharkEdge,976,24,4,1,3,0.25
85,12,1,0,2025-12-02,FoxBrush,1132,1,12,10,2,0.8333333333333334
85,6,0,1,2025-12-02,DranDagger,1033,10,6,4,2,0.6666666666666666
85,4,0,1,2025-12-02,BlackShell,1019,12,4,2,2,0.5
85,5,0,1,2025-12-02,SilverWolf,1033,9,5,3,2,0.6
85,6,0,1,2025-12-02,DranSword,1025,11,6,4,2,0.6666666666666666
85,6,1,0,2025-12-02,ViperTail,1036,8,6,4,2,0.6666666666666666
86,10,1,0,2025-12-02,ImpactDrake,1105,2,10,8,2,0.8
86,6,0,1,2025-12-02,DranDagger,1033,11,6,4,2,0.6666666666666666
86,6,0,1,2025-12-02,CobaltDragoon,1038,8,6,4,2,0.6666666666666666
86,5,0,1,2025-12-02,SilverWolf,1033,10,5,3,2,0.6
86,7,1,0,2025-12-02,DranSword,1043,7,7,5,2,0.7142857142857143
86,6,0,1,2025-12-02,ViperTail,1036,9,6,4,2,0.6666666666666666
87,6,0,1,2025-12-02,DranDagger,1033,10,6,4,2,0.6666666666666666
87,7,0,1,2025-12-02,RhinoReaper,1059,4,7,5,2,0.7142857142857143
87,6,1,0,2025-12-02,CerberusFlame,1078,3,6,5,1,0.8333333333333334
87,6,1,0,2025-12-02,SilverWolf,1019,11,6,3,3,0.5
88,3,0,1,2025-12-02,LeonClaw,1000,16,3,1,2,0.3333333333333333
88,6,0,1,2025-12-02,UnicornSting,989,20,6,3,3,0.5
88,6,0,1,2025-12-02,WizardRod,996,17,6,3,3,0.5
88,4,0,1,2025-12-02,KnightMail,1049,7,4,3,1,0.75
88,7,1,0,2025-12-02,CobaltDragoon,1054,6,7,5,2,0.7142857142857143
88,6,1,0,2025-12-02,GolemRock,987,21,6,3,3,0.5
88,5,0,1,2025-12-02,ScorpioSpear,991,18,5,2,3,0.4
88,7,0,1,2025-12-02,DranSword,1043,8,7,5,2,0.7142857142857143
88,3,0,1,2025-12-02,CrimsonGaruda,989,19,3,1,2,0.3333333333333333
89,3,0,1,2025-12-02,LeonClaw,1000,15,3,1,2,0.3333333333333333
89,6,1,0,2025-12-02,PhoenixWing,992,17,6,3,3,0.5
89,6,0,1,2025-12-02,WizardRod,996,16,6,3,3,0.5
89,7,1,0,2025-12-02,DranDagger,1045,8,7,5,2,0.7142857142857143
89,7,0,1,2025-12-02,DranSword,1043,9,7,5,2,0.7142857142857143
89,6,0,1,2025-12-02,ViperTail,1036,10,6,4,2,0.6666666666666666
90,4,1,0,2025-12-02,LeonClaw,1020,11,4,2,2,0.5
90,4,0,1,2025-12-02,WhaleWave,1003,15,4,2,2,0.5
90,5,1,0,2025-12-02,KnightMail,1027,10,5,3,2,0.6
90,7,0,1,2025-12-02,DranDagger,1045,7,7,5,2,0.7142857142857143
90,4,0,1,2025-12-02,BlackShell,1019,13,4,2,2,0.5
90,4,0,1,2025-12-02,WeissTiger,1004,14,4,2,2,0.5
90,6,0,1,2025-12-02,SilverWolf,1019,12,6,3,3,0.5
90,7,0,1,2025-12-02,DranSword,1043,8,7,5,2,0.7142857142857143
90,6,0,1,2025-12-02,ViperTail,1036,9,6,4,2,0.6666666666666666
91,5,1,0,2025-12-02,BlackShell,998,15,5,2,3,0.4
91,4,0,1,2025-12-02,WeissTiger,1004,13,4,2,2,0.5
91,4,0,1,2025-12-02,WhaleWave,1003,14,4,2,2,0.5
91,8,1,0,2025-12-02,RhinoReaper,1073,4,8,6,2,0.75
92,4,0,1,2025-12-02,LeonClaw,1020,12,4,2,2,0.5
92,6,0,1,2025-12-02,UnicornSting,989,19,6,3,3,0.5
92,6,0,1,2025-12-02,WizardRod,996,15,6,3,3,0.5
92,6,0,1,2025-12-02,PhoenixWing,992,16,6,3,3,0.5
92,5,1,0,2025-12-02,WhaleWave,981,21,5,2,3,0.4
92,5,0,1,2025-12-02,BlackShell,998,14,5,2,3,0.4
92,5,1,0,2025-12-02,WeissTiger,1026,11,5,3,2,0.6
92,6,0,1,2025-12-02,GolemRock,987,20,6,3,3,0.5
92,5,0,1,2025-12-02,ScorpioSpear,991,17,5,2,3,0.4
92,6,0,1,2025-12-02,SilverWolf,1019,13,6,3,3,0.5
92,3,0,1,2025-12-02,CrimsonGaruda,989,18,3,1,2,0.3333333333333333
93,6,0,1,2025-12-02,UnicornSting,989,18,6,3,3,0.5
93,5,0,1,2025-12-02,WhaleWave,981,20,5,2,3,0.4
93,5,0,1,2025-12-02,PhoenixRudder,979,22,5,2,3,0.4
93,9,1,0,2025-12-02,TuskMammoth,1065,5,9,7,2,0.7777777777777778
93,6,0,1,2025-12-02,GolemRock,987,19,6,3,3,0.5
93,4,0,1,2025-12-02,HellsChain,981,21,4,1,3,0.25
93,4,1,0,2025-12-02,CrimsonGaruda,977,23,4,1,3,0.25
94,4,1,0,2025-12-02,LeonCrest,972,25,4,1,3,0.25
94,2,0,1,2025-12-02,PegasusBlast,953,30,2,0,2,0.0
94,4,0,1,2025-12-02,TyrannoBeat,965,28,4,1,3,0.25
94,7,1,0,2025-12-02,UnicornSting,974,24,7,3,4,0.42857142857142855
94,5,0,1,2025-12-02,WhaleWave,981,19,5,2,3,0.4
94,2,0,1,2025-12-02,WhaleFlame,967,27,2,0,2,0.0
94,5,0,1,2025-12-02,PhoenixRudder,979,21,5,2,3,0.4
94,4,0,1,2025-12-02,DranBuster,971,26,4,1,3,0.25
94,6,0,1,2025-12-02,GolemRock,987,18,6,3,3,0.5
94,3,0,1,2025-12-02,WizardArc,948,32,3,0,3,0.0
94,3,0,1,2025-12-02,HellsReaper,949,31,3,0,3,0.0
94,4,0,1,2025-12-02,HellsChain,981,20,4,1,3,0.25
94,4,0,1,2025-12-02,CrimsonGaruda,977,22,4,1,3,0.25
94,4,0,1,2025-12-02,DranBrave,958,29,4,1,3,0.25
94,4,0,1,2025-12-02,SharkEdge,976,23,4,1,3,0.25
95,4,0,1,2025-12-02,DranBrave,958,30,4,1,3,0.25
95,2,0,1,2025-12-02,PegasusBlast,953,31,2,0,2,0.0
95,6,0,1,2025-12-02,PhoenixWing,992,15,6,3,3,0.5
95,7,1,0,2025-12-02,WizardRod,984,18,7,3,4,0.42857142857142855
95,2,0,1,2025-12-02,WhaleFlame,967,28,2,0,2,0.0
95,6,0,1,2025-12-02,GolemRock,987,17,6,3,3,0.5
95,5,0,1,2025-12-02,ScorpioSpear,991,16,5,2,3,0.4
95,3,0,1,2025-12-02,HellsReaper,949,32,3,0,3,0.0
95,4,0,1,2025-12-02,TyrannoBeat,965,29,4,1,3,0.25
95,4,1,0,2025-12-02,WizardArc,970,27,4,1,3,0.25
96,4,0,1,2025-12-02,LeonCrest,972,26,4,1,3,0.25
96,2,0,1,2025-12-02,PegasusBlast,953,30,2,0,2,0.0
96,7,0,1,2025-12-02,UnicornSting,974,25,7,3,4,0.42857142857142855
96,6,0,1,2025-12-02,PhoenixWing,992,16,6,3,3,0.5
96,7,0,1,2025-12-02,WizardRod,984,19,7,3,4,0.42857142857142855
96,5,0,1,2025-12-02,WhaleWave,981,20,5,2,3,0.4
96,5,0,1,2025-12-02,PhoenixRudder,979,22,5,2,3,0.4
96,4,0,1,2025-12-02,CrimsonGaruda,977,23,4,1,3,0.25
96,5,1,0,2025-12-02,DranBuster,997,15,5,2,3,0.4
96,6,0,1,2025-12-02,GolemRock,987,18,6,3,3,0.5
96,5,0,1,2025-12-02,ScorpioSpear,991,17,5,2,3,0.4
96,3,0,1,2025-12-02,HellsReaper,949,31,3,0,3,0.0
96,4,0,1,2025-12-02,HellsChain,981,21,4,1,3,0.25
96,5,1,0,2025-12-02,TyrannoBeat,949,32,5,1,4,0.2
96,4,0,1,2025-12-02,DranBrave,958,29,4,1,3,0.25
96,4,0,1,2025-12-02,SharkEdge,976,24,4,1,3,0.25
97,4,0,1,2025-12-02,PerseusDark,944,33,4,1,3,0.25
97,6,0,1,2025-12-02,PhoenixWing,992,17,6,3,3,0.5
97,7,0,1,2025-12-02,WizardRod,984,20,7,3,4,0.42857142857142855
97,5,0,1,2025-12-02,WhaleWave,981,21,5,2,3,0.4
97,3,0,1,2025-12-02,WizardArrow,945,32,3,0,3,0.0
97,3,0,1,2025-12-02,HellsHammer,938,34,3,0,3,0.0
97,5,0,1,2025-12-02,DranBuster,997,16,5,2,3,0.4
97,6,0,1,2025-12-02,GolemRock,987,19,6,3,3,0.5
97,5,0,1,2025-12-02,ScorpioSpear,991,18,5,2,3,0.4
97,3,0,1,2025-12-02,SamuraiSaber,936,35,3,0,3,0.0
97,4,1,0,2025-12-02,HellsReaper,931,36,4,0,4,0.0
97,5,1,0,2025-12-02,HellsChain,997,15,5,2,3,0.4
97,5,0,1,2025-12-02,TyrannoBeat,949,31,5,1,4,0.2
98,6,0,1,2025-12-02,PhoenixWing,992,18,6,3,3,0.5
98,7,0,1,2025-12-02,WizardRod,984,21,7,3,4,0.42857142857142855
98,4,1,0,2025-12-02,WizardArrow,926,36,4,0,4,0.0
98,5,0,1,2025-12-02,WhaleWave,981,22,5,2,3,0.4
98,5,0,1,2025-12-02,PhoenixRudder,979,23,5,2,3,0.4
98,3,0,1,2025-12-02,HellsHammer,938,33,3,0,3,0.0
98,4,0,1,2025-12-02,HellsReaper,931,35,4,0,4,0.0
98,6,0,1,2025-12-02,GolemRock,987,20,6,3,3,0.5
98,5,0,1,2025-12-02,ScorpioSpear,991,19,5,2,3,0.4
98,3,0,1,2025-12-02,SamuraiSaber,936,34,3,0,3,0.0
98,4,0,1,2025-12-02,PerseusDark,944,32,4,1,3,0.25
98,4,0,1,2025-12-02,CrimsonGaruda,977,24,4,1,3,0.25
98,5,1,0,2025-12-02,SharkEdge,994,17,5,2,3,0.4
99,4,0,1,2025-12-02,LeonCrest,972,27,4,1,3,0.25
99,3,1,0,2025-12-02,PegasusBlast,934,34,3,0,3,0.0
99,5,0,1,2025-12-02,TyrannoBeat,949,30,5,1,4,0.2
99,7,0,1,2025-12-02,UnicornSting,974,26,7,3,4,0.42857142857142855
99,7,0,1,2025-12-02,WizardRod,984,22,7,3,4,0.42857142857142855
99,5,0,1,2025-12-02,WhaleWave,981,23,5,2,3,0.4
99,3,1,0,2025-12-02,WhaleFlame,985,21,3,1,2,0.3333333333333333
99,5,0,1,2025-12-02,PhoenixRudder,979,24,5,2,3,0.4
99,3,0,1,2025-12-02,HellsHammer,938,32,3,0,3,0.0
99,3,0,1,2025-12-02,SamuraiSaber,936,33,3,0,3,0.0
99,4,0,1,2025-12-02,PerseusDark,944,31,4,1,3,0.25
99,4,0,1,2025-12-02,CrimsonGaruda,977,25,4,1,3,0.25
99,4,0,1,2025-12-02,WizardArc,970,28,4,1,3,0.25
100,5,1,0,2025-12-02,PerseusDark,960,29,5,2,3,0.4
100,5,1,0,2025-12-02,DranBrave,945,31,5,1,4,0.2
101,3,0,1,2025-12-02,PegasusBlast,934,33,3,0,3,0.0
101,6,0,1,2025-12-02,PhoenixWing,992,19,6,3,3,0.5
101,4,0,1,2025-12-02,WizardArrow,926,35,4,0,4,0.0
101,5,0,1,2025-12-02,BlackShell,998,15,5,2,3,0.4
101,4,0,1,2025-12-02,HellsReaper,931,34,4,0,4,0.0
101,5,0,1,2025-12-02,DranBuster,997,17,5,2,3,0.4
101,6,1,0,2025-12-02,ScorpioSpear,1008,14,6,3,3,0.5
101,3,0,1,2025-12-02,SamuraiSaber,936,32,3,0,3,0.0
101,4,1,0,2025-12-02,HellsHammer,916,36,4,0,4,0.0
101,5,0,1,2025-12-02,HellsChain,997,16,5,2,3,0.4
101,5,0,1,2025-12-02,SharkEdge,994,18,5,2,3,0.4
102,3,0,1,2025-12-02,PegasusBlast,934,32,3,0,3,0.0
102,7,0,1,2025-12-02,WizardRod,984,23,7,3,4,0.42857142857142855
102,5,0,1,2025-12-02,WhaleWave,981,24,5,2,3,0.4
102,3,0,1,2025-12-02,WhaleFlame,985,22,3,1,2,0.3333333333333333
102,6,1,0,2025-12-02,PhoenixRudder,989,20,6,3,3,0.5
102,4,0,1,2025-12-02,WizardArrow,926,34,4,0,4,0.0
102,6,0,1,2025-12-02,GolemRock,987,21,6,3,3,0.5
102,4,1,0,2025-12-02,SamuraiSaber,917,35,4,0,4,0.0
102,4,0,1,2025-12-02,HellsReaper,931,33,4,0,4,0.0
103,4,0,1,2025-12-11,LeonClaw,1020,11,4,2,2,0.5
103,5,0,1,2025-12-11,KnightMail,1027,9,5,3,2,0.6
103,8,1,0,2025-12-11,DranDagger,1062,6,8,6,2,0.75
103,5,0,1,2025-12-11,WeissTiger,1026,10,5,3,2,0.6
103,7,0,1,2025-12-11,CobaltDragoon,1054,7,7,5,2,0.7142857142857143
103,6,0,1,2025-12-11,SilverWolf,1019,12,6,3,3,0.5
103,7,1,0,2025-12-11,ViperTail,1018,13,7,4,3,0.5714285714285714
104,5,1,0,2025-12-11,LeonCrest,961,28,5,1,4,0.2
104,10,1,0,2025-12-11,TuskMammoth,1075,4,10,8,2,0.8
104,4,0,1,2025-12-11,WizardArc,970,27,4,1,3,0.25
104,8,0,1,2025-12-11,RhinoReaper,1073,5,8,6,2,0.75
105,7,1,0,2025-12-11,CerberusFlame,1091,3,7,6,1,0.8571428571428571
105,6,0,1,2025-12-11,PhoenixWing,992,18,6,3,3,0.5
105,6,0,1,2025-12-11,PhoenixRudder,989,19,6,3,3,0.5
105,6,1,0,2025-12-11,BlackShell,985,21,6,2,4,0.3333333333333333
105,5,0,1,2025-12-11,DranBuster,997,16,5,2,3,0.4
105,6,0,1,2025-12-11,GolemRock,987,20,6,3,3,0.5
105,5,0,1,2025-12-11,HellsChain,997,15,5,2,3,0.4
105,5,0,1,2025-12-11,SharkEdge,994,17,5,2,3,0.4
106,5,0,1,2025-12-11,LeonCrest,961,29,5,1,4,0.2
106,13,1,0,2025-12-11,FoxBrush,1107,1,13,10,3,0.7692307692307693
106,5,0,1,2025-12-11,PerseusDark,960,30,5,2,3,0.4
106,5,0,1,2025-12-11,TyrannoBeat,949,31,5,1,4,0.2
106,6,1,0,2025-12-11,DranBrave,969,28,6,2,4,0.3333333333333333
107,5,0,1,2025-12-11,HellsChain,997,16,5,2,3,0.4
107,7,1,0,2025-12-11,PhoenixWing,1006,15,7,4,3,0.5714285714285714
107,8,1,0,2025-12-11,CobaltDragoon,1035,8,8,5,3,0.625
107,5,0,1,2025-12-11,DranBuster,997,17,5,2,3,0.4
107,7,0,1,2025-12-11,DranSword,1043,7,7,5,2,0.7142857142857143
107,5,0,1,2025-12-11,SharkEdge,994,18,5,2,3,0.4
108,6,1,0,2025-12-11,KnightMail,1011,14,6,3,3,0.5
108,5,0,1,2025-12-11,WeissTiger,1026,9,5,3,2,0.6
108,7,1,0,2025-12-11,ScorpioSpear,1021,10,7,4,3,0.5714285714285714
109,7,0,1,2025-12-11,WizardRod,984,22,7,3,4,0.42857142857142855
109,11,1,0,2025-12-11,ImpactDrake,1112,1,11,9,2,0.8181818181818182
109,3,0,1,2025-12-11,WhaleFlame,985,21,3,1,2,0.3333333333333333
109,7,1,0,2025-12-11,PhoenixRudder,981,23,7,3,4,0.42857142857142855
109,13,0,1,2025-12-11,FoxBrush,1107,2,13,10,3,0.7692307692307693
109,6,0,1,2025-12-11,BlackShell,985,20,6,2,4,0.3333333333333333
109,6,0,1,2025-12-11,GolemRock,987,19,6,3,3,0.5
110,5,0,1,2025-12-11,DranBuster,997,18,5,2,3,0.4
110,5,1,0,2025-12-11,SamuraiSaber,905,36,5,0,5,0.0
110,4,0,1,2025-12-11,HellsHammer,916,35,4,0,4,0.0
110,5,0,1,2025-12-11,HellsChain,997,17,5,2,3,0.4
110,6,1,0,2025-12-11,SharkEdge,1005,16,6,3,3,0.5
111,9,1,0,2025-12-11,DranDagger,1044,6,9,6,3,0.6666666666666666
111,12,1,0,2025-12-11,ImpactDrake,1126,1,12,10,2,0.8333333333333334
112,4,0,1,2025-12-11,LeonClaw,1020,12,4,2,2,0.5
112,6,0,1,2025-12-11,SharkEdge,1005,15,6,3,3,0.5
112,8,1,0,2025-12-11,PhoenixWing,989,18,8,4,4,0.5
112,7,1,0,2025-12-11,KnightMail,1028,9,7,4,3,0.5714285714285714
112,5,0,1,2025-12-11,WeissTiger,1026,10,5,3,2,0.6
112,5,0,1,2025-12-11,DranBuster,997,17,5,2,3,0.4
112,7,0,1,2025-12-11,ScorpioSpear,1021,11,7,4,3,0.5714285714285714
112,6,0,1,2025-12-11,SilverWolf,1019,13,6,3,3,0.5
112,5,0,1,2025-12-11,HellsChain,997,16,5,2,3,0.4
112,7,0,1,2025-12-11,ViperTail,1018,14,7,4,3,0.5714285714285714
113,11,1,0,2025-12-11,TuskMammoth,1083,4,11,9,2,0.8181818181818182
113,7,1,0,2025-12-11,DranBrave,962,28,7,2,5,0.2857142857142857
114,4,0,1,2025-12-11,LeonClaw,1020,13,4,2,2,0.5
114,8,1,0,2025-12-11,CerberusFlame,1071,5,8,6,2,0.75
114,8,0,1,2025-12-11,RhinoReaper,1073,4,8,6,2,0.75
114,7,0,1,2025-12-11,ViperTail,1018,15,7,4,3,0.5714285714285714
114,11,0,1,2025-12-11,TuskMammoth,1083,3,11,9,2,0.8181818181818182
114,6,0,1,2025-12-11,SilverWolf,1019,14,6,3,3,0.5
114,7,1,0,2025-12-11,SharkEdge,1021,12,7,4,3,0.5714285714285714
115,4,0,1,2025-12-11,LeonClaw,1020,12,4,2,2,0.5
115,8,1,0,2025-12-11,SharkEdge,1034,9,8,5,3,0.625
115,8,1,0,2025-12-11,KnightMail,1012,15,8,4,4,0.5
115,6,0,1,2025-12-11,SilverWolf,1019,13,6,3,3,0.5
115,7,0,1,2025-12-11,ViperTail,1018,14,7,4,3,0.5714285714285714
116,13,1,0,2025-12-11,ImpactDrake,1138,1,13,11,2,0.8461538461538461
116,12,1,0,2025-12-11,TuskMammoth,1070,5,12,9,3,0.75
116,8,0,1,2025-12-11,CerberusFlame,1071,4,8,6,2,0.75
116,8,0,1,2025-12-11,RhinoReaper,1073,3,8,6,2,0.75
117,4,0,1,2025-12-11,LeonClaw,1020,13,4,2,2,0.5
117,9,1,0,2025-12-11,KnightMail,1026,11,9,5,4,0.5555555555555556
117,13,1,0,2025-12-11,TuskMammoth,1057,5,13,9,4,0.6923076923076923
117,7,0,1,2025-12-11,ScorpioSpear,1021,12,7,4,3,0.5714285714285714
117,6,0,1,2025-12-11,SilverWolf,1019,14,6,3,3,0.5
117,7,0,1,2025-12-11,ViperTail,1018,15,7,4,3,0.5714285714285714
118,5,0,1,2025-12-11,WeissTiger,1026,9,5,3,2,0.6
118,14,1,0,2025-12-11,ImpactDrake,1147,1,14,12,2,0.8571428571428571
118,9,1,0,2025-12-11,SharkEdge,1026,10,9,5,4,0.5555555555555556
119,9,1,0,2025-12-27,CerberusFlame,1051,6,9,6,3,0.6666666666666666
119,9,0,1,2025-12-27,DranDagger,1044,7,9,6,3,0.6666666666666666
119,6,1,0,2025-12-27,WeissTiger,1053,5,6,4,2,0.6666666666666666
119,13,0,1,2025-12-27,TuskMammoth,1057,4,13,9,4,0.6923076923076923
119,8,0,1,2025-12-27,CobaltDragoon,1035,9,8,5,3,0.625
119,7,0,1,2025-12-27,DranSword,1043,8,7,5,2,0.7142857142857143
120,7,0,1,2025-12-27,DranSword,1043,9,7,5,2,0.7142857142857143
120,9,1,0,2025-12-27,CobaltDragoon,1054,4,9,6,3,0.6666666666666666
120,14,1,0,2025-12-27,TuskMammoth,1044,8,14,9,5,0.6428571428571429
121,4,0,1,2025-12-27,LeonClaw,1020,14,4,2,2,0.5
121,10,1,0,2025-12-27,DranDagger,1025,12,10,6,4,0.6
121,14,0,1,2025-12-27,TuskMammoth,1044,7,14,9,5,0.6428571428571429
121,7,0,1,2025-12-27,ScorpioSpear,1021,13,7,4,3,0.5714285714285714
121,6,0,1,2025-12-27,SilverWolf,1019,15,6,3,3,0.5
121,7,0,1,2025-12-27,DranSword,1043,8,7,5,2,0.7142857142857143
121,8,1,0,2025-12-27,ViperTail,1038,9,8,5,3,0.625
122,9,0,1,2025-12-27,CerberusFlame,1051,7,9,6,3,0.6666666666666666
122,9,1,0,2025-12-27,RhinoReaper,1061,3,9,6,3,0.6666666666666666
122,6,0,1,2025-12-27,WeissTiger,1053,6,6,4,2,0.6666666666666666
122,9,0,1,2025-12-27,CobaltDragoon,1054,5,9,6,3,0.6666666666666666
122,14,0,1,2025-12-27,TuskMammoth,1044,8,14,9,5,0.6428571428571429
122,8,1,0,2025-12-27,DranSword,1058,4,8,6,2,0.75
123,5,1,0,2025-12-27,HellsReaper,954,31,5,1,4,0.2
123,3,0,1,2025-12-27,PegasusBlast,934,33,3,0,3,0.0
123,5,0,1,2025-12-27,TyrannoBeat,949,32,5,1,4,0.2
123,6,1,0,2025-12-27,SamuraiSaber,882,36,6,0,6,0.0
124,5,1,0,2025-12-27,HellsHammer,897,35,5,0,5,0.0
124,6,1,0,2025-12-27,TyrannoBeat,960,30,6,2,4,0.3333333333333333
124,5,0,1,2025-12-27,PerseusDark,960,31,5,2,3,0.4
124,5,0,1,2025-12-27,HellsReaper,954,32,5,1,4,0.2
125,7,0,1,2025-12-27,UnicornSting,974,27,7,3,4,0.42857142857142855
125,5,1,0,2025-12-27,WizardArrow,904,34,5,0,5,0.0
125,8,1,0,2025-12-27,DranBrave,975,26,8,3,5,0.375
125,4,0,1,2025-12-27,WizardArc,970,28,4,1,3,0.25
126,4,1,0,2025-12-27,PegasusBlast,915,33,4,0,4,0.0
126,8,0,1,2025-12-27,PhoenixWing,989,19,8,4,4,0.5
126,8,1,0,2025-12-27,WizardRod,995,18,8,4,4,0.5
126,3,0,1,2025-12-27,WhaleFlame,985,22,3,1,2,0.3333333333333333
126,6,0,1,2025-12-27,BlackShell,985,21,6,2,4,0.3333333333333333
126,6,0,1,2025-12-27,GolemRock,987,20,6,3,3,0.5
127,14,1,0,2025-12-27,FoxBrush,1117,2,14,11,3,0.7857142857142857
127,5,1,0,2025-12-27,LeonClaw,1006,15,5,2,3,0.4
127,6,0,1,2025-12-27,SilverWolf,1019,14,6,3,3,0.5
128,5,0,1,2025-12-27,LeonCrest,961,28,5,1,4,0.2
128,6,0,1,2025-12-27,TyrannoBeat,960,29,6,2,4,0.3333333333333333
128,8,1,0,2025-12-27,UnicornSting,989,19,8,4,4,0.5
128,8,0,1,2025-12-27,PhoenixWing,989,20,8,4,4,0.5
128,5,0,1,2025-12-27,WhaleWave,981,25,5,2,3,0.4
128,3,0,1,2025-12-27,WhaleFlame,985,23,3,1,2,0.3333333333333333
128,7,0,1,2025-12-27,PhoenixRudder,981,24,7,3,4,0.42857142857142855
128,6,0,1,2025-12-27,BlackShell,985,22,6,2,4,0.3333333333333333
128,6,0,1,2025-12-27,GolemRock,987,21,6,3,3,0.5
128,5,0,1,2025-12-27,HellsReaper,954,31,5,1,4,0.2
128,5,0,1,2025-12-27,PerseusDark,960,30,5,2,3,0.4
128,5,1,0,2025-12-27,CrimsonGaruda,953,32,5,1,4,0.2
128,4,0,1,2025-12-27,WizardArc,970,27,4,1,3,0.25
129,9,0,1,2025-12-27,SharkEdge,1026,11,9,5,4,0.5555555555555556
129,15,1,0,2025-12-27,ImpactDrake,1123,1,15,12,3,0.8
129,9,0,1,2025-12-27,KnightMail,1026,12,9,5,4,0.5555555555555556
129,10,0,1,2025-12-27,DranDagger,1025,13,10,6,4,0.6
129,8,1,0,2025-12-27,ScorpioSpear,1040,9,8,5,3,0.625
129,8,0,1,2025-12-27,ViperTail,1038,10,8,5,3,0.625
130,9,0,1,2025-12-27,SharkEdge,1026,12,9,5,4,0.5555555555555556
130,5,0,1,2025-12-27,WhaleWave,981,24,5,2,3,0.4
130,8,1,0,2025-12-27,PhoenixRudder,966,27,8,3,5,0.375
130,10,1,0,2025-12-27,KnightMail,1044,8,10,6,4,0.6
130,14,0,1,2025-12-27,TuskMammoth,1044,9,14,9,5,0.6428571428571429
130,8,0,1,2025-12-27,ScorpioSpear,1040,10,8,5,3,0.625
130,4,0,1,2025-12-27,WizardArc,970,26,4,1,3,0.25
130,8,0,1,2025-12-27,DranBrave,975,25,8,3,5,0.375
130,8,0,1,2025-12-27,ViperTail,1038,11,8,5,3,0.625
131,6,1,0,2025-12-27,LeonCrest,977,24,6,2,4,0.3333333333333333
131,5,0,1,2025-12-27,WhaleWave,981,23,5,2,3,0.4
131,3,0,1,2025-12-27,WhaleFlame,985,22,3,1,2,0.3333333333333333
131,8,0,1,2025-12-27,PhoenixRudder,966,28,8,3,5,0.375
131,7,1,0,2025-12-27,BlackShell,968,27,7,2,5,0.2857142857142857
132,8,0,1,2025-12-27,UnicornSting,989,20,8,4,4,0.5
132,8,0,1,2025-12-27,WizardRod,995,19,8,4,4,0.5
132,8,0,1,2025-12-27,PhoenixWing,989,21,8,4,4,0.5
132,6,1,0,2025-12-27,WhaleWave,999,16,6,3,3,0.5
132,3,0,1,2025-12-27,WhaleFlame,985,23,3,1,2,0.3333333333333333
132,8,0,1,2025-12-27,PhoenixRudder,966,27,8,3,5,0.375
132,5,0,1,2025-12-27,CrimsonGaruda,953,31,5,1,4,0.2
132,7,0,1,2025-12-27,BlackShell,968,26,7,2,5,0.2857142857142857
132,5,0,1,2025-12-27,DranBuster,997,18,5,2,3,0.4
132,6,0,1,2025-12-27,GolemRock,987,22,6,3,3,0.5
132,5,0,1,2025-12-27,HellsReaper,954,30,5,1,4,0.2
132,5,0,1,2025-12-27,PerseusDark,960,29,5,2,3,0.4
132,5,0,1,2025-12-27,HellsChain,997,17,5,2,3,0.4
132,6,0,1,2025-12-27,TyrannoBeat,960,28,6,2,4,0.3333333333333333
132,5,1,0,2025-12-27,WizardArc,953,32,5,1,4,0.2
133,10,1,0,2025-12-27,SharkEdge,1035,12,10,6,4,0.6
133,7,1,0,2025-12-27,SilverWolf,1007,14,7,3,4,0.42857142857142855
134,6,0,1,2025-12-27,LeonCrest,977,23,6,2,4,0.3333333333333333
134,5,0,1,2025-12-27,LeonClaw,1006,16,5,2,3,0.4
134,9,1,0,2025-12-27,PhoenixWing,971,25,9,4,5,0.4444444444444444
134,6,0,1,2025-12-27,WhaleWave,999,17,6,3,3,0.5
134,3,0,1,2025-12-27,WhaleFlame,985,22,3,1,2,0.3333333333333333
134,6,1,0,2025-12-27,DranBuster,1023,14,6,3,3,0.5
134,6,0,1,2025-12-27,GolemRock,987,21,6,3,3,0.5
134,7,0,1,2025-12-27,SilverWolf,1007,15,7,3,4,0.42857142857142855
134,5,0,1,2025-12-27,HellsChain,997,18,5,2,3,0.4
134,8,0,1,2025-12-27,DranBrave,975,24,8,3,5,0.375
135,8,0,1,2025-12-27,UnicornSting,989,19,8,4,4,0.5
135,8,0,1,2025-12-27,WizardRod,995,18,8,4,4,0.5
135,9,0,1,2025-12-27,PhoenixWing,971,26,9,4,5,0.4444444444444444
135,3,0,1,2025-12-27,WhaleFlame,985,21,3,1,2,0.3333333333333333
135,8,0,1,2025-12-27,PhoenixRudder,966,28,8,3,5,0.375
135,7,0,1,2025-12-27,BlackShell,968,27,7,2,5,0.2857142857142857
135,6,0,1,2025-12-27,GolemRock,987,20,6,3,3,0.5
135,6,1,0,2025-12-27,PerseusDark,981,22,6,3,3,0.5
135,6,1,0,2025-12-27,HellsChain,976,24,6,2,4,0.3333333333333333
135,6,0,1,2025-12-27,TyrannoBeat,960,29,6,2,4,0.3333333333333333
135,8,0,1,2025-12-27,DranBrave,975,25,8,3,5,0.375
136,6,0,1,2025-12-27,PerseusDark,981,21,6,3,3,0.5
136,3,0,1,2025-12-27,WhaleFlame,985,20,3,1,2,0.3333333333333333
136,7,1,0,2025-12-27,WhaleWave,979,22,7,3,4,0.42857142857142855
136,7,1,0,2025-12-27,GolemRock,1005,17,7,4,3,0.5714285714285714
137,15,1,0,2025-12-27,FoxBrush,1131,1,15,12,3,0.8
137,15,0,1,2025-12-27,ImpactDrake,1123,2,15,12,3,0.8
137,7,1,0,2025-12-27,DranBuster,1007,15,7,3,4,0.42857142857142855
137,7,0,1,2025-12-27,SilverWolf,1007,14,7,3,4,0.42857142857142855
138,5,0,1,2025-12-27,LeonClaw,1006,17,5,2,3,0.4
138,10,1,0,2025-12-27,CerberusFlame,1032,12,10,6,4,0.6
138,10,0,1,2025-12-27,SharkEdge,1035,11,10,6,4,0.6
138,10,0,1,2025-12-27,KnightMail,1044,7,10,6,4,0.6
138,10,0,1,2025-12-27,DranDagger,1025,14,10,6,4,0.6
138,14,0,1,2025-12-27,TuskMammoth,1044,8,14,9,5,0.6428571428571429
138,8,1,0,2025-12-27,GolemRock,1030,13,8,5,3,0.625
138,8,0,1,2025-12-27,ScorpioSpear,1040,9,8,5,3,0.625
138,7,0,1,2025-12-27,SilverWolf,1007,15,7,3,4,0.42857142857142855
138,7,0,1,2025-12-27,DranBuster,1007,16,7,3,4,0.42857142857142855
138,8,0,1,2025-12-27,ViperTail,1038,10,8,5,3,0.625
139,6,0,1,2025-12-27,LeonCrest,977,22,6,2,4,0.3333333333333333
139,10,0,1,2025-12-27,CerberusFlame,1032,13,10,6,4,0.6
139,9,0,1,2025-12-27,PhoenixWing,971,25,9,4,5,0.4444444444444444
139,7,0,1,2025-12-27,WhaleWave,979,21,7,3,4,0.42857142857142855
139,7,0,1,2025-12-27,BlackShell,968,26,7,2,5,0.2857142857142857
139,11,1,0,2025-12-27,DranDagger,1035,12,11,7,4,0.6363636363636364
139,8,0,1,2025-12-27,GolemRock,1030,14,8,5,3,0.625
139,7,1,0,2025-12-27,PerseusDark,967,27,7,3,4,0.42857142857142855
139,6,0,1,2025-12-27,HellsChain,976,23,6,2,4,0.3333333333333333
139,8,0,1,2025-12-27,DranBrave,975,24,8,3,5,0.375
140,10,0,1,2025-12-27,SharkEdge,1035,10,10,6,4,0.6
140,10,0,1,2025-12-27,CerberusFlame,1032,12,10,6,4,0.6
140,10,0,1,2025-12-27,KnightMail,1044,8,10,6,4,0.6
140,11,0,1,2025-12-27,DranDagger,1035,11,11,7,4,0.6363636363636364
140,6,0,1,2025-12-27,WeissTiger,1053,7,6,4,2,0.6666666666666666
140,15,1,0,2025-12-27,TuskMammoth,1053,6,15,10,5,0.6666666666666666
140,8,0,1,2025-12-27,GolemRock,1030,13,8,5,3,0.625
140,9,1,0,2025-12-27,ScorpioSpear,1030,14,9,5,4,0.5555555555555556
140,8,0,1,2025-12-27,ViperTail,1038,9,8,5,3,0.625
141,7,1,0,2025-12-27,LeonCrest,989,19,7,3,4,0.42857142857142855
141,8,0,1,2025-12-27,UnicornSting,989,20,8,4,4,0.5
141,6,1,0,2025-12-27,LeonClaw,991,18,6,2,4,0.3333333333333333
141,8,0,1,2025-12-27,WizardRod,995,17,8,4,4,0.5
141,7,0,1,2025-12-27,WhaleWave,979,22,7,3,4,0.42857142857142855
141,3,0,1,2025-12-27,WhaleFlame,985,21,3,1,2,0.3333333333333333
142,10,0,1,2025-12-27,CerberusFlame,1032,11,10,6,4,0.6
142,11,1,0,2025-12-27,KnightMail,1025,14,11,6,5,0.5454545454545454
142,11,0,1,2025-12-27,DranDagger,1035,10,11,7,4,0.6363636363636364
142,8,0,1,2025-12-27,GolemRock,1030,12,8,5,3,0.625
142,9,0,1,2025-12-27,ScorpioSpear,1030,13,9,5,4,0.5555555555555556
142,11,1,0,2025-12-27,SharkEdge,1050,8,11,7,4,0.6363636363636364
143,7,0,1,2025-12-27,LeonCrest,989,20,7,3,4,0.42857142857142855
143,6,0,1,2025-12-27,LeonClaw,991,19,6,2,4,0.3333333333333333
143,8,0,1,2025-12-27,UnicornSting,989,21,8,4,4,0.5
143,10,1,0,2025-12-27,RhinoReaper,1048,8,10,6,4,0.6
143,8,0,1,2025-12-27,WizardRod,995,18,8,4,4,0.5
143,8,1,0,2025-12-27,WhaleWave,999,17,8,4,4,0.5
143,3,0,1,2025-12-27,WhaleFlame,985,22,3,1,2,0.3333333333333333
143,9,0,1,2025-12-27,CobaltDragoon,1054,4,9,6,3,0.6666666666666666
143,15,0,1,2025-12-27,TuskMammoth,1053,5,15,10,5,0.6666666666666666
143,6,0,1,2025-12-27,WeissTiger,1053,6,6,4,2,0.6666666666666666
143,8,0,1,2025-12-27,DranSword,1058,3,8,6,2,0.75
143,11,0,1,2025-12-27,SharkEdge,1050,7,11,7,4,0.6363636363636364
144,7,0,1,2025-12-27,LeonCrest,989,21,7,3,4,0.42857142857142855
144,8,0,1,2025-12-27,UnicornSting,989,22,8,4,4,0.5
144,10,1,0,2025-12-27,PhoenixWing,990,20,10,5,5,0.5
144,16,1,0,2025-12-27,ImpactDrake,1107,2,16,12,4,0.75
144,3,0,1,2025-12-27,WhaleFlame,985,23,3,1,2,0.3333333333333333
144,6,0,1,2025-12-27,HellsChain,976,24,6,2,4,0.3333333333333333
144,8,0,1,2025-12-27,DranBrave,975,25,8,3,5,0.375
145,8,0,1,2025-12-27,WizardRod,995,17,8,4,4,0.5
145,8,0,1,2025-12-27,WhaleWave,999,16,8,4,4,0.5
145,3,0,1,2025-12-27,WhaleFlame,985,24,3,1,2,0.3333333333333333
145,7,0,1,2025-12-27,DranBuster,1007,15,7,3,4,0.42857142857142855
145,8,1,0,2025-12-27,SilverWolf,993,18,8,3,5,0.375
145,6,0,1,2025-12-27,HellsChain,976,25,6,2,4,0.3333333333333333
145,9,1,0,2025-12-27,DranBrave,988,23,9,4,5,0.4444444444444444
146,7,0,1,2025-12-27,LeonCrest,989,22,7,3,4,0.42857142857142855
146,6,0,1,2025-12-27,LeonClaw,991,20,6,2,4,0.3333333333333333
146,8,0,1,2025-12-27,UnicornSting,989,23,8,4,4,0.5
146,8,0,1,2025-12-27,WizardRod,995,18,8,4,4,0.5
146,10,0,1,2025-12-27,PhoenixWing,990,21,10,5,5,0.5
146,5,0,1,2025-12-27,WizardArc,953,31,5,1,4,0.2
146,3,0,1,2025-12-27,WhaleFlame,985,25,3,1,2,0.3333333333333333
146,8,0,1,2025-12-27,PhoenixRudder,966,27,8,3,5,0.375
146,5,0,1,2025-12-27,CrimsonGaruda,953,30,5,1,4,0.2
146,8,1,0,2025-12-27,BlackShell,948,32,8,2,6,0.25
146,5,0,1,2025-12-27,HellsReaper,954,29,5,1,4,0.2
146,8,0,1,2025-12-27,SilverWolf,993,19,8,3,5,0.375
146,7,0,1,2025-12-27,PerseusDark,967,26,7,3,4,0.42857142857142855
146,7,1,0,2025-12-27,HellsChain,996,17,7,3,4,0.42857142857142855
146,6,0,1,2025-12-27,TyrannoBeat,960,28,6,2,4,0.3333333333333333
146,9,0,1,2025-12-27,DranBrave,988,24,9,4,5,0.4444444444444444
147,7,0,1,2025-12-27,LeonCrest,989,23,7,3,4,0.42857142857142855
147,9,1,0,2025-12-27,UnicornSting,1004,16,9,5,4,0.5555555555555556
147,6,0,1,2025-12-27,LeonClaw,991,21,6,2,4,0.3333333333333333
147,8,0,1,2025-12-27,WizardRod,995,19,8,4,4,0.5
147,10,0,1,2025-12-27,PhoenixWing,990,22,10,5,5,0.5
147,8,0,1,2025-12-27,WhaleWave,999,17,8,4,4,0.5
147,4,1,0,2025-12-27,WhaleFlame,963,27,4,1,3,0.25
147,8,0,1,2025-12-27,PhoenixRudder,966,26,8,3,5,0.375
147,8,0,1,2025-12-27,SilverWolf,993,20,8,3,5,0.375
147,7,0,1,2025-12-27,PerseusDark,967,25,7,3,4,0.42857142857142855
147,7,0,1,2025-12-27,HellsChain,996,18,7,3,4,0.42857142857142855
148,9,0,1,2025-12-27,UnicornSting,1004,17,9,5,4,0.5555555555555556
148,9,1,0,2025-12-27,WizardRod,1007,15,9,5,4,0.5555555555555556
148,8,0,1,2025-12-27,WhaleWave,999,18,8,4,4,0.5
148,4,0,1,2025-12-27,WhaleFlame,963,26,4,1,3,0.25
148,9,1,0,2025-12-27,PhoenixRudder,952,31,9,3,6,0.3333333333333333
148,5,0,1,2025-12-27,CrimsonGaruda,953,29,5,1,4,0.2
148,7,0,1,2025-12-27,DranBuster,1007,16,7,3,4,0.42857142857142855
148,5,0,1,2025-12-27,HellsReaper,954,28,5,1,4,0.2
148,7,0,1,2025-12-27,HellsChain,996,19,7,3,4,0.42857142857142855
148,6,0,1,2025-12-27,TyrannoBeat,960,27,6,2,4,0.3333333333333333
148,5,0,1,2025-12-27,WizardArc,953,30,5,1,4,0.2
149,7,0,1,2025-12-27,PerseusDark,967,26,7,3,4,0.42857142857142855
149,4,0,1,2025-12-27,WhaleFlame,963,27,4,1,3,0.25
149,9,0,1,2025-12-27,PhoenixRudder,952,30,9,3,6,0.3333333333333333
149,8,0,1,2025-12-27,BlackShell,948,31,8,2,6,0.25
149,6,1,0,2025-12-27,HellsReaper,968,25,6,2,4,0.3333333333333333
149,6,0,1,2025-12-27,TyrannoBeat,960,28,6,2,4,0.3333333333333333
149,6,1,0,2025-12-27,WizardArc,938,32,6,1,5,0.16666666666666666
150,7,0,1,2025-12-27,PerseusDark,967,27,7,3,4,0.42857142857142855
150,4,0,1,2025-12-27,WhaleFlame,963,28,4,1,3,0.25
150,9,0,1,2025-12-27,PhoenixRudder,952,29,9,3,6,0.3333333333333333
150,6,1,0,2025-12-27,CrimsonGaruda,971,25,6,2,4,0.3333333333333333
150,6,0,1,2025-12-27,HellsReaper,968,26,6,2,4,0.3333333333333333
150,7,1,0,2025-12-27,TyrannoBeat,950,30,7,2,5,0.2857142857142857
151,8,0,1,2025-12-27,SilverWolf,993,21,8,3,5,0.375
151,7,0,1,2025-12-27,DranBuster,1007,15,7,3,4,0.42857142857142855
151,7,1,0,2025-12-27,LeonClaw,1006,16,7,3,4,0.42857142857142855
151,10,1,0,2025-12-27,WizardRod,996,20,10,5,5,0.5
152,11,1,0,2025-12-27,CerberusFlame,1040,9,11,7,4,0.6363636363636364
152,7,0,1,2025-12-27,PerseusDark,967,26,7,3,4,0.42857142857142855
152,4,0,1,2025-12-27,WhaleFlame,963,27,4,1,3,0.25
152,11,0,1,2025-12-27,DranDagger,1035,11,11,7,4,0.6363636363636364
152,6,0,1,2025-12-27,HellsReaper,968,25,6,2,4,0.3333333333333333
152,7,1,0,2025-12-27,CrimsonGaruda,960,28,7,2,5,0.2857142857142857
152,8,0,1,2025-12-27,ViperTail,1038,10,8,5,3,0.625
153,7,0,1,2025-12-27,LeonCrest,989,24,7,3,4,0.42857142857142855
153,10,1,0,2025-12-27,UnicornSting,989,23,10,5,5,0.5
153,10,1,0,2025-12-27,DranBrave,1003,17,10,5,5,0.5
154,7,0,1,2025-12-27,LeonCrest,989,23,7,3,4,0.42857142857142855
154,10,0,1,2025-12-27,UnicornSting,989,22,10,5,5,0.5
154,10,0,1,2025-12-27,PhoenixWing,990,21,10,5,5,0.5
154,10,0,1,2025-12-27,WizardRod,996,19,10,5,5,0.5
154,8,0,1,2025-12-27,SilverWolf,993,20,8,3,5,0.375
154,7,1,0,2025-12-27,HellsReaper,987,24,7,3,4,0.42857142857142855
154,8,1,0,2025-12-27,HellsChain,979,25,8,3,5,0.375
155,10,0,1,2025-12-27,WizardRod,996,20,10,5,5,0.5
155,11,1,0,2025-12-27,PhoenixWing,1005,17,11,6,5,0.5454545454545454
155,8,0,1,2025-12-27,WhaleWave,999,19,8,4,4,0.5
155,12,1,0,2025-12-27,KnightMail,1009,14,12,6,6,0.5
155,8,0,1,2025-12-27,SilverWolf,993,21,8,3,5,0.375
155,10,0,1,2025-12-27,DranBrave,1003,18,10,5,5,0.5
156,7,0,1,2025-12-27,LeonClaw,1006,15,7,3,4,0.42857142857142855
156,11,0,1,2025-12-27,PhoenixWing,1005,16,11,6,5,0.5454545454545454
156,10,0,1,2025-12-27,WizardRod,996,19,10,5,5,0.5
156,8,0,1,2025-12-27,WhaleWave,999,18,8,4,4,0.5
156,11,0,1,2025-12-27,DranDagger,1035,12,11,7,4,0.6363636363636364
156,8,1,0,2025-12-27,DranBuster,993,20,8,3,5,0.375
156,8,0,1,2025-12-27,GolemRock,1030,13,8,5,3,0.625
156,10,1,0,2025-12-27,ScorpioSpear,1040,10,10,6,4,0.6
156,10,0,1,2025-12-27,DranBrave,1003,17,10,5,5,0.5
156,8,0,1,2025-12-27,ViperTail,1038,11,8,5,3,0.625
157,11,0,1,2025-12-27,CerberusFlame,1040,8,11,7,4,0.6363636363636364
157,11,1,0,2025-12-27,RhinoReaper,1033,12,11,6,5,0.5454545454545454
157,11,0,1,2025-12-27,DranDagger,1035,11,11,7,4,0.6363636363636364
157,10,0,1,2025-12-27,ScorpioSpear,1040,9,10,6,4,0.6
157,8,1,0,2025-12-27,PerseusDark,985,25,8,4,4,0.5
157,8,0,1,2025-12-27,HellsChain,979,26,8,3,5,0.375
157,8,0,1,2025-12-27,ViperTail,1038,10,8,5,3,0.625
158,11,0,1,2025-12-27,CerberusFlame,1040,9,11,7,4,0.6363636363636364
158,12,1,0,2025-12-27,PhoenixWing,991,21,12,6,6,0.5
158,10,0,1,2025-12-27,WizardRod,996,18,10,5,5,0.5
158,8,0,1,2025-12-27,SilverWolf,993,20,8,3,5,0.375
158,8,0,1,2025-12-27,WhaleWave,999,17,8,4,4,0.5
158,6,0,1,2025-12-27,WeissTiger,1053,7,6,4,2,0.6666666666666666
158,9,0,1,2025-12-27,CobaltDragoon,1054,5,9,6,3,0.6666666666666666
158,15,0,1,2025-12-27,TuskMammoth,1053,6,15,10,5,0.6666666666666666
158,11,1,0,2025-12-27,ScorpioSpear,1054,4,11,7,4,0.6363636363636364
158,8,0,1,2025-12-27,DranBuster,993,19,8,3,5,0.375
158,10,0,1,2025-12-27,DranBrave,1003,16,10,5,5,0.5
158,11,0,1,2025-12-27,SharkEdge,1050,8,11,7,4,0.6363636363636364
159,7,0,1,2025-12-27,LeonCrest,989,24,7,3,4,0.42857142857142855
159,10,0,1,2025-12-27,UnicornSting,989,23,10,5,5,0.5
159,9,1,0,2025-12-27,PerseusDark,972,26,9,4,5,0.4444444444444444
159,10,0,1,2025-12-27,WizardRod,996,19,10,5,5,0.5
159,12,0,1,2025-12-27,PhoenixWing,991,22,12,6,6,0.5
159,8,0,1,2025-12-27,DranBuster,993,20,8,3,5,0.375
159,8,0,1,2025-12-27,SilverWolf,993,21,8,3,5,0.375
159,8,1,0,2025-12-27,HellsReaper,996,18,8,4,4,0.5
159,8,0,1,2025-12-27,HellsChain,979,25,8,3,5,0.375
160,8,1,0,2025-12-27,LeonCrest,999,17,8,4,4,0.5
160,9,1,0,2025-12-27,WhaleWave,987,24,9,4,5,0.4444444444444444
161,12,1,0,2025-12-27,CerberusFlame,1025,13,12,7,5,0.5833333333333334
161,11,0,1,2025-12-27,RhinoReaper,1033,11,11,6,5,0.5454545454545454
161,11,0,1,2025-12-27,DranDagger,1035,10,11,7,4,0.6363636363636364
161,8,0,1,2025-12-27,GolemRock,1030,12,8,5,3,0.625
161,9,1,0,2025-12-27,DranSword,1081,3,9,7,2,0.7777777777777778
161,8,0,1,2025-12-27,ViperTail,1038,9,8,5,3,0.625
162,8,1,0,2025-12-27,LeonClaw,1027,12,8,4,4,0.5
162,11,0,1,2025-12-27,RhinoReaper,1033,10,11,6,5,0.5454545454545454
162,12,0,1,2025-12-27,KnightMail,1009,15,12,6,6,0.5
162,12,1,0,2025-12-27,DranDagger,1016,14,12,7,5,0.5833333333333334
162,8,0,1,2025-12-27,GolemRock,1030,11,8,5,3,0.625
163,11,0,1,2025-12-27,RhinoReaper,1033,11,11,6,5,0.5454545454545454
163,16,0,1,2025-12-27,ImpactDrake,1107,1,16,12,4,0.75
163,8,0,1,2025-12-27,ViperTail,1038,10,8,5,3,0.625
163,16,1,0,2025-12-27,FoxBrush,1107,2,16,12,4,0.75
163,9,0,1,2025-12-27,CobaltDragoon,1054,6,9,6,3,0.6666666666666666
163,15,0,1,2025-12-27,TuskMammoth,1053,7,15,10,5,0.6666666666666666
163,9,1,0,2025-12-27,GolemRock,1063,4,9,6,3,0.6666666666666666
163,11,0,1,2025-12-27,ScorpioSpear,1054,5,11,7,4,0.6363636363636364
163,6,0,1,2025-12-27,WeissTiger,1053,8,6,4,2,0.6666666666666666
163,11,0,1,2025-12-27,SharkEdge,1050,9,11,7,4,0.6363636363636364
164,8,0,1,2025-12-27,LeonCrest,999,16,8,4,4,0.5
164,10,0,1,2025-12-27,WizardRod,996,18,10,5,5,0.5
164,9,0,1,2025-12-27,CobaltDragoon,1054,7,9,6,3,0.6666666666666666
164,7,1,0,2025-12-27,WeissTiger,1066,4,7,5,2,0.7142857142857143
164,9,0,1,2025-12-27,GolemRock,1063,5,9,6,3,0.6666666666666666
164,11,0,1,2025-12-27,ScorpioSpear,1054,6,11,7,4,0.6363636363636364
164,15,0,1,2025-12-27,TuskMammoth,1053,8,15,10,5,0.6666666666666666
164,8,0,1,2025-12-27,HellsReaper,996,17,8,4,4,0.5
164,8,0,1,2025-12-27,DranBuster,993,19,8,3,5,0.375
164,11,1,0,2025-12-27,DranBrave,993,20,11,5,6,0.45454545454545453
165,12,1,0,2025-12-27,SharkEdge,1037,10,12,7,5,0.5833333333333334
165,9,0,1,2025-12-27,CobaltDragoon,1054,8,9,6,3,0.6666666666666666
165,16,1,0,2025-12-27,TuskMammoth,1062,6,16,11,5,0.6875
165,11,0,1,2025-12-27,ScorpioSpear,1054,7,11,7,4,0.6363636363636364
165,8,0,1,2025-12-27,ViperTail,1038,9,8,5,3,0.625
166,12,0,1,2025-12-27,SharkEdge,1037,9,12,7,5,0.5833333333333334
166,9,1,0,2025-12-27,ViperTail,1062,7,9,6,3,0.6666666666666666
166,12,1,0,2025-12-27,ScorpioSpear,1033,10,12,7,5,0.5833333333333334
167,8,0,1,2025-12-27,LeonCrest,999,17,8,4,4,0.5
167,11,0,1,2025-12-27,RhinoReaper,1033,10,11,6,5,0.5454545454545454
167,12,0,1,2025-12-27,KnightMail,1009,16,12,6,6,0.5
167,10,1,0,2025-12-27,CobaltDragoon,1031,11,10,6,4,0.6
167,12,0,1,2025-12-27,ScorpioSpear,1033,9,12,7,5,0.5833333333333334
167,9,1,0,2025-12-27,HellsReaper,1014,15,9,5,4,0.5555555555555556
167,12,0,1,2025-12-27,SharkEdge,1037,8,12,7,5,0.5833333333333334
168,10,1,0,2025-12-27,DranSword,1095,3,10,8,2,0.8
168,9,1,0,2025-12-27,LeonClaw,1018,13,9,4,5,0.4444444444444444
168,12,0,1,2025-12-27,CerberusFlame,1025,12,12,7,5,0.5833333333333334
169,8,1,0,2025-12-27,WeissTiger,1043,7,8,5,3,0.625
169,17,1,0,2025-12-27,TuskMammoth,1076,4,17,12,5,0.7058823529411765
169,9,0,1,2025-12-27,ViperTail,1062,6,9,6,3,0.6666666666666666
170,9,1,0,2025-12-27,LeonCrest,1016,14,9,5,4,0.5555555555555556
170,12,0,1,2025-12-27,KnightMail,1009,17,12,6,6,0.5
170,12,0,1,2025-12-27,DranDagger,1016,15,12,7,5,0.5833333333333334
170,8,0,1,2025-12-27,WeissTiger,1043,6,8,5,3,0.625
170,9,0,1,2025-12-27,HellsReaper,1014,16,9,5,4,0.5555555555555556
170,10,1,0,2025-12-27,ViperTail,1037,7,10,6,4,0.6
171,10,1,0,2025-12-27,HellsReaper,1004,17,10,5,5,0.5
171,17,0,1,2025-12-27,TuskMammoth,1076,5,17,12,5,0.7058823529411765
171,10,1,0,2025-12-27,GolemRock,1076,4,10,7,3,0.7
171,12,0,1,2025-12-27,KnightMail,1009,16,12,6,6,0.5
172,10,1,0,2025-12-27,LeonCrest,1037,8,10,6,4,0.6
172,9,0,1,2025-12-27,LeonClaw,1018,14,9,4,5,0.4444444444444444
172,12,0,1,2025-12-27,CerberusFlame,1025,13,12,7,5,0.5833333333333334
172,11,0,1,2025-12-27,RhinoReaper,1033,11,11,6,5,0.5454545454545454
172,10,0,1,2025-12-27,CobaltDragoon,1031,12,10,6,4,0.6
172,17,0,1,2025-12-27,TuskMammoth,1076,4,17,12,5,0.7058823529411765
172,10,0,1,2025-12-27,GolemRock,1076,3,10,7,3,0.7
172,12,0,1,2025-12-27,ScorpioSpear,1033,10,12,7,5,0.5833333333333334
172,11,1,0,2025-12-27,DranSword,1069,5,11,8,3,0.7272727272727273
172,12,0,1,2025-12-27,SharkEdge,1037,9,12,7,5,0.5833333333333334
173,11,0,1,2025-12-27,DranSword,1069,4,11,8,3,0.7272727272727273
173,18,1,0,2025-12-27,TuskMammoth,1088,3,18,13,5,0.7222222222222222
173,11,1,0,2025-12-27,GolemRock,1058,5,11,7,4,0.6363636363636364
174,12,1,0,2025-12-27,DranSword,1085,4,12,9,3,0.75
174,8,0,1,2025-12-27,WeissTiger,1043,5,8,5,3,0.625
174,12,1,0,2025-12-27,GolemRock,1041,6,12,7,5,0.5833333333333334
175,11,1,0,2025-12-27,LeonCrest,1064,5,11,7,4,0.6363636363636364
175,8,0,1,2025-12-27,WeissTiger,1043,6,8,5,3,0.625
175,19,1,0,2025-12-27,TuskMammoth,1065,4,19,13,6,0.6842105263157895
175,12,0,1,2025-12-27,GolemRock,1041,7,12,7,5,0.5833333333333334
175,12,0,1,2025-12-27,DranSword,1085,3,12,9,3,0.75
175,10,0,1,2025-12-27,ViperTail,1037,8,10,6,4,0.6
176,10,0,1,2026-01-04,WizardRod,996,19,10,5,5,0.5
176,1,1,0,2026-01-04,SolEclipse,1013,16,1,1,0,1.0
176,12,0,1,2026-01-04,PhoenixWing,991,23,12,6,6,0.5
176,1,1,0,2026-01-04,CobaltDrake,987,26,1,0,1,0.0
176,9,0,1,2026-01-04,PhoenixRudder,952,31,9,3,6,0.3333333333333333
176,8,0,1,2026-01-04,DranBuster,993,20,8,3,5,0.375
176,8,0,1,2026-01-04,SilverWolf,993,22,8,3,5,0.375
176,5,0,1,2026-01-04,HellsHammer,897,37,5,0,5,0.0
176,4,0,1,2026-01-04,PegasusBlast,915,35,4,0,4,0.0
176,9,0,1,2026-01-04,WhaleWave,987,25,9,4,5,0.4444444444444444
176,4,0,1,2026-01-04,WhaleFlame,963,29,4,1,3,0.25
176,12,0,1,2026-01-04,KnightMail,1009,17,12,6,6,0.5
176,8,0,1,2026-01-04,BlackShell,948,33,8,2,6,0.25
176,6,0,1,2026-01-04,SamuraiSaber,882,38,6,0,6,0.0
176,9,0,1,2026-01-04,PerseusDark,972,28,9,4,5,0.4444444444444444
176,6,0,1,2026-01-04,WizardArc,938,34,6,1,5,0.16666666666666666
176,10,0,1,2026-01-04,UnicornSting,989,24,10,5,5,0.5
176,5,0,1,2026-01-04,WizardArrow,904,36,5,0,5,0.0
176,10,0,1,2026-01-04,HellsReaper,1004,18,10,5,5,0.5
176,7,0,1,2026-01-04,TyrannoBeat,950,32,7,2,5,0.2857142857142857
176,7,0,1,2026-01-04,CrimsonGaruda,960,30,7,2,5,0.2857142857142857
176,11,0,1,2026-01-04,DranBrave,993,21,11,5,6,0.45454545454545453
176,8,0,1,2026-01-04,HellsChain,979,27,8,3,5,0.375
177,4,0,1,2026-01-04,PegasusBlast,915,36,4,0,4,0.0
177,7,0,1,2026-01-04,TyrannoBeat,950,33,7,2,5,0.2857142857142857
177,10,0,1,2026-01-04,UnicornSting,989,25,10,5,5,0.5
177,12,0,1,2026-01-04,PhoenixWing,991,24,12,6,6,0.5
177,2,1,0,2026-01-04,SolEclipse,992,23,2,1,1,0.5
177,9,0,1,2026-01-04,WhaleWave,987,26,9,4,5,0.4444444444444444
177,1,0,1,2026-01-04,CobaltDrake,987,27,1,0,1,0.0
177,4,0,1,2026-01-04,WhaleFlame,963,30,4,1,3,0.25
177,7,0,1,2026-01-04,CrimsonGaruda,960,31,7,2,5,0.2857142857142857
177,9,0,1,2026-01-04,PhoenixRudder,952,32,9,3,6,0.3333333333333333
177,8,0,1,2026-01-04,BlackShell,948,34,8,2,6,0.25
177,5,0,1,2026-01-04,WizardArrow,904,37,5,0,5,0.0
177,5,0,1,2026-01-04,HellsHammer,897,38,5,0,5,0.0
177,6,0,1,2026-01-04,SamuraiSaber,882,39,6,0,6,0.0
177,9,0,1,2026-01-04,PerseusDark,972,29,9,4,5,0.4444444444444444
177,8,0,1,2026-01-04,HellsChain,979,28,8,3,5,0.375
177,1,1,0,2026-01-04,SharkScale,1012,16,1,1,0,1.0
177,6,0,1,2026-01-04,WizardArc,938,35,6,1,5,0.16666666666666666
178,17,1,0,2026-01-04,FoxBrush,1111,1,17,13,4,0.7647058823529411
178,8,0,1,2026-01-04,HellsChain,979,27,8,3,5,0.375
178,16,0,1,2026-01-04,ImpactDrake,1107,2,16,12,4,0.75
178,2,1,0,2026-01-04,CobaltDrake,977,28,2,0,2,0.0
179,9,0,1,2026-01-04,LeonClaw,1018,13,9,4,5,0.4444444444444444
179,10,0,1,2026-01-04,UnicornSting,989,26,10,5,5,0.5
179,12,0,1,2026-01-04,CerberusFlame,1025,12,12,7,5,0.5833333333333334
179,11,0,1,2026-01-04,RhinoReaper,1033,10,11,6,5,0.5454545454545454
179,10,0,1,2026-01-04,WizardRod,996,20,10,5,5,0.5
179,8,0,1,2026-01-04,SilverWolf,993,23,8,3,5,0.375
179,2,0,1,2026-01-04,SolEclipse,992,24,2,1,1,0.5
179,12,0,1,2026-01-04,PhoenixWing,991,25,12,6,6,0.5
179,9,0,1,2026-01-04,WhaleWave,987,27,9,4,5,0.4444444444444444
179,10,0,1,2026-01-04,ViperTail,1037,7,10,6,4,0.6
179,9,1,0,2026-01-04,WeissTiger,1018,14,9,5,4,0.5555555555555556
179,10,0,1,2026-01-04,CobaltDragoon,1031,11,10,6,4,0.6
179,12,0,1,2026-01-04,GolemRock,1041,6,12,7,5,0.5833333333333334
179,12,0,1,2026-01-04,ScorpioSpear,1033,9,12,7,5,0.5833333333333334
179,8,0,1,2026-01-04,DranBuster,993,21,8,3,5,0.375
179,9,1,0,2026-01-04,HellsChain,1003,19,9,4,5,0.4444444444444444
179,11,0,1,2026-01-04,DranBrave,993,22,11,5,6,0.45454545454545453
179,12,0,1,2026-01-04,SharkEdge,1037,8,12,7,5,0.5833333333333334
180,12,1,0,2026-01-04,LeonCrest,1036,8,12,7,5,0.5833333333333334
180,9,0,1,2026-01-04,LeonClaw,1018,14,9,4,5,0.4444444444444444
180,10,0,1,2026-01-04,ViperTail,1037,6,10,6,4,0.6
180,12,0,1,2026-01-04,KnightMail,1009,18,12,6,6,0.5
180,12,0,1,2026-01-04,DranDagger,1016,16,12,7,5,0.5833333333333334
180,9,0,1,2026-01-04,WeissTiger,1018,15,9,5,4,0.5555555555555556
180,12,0,1,2026-01-04,GolemRock,1041,5,12,7,5,0.5833333333333334
180,11,1,0,2026-01-04,HellsReaper,1024,13,11,6,5,0.5454545454545454
180,1,0,1,2026-01-04,SharkScale,1012,17,1,1,0,1.0
180,12,0,1,2026-01-04,SharkEdge,1037,7,12,7,5,0.5833333333333334
181,10,0,1,2026-01-04,UnicornSting,989,25,10,5,5,0.5
181,2,0,1,2026-01-04,SolEclipse,992,23,2,1,1,0.5
181,10,0,1,2026-01-04,WizardRod,996,21,10,5,5,0.5
181,12,0,1,2026-01-04,PhoenixWing,991,24,12,6,6,0.5
181,9,0,1,2026-01-04,WhaleWave,987,26,9,4,5,0.4444444444444444
181,9,1,0,2026-01-04,DranBuster,981,27,9,3,6,0.3333333333333333
181,8,0,1,2026-01-04,SilverWolf,993,22,8,3,5,0.375
181,12,1,0,2026-01-04,DranBrave,1003,20,12,6,6,0.5
182,10,0,1,2026-01-04,UnicornSting,989,24,10,5,5,0.5
182,12,0,1,2026-01-04,PhoenixWing,991,23,12,6,6,0.5
182,2,0,1,2026-01-04,SolEclipse,992,22,2,1,1,0.5
182,11,1,0,2026-01-04,WizardRod,988,25,11,5,6,0.45454545454545453
182,13,1,0,2026-01-04,GolemRock,1049,5,13,8,5,0.6153846153846154
182,8,0,1,2026-01-04,SilverWolf,993,21,8,3,5,0.375
183,12,0,1,2026-01-04,LeonCrest,1036,7,12,7,5,0.5833333333333334
183,10,0,1,2026-01-04,UnicornSting,989,25,10,5,5,0.5
183,12,0,1,2026-01-04,CerberusFlame,1025,11,12,7,5,0.5833333333333334
183,11,0,1,2026-01-04,RhinoReaper,1033,9,11,6,5,0.5454545454545454
183,11,0,1,2026-01-04,WizardRod,988,26,11,5,6,0.45454545454545453
183,9,0,1,2026-01-04,WhaleWave,987,27,9,4,5,0.4444444444444444
183,2,0,1,2026-01-04,CobaltDrake,977,29,2,0,2,0.0
183,10,0,1,2026-01-04,CobaltDragoon,1031,10,10,6,4,0.6
183,9,0,1,2026-01-04,DranBuster,981,28,9,3,6,0.3333333333333333
183,12,0,1,2026-01-04,ScorpioSpear,1033,8,12,7,5,0.5833333333333334
183,11,0,1,2026-01-04,HellsReaper,1024,12,11,6,5,0.5454545454545454
183,10,1,0,2026-01-04,PerseusDark,990,24,10,5,5,0.5
183,13,1,0,2026-01-04,SharkEdge,1021,13,13,7,6,0.5384615384615384
184,12,0,1,2026-01-04,LeonCrest,1036,8,12,7,5,0.5833333333333334
184,10,1,0,2026-01-04,LeonClaw,1001,20,10,4,6,0.4
184,12,0,1,2026-01-04,CerberusFlame,1025,12,12,7,5,0.5833333333333334
184,11,0,1,2026-01-04,RhinoReaper,1033,10,11,6,5,0.5454545454545454
184,13,0,1,2026-01-04,SharkEdge,1021,14,13,7,6,0.5384615384615384
184,12,0,1,2026-01-04,KnightMail,1009,17,12,6,6,0.5
184,10,0,1,2026-01-04,CobaltDragoon,1031,11,10,6,4,0.6
184,12,0,1,2026-01-04,ScorpioSpear,1033,9,12,7,5,0.5833333333333334
184,11,0,1,2026-01-04,HellsReaper,1024,13,11,6,5,0.5454545454545454
184,9,0,1,2026-01-04,HellsChain,1003,18,9,4,5,0.4444444444444444
184,2,1,0,2026-01-04,SharkScale,1045,6,2,2,0,1.0
184,12,0,1,2026-01-04,DranBrave,1003,19,12,6,6,0.5
184,10,0,1,2026-01-04,ViperTail,1037,7,10,6,4,0.6
185,20,1,0,2026-01-04,TuskMammoth,1068,4,20,14,6,0.7
185,7,1,0,2026-01-04,SamuraiSaber,876,39,7,0,7,0.0
186,12,0,1,2026-01-04,LeonCrest,1036,9,12,7,5,0.5833333333333334
186,13,1,0,2026-01-04,CerberusFlame,1041,7,13,8,5,0.6153846153846154
186,12,1,0,2026-01-04,RhinoReaper,1016,16,12,6,6,0.5
186,13,0,1,2026-01-04,SharkEdge,1021,13,13,7,6,0.5384615384615384
186,12,0,1,2026-01-04,DranDagger,1016,15,12,7,5,0.5833333333333334
186,9,0,1,2026-01-04,WeissTiger,1018,14,9,5,4,0.5555555555555556
186,12,0,1,2026-01-04,ScorpioSpear,1033,10,12,7,5,0.5833333333333334
186,11,0,1,2026-01-04,HellsReaper,1024,12,11,6,5,0.5454545454545454
186,10,0,1,2026-01-04,ViperTail,1037,8,10,6,4,0.6
187,12,0,1,2026-01-04,LeonCrest,1036,10,12,7,5,0.5833333333333334
187,10,0,1,2026-01-04,LeonClaw,1001,19,10,4,6,0.4
187,13,0,1,2026-01-04,CerberusFlame,1041,8,13,8,5,0.6153846153846154
187,13,1,0,2026-01-04,KnightMail,996,20,13,6,7,0.46153846153846156
187,11,1,0,2026-01-04,CobaltDragoon,1045,6,11,7,4,0.6363636363636364
187,12,0,1,2026-01-04,ScorpioSpear,1033,11,12,7,5,0.5833333333333334
187,9,0,1,2026-01-04,HellsChain,1003,17,9,4,5,0.4444444444444444
187,2,0,1,2026-01-04,SharkScale,1045,7,2,2,0,1.0
187,12,0,1,2026-01-04,DranBrave,1003,18,12,6,6,0.5
187,10,0,1,2026-01-04,ViperTail,1037,9,10,6,4,0.6
188,17,0,1,2026-01-04,FoxBrush,1111,2,17,13,4,0.7647058823529411
188,13,1,0,2026-01-04,DranSword,1066,4,13,9,4,0.6923076923076923
188,17,1,0,2026-01-04,ImpactDrake,1122,1,17,13,4,0.7647058823529411
188,20,0,1,2026-01-04,TuskMammoth,1068,3,20,14,6,0.7
189,10,0,1,2026-01-04,LeonClaw,1001,20,10,4,6,0.4
189,10,0,1,2026-01-04,UnicornSting,989,26,10,5,5,0.5
189,2,0,1,2026-01-04,SolEclipse,992,23,2,1,1,0.5
189,12,0,1,2026-01-04,PhoenixWing,991,24,12,6,6,0.5
189,11,0,1,2026-01-04,WizardRod,988,27,11,5,6,0.45454545454545453
189,6,0,1,2026-01-04,WizardArc,938,34,6,1,5,0.16666666666666666
189,10,1,0,2026-01-04,WhaleWave,1006,17,10,5,5,0.5
189,13,0,1,2026-01-04,KnightMail,996,21,13,6,7,0.46153846153846156
189,8,0,1,2026-01-04,BlackShell,948,33,8,2,6,0.25
189,8,0,1,2026-01-04,SilverWolf,993,22,8,3,5,0.375
189,10,0,1,2026-01-04,PerseusDark,990,25,10,5,5,0.5
189,9,0,1,2026-01-04,HellsChain,1003,18,9,4,5,0.4444444444444444
189,8,1,0,2026-01-04,TyrannoBeat,934,35,8,2,6,0.25
189,12,0,1,2026-01-04,DranBrave,1003,19,12,6,6,0.5
190,13,0,1,2026-01-04,CerberusFlame,1041,9,13,8,5,0.6153846153846154
190,8,0,1,2026-01-04,TyrannoBeat,934,34,8,2,6,0.25
190,7,1,0,2026-01-04,WizardArc,929,35,7,1,6,0.14285714285714285
190,11,1,0,2026-01-04,ViperTail,1044,8,11,7,4,0.6363636363636364
191,10,0,1,2026-01-04,LeonClaw,1001,21,10,4,6,0.4
191,12,0,1,2026-01-04,RhinoReaper,1016,17,12,6,6,0.5
191,3,1,0,2026-01-04,SolEclipse,1019,14,3,2,1,0.6666666666666666
191,7,0,1,2026-01-04,WizardArc,929,34,7,1,6,0.14285714285714285
191,10,0,1,2026-01-04,WhaleWave,1006,18,10,5,5,0.5
191,9,1,0,2026-01-04,BlackShell,922,35,9,2,7,0.2222222222222222
191,12,0,1,2026-01-04,DranDagger,1016,16,12,7,5,0.5833333333333334
191,13,0,1,2026-01-04,KnightMail,996,22,13,6,7,0.46153846153846156
191,9,0,1,2026-01-04,WeissTiger,1018,15,9,5,4,0.5555555555555556
191,8,0,1,2026-01-04,SilverWolf,993,23,8,3,5,0.375
191,9,0,1,2026-01-04,HellsChain,1003,19,9,4,5,0.4444444444444444
191,8,0,1,2026-01-04,TyrannoBeat,934,33,8,2,6,0.25
191,12,0,1,2026-01-04,DranBrave,1003,20,12,6,6,0.5
192,11,1,0,2026-01-04,UnicornSting,998,22,11,6,5,0.5454545454545454
192,12,0,1,2026-01-04,PhoenixWing,991,25,12,6,6,0.5
192,5,1,0,2026-01-04,WhaleFlame,948,32,5,1,4,0.2
192,9,0,1,2026-01-04,PhoenixRudder,952,31,9,3,6,0.3333333333333333
192,13,0,1,2026-01-04,KnightMail,996,23,13,6,7,0.46153846153846156
192,8,0,1,2026-01-04,SilverWolf,993,24,8,3,5,0.375
192,10,0,1,2026-01-04,PerseusDark,990,26,10,5,5,0.5
192,7,0,1,2026-01-04,CrimsonGaruda,960,30,7,2,5,0.2857142857142857
193,5,0,1,2026-01-04,HellsHammer,897,37,5,0,5,0.0
193,6,1,0,2026-01-04,WizardArrow,883,38,6,0,6,0.0
193,8,1,0,2026-01-04,CrimsonGaruda,977,30,8,3,5,0.375
194,3,0,1,2026-01-04,SolEclipse,1019,15,3,2,1,0.6666666666666666
194,12,0,1,2026-01-04,RhinoReaper,1016,18,12,6,6,0.5
194,10,0,1,2026-01-04,WhaleWave,1006,19,10,5,5,0.5
194,18,1,0,2026-01-04,FoxBrush,1095,2,18,13,5,0.7222222222222222
194,12,0,1,2026-01-04,DranDagger,1016,17,12,7,5,0.5833333333333334
194,9,0,1,2026-01-04,WeissTiger,1018,16,9,5,4,0.5555555555555556
194,10,1,0,2026-01-04,HellsChain,1021,14,10,5,5,0.5
195,10,0,1,2026-01-04,WhaleWave,1006,20,10,5,5,0.5
195,12,1,0,2026-01-04,HellsReaper,1006,19,12,6,6,0.5
195,10,0,1,2026-01-04,HellsChain,1021,13,10,5,5,0.5
195,13,1,0,2026-01-04,DranBrave,1020,14,13,7,6,0.5384615384615384
195,13,0,1,2026-01-04,SharkEdge,1021,12,13,7,6,0.5384615384615384
196,11,0,1,2026-01-04,WizardRod,988,26,11,5,6,0.45454545454545453
196,2,0,1,2026-01-04,CobaltDrake,977,28,2,0,2,0.0
196,9,0,1,2026-01-04,DranBuster,981,27,9,3,6,0.3333333333333333
196,14,1,0,2026-01-04,GolemRock,1062,5,14,9,5,0.6428571428571429
196,11,1,0,2026-01-04,PerseusDark,976,30,11,5,6,0.45454545454545453
196,8,0,1,2026-01-04,CrimsonGaruda,977,29,8,3,5,0.375
197,12,0,1,2026-01-04,LeonCrest,1036,9,12,7,5,0.5833333333333334
197,13,0,1,2026-01-04,CerberusFlame,1041,8,13,8,5,0.6153846153846154
197,21,1,0,2026-01-04,TuskMammoth,1077,3,21,15,6,0.7142857142857143
197,12,0,1,2026-01-04,ScorpioSpear,1033,10,12,7,5,0.5833333333333334
197,3,1,0,2026-01-04,SharkScale,1024,11,3,2,1,0.6666666666666666
197,11,0,1,2026-01-04,ViperTail,1044,7,11,7,4,0.6363636363636364
198,12,0,1,2026-01-04,LeonCrest,1036,8,12,7,5,0.5833333333333334
198,12,1,0,2026-01-04,CobaltDragoon,1033,10,12,7,5,0.5833333333333334
198,14,1,0,2026-01-04,CerberusFlame,1050,6,14,9,5,0.6428571428571429
198,12,0,1,2026-01-04,ScorpioSpear,1033,9,12,7,5,0.5833333333333334
199,10,0,1,2026-01-04,LeonClaw,1001,20,10,4,6,0.4
199,18,1,0,2026-01-04,ImpactDrake,1128,1,18,14,4,0.7777777777777778
199,11,1,0,2026-01-04,WhaleWave,999,21,11,5,6,0.45454545454545453
200,4,1,0,2026-01-04,SolEclipse,1041,7,4,3,1,0.75
200,12,1,0,2026-01-04,ViperTail,1029,11,12,7,5,0.5833333333333334
200,10,0,1,2026-01-04,HellsChain,1021,14,10,5,5,0.5
200,3,0,1,2026-01-04,SharkScale,1024,12,3,2,1,0.6666666666666666
200,13,0,1,2026-01-04,DranBrave,1020,15,13,7,6,0.5384615384615384
200,13,0,1,2026-01-04,SharkEdge,1021,13,13,7,6,0.5384615384615384
201,12,1,0,2026-01-04,UnicornSting,982,27,12,6,6,0.5
201,2,0,1,2026-01-04,CobaltDrake,977,29,2,0,2,0.0
201,13,0,1,2026-01-04,KnightMail,996,22,13,6,7,0.46153846153846156
201,9,0,1,2026-01-04,DranBuster,981,28,9,3,6,0.3333333333333333
201,9,1,0,2026-01-04,CrimsonGaruda,994,23,9,4,5,0.4444444444444444
202,13,0,1,2026-01-04,SharkEdge,1021,14,13,7,6,0.5384615384615384
202,12,0,1,2026-01-04,RhinoReaper,1016,17,12,6,6,0.5
202,12,0,1,2026-01-04,DranDagger,1016,16,12,7,5,0.5833333333333334
202,12,0,1,2026-01-04,CobaltDragoon,1033,11,12,7,5,0.5833333333333334
202,9,0,1,2026-01-04,WeissTiger,1018,15,9,5,4,0.5555555555555556
202,12,0,1,2026-01-04,ScorpioSpear,1033,10,12,7,5,0.5833333333333334
202,11,1,0,2026-01-04,HellsChain,1008,18,11,5,6,0.45454545454545453
202,3,0,1,2026-01-04,SharkScale,1024,13,3,2,1,0.6666666666666666
202,14,1,0,2026-01-04,DranBrave,1035,9,14,8,6,0.5714285714285714
202,12,0,1,2026-01-04,ViperTail,1029,12,12,7,5,0.5833333333333334
203,22,1,0,2026-01-04,TuskMammoth,1063,5,22,15,7,0.6818181818181818
203,15,1,0,2026-01-04,GolemRock,1079,3,15,10,5,0.6666666666666666
204,19,1,0,2026-01-04,ImpactDrake,1116,1,19,14,5,0.7368421052631579
204,15,1,0,2026-01-04,CerberusFlame,1063,6,15,10,5,0.6666666666666666
205,12,0,1,2026-01-04,LeonCrest,1036,7,12,7,5,0.5833333333333334
205,3,0,1,2026-01-04,SharkScale,1024,12,3,2,1,0.6666666666666666
205,10,0,1,2026-01-04,LeonClaw,1001,21,10,4,6,0.4
205,5,1,0,2026-01-04,SolEclipse,1021,13,5,3,2,0.6
205,11,0,1,2026-01-04,WhaleWave,999,22,11,5,6,0.45454545454545453
205,13,0,1,2026-01-04,KnightMail,996,23,13,6,7,0.46153846153846156
205,12,0,1,2026-01-04,CobaltDragoon,1033,10,12,7,5,0.5833333333333334
205,12,0,1,2026-01-04,ScorpioSpear,1033,9,12,7,5,0.5833333333333334
205,10,1,0,2026-01-04,CrimsonGaruda,1005,20,10,5,5,0.5
205,14,0,1,2026-01-04,DranBrave,1035,8,14,8,6,0.5714285714285714
205,12,0,1,2026-01-04,ViperTail,1029,11,12,7,5,0.5833333333333334
206,13,0,1,2026-01-04,DranSword,1066,5,13,9,4,0.6923076923076923
206,23,1,0,2026-01-04,TuskMammoth,1069,4,23,16,7,0.6956521739130435
206,12,0,1,2026-01-04,HellsReaper,1006,18,12,6,6,0.5
206,12,1,0,2026-01-04,HellsChain,1002,20,12,5,7,0.4166666666666667
206,10,0,1,2026-01-04,CrimsonGaruda,1005,19,10,5,5,0.5
207,6,1,0,2026-01-04,SolEclipse,1010,17,6,3,3,0.5
207,12,0,1,2026-01-04,RhinoReaper,1016,16,12,6,6,0.5
207,20,1,0,2026-01-04,ImpactDrake,1122,1,20,15,5,0.75
207,12,0,1,2026-01-04,DranDagger,1016,15,12,7,5,0.5833333333333334
207,9,0,1,2026-01-04,WeissTiger,1018,14,9,5,4,0.5555555555555556
207,13,0,1,2026-01-04,SharkEdge,1021,13,13,7,6,0.5384615384615384
208,21,1,0,2026-01-04,ImpactDrake,1112,1,21,15,6,0.7142857142857143
208,24,1,0,2026-01-04,TuskMammoth,1079,4,24,17,7,0.7083333333333334
209,13,0,1,2026-01-04,SharkEdge,1021,12,13,7,6,0.5384615384615384
209,12,0,1,2026-01-04,CobaltDragoon,1033,9,12,7,5,0.5833333333333334
209,16,1,0,2026-01-04,GolemRock,1094,3,16,11,5,0.6875
209,12,0,1,2026-01-04,ScorpioSpear,1033,8,12,7,5,0.5833333333333334
209,3,0,1,2026-01-04,SharkScale,1024,11,3,2,1,0.6666666666666666
209,15,1,0,2026-01-04,DranBrave,1019,13,15,8,7,0.5333333333333333
209,12,0,1,2026-01-04,ViperTail,1029,10,12,7,5,0.5833333333333334
210,16,1,0,2026-01-04,CerberusFlame,1045,6,16,10,6,0.625
210,12,0,1,2026-01-04,RhinoReaper,1016,17,12,6,6,0.5
210,6,0,1,2026-01-04,SolEclipse,1010,18,6,3,3,0.5
210,12,0,1,2026-01-04,DranDagger,1016,16,12,7,5,0.5833333333333334
210,9,0,1,2026-01-04,WeissTiger,1018,15,9,5,4,0.5555555555555556
210,12,0,1,2026-01-04,HellsReaper,1006,19,12,6,6,0.5
210,11,1,0,2026-01-04,CrimsonGaruda,1022,12,11,6,5,0.5454545454545454
210,15,0,1,2026-01-04,DranBrave,1019,14,15,8,7,0.5333333333333333
210,13,0,1,2026-01-04,SharkEdge,1021,13,13,7,6,0.5384615384615384
211,12,0,1,2026-01-04,LeonCrest,1036,6,12,7,5,0.5833333333333334
211,17,1,0,2026-01-04,CerberusFlame,1033,10,17,10,7,0.5882352941176471
211,13,0,1,2026-01-04,SharkEdge,1021,14,13,7,6,0.5384615384615384
211,11,0,1,2026-01-04,CrimsonGaruda,1022,13,11,6,5,0.5454545454545454
211,3,0,1,2026-01-04,SharkScale,1024,12,3,2,1,0.6666666666666666
211,16,1,0,2026-01-04,DranBrave,1035,7,16,9,7,0.5625
211,12,0,1,2026-01-04,ViperTail,1029,11,12,7,5,0.5833333333333334
212,12,0,1,2026-01-04,RhinoReaper,1016,16,12,6,6,0.5
212,6,0,1,2026-01-04,SolEclipse,1010,17,6,3,3,0.5
212,21,0,1,2026-01-04,ImpactDrake,1112,2,21,15,6,0.7142857142857143
212,18,0,1,2026-01-04,FoxBrush,1095,3,18,13,5,0.7222222222222222
212,12,0,1,2026-01-04,DranDagger,1016,15,12,7,5,0.5833333333333334
212,9,0,1,2026-01-04,WeissTiger,1018,14,9,5,4,0.5555555555555556
212,17,1,0,2026-01-04,GolemRock,1115,1,17,12,5,0.7058823529411765
212,12,0,1,2026-01-04,HellsReaper,1006,18,12,6,6,0.5
212,12,1,0,2026-01-04,CrimsonGaruda,1003,19,12,6,6,0.5
212,13,0,1,2026-01-04,SharkEdge,1021,13,13,7,6,0.5384615384615384
213,12,0,1,2026-01-04,LeonCrest,1036,7,12,7,5,0.5833333333333334
213,17,0,1,2026-01-04,CerberusFlame,1033,11,17,10,7,0.5882352941176471
213,12,0,1,2026-01-04,RhinoReaper,1016,15,12,6,6,0.5
213,6,0,1,2026-01-04,SolEclipse,1010,16,6,3,3,0.5
213,12,0,1,2026-01-04,ViperTail,1029,12,12,7,5,0.5833333333333334
213,12,0,1,2026-01-04,DranDagger,1016,14,12,7,5,0.5833333333333334
213,12,0,1,2026-01-04,CobaltDragoon,1033,10,12,7,5,0.5833333333333334
213,9,0,1,2026-01-04,WeissTiger,1018,13,9,5,4,0.5555555555555556
213,12,0,1,2026-01-04,ScorpioSpear,1033,9,12,7,5,0.5833333333333334
213,4,1,0,2026-01-04,SharkScale,1046,6,4,3,1,0.75
213,16,0,1,2026-01-04,DranBrave,1035,8,16,9,7,0.5625
213,14,1,0,2026-01-04,SharkEdge,1007,17,14,7,7,0.5
214,12,0,1,2026-01-04,LeonCrest,1036,8,12,7,5,0.5833333333333334
214,3,1,0,2026-01-04,CobaltDrake,963,30,3,0,3,0.0
214,13,1,0,2026-01-04,CobaltDragoon,1041,7,13,8,5,0.6153846153846154
214,12,0,1,2026-01-04,ScorpioSpear,1033,10,12,7,5,0.5833333333333334
214,11,0,1,2026-01-04,PerseusDark,976,29,11,5,6,0.45454545454545453
214,16,0,1,2026-01-04,DranBrave,1035,9,16,9,7,0.5625
215,12,0,1,2026-01-04,LeonCrest,1036,7,12,7,5,0.5833333333333334
215,17,0,1,2026-01-04,CerberusFlame,1033,10,17,10,7,0.5882352941176471
215,14,1,0,2026-01-04,CobaltDragoon,1052,6,14,9,5,0.6428571428571429
215,12,0,1,2026-01-04,ScorpioSpear,1033,9,12,7,5,0.5833333333333334
215,5,1,0,2026-01-04,SharkScale,1029,12,5,3,2,0.6
215,16,0,1,2026-01-04,DranBrave,1035,8,16,9,7,0.5625
215,12,0,1,2026-01-04,ViperTail,1029,11,12,7,5,0.5833333333333334
216,10,0,1,2026-01-04,LeonClaw,1001,22,10,4,6,0.4
216,13,1,0,2026-01-04,PhoenixWing,1005,19,13,7,6,0.5384615384615384
216,11,0,1,2026-01-04,WhaleWave,999,23,11,5,6,0.45454545454545453
216,4,1,0,2026-01-04,CobaltDrake,935,32,4,0,4,0.0
216,9,0,1,2026-01-04,PhoenixRudder,952,30,9,3,6,0.3333333333333333
216,5,0,1,2026-01-04,WhaleFlame,948,31,5,1,4,0.2
216,13,0,1,2026-01-04,KnightMail,996,24,13,6,7,0.46153846153846156
216,8,0,1,2026-01-04,SilverWolf,993,25,8,3,5,0.375
216,12,0,1,2026-01-04,HellsChain,1002,21,12,5,7,0.4166666666666667
216,12,0,1,2026-01-04,CrimsonGaruda,1003,20,12,6,6,0.5
217,5,1,0,2026-01-04,PegasusBlast,899,36,5,0,5,0.0
217,5,0,1,2026-01-04,WhaleFlame,948,32,5,1,4,0.2
217,5,1,0,2026-01-04,CobaltDrake,951,31,5,1,4,0.2
218,6,1,0,2026-01-04,PegasusBlast,915,36,6,1,5,0.16666666666666666
218,8,1,0,2026-01-04,SamuraiSaber,862,39,8,0,8,0.0
219,14,1,0,2026-01-04,PhoenixWing,1028,13,14,8,6,0.5714285714285714
219,12,0,1,2026-01-04,RhinoReaper,1016,16,12,6,6,0.5
219,6,0,1,2026-01-04,SolEclipse,1010,17,6,3,3,0.5
219,21,0,1,2026-01-04,ImpactDrake,1112,1,21,15,6,0.7142857142857143
219,18,0,1,2026-01-04,FoxBrush,1095,2,18,13,5,0.7222222222222222
219,12,0,1,2026-01-04,DranDagger,1016,15,12,7,5,0.5833333333333334
219,9,0,1,2026-01-04,WeissTiger,1018,14,9,5,4,0.5555555555555556
219,18,1,0,2026-01-04,GolemRock,1086,3,18,12,6,0.6666666666666666
219,12,0,1,2026-01-04,HellsReaper,1006,19,12,6,6,0.5
219,14,0,1,2026-01-04,SharkEdge,1007,18,14,7,7,0.5
220,11,0,1,2026-01-04,PerseusDark,976,28,11,5,6,0.45454545454545453
220,10,1,0,2026-01-04,DranBuster,973,29,10,3,7,0.3
220,19,1,0,2026-01-04,GolemRock,1092,3,19,13,6,0.6842105263157895
221,18,0,1,2026-01-04,FoxBrush,1095,3,18,13,5,0.7222222222222222
221,14,1,0,2026-01-04,DranSword,1051,6,14,9,5,0.6428571428571429
221,14,0,1,2026-01-04,CobaltDragoon,1052,5,14,9,5,0.6428571428571429
221,20,1,0,2026-01-04,GolemRock,1108,2,20,14,6,0.7
222,12,0,1,2026-01-04,LeonCrest,1036,8,12,7,5,0.5833333333333334
222,10,0,1,2026-01-04,LeonClaw,1001,21,10,4,6,0.4
222,7,1,0,2026-01-04,SolEclipse,991,25,7,3,4,0.42857142857142855
222,11,0,1,2026-01-04,WhaleWave,999,22,11,5,6,0.45454545454545453
222,13,0,1,2026-01-04,KnightMail,996,23,13,6,7,0.46153846153846156
222,13,1,0,2026-01-04,ScorpioSpear,1048,7,13,8,5,0.6153846153846154
222,8,0,1,2026-01-04,SilverWolf,993,24,8,3,5,0.375
222,12,0,1,2026-01-04,HellsReaper,1006,18,12,6,6,0.5
222,12,0,1,2026-01-04,HellsChain,1002,20,12,5,7,0.4166666666666667
222,12,0,1,2026-01-04,CrimsonGaruda,1003,19,12,6,6,0.5
222,16,0,1,2026-01-04,DranBrave,1035,9,16,9,7,0.5625
222,14,0,1,2026-01-04,SharkEdge,1007,17,14,7,7,0.5
223,12,0,1,2026-01-04,UnicornSting,982,26,12,6,6,0.5
223,11,0,1,2026-01-04,WizardRod,988,25,11,5,6,0.45454545454545453
223,8,1,0,2026-01-04,SolEclipse,1000,22,8,4,4,0.5
223,11,0,1,2026-01-04,WhaleWave,999,23,11,5,6,0.45454545454545453
223,13,0,1,2026-01-04,KnightMail,996,24,13,6,7,0.46153846153846156
223,9,1,0,2026-01-04,SilverWolf,979,27,9,3,6,0.3333333333333333
224,15,1,0,2026-01-04,DranSword,1056,5,15,10,5,0.6666666666666666
224,14,0,1,2026-01-04,CobaltDragoon,1052,6,14,9,5,0.6428571428571429
224,9,1,0,2026-01-04,TyrannoBeat,927,34,9,2,7,0.2222222222222222
224,7,0,1,2026-01-04,WizardArc,929,33,7,1,6,0.14285714285714285
257,10,0,1,2026-01-30,LeonClaw,1001,20,10,4,6,0.4
257,8,0,1,2026-01-30,SolEclipse,1000,21,8,4,4,0.5
257,11,0,1,2026-01-30,WhaleWave,999,22,11,5,6,0.45454545454545453
257,13,0,1,2026-01-30,KnightMail,996,23,13,6,7,0.46153846153846156
257,12,0,1,2026-01-30,HellsReaper,1006,19,12,6,6,0.5
257,13,1,0,2026-01-30,HellsChain,1011,17,13,6,7,0.46153846153846156
257,13,1,0,2026-01-30,CrimsonGaruda,993,24,13,6,7,0.46153846153846156
257,14,0,1,2026-01-30,SharkEdge,1007,18,14,7,7,0.5
258,12,0,1,2026-01-30,UnicornSting,982,25,12,6,6,0.5
258,12,0,1,2026-01-30,RhinoReaper,1016,17,12,6,6,0.5
258,12,1,0,2026-01-30,WizardRod,979,26,12,5,7,0.4166666666666667
258,12,0,1,2026-01-30,DranDagger,1016,16,12,7,5,0.5833333333333334
258,13,0,1,2026-01-30,HellsChain,1011,18,13,6,7,0.46153846153846156
258,15,1,0,2026-01-30,SharkEdge,1017,15,15,8,7,0.5333333333333333
259,12,0,1,2026-01-30,UnicornSting,982,26,12,6,6,0.5
259,12,0,1,2026-01-30,WizardRod,979,27,12,5,7,0.4166666666666667
259,12,1,0,2026-01-30,WhaleWave,988,25,12,5,7,0.4166666666666667
259,13,0,1,2026-01-30,KnightMail,996,22,13,6,7,0.46153846153846156
259,10,1,0,2026-01-30,SilverWolf,993,24,10,4,6,0.4
259,13,0,1,2026-01-30,CrimsonGaruda,993,23,13,6,7,0.46153846153846156
260,10,0,1,2026-01-30,LeonClaw,1001,19,10,4,6,0.4
260,13,1,0,2026-01-30,UnicornSting,993,24,13,7,6,0.5384615384615384
260,13,1,0,2026-01-30,RhinoReaper,1001,20,13,6,7,0.46153846153846156
260,12,0,1,2026-01-30,WhaleWave,988,26,12,5,7,0.4166666666666667
260,10,0,1,2026-01-30,SilverWolf,993,25,10,4,6,0.4
260,12,0,1,2026-01-30,HellsReaper,1006,18,12,6,6,0.5
260,13,0,1,2026-01-30,HellsChain,1011,17,13,6,7,0.46153846153846156
261,6,0,1,2026-01-30,PegasusBlast,915,37,6,1,5,0.16666666666666666
261,11,1,0,2026-01-30,LeonClaw,1013,17,11,5,6,0.45454545454545453
261,11,0,1,2026-01-30,PerseusDark,976,29,11,5,6,0.45454545454545453
261,12,0,1,2026-01-30,WizardRod,979,28,12,5,7,0.4166666666666667
261,1,1,0,2026-01-30,ValkyrieVolt,989,26,1,0,1,0.0
261,12,0,1,2026-01-30,WhaleWave,988,27,12,5,7,0.4166666666666667
261,5,0,1,2026-01-30,CobaltDrake,951,32,5,1,4,0.2
261,9,0,1,2026-01-30,PhoenixRudder,952,31,9,3,6,0.3333333333333333
261,5,0,1,2026-01-30,WhaleFlame,948,33,5,1,4,0.2
261,9,0,1,2026-01-30,BlackShell,922,36,9,2,7,0.2222222222222222
261,5,0,1,2026-01-30,HellsHammer,897,38,5,0,5,0.0
261,6,0,1,2026-01-30,WizardArrow,883,39,6,0,6,0.0
261,10,0,1,2026-01-30,DranBuster,973,30,10,3,7,0.3
261,8,0,1,2026-01-30,SamuraiSaber,862,40,8,0,8,0.0
261,12,0,1,2026-01-30,HellsReaper,1006,19,12,6,6,0.5
261,13,0,1,2026-01-30,HellsChain,1011,18,13,6,7,0.46153846153846156
261,9,0,1,2026-01-30,TyrannoBeat,927,35,9,2,7,0.2222222222222222
261,7,0,1,2026-01-30,WizardArc,929,34,7,1,6,0.14285714285714285
262,11,0,1,2026-01-30,LeonClaw,1013,18,11,5,6,0.45454545454545453
262,17,0,1,2026-01-30,CerberusFlame,1033,9,17,10,7,0.5882352941176471
262,14,0,1,2026-01-30,PhoenixWing,1028,12,14,8,6,0.5714285714285714
262,12,0,1,2026-01-30,DranDagger,1016,17,12,7,5,0.5833333333333334
262,13,1,0,2026-01-30,HellsReaper,1016,16,13,7,6,0.5384615384615384
262,13,0,1,2026-01-30,HellsChain,1011,19,13,6,7,0.46153846153846156
262,5,0,1,2026-01-30,SharkScale,1029,11,5,3,2,0.6
262,17,1,0,2026-01-30,DranBrave,1023,13,17,9,8,0.5294117647058824
262,12,0,1,2026-01-30,ViperTail,1029,10,12,7,5,0.5833333333333334
263,11,0,1,2026-01-30,LeonClaw,1013,17,11,5,6,0.45454545454545453
263,15,1,0,2026-01-30,PhoenixWing,1009,20,15,8,7,0.5333333333333333
263,13,0,1,2026-01-30,RhinoReaper,1001,21,13,6,7,0.46153846153846156
263,8,0,1,2026-01-30,SolEclipse,1000,22,8,4,4,0.5
263,14,1,0,2026-01-30,KnightMail,1012,18,14,7,7,0.5
263,12,0,1,2026-01-30,DranDagger,1016,16,12,7,5,0.5833333333333334
263,9,0,1,2026-01-30,WeissTiger,1018,13,9,5,4,0.5555555555555556
263,13,0,1,2026-01-30,HellsReaper,1016,15,13,7,6,0.5384615384615384
263,17,0,1,2026-01-30,DranBrave,1023,12,17,9,8,0.5294117647058824
263,15,0,1,2026-01-30,SharkEdge,1017,14,15,8,7,0.5333333333333333
264,11,0,1,2026-01-30,LeonClaw,1013,16,11,5,6,0.45454545454545453
264,15,0,1,2026-01-30,PhoenixWing,1009,19,15,8,7,0.5333333333333333
264,12,0,1,2026-01-30,WizardRod,979,29,12,5,7,0.4166666666666667
264,14,0,1,2026-01-30,KnightMail,1012,17,14,7,7,0.5
264,13,1,0,2026-01-30,DranDagger,1005,20,13,7,6,0.5384615384615384
264,12,1,0,2026-01-30,PerseusDark,988,28,12,6,6,0.5
264,13,0,1,2026-01-30,HellsChain,1011,18,13,6,7,0.46153846153846156
265,12,0,1,2026-01-30,LeonCrest,1036,9,12,7,5,0.5833333333333334
265,13,0,1,2026-01-30,UnicornSting,993,23,13,7,6,0.5384615384615384
265,17,0,1,2026-01-30,CerberusFlame,1033,10,17,10,7,0.5882352941176471
265,9,1,0,2026-01-30,SolEclipse,987,28,9,4,5,0.4444444444444444
265,1,0,1,2026-01-30,ValkyrieVolt,989,25,1,0,1,0.0
265,12,0,1,2026-01-30,WhaleWave,988,26,12,5,7,0.4166666666666667
265,13,0,1,2026-01-30,CrimsonGaruda,993,22,13,6,7,0.46153846153846156
265,10,0,1,2026-01-30,SilverWolf,993,24,10,4,6,0.4
265,12,0,1,2026-01-30,PerseusDark,988,27,12,6,6,0.5
265,6,1,0,2026-01-30,SharkScale,1047,8,6,4,2,0.6666666666666666
265,12,0,1,2026-01-30,ViperTail,1029,11,12,7,5,0.5833333333333334
266,1,1,0,2026-01-30,WyvernHover,1012,17,1,1,0,1.0
266,13,0,1,2026-01-30,RhinoReaper,1001,22,13,6,7,0.46153846153846156
266,9,0,1,2026-01-30,SolEclipse,987,29,9,4,5,0.4444444444444444
266,12,0,1,2026-01-30,WizardRod,979,30,12,5,7,0.4166666666666667
266,5,0,1,2026-01-30,CobaltDrake,951,33,5,1,4,0.2
266,9,0,1,2026-01-30,PhoenixRudder,952,32,9,3,6,0.3333333333333333
266,10,0,1,2026-01-30,DranBuster,973,31,10,3,7,0.3
266,10,0,1,2026-01-30,SilverWolf,993,25,10,4,6,0.4
266,5,0,1,2026-01-30,HellsHammer,897,39,5,0,5,0.0
266,6,0,1,2026-01-30,PegasusBlast,915,38,6,1,5,0.16666666666666666
266,11,0,1,2026-01-30,LeonClaw,1013,15,11,5,6,0.45454545454545453
266,12,0,1,2026-01-30,WhaleWave,988,27,12,5,7,0.4166666666666667
266,5,0,1,2026-01-30,WhaleFlame,948,34,5,1,4,0.2
266,14,0,1,2026-01-30,KnightMail,1012,16,14,7,7,0.5
266,13,0,1,2026-01-30,DranDagger,1005,21,13,7,6,0.5384615384615384
266,9,0,1,2026-01-30,BlackShell,922,37,9,2,7,0.2222222222222222
266,10,1,0,2026-01-30,WeissTiger,1007,20,10,5,5,0.5
266,8,0,1,2026-01-30,SamuraiSaber,862,41,8,0,8,0.0
266,12,0,1,2026-01-30,PerseusDark,988,28,12,6,6,0.5
266,7,0,1,2026-01-30,WizardArc,929,35,7,1,6,0.14285714285714285
266,13,0,1,2026-01-30,UnicornSting,993,24,13,7,6,0.5384615384615384
266,1,0,1,2026-01-30,ValkyrieVolt,989,26,1,0,1,0.0
266,6,0,1,2026-01-30,WizardArrow,883,40,6,0,6,0.0
266,13,0,1,2026-01-30,HellsReaper,1016,14,13,7,6,0.5384615384615384
266,13,0,1,2026-01-30,CrimsonGaruda,993,23,13,6,7,0.46153846153846156
266,9,0,1,2026-01-30,TyrannoBeat,927,36,9,2,7,0.2222222222222222
266,15,0,1,2026-01-30,SharkEdge,1017,13,15,8,7,0.5333333333333333
267,16,1,0,2026-01-30,DranSword,1046,8,16,10,6,0.625
267,15,1,0,2026-01-30,CobaltDragoon,1065,5,15,10,5,0.6666666666666666
267,6,0,1,2026-01-30,SharkScale,1047,7,6,4,2,0.6666666666666666
267,13,0,1,2026-01-30,ScorpioSpear,1048,6,13,8,5,0.6153846153846154
268,13,1,0,2026-01-30,LeonCrest,1054,6,13,8,5,0.6153846153846154
268,19,1,0,2026-01-30,FoxBrush,1079,3,19,13,6,0.6842105263157895
268,13,0,1,2026-01-30,ScorpioSpear,1048,7,13,8,5,0.6153846153846154
268,16,0,1,2026-01-30,DranSword,1046,9,16,10,6,0.625
268,6,0,1,2026-01-30,SharkScale,1047,8,6,4,2,0.6666666666666666
269,19,0,1,2026-01-30,FoxBrush,1079,4,19,13,6,0.6842105263157895
269,25,1,0,2026-01-30,TuskMammoth,1090,3,25,18,7,0.72
269,14,1,0,2026-01-30,ScorpioSpear,1034,9,14,8,6,0.5714285714285714
269,16,0,1,2026-01-30,DranSword,1046,8,16,10,6,0.625
269,6,0,1,2026-01-30,SharkScale,1047,7,6,4,2,0.6666666666666666
270,12,0,1,2026-01-30,ViperTail,1029,10,12,7,5,0.5833333333333334
270,21,0,1,2026-01-30,ImpactDrake,1112,2,21,15,6,0.7142857142857143
270,21,1,0,2026-01-30,GolemRock,1115,1,21,15,6,0.7142857142857143
270,18,1,0,2026-01-30,CerberusFlame,1026,11,18,10,8,0.5555555555555556
271,18,0,1,2026-01-30,CerberusFlame,1026,10,18,10,8,0.5555555555555556
271,22,1,0,2026-01-30,ImpactDrake,1121,1,22,16,6,0.7272727272727273
271,21,0,1,2026-01-30,GolemRock,1115,2,21,15,6,0.7142857142857143
271,17,0,1,2026-01-30,DranBrave,1023,11,17,9,8,0.5294117647058824
271,13,1,0,2026-01-30,ViperTail,1019,12,13,7,6,0.5384615384615384
272,13,0,1,2026-02-11,UnicornSting,993,25,13,7,6,0.5384615384615384
272,13,0,1,2026-02-11,RhinoReaper,1001,23,13,6,7,0.46153846153846156
272,2,1,0,2026-02-11,ValkyrieVolt,1017,13,2,1,1,0.5
272,10,0,1,2026-02-11,SilverWolf,993,26,10,4,6,0.4
272,13,0,1,2026-02-11,CrimsonGaruda,993,24,13,6,7,0.46153846153846156
272,16,1,0,2026-02-11,SharkEdge,1002,22,16,8,8,0.5
273,1,0,1,2026-02-11,WyvernHover,1012,18,1,1,0,1.0
273,14,1,0,2026-02-11,UnicornSting,980,29,14,7,7,0.5
273,11,0,1,2026-02-11,LeonClaw,1013,16,11,5,6,0.45454545454545453
273,12,0,1,2026-02-11,PerseusDark,988,27,12,6,6,0.5
273,9,0,1,2026-02-11,SolEclipse,987,28,9,4,5,0.4444444444444444
273,2,0,1,2026-02-11,ValkyrieVolt,1017,14,2,1,1,0.5
273,12,0,1,2026-02-11,WhaleWave,988,26,12,5,7,0.4166666666666667
273,14,0,1,2026-02-11,KnightMail,1012,17,14,7,7,0.5
273,10,0,1,2026-02-11,SilverWolf,993,25,10,4,6,0.4
273,13,0,1,2026-02-11,HellsReaper,1016,15,13,7,6,0.5384615384615384
273,14,1,0,2026-02-11,HellsChain,1023,11,14,7,7,0.5
273,17,0,1,2026-02-11,DranBrave,1023,12,17,9,8,0.5294117647058824
273,13,0,1,2026-02-11,ViperTail,1019,13,13,7,6,0.5384615384615384
274,1,0,1,2026-02-11,WyvernHover,1012,19,1,1,0,1.0
274,11,0,1,2026-02-11,LeonClaw,1013,17,11,5,6,0.45454545454545453
274,14,1,0,2026-02-11,RhinoReaper,1014,16,14,7,7,0.5
274,15,0,1,2026-02-11,PhoenixWing,1009,20,15,8,7,0.5333333333333333
274,9,0,1,2026-02-11,SolEclipse,987,27,9,4,5,0.4444444444444444
274,12,0,1,2026-02-11,WhaleWave,988,25,12,5,7,0.4166666666666667
274,14,0,1,2026-02-11,KnightMail,1012,18,14,7,7,0.5
274,13,0,1,2026-02-11,DranDagger,1005,22,13,7,6,0.5384615384615384
274,10,0,1,2026-02-11,WeissTiger,1007,21,10,5,5,0.5
274,11,1,0,2026-02-11,SilverWolf,982,28,11,4,7,0.36363636363636365
274,12,0,1,2026-02-11,PerseusDark,988,26,12,6,6,0.5
274,16,0,1,2026-02-11,SharkEdge,1002,23,16,8,8,0.5
275,13,1,0,2026-02-11,WhaleWave,977,30,13,5,8,0.38461538461538464
275,13,1,0,2026-02-11,WizardRod,990,25,13,6,7,0.46153846153846156
276,12,1,0,2026-02-11,LeonClaw,1024,11,12,6,6,0.5
276,12,0,1,2026-02-11,PerseusDark,988,25,12,6,6,0.5
276,14,0,1,2026-02-11,RhinoReaper,1014,17,14,7,7,0.5
276,13,0,1,2026-02-11,WizardRod,990,24,13,6,7,0.46153846153846156
276,2,0,1,2026-02-11,ValkyrieVolt,1017,15,2,1,1,0.5
276,9,0,1,2026-02-11,SolEclipse,987,26,9,4,5,0.4444444444444444
276,13,0,1,2026-02-11,HellsReaper,1016,16,13,7,6,0.5384615384615384
276,14,0,1,2026-02-11,HellsChain,1023,12,14,7,7,0.5
276,14,1,0,2026-02-11,CrimsonGaruda,983,27,14,6,8,0.42857142857142855
276,17,0,1,2026-02-11,DranBrave,1023,13,17,9,8,0.5294117647058824
276,13,0,1,2026-02-11,ViperTail,1019,14,13,7,6,0.5384615384615384
277,1,0,1,2026-02-11,WyvernHover,1012,20,1,1,0,1.0
277,16,0,1,2026-02-11,SharkEdge,1002,22,16,8,8,0.5
277,16,1,0,2026-02-11,PhoenixWing,995,23,16,8,8,0.5
277,14,0,1,2026-02-11,RhinoReaper,1014,18,14,7,7,0.5
277,2,0,1,2026-02-11,ValkyrieVolt,1017,16,2,1,1,0.5
277,14,0,1,2026-02-11,KnightMail,1012,19,14,7,7,0.5
277,13,0,1,2026-02-11,DranDagger,1005,21,13,7,6,0.5384615384615384
277,11,1,0,2026-02-11,WeissTiger,1021,14,11,6,5,0.5454545454545454
277,13,0,1,2026-02-11,HellsReaper,1016,17,13,7,6,0.5384615384615384
277,13,0,1,2026-02-11,ViperTail,1019,15,13,7,6,0.5384615384615384
278,12,0,1,2026-02-11,LeonClaw,1024,12,12,6,6,0.5
278,14,0,1,2026-02-11,UnicornSting,980,28,14,7,7,0.5
278,18,0,1,2026-02-11,CerberusFlame,1026,11,18,10,8,0.5555555555555556
278,10,1,0,2026-02-11,SolEclipse,974,30,10,4,6,0.4
278,13,0,1,2026-02-11,WhaleWave,977,29,13,5,8,0.38461538461538464
278,14,0,1,2026-02-11,ScorpioSpear,1034,10,14,8,6,0.5714285714285714
278,11,0,1,2026-02-11,SilverWolf,982,27,11,4,7,0.36363636363636365
278,14,0,1,2026-02-11,HellsChain,1023,13,14,7,7,0.5
278,14,0,1,2026-02-11,CrimsonGaruda,983,26,14,6,8,0.42857142857142855
278,18,1,0,2026-02-11,DranBrave,1035,9,18,10,8,0.5555555555555556
279,13,0,1,2026-02-11,LeonCrest,1054,7,13,8,5,0.6153846153846154
279,14,0,1,2026-02-11,UnicornSting,980,27,14,7,7,0.5
279,14,0,1,2026-02-11,CrimsonGaruda,983,25,14,6,8,0.42857142857142855
279,11,0,1,2026-02-11,SilverWolf,982,26,11,4,7,0.36363636363636365
279,13,1,0,2026-02-11,PerseusDark,977,28,13,6,7,0.46153846153846156
279,7,1,0,2026-02-11,SharkScale,1061,6,7,5,2,0.7142857142857143
280,12,0,1,2026-02-11,LeonClaw,1024,13,12,6,6,0.5
280,16,0,1,2026-02-11,SharkEdge,1002,21,16,8,8,0.5
280,14,0,1,2026-02-11,RhinoReaper,1014,19,14,7,7,0.5
280,16,0,1,2026-02-11,PhoenixWing,995,22,16,8,8,0.5
280,2,0,1,2026-02-11,ValkyrieVolt,1017,17,2,1,1,0.5
280,13,0,1,2026-02-11,WizardRod,990,23,13,6,7,0.46153846153846156
280,15,1,0,2026-02-11,KnightMail,1024,12,15,8,7,0.5333333333333333
280,14,1,0,2026-02-11,DranDagger,990,24,14,7,7,0.5
280,11,0,1,2026-02-11,WeissTiger,1021,15,11,6,5,0.5454545454545454
280,13,0,1,2026-02-11,HellsReaper,1016,18,13,7,6,0.5384615384615384
280,14,0,1,2026-02-11,HellsChain,1023,14,14,7,7,0.5
280,13,0,1,2026-02-11,ViperTail,1019,16,13,7,6,0.5384615384615384
281,2,1,0,2026-02-11,WyvernHover,1035,10,2,2,0,1.0
281,12,0,1,2026-02-11,LeonClaw,1024,14,12,6,6,0.5
281,18,0,1,2026-02-11,CerberusFlame,1026,12,18,10,8,0.5555555555555556
281,2,0,1,2026-02-11,ValkyrieVolt,1017,18,2,1,1,0.5
281,15,0,1,2026-02-11,KnightMail,1024,13,15,8,7,0.5333333333333333
281,11,0,1,2026-02-11,WeissTiger,1021,16,11,6,5,0.5454545454545454
281,14,0,1,2026-02-11,ScorpioSpear,1034,11,14,8,6,0.5714285714285714
281,14,1,0,2026-02-11,HellsReaper,1004,20,14,7,7,0.5
281,14,0,1,2026-02-11,HellsChain,1023,15,14,7,7,0.5
281,13,0,1,2026-02-11,ViperTail,1019,17,13,7,6,0.5384615384615384
282,20,1,0,2026-02-11,FoxBrush,1061,5,20,13,7,0.65
282,23,1,0,2026-02-11,ImpactDrake,1134,1,23,17,6,0.7391304347826086
282,15,0,1,2026-02-11,CobaltDragoon,1065,4,15,10,5,0.6666666666666666
283,13,0,1,2026-02-11,LeonCrest,1054,8,13,8,5,0.6153846153846154
283,12,0,1,2026-02-11,LeonClaw,1024,13,12,6,6,0.5
283,14,0,1,2026-02-11,HellsChain,1023,14,14,7,7,0.5
283,19,1,0,2026-02-11,CerberusFlame,1016,18,19,10,9,0.5263157894736842
283,2,0,1,2026-02-11,ValkyrieVolt,1017,17,2,1,1,0.5
283,15,0,1,2026-02-11,KnightMail,1024,12,15,8,7,0.5333333333333333
283,11,0,1,2026-02-11,WeissTiger,1021,15,11,6,5,0.5454545454545454
283,17,1,0,2026-02-11,DranSword,1056,7,17,11,6,0.6470588235294118
283,13,0,1,2026-02-11,ViperTail,1019,16,13,7,6,0.5384615384615384
284,18,0,1,2026-02-11,DranBrave,1035,10,18,10,8,0.5555555555555556
284,2,0,1,2026-02-11,WyvernHover,1035,11,2,2,0,1.0
284,22,1,0,2026-02-11,GolemRock,1096,2,22,15,7,0.6818181818181818
284,15,1,0,2026-02-11,ScorpioSpear,1049,9,15,9,6,0.6
285,14,1,0,2026-02-11,LeonCrest,1039,9,14,8,6,0.5714285714285714
285,26,1,0,2026-02-11,TuskMammoth,1103,2,26,19,7,0.7307692307692307
285,22,0,1,2026-02-11,GolemRock,1096,3,22,15,7,0.6818181818181818
285,15,0,1,2026-02-11,ScorpioSpear,1049,8,15,9,6,0.6
286,19,0,1,2026-02-11,CerberusFlame,1016,17,19,10,9,0.5263157894736842
286,14,0,1,2026-02-11,RhinoReaper,1014,18,14,7,7,0.5
286,2,0,1,2026-02-11,ValkyrieVolt,1017,16,2,1,1,0.5
286,16,1,0,2026-02-11,CobaltDragoon,1079,4,16,11,5,0.6875
286,14,1,0,2026-02-11,ViperTail,1008,19,14,7,7,0.5
287,20,0,1,2026-02-11,FoxBrush,1061,6,20,13,7,0.65
287,18,1,0,2026-02-11,DranSword,1042,8,18,11,7,0.6111111111111112
287,7,0,1,2026-02-11,SharkScale,1061,7,7,5,2,0.7142857142857143
287,16,1,0,2026-02-11,ScorpioSpear,1067,5,16,10,6,0.625
288,24,1,0,2026-02-11,ImpactDrake,1122,1,24,17,7,0.7083333333333334
288,27,1,0,2026-02-11,TuskMammoth,1116,2,27,20,7,0.7407407407407407
289,15,1,0,2026-02-11,LeonCrest,1058,8,15,9,6,0.6
289,18,0,1,2026-02-11,DranSword,1042,9,18,11,7,0.6111111111111112
289,23,1,0,2026-02-11,GolemRock,1080,3,23,15,8,0.6521739130434783
290,15,1,0,2026-02-11,ViperTail,1000,21,15,7,8,0.4666666666666667
290,21,1,0,2026-02-11,FoxBrush,1071,5,21,14,7,0.6666666666666666
290,16,0,1,2026-02-11,ScorpioSpear,1067,6,16,10,6,0.625
290,14,0,1,2026-02-11,HellsReaper,1004,19,14,7,7,0.5
290,16,0,1,2026-02-11,SharkEdge,1002,20,16,8,8,0.5
291,20,1,0,2026-02-11,CerberusFlame,1004,19,20,10,10,0.5
291,14,0,1,2026-02-11,RhinoReaper,1014,17,14,7,7,0.5
291,17,1,0,2026-02-11,CobaltDragoon,1093,3,17,12,5,0.7058823529411765
291,23,0,1,2026-02-11,GolemRock,1080,4,23,15,8,0.6521739130434783
291,14,0,1,2026-02-11,HellsReaper,1004,18,14,7,7,0.5
292,2,0,1,2026-02-11,WyvernHover,1035,10,2,2,0,1.0
292,12,0,1,2026-02-11,LeonClaw,1024,12,12,6,6,0.5
292,14,0,1,2026-02-11,UnicornSting,980,28,14,7,7,0.5
292,13,0,1,2026-02-11,WizardRod,990,24,13,6,7,0.46153846153846156
292,15,0,1,2026-02-11,KnightMail,1024,11,15,8,7,0.5333333333333333
292,14,0,1,2026-02-11,DranDagger,990,25,14,7,7,0.5
292,11,0,1,2026-02-11,WeissTiger,1021,14,11,6,5,0.5454545454545454
292,11,0,1,2026-02-11,SilverWolf,982,27,11,4,7,0.36363636363636365
292,14,1,0,2026-02-11,PerseusDark,993,23,14,7,7,0.5
292,14,0,1,2026-02-11,HellsChain,1023,13,14,7,7,0.5
292,14,0,1,2026-02-11,CrimsonGaruda,983,26,14,6,8,0.42857142857142855
292,19,1,0,2026-02-11,DranBrave,1018,15,19,10,9,0.5263157894736842
293,12,0,1,2026-02-11,LeonClaw,1024,13,12,6,6,0.5
293,14,0,1,2026-02-11,UnicornSting,980,27,14,7,7,0.5
293,15,0,1,2026-02-11,KnightMail,1024,12,15,8,7,0.5333333333333333
293,15,1,0,2026-02-11,DranDagger,978,28,15,7,8,0.4666666666666667
293,12,1,0,2026-02-11,WeissTiger,1031,11,12,7,5,0.5833333333333334
293,11,0,1,2026-02-11,SilverWolf,982,26,11,4,7,0.36363636363636365
293,14,0,1,2026-02-11,HellsChain,1023,14,14,7,7,0.5
293,14,0,1,2026-02-11,CrimsonGaruda,983,25,14,6,8,0.42857142857142855
294,12,0,1,2026-02-11,LeonClaw,1024,12,12,6,6,0.5
294,14,0,1,2026-02-11,RhinoReaper,1014,16,14,7,7,0.5
294,2,0,1,2026-02-11,ValkyrieVolt,1017,15,2,1,1,0.5
294,16,1,0,2026-02-11,KnightMail,1012,17,16,8,8,0.5
294,21,0,1,2026-02-11,FoxBrush,1071,6,21,14,7,0.6666666666666666
294,16,0,1,2026-02-11,ScorpioSpear,1067,7,16,10,6,0.625
294,14,0,1,2026-02-11,HellsChain,1023,13,14,7,7,0.5
294,8,1,0,2026-02-11,SharkScale,1079,5,8,6,2,0.75
294,19,0,1,2026-02-11,DranBrave,1018,14,19,10,9,0.5263157894736842
295,15,0,1,2026-02-11,LeonCrest,1058,9,15,9,6,0.6
295,3,1,0,2026-02-11,WyvernHover,1059,8,3,3,0,1.0
295,17,1,0,2026-02-11,PhoenixWing,984,24,17,8,9,0.47058823529411764
295,13,0,1,2026-02-11,WizardRod,990,23,13,6,7,0.46153846153846156
295,14,0,1,2026-02-11,PerseusDark,993,22,14,7,7,0.5
295,18,0,1,2026-02-11,DranSword,1042,10,18,11,7,0.6111111111111112
296,14,0,1,2026-02-11,RhinoReaper,1014,17,14,7,7,0.5
296,11,1,0,2026-02-11,SolEclipse,960,31,11,4,7,0.36363636363636365
296,16,0,1,2026-02-11,KnightMail,1012,18,16,8,8,0.5
296,10,0,1,2026-02-11,DranBuster,973,30,10,3,7,0.3
296,15,1,0,2026-02-11,HellsReaper,1015,16,15,8,7,0.5333333333333333
297,14,0,1,2026-02-11,PerseusDark,993,23,14,7,7,0.5
297,14,0,1,2026-02-11,RhinoReaper,1014,16,14,7,7,0.5
297,13,0,1,2026-02-11,WizardRod,990,24,13,6,7,0.46153846153846156
297,2,0,1,2026-02-11,ValkyrieVolt,1017,14,2,1,1,0.5
297,17,0,1,2026-02-11,PhoenixWing,984,25,17,8,9,0.47058823529411764
297,16,0,1,2026-02-11,KnightMail,1012,17,16,8,8,0.5
297,12,1,0,2026-02-11,SilverWolf,998,22,12,5,7,0.4166666666666667
297,15,0,1,2026-02-11,HellsReaper,1015,15,15,8,7,0.5333333333333333
297,15,1,0,2026-02-11,HellsChain,1010,18,15,7,8,0.4666666666666667
297,14,0,1,2026-02-11,CrimsonGaruda,983,26,14,6,8,0.42857142857142855
297,19,0,1,2026-02-11,DranBrave,1018,13,19,10,9,0.5263157894736842
298,12,0,1,2026-02-11,LeonClaw,1024,13,12,6,6,0.5
298,3,1,0,2026-02-11,ValkyrieVolt,1036,11,3,2,1,0.6666666666666666
298,14,1,0,2026-02-11,WhaleWave,963,30,14,5,9,0.35714285714285715
298,12,0,1,2026-02-11,WeissTiger,1031,12,12,7,5,0.5833333333333334
298,10,0,1,2026-02-11,DranBuster,973,29,10,3,7,0.3
298,19,0,1,2026-02-11,DranBrave,1018,14,19,10,9,0.5263157894736842
299,12,0,1,2026-02-11,LeonClaw,1024,14,12,6,6,0.5
299,14,0,1,2026-02-11,UnicornSting,980,26,14,7,7,0.5
299,14,1,0,2026-02-11,WizardRod,979,27,14,6,8,0.42857142857142855
299,15,1,0,2026-02-11,RhinoReaper,1028,13,15,8,7,0.5333333333333333
299,17,0,1,2026-02-11,PhoenixWing,984,24,17,8,9,0.47058823529411764
299,15,0,1,2026-02-11,HellsReaper,1015,16,15,8,7,0.5333333333333333
299,14,0,1,2026-02-11,CrimsonGaruda,983,25,14,6,8,0.42857142857142855
299,19,0,1,2026-02-11,DranBrave,1018,15,19,10,9,0.5263157894736842
300,13,1,0,2026-02-11,LeonClaw,1031,12,13,7,6,0.5384615384615384
300,17,1,0,2026-02-11,SharkEdge,993,23,17,8,9,0.47058823529411764
300,15,0,1,2026-02-11,RhinoReaper,1028,14,15,8,7,0.5333333333333333
300,12,0,1,2026-02-11,WeissTiger,1031,13,12,7,5,0.5833333333333334
300,12,0,1,2026-02-11,SilverWolf,998,21,12,5,7,0.4166666666666667
300,14,0,1,2026-02-11,PerseusDark,993,22,14,7,7,0.5
300,15,0,1,2026-02-11,ViperTail,1000,20,15,7,8,0.4666666666666667
301,15,1,0,2026-02-11,UnicornSting,994,22,15,8,7,0.5333333333333333
301,17,0,1,2026-02-11,PhoenixWing,984,25,17,8,9,0.47058823529411764
301,14,0,1,2026-02-11,WizardRod,979,26,14,6,8,0.42857142857142855
301,15,0,1,2026-02-11,DranDagger,978,27,15,7,8,0.4666666666666667
301,10,0,1,2026-02-11,DranBuster,973,28,10,3,7,0.3
301,14,0,1,2026-02-11,PerseusDark,993,23,14,7,7,0.5
301,15,1,0,2026-02-11,CrimsonGaruda,969,29,15,6,9,0.4
301,17,0,1,2026-02-11,SharkEdge,993,24,17,8,9,0.47058823529411764
302,17,0,1,2026-02-11,PhoenixWing,984,27,17,8,9,0.47058823529411764
302,14,0,1,2026-02-11,WizardRod,979,28,14,6,8,0.42857142857142855
302,11,0,1,2026-02-11,SolEclipse,960,33,11,4,7,0.36363636363636365
302,5,0,1,2026-02-11,CobaltDrake,951,35,5,1,4,0.2
302,9,0,1,2026-02-11,PhoenixRudder,952,34,9,3,6,0.3333333333333333
302,10,0,1,2026-02-11,DranBuster,973,30,10,3,7,0.3
302,12,0,1,2026-02-11,SilverWolf,998,22,12,5,7,0.4166666666666667
302,5,0,1,2026-02-11,HellsHammer,897,41,5,0,5,0.0
302,6,0,1,2026-02-11,PegasusBlast,915,40,6,1,5,0.16666666666666666
302,1,1,0,2026-02-11,WolfHunt,1016,16,1,1,0,1.0
302,14,0,1,2026-02-11,WhaleWave,963,32,14,5,9,0.35714285714285715
302,5,0,1,2026-02-11,WhaleFlame,948,36,5,1,4,0.2
302,16,0,1,2026-02-11,KnightMail,1012,18,16,8,8,0.5
302,15,0,1,2026-02-11,DranDagger,978,29,15,7,8,0.4666666666666667
302,9,0,1,2026-02-11,BlackShell,922,39,9,2,7,0.2222222222222222
302,8,0,1,2026-02-11,SamuraiSaber,862,43,8,0,8,0.0
302,14,0,1,2026-02-11,PerseusDark,993,24,14,7,7,0.5
302,7,0,1,2026-02-11,WizardArc,929,37,7,1,6,0.14285714285714285
302,15,0,1,2026-02-11,UnicornSting,994,23,15,8,7,0.5333333333333333
302,20,0,1,2026-02-11,CerberusFlame,1004,20,20,10,10,0.5
302,6,0,1,2026-02-11,WizardArrow,883,42,6,0,6,0.0
302,15,0,1,2026-02-11,HellsReaper,1015,17,15,8,7,0.5333333333333333
302,15,0,1,2026-02-11,CrimsonGaruda,969,31,15,6,9,0.4
302,9,0,1,2026-02-11,TyrannoBeat,927,38,9,2,7,0.2222222222222222
302,1,1,0,2026-02-11,EmperorMight,984,26,1,0,1,0.0
302,15,0,1,2026-02-11,ViperTail,1000,21,15,7,8,0.4666666666666667
302,15,0,1,2026-02-11,HellsChain,1010,19,15,7,8,0.4666666666666667
302,17,0,1,2026-02-11,SharkEdge,993,25,17,8,9,0.47058823529411764
303,2,1,0,2026-02-11,EmperorMight,964,31,2,0,2,0.0
303,14,0,1,2026-02-11,WizardRod,979,27,14,6,8,0.42857142857142855
303,17,0,1,2026-02-11,PhoenixWing,984,26,17,8,9,0.47058823529411764
303,24,0,1,2026-02-11,ImpactDrake,1122,2,24,17,7,0.7083333333333334
303,15,0,1,2026-02-11,DranDagger,978,28,15,7,8,0.4666666666666667
303,28,1,0,2026-02-11,TuskMammoth,1126,1,28,21,7,0.75
303,10,0,1,2026-02-11,DranBuster,973,29,10,3,7,0.3
303,15,0,1,2026-02-11,CrimsonGaruda,969,30,15,6,9,0.4
304,20,0,1,2026-02-11,CerberusFlame,1004,19,20,10,10,0.5
304,2,1,0,2026-02-11,WolfHunt,994,22,2,1,1,0.5
304,16,0,1,2026-02-11,KnightMail,1012,17,16,8,8,0.5
304,29,1,0,2026-02-11,TuskMammoth,1137,1,29,22,7,0.7586206896551724
304,12,0,1,2026-02-11,SilverWolf,998,21,12,5,7,0.4166666666666667
304,15,0,1,2026-02-11,HellsReaper,1015,16,15,8,7,0.5333333333333333
304,15,0,1,2026-02-11,HellsChain,1010,18,15,7,8,0.4666666666666667
304,15,0,1,2026-02-11,ViperTail,1000,20,15,7,8,0.4666666666666667
305,15,0,1,2026-02-11,LeonCrest,1058,8,15,9,6,0.6
305,18,0,1,2026-02-11,DranSword,1042,9,18,11,7,0.6111111111111112
305,4,1,0,2026-02-11,WyvernHover,1038,10,4,3,1,0.75
305,30,1,0,2026-02-11,TuskMammoth,1149,1,30,23,7,0.7666666666666667
306,15,0,1,2026-02-11,LeonCrest,1058,9,15,9,6,0.6
306,4,0,1,2026-02-11,WyvernHover,1038,11,4,3,1,0.75
306,4,1,0,2026-02-11,ValkyrieVolt,1062,8,4,3,1,0.75
306,31,1,0,2026-02-11,TuskMammoth,1125,1,31,23,8,0.7419354838709677
306,18,0,1,2026-02-11,DranSword,1042,10,18,11,7,0.6111111111111112
307,21,1,0,2026-02-11,CerberusFlame,994,22,21,10,11,0.47619047619047616
307,2,0,1,2026-02-11,WolfHunt,994,21,2,1,1,0.5
307,23,0,1,2026-02-11,GolemRock,1080,5,23,15,8,0.6521739130434783
307,12,0,1,2026-02-11,SilverWolf,998,20,12,5,7,0.4166666666666667
307,9,1,0,2026-02-11,SharkScale,1092,4,9,7,2,0.7777777777777778
307,15,0,1,2026-02-11,ViperTail,1000,19,15,7,8,0.4666666666666667
308,2,0,1,2026-02-11,EmperorMight,964,32,2,0,2,0.0
308,17,0,1,2026-02-11,PhoenixWing,984,25,17,8,9,0.47058823529411764
308,12,1,0,2026-02-11,SolEclipse,981,26,12,5,7,0.4166666666666667
308,14,0,1,2026-02-11,WhaleWave,963,33,14,5,9,0.35714285714285715
308,10,0,1,2026-02-11,DranBuster,973,30,10,3,7,0.3
308,15,0,1,2026-02-11,CrimsonGaruda,969,31,15,6,9,0.4
308,18,1,0,2026-02-11,SharkEdge,973,29,18,8,10,0.4444444444444444
320,15,1,0,2026-02-13,WizardRod,966,31,15,6,9,0.4
320,16,0,1,2026-02-13,KnightMail,1012,18,16,8,8,0.5
320,15,0,1,2026-02-13,DranDagger,978,27,15,7,8,0.4666666666666667
320,10,0,1,2026-02-13,DranBuster,973,29,10,3,7,0.3
320,15,0,1,2026-02-13,HellsReaper,1015,17,15,8,7,0.5333333333333333
320,16,1,0,2026-02-13,HellsChain,1020,15,16,8,8,0.5
320,15,0,1,2026-02-13,CrimsonGaruda,969,30,15,6,9,0.4
320,19,0,1,2026-02-13,DranBrave,1018,16,19,10,9,0.5263157894736842
320,18,0,1,2026-02-13,SharkEdge,973,28,18,8,10,0.4444444444444444
321,15,0,1,2026-02-13,UnicornSting,994,22,15,8,7,0.5333333333333333
321,21,0,1,2026-02-13,CerberusFlame,994,21,21,10,11,0.47619047619047616
321,12,0,1,2026-02-13,SolEclipse,981,27,12,5,7,0.4166666666666667
321,2,0,1,2026-02-13,WolfHunt,994,20,2,1,1,0.5
321,15,0,1,2026-02-13,DranDagger,978,28,15,7,8,0.4666666666666667
321,10,0,1,2026-02-13,DranBuster,973,30,10,3,7,0.3
321,13,1,0,2026-02-13,SilverWolf,983,26,13,5,8,0.38461538461538464
321,14,0,1,2026-02-13,PerseusDark,993,23,14,7,7,0.5
321,16,1,0,2026-02-13,CrimsonGaruda,986,24,16,7,9,0.4375
321,18,0,1,2026-02-13,SharkEdge,973,29,18,8,10,0.4444444444444444
322,4,0,1,2026-02-13,WyvernHover,1038,12,4,3,1,0.75
322,14,1,0,2026-02-13,LeonClaw,1044,10,14,8,6,0.5714285714285714
322,16,1,0,2026-02-13,UnicornSting,982,26,16,8,8,0.5
322,17,0,1,2026-02-13,PhoenixWing,984,24,17,8,9,0.47058823529411764
322,13,0,1,2026-02-13,SilverWolf,983,25,13,5,8,0.38461538461538464
322,14,0,1,2026-02-13,PerseusDark,993,22,14,7,7,0.5
322,18,0,1,2026-02-13,DranSword,1042,11,18,11,7,0.6111111111111112
322,16,0,1,2026-02-13,CrimsonGaruda,986,23,16,7,9,0.4375
323,16,1,0,2026-02-13,RhinoReaper,1020,15,16,8,8,0.5
323,5,1,0,2026-02-13,ValkyrieVolt,1072,6,5,4,1,0.8
323,21,0,1,2026-02-13,FoxBrush,1071,7,21,14,7,0.6666666666666666
323,16,0,1,2026-02-13,ScorpioSpear,1067,8,16,10,6,0.625
323,16,0,1,2026-02-13,HellsChain,1020,14,16,8,8,0.5
324,16,0,1,2026-02-13,UnicornSting,982,27,16,8,8,0.5
324,17,0,1,2026-02-13,PhoenixWing,984,25,17,8,9,0.47058823529411764
324,12,0,1,2026-02-13,SolEclipse,981,28,12,5,7,0.4166666666666667
324,15,1,0,2026-02-13,WhaleWave,949,35,15,5,10,0.3333333333333333
324,5,0,1,2026-02-13,CobaltDrake,951,34,5,1,4,0.2
324,9,0,1,2026-02-13,PhoenixRudder,952,33,9,3,6,0.3333333333333333
324,15,0,1,2026-02-13,DranDagger,978,29,15,7,8,0.4666666666666667
324,13,0,1,2026-02-13,SilverWolf,983,26,13,5,8,0.38461538461538464
324,16,0,1,2026-02-13,CrimsonGaruda,986,24,16,7,9,0.4375
324,19,1,0,2026-02-13,SharkEdge,987,23,19,9,10,0.47368421052631576
325,17,1,0,2026-02-13,KnightMail,1004,18,17,8,9,0.47058823529411764
325,16,0,1,2026-02-13,HellsChain,1020,15,16,8,8,0.5
325,20,1,0,2026-02-13,DranBrave,1026,14,20,11,9,0.55
325,16,0,1,2026-02-13,RhinoReaper,1020,16,16,8,8,0.5
326,21,0,1,2026-02-13,CerberusFlame,994,22,21,10,11,0.47619047619047616
326,2,0,1,2026-02-13,WolfHunt,994,21,2,1,1,0.5
326,16,1,0,2026-02-13,HellsReaper,1000,19,16,8,8,0.5
326,15,1,0,2026-02-13,PerseusDark,1010,17,15,8,7,0.5333333333333333
326,15,0,1,2026-02-13,ViperTail,1000,20,15,7,8,0.4666666666666667
327,5,1,0,2026-02-13,WyvernHover,1017,16,5,3,2,0.6
327,16,0,1,2026-02-13,UnicornSting,982,28,16,8,8,0.5
327,13,1,0,2026-02-13,SolEclipse,994,23,13,6,7,0.46153846153846156
327,16,0,1,2026-02-13,RhinoReaper,1020,15,16,8,8,0.5
327,17,0,1,2026-02-13,PhoenixWing,984,26,17,8,9,0.47058823529411764
327,12,0,1,2026-02-13,WeissTiger,1031,12,12,7,5,0.5833333333333334
327,13,0,1,2026-02-13,SilverWolf,983,27,13,5,8,0.38461538461538464
327,16,0,1,2026-02-13,HellsChain,1020,14,16,8,8,0.5
327,16,0,1,2026-02-13,CrimsonGaruda,986,25,16,7,9,0.4375
327,20,0,1,2026-02-13,DranBrave,1026,13,20,11,9,0.55
327,19,0,1,2026-02-13,SharkEdge,987,24,19,9,10,0.47368421052631576
328,14,0,1,2026-02-13,LeonClaw,1044,11,14,8,6,0.5714285714285714
328,13,1,0,2026-02-13,WeissTiger,1044,10,13,8,5,0.6153846153846154
328,23,0,1,2026-02-13,GolemRock,1080,4,23,15,8,0.6521739130434783
328,18,0,1,2026-02-13,DranSword,1042,12,18,11,7,0.6111111111111112
328,10,1,0,2026-02-13,SharkScale,1074,5,10,7,3,0.7
329,18,1,0,2026-02-13,PhoenixWing,973,30,18,8,10,0.4444444444444444
329,16,1,0,2026-02-13,DranDagger,992,24,16,8,8,0.5
329,10,0,1,2026-02-13,DranBuster,973,29,10,3,7,0.3
329,16,0,1,2026-02-13,CrimsonGaruda,986,26,16,7,9,0.4375
329,19,0,1,2026-02-13,SharkEdge,987,25,19,9,10,0.47368421052631576
330,16,1,0,2026-02-13,LeonCrest,1074,6,16,10,6,0.625
330,5,0,1,2026-02-13,ValkyrieVolt,1072,7,5,4,1,0.8
330,21,0,1,2026-02-13,FoxBrush,1071,8,21,14,7,0.6666666666666666
330,16,0,1,2026-02-13,ScorpioSpear,1067,9,16,10,6,0.625
330,19,1,0,2026-02-13,DranSword,1029,12,19,11,8,0.5789473684210527
331,16,0,1,2026-02-13,LeonCrest,1074,7,16,10,6,0.625
331,5,0,1,2026-02-13,ValkyrieVolt,1072,8,5,4,1,0.8
331,21,0,1,2026-02-13,FoxBrush,1071,9,21,14,7,0.6666666666666666
331,18,1,0,2026-02-13,CobaltDragoon,1074,6,18,12,6,0.6666666666666666
331,17,1,0,2026-02-13,ScorpioSpear,1084,3,17,11,6,0.6470588235294118
332,22,1,0,2026-02-13,CerberusFlame,1010,17,22,11,11,0.5
332,13,0,1,2026-02-13,SolEclipse,994,22,13,6,7,0.46153846153846156
332,19,0,1,2026-02-13,SharkEdge,987,24,19,9,10,0.47368421052631576
332,17,0,1,2026-02-13,KnightMail,1004,19,17,8,9,0.47058823529411764
332,16,0,1,2026-02-13,DranDagger,992,23,16,8,8,0.5
332,16,0,1,2026-02-13,HellsReaper,1000,20,16,8,8,0.5
332,15,0,1,2026-02-13,PerseusDark,1010,18,15,8,7,0.5333333333333333
332,16,0,1,2026-02-13,CrimsonGaruda,986,25,16,7,9,0.4375
332,16,1,0,2026-02-13,ViperTail,984,26,16,7,9,0.4375
333,16,0,1,2026-02-13,LeonCrest,1074,6,16,10,6,0.625
333,5,0,1,2026-02-13,ValkyrieVolt,1072,7,5,4,1,0.8
333,25,1,0,2026-02-13,ImpactDrake,1132,1,25,18,7,0.72
333,21,0,1,2026-02-13,FoxBrush,1071,8,21,14,7,0.6666666666666666
333,18,0,1,2026-02-13,CobaltDragoon,1074,5,18,12,6,0.6666666666666666
333,31,0,1,2026-02-13,TuskMammoth,1125,2,31,23,8,0.7419354838709677
333,24,1,0,2026-02-13,GolemRock,1069,9,24,15,9,0.625
333,10,0,1,2026-02-13,SharkScale,1074,4,10,7,3,0.7
334,22,1,0,2026-02-13,FoxBrush,1059,9,22,14,8,0.6363636363636364
334,25,0,1,2026-02-13,ImpactDrake,1132,2,25,18,7,0.72
334,32,1,0,2026-02-13,TuskMammoth,1135,1,32,24,8,0.75
334,24,0,1,2026-02-13,GolemRock,1069,8,24,15,9,0.625
335,5,0,1,2026-02-26,WyvernHover,1017,15,5,3,2,0.6
335,22,0,1,2026-02-26,CerberusFlame,1010,16,22,11,11,0.5
335,17,1,0,2026-02-26,RhinoReaper,1010,17,17,8,9,0.47058823529411764
335,2,0,1,2026-02-26,WolfHunt,994,22,2,1,1,0.5
335,13,0,1,2026-02-26,SolEclipse,994,23,13,6,7,0.46153846153846156
335,16,0,1,2026-02-26,DranDagger,992,24,16,8,8,0.5
335,20,1,0,2026-02-26,SharkEdge,998,21,20,10,10,0.5
336,2,0,1,2026-02-26,EmperorMight,964,33,2,0,2,0.0
336,15,1,0,2026-02-26,LeonClaw,1029,12,15,8,7,0.5333333333333333
336,15,0,1,2026-02-26,WizardRod,966,32,15,6,9,0.4
336,16,1,0,2026-02-26,WhaleWave,966,31,16,6,10,0.375
336,5,0,1,2026-02-26,CobaltDrake,951,35,5,1,4,0.2
336,9,0,1,2026-02-26,PhoenixRudder,952,34,9,3,6,0.3333333333333333
336,19,0,1,2026-02-26,DranSword,1029,11,19,11,8,0.5789473684210527
337,16,0,1,2026-02-26,LeonCrest,1074,7,16,10,6,0.625
337,5,0,1,2026-02-26,WyvernHover,1017,14,5,3,2,0.6
337,22,0,1,2026-02-26,CerberusFlame,1010,15,22,11,11,0.5
337,17,0,1,2026-02-26,RhinoReaper,1010,16,17,8,9,0.47058823529411764
337,6,1,0,2026-02-26,ValkyrieVolt,1090,3,6,5,1,0.8333333333333334
337,18,0,1,2026-02-26,CobaltDragoon,1074,6,18,12,6,0.6666666666666666
337,17,0,1,2026-02-26,ScorpioSpear,1084,4,17,11,6,0.6470588235294118
337,15,0,1,2026-02-26,PerseusDark,1010,17,15,8,7,0.5333333333333333
337,17,1,0,2026-02-26,HellsChain,1006,18,17,8,9,0.47058823529411764
337,10,0,1,2026-02-26,SharkScale,1074,5,10,7,3,0.7
338,16,0,1,2026-02-26,UnicornSting,982,27,16,8,8,0.5
338,16,1,0,2026-02-26,WizardRod,978,28,16,7,9,0.4375
338,18,0,1,2026-02-26,PhoenixWing,973,31,18,8,10,0.4444444444444444
338,16,0,1,2026-02-26,WhaleWave,966,32,16,6,10,0.375
338,10,0,1,2026-02-26,DranBuster,973,30,10,3,7,0.3
338,13,0,1,2026-02-26,SilverWolf,983,26,13,5,8,0.38461538461538464
338,17,1,0,2026-02-26,CrimsonGaruda,976,29,17,7,10,0.4117647058823529
338,16,0,1,2026-02-26,ViperTail,984,25,16,7,9,0.4375
339,17,1,0,2026-02-26,UnicornSting,973,29,17,8,9,0.47058823529411764
339,16,0,1,2026-02-26,WizardRod,978,27,16,7,9,0.4375
339,16,0,1,2026-02-26,DranDagger,992,25,16,8,8,0.5
339,14,1,0,2026-02-26,SilverWolf,994,24,14,6,8,0.42857142857142855
339,17,0,1,2026-02-26,CrimsonGaruda,976,28,17,7,10,0.4117647058823529
339,16,0,1,2026-02-26,ViperTail,984,26,16,7,9,0.4375
340,2,0,1,2026-02-26,EmperorMight,964,32,2,0,2,0.0
340,19,1,0,2026-02-26,PhoenixWing,962,33,19,8,11,0.42105263157894735
340,16,0,1,2026-02-26,WhaleWave,966,31,16,6,10,0.375
340,17,0,1,2026-02-26,ScorpioSpear,1084,5,17,11,6,0.6470588235294118
340,11,1,0,2026-02-26,SharkScale,1087,4,11,8,3,0.7272727272727273
341,6,1,0,2026-02-26,WyvernHover,1030,11,6,4,2,0.6666666666666666
341,15,0,1,2026-02-26,LeonClaw,1029,13,15,8,7,0.5333333333333333
341,17,1,0,2026-02-26,DranDagger,982,26,17,8,9,0.47058823529411764
341,19,0,1,2026-02-26,DranSword,1029,12,19,11,8,0.5789473684210527
341,20,0,1,2026-02-26,DranBrave,1026,14,20,11,9,0.55
341,16,0,1,2026-02-26,ViperTail,984,25,16,7,9,0.4375
342,6,0,1,2026-02-26,WyvernHover,1030,12,6,4,2,0.6666666666666666
342,15,0,1,2026-02-26,LeonClaw,1029,14,15,8,7,0.5333333333333333
342,14,1,0,2026-02-26,WeissTiger,1032,11,14,8,6,0.5714285714285714
342,19,0,1,2026-02-26,DranSword,1029,13,19,11,8,0.5789473684210527
342,21,1,0,2026-02-26,DranBrave,1035,10,21,12,9,0.5714285714285714
343,22,0,1,2026-02-26,CerberusFlame,1010,16,22,11,11,0.5
343,15,0,1,2026-02-26,PerseusDark,1010,18,15,8,7,0.5333333333333333
343,17,0,1,2026-02-26,RhinoReaper,1010,17,17,8,9,0.47058823529411764
343,2,0,1,2026-02-26,WolfHunt,994,21,2,1,1,0.5
343,13,0,1,2026-02-26,SolEclipse,994,22,13,6,7,0.46153846153846156
343,18,1,0,2026-02-26,KnightMail,1012,15,18,9,9,0.5
343,14,0,1,2026-02-26,SilverWolf,994,23,14,6,8,0.42857142857142855
343,17,1,0,2026-02-26,HellsReaper,992,24,17,8,9,0.47058823529411764
343,17,0,1,2026-02-26,HellsChain,1006,19,17,8,9,0.47058823529411764
343,20,0,1,2026-02-26,SharkEdge,998,20,20,10,10,0.5
344,22,0,1,2026-02-26,CerberusFlame,1010,17,22,11,11,0.5
344,17,0,1,2026-02-26,RhinoReaper,1010,18,17,8,9,0.47058823529411764
344,14,1,0,2026-02-26,SolEclipse,983,25,14,6,8,0.42857142857142855
344,18,0,1,2026-02-26,KnightMail,1012,16,18,9,9,0.5
344,17,0,1,2026-02-26,HellsReaper,992,23,17,8,9,0.47058823529411764
344,14,0,1,2026-02-26,SilverWolf,994,22,14,6,8,0.42857142857142855
344,16,1,0,2026-02-26,PerseusDark,1023,15,16,9,7,0.5625
344,16,0,1,2026-02-26,ViperTail,984,24,16,7,9,0.4375
345,23,1,0,2026-02-26,FoxBrush,1069,8,23,15,8,0.6521739130434783
345,25,1,0,2026-02-26,GolemRock,1060,9,25,15,10,0.6
346,22,0,1,2026-02-26,CerberusFlame,1010,18,22,11,11,0.5
346,17,0,1,2026-02-26,RhinoReaper,1010,19,17,8,9,0.47058823529411764
346,20,0,1,2026-02-26,SharkEdge,998,21,20,10,10,0.5
346,2,0,1,2026-02-26,WolfHunt,994,22,2,1,1,0.5
346,25,0,1,2026-02-26,ImpactDrake,1132,1,25,18,7,0.72
346,33,1,0,2026-02-26,TuskMammoth,1115,2,33,24,9,0.7272727272727273
346,14,0,1,2026-02-26,SilverWolf,994,23,14,6,8,0.42857142857142855
346,17,0,1,2026-02-26,HellsReaper,992,24,17,8,9,0.47058823529411764
346,17,0,1,2026-02-26,HellsChain,1006,20,17,8,9,0.47058823529411764
346,17,1,0,2026-02-26,ViperTail,1010,17,17,8,9,0.47058823529411764
347,16,0,1,2026-02-26,PerseusDark,1023,14,16,9,7,0.5625
347,20,1,0,2026-02-26,DranSword,1023,15,20,11,9,0.55
347,26,1,0,2026-02-26,ImpactDrake,1137,1,26,19,7,0.7307692307692307
347,15,0,1,2026-02-26,LeonClaw,1029,13,15,8,7,0.5333333333333333
348,17,1,0,2026-02-26,LeonCrest,1091,3,17,11,6,0.6470588235294118
348,6,0,1,2026-02-26,ValkyrieVolt,1090,4,6,5,1,0.8333333333333334
348,23,0,1,2026-02-26,FoxBrush,1069,7,23,15,8,0.6521739130434783
348,19,1,0,2026-02-26,CobaltDragoon,1060,9,19,12,7,0.631578947368421
348,25,0,1,2026-02-26,GolemRock,1060,8,25,15,10,0.6
348,17,0,1,2026-02-26,ScorpioSpear,1084,6,17,11,6,0.6470588235294118
348,11,0,1,2026-02-26,SharkScale,1087,5,11,8,3,0.7272727272727273
349,17,0,1,2026-02-26,LeonCrest,1091,4,17,11,6,0.6470588235294118
349,23,1,0,2026-02-26,CerberusFlame,1004,20,23,11,12,0.4782608695652174
349,17,0,1,2026-02-26,RhinoReaper,1010,18,17,8,9,0.47058823529411764
349,6,0,1,2026-02-26,ValkyrieVolt,1090,5,6,5,1,0.8333333333333334
349,18,1,0,2026-02-26,ScorpioSpear,1092,3,18,12,6,0.6666666666666666
349,17,0,1,2026-02-26,HellsChain,1006,19,17,8,9,0.47058823529411764
349,11,0,1,2026-02-26,SharkScale,1087,6,11,8,3,0.7272727272727273
350,17,0,1,2026-02-26,LeonCrest,1091,3,17,11,6,0.6470588235294118
350,6,0,1,2026-02-26,ValkyrieVolt,1090,4,6,5,1,0.8333333333333334
350,23,0,1,2026-02-26,FoxBrush,1069,6,23,15,8,0.6521739130434783
350,18,0,1,2026-02-26,KnightMail,1012,17,18,9,9,0.5
350,19,1,0,2026-02-26,ScorpioSpear,1068,7,19,12,7,0.631578947368421
350,16,0,1,2026-02-26,PerseusDark,1023,15,16,9,7,0.5625
350,20,0,1,2026-02-26,DranSword,1023,16,20,11,9,0.55
350,11,0,1,2026-02-26,SharkScale,1087,5,11,8,3,0.7272727272727273
350,18,1,0,2026-02-26,ViperTail,1027,14,18,9,9,0.5
351,18,1,0,2026-02-26,LeonCrest,1102,3,18,12,6,0.6666666666666666
351,20,0,1,2026-02-26,SharkEdge,998,20,20,10,10,0.5
351,24,1,0,2026-02-26,CerberusFlame,997,21,24,11,13,0.4583333333333333
352,27,1,0,2026-02-26,ImpactDrake,1125,1,27,19,8,0.7037037037037037
352,23,0,1,2026-02-26,FoxBrush,1069,7,23,15,8,0.6521739130434783
352,20,1,0,2026-02-26,CobaltDragoon,1071,6,20,13,7,0.65
352,25,0,1,2026-02-26,GolemRock,1060,9,25,15,10,0.6
352,19,0,1,2026-02-26,ScorpioSpear,1068,8,19,12,7,0.631578947368421
353,6,0,1,2026-02-26,WyvernHover,1030,13,6,4,2,0.6666666666666666
353,15,0,1,2026-02-26,LeonClaw,1029,14,15,8,7,0.5333333333333333
353,24,1,0,2026-02-26,FoxBrush,1055,9,24,15,9,0.625
353,14,0,1,2026-02-26,WeissTiger,1032,12,14,8,6,0.5714285714285714
353,25,0,1,2026-02-26,GolemRock,1060,8,25,15,10,0.6
353,19,0,1,2026-02-26,ScorpioSpear,1068,7,19,12,7,0.631578947368421
353,16,0,1,2026-02-26,PerseusDark,1023,16,16,9,7,0.5625
353,21,1,0,2026-02-26,DranSword,1040,10,21,12,9,0.5714285714285714
353,21,0,1,2026-02-26,DranBrave,1035,11,21,12,9,0.5714285714285714
353,18,0,1,2026-02-26,ViperTail,1027,15,18,9,9,0.5
354,20,0,1,2026-02-26,CobaltDragoon,1071,7,20,13,7,0.65
354,34,1,0,2026-02-26,TuskMammoth,1104,2,34,24,10,0.7058823529411765
354,26,1,0,2026-02-26,GolemRock,1076,6,26,16,10,0.6153846153846154
354,19,0,1,2026-02-26,ScorpioSpear,1068,8,19,12,7,0.631578947368421
355,7,1,0,2026-02-26,WyvernHover,1048,10,7,5,2,0.7142857142857143
355,17,0,1,2026-02-26,HellsChain,1006,18,17,8,9,0.47058823529411764
355,17,0,1,2026-02-26,RhinoReaper,1010,17,17,8,9,0.47058823529411764
355,18,0,1,2026-02-26,KnightMail,1012,16,18,9,9,0.5
355,14,0,1,2026-02-26,WeissTiger,1032,13,14,8,6,0.5714285714285714
355,17,1,0,2026-02-26,PerseusDark,1006,19,17,9,8,0.5294117647058824
355,21,0,1,2026-02-26,DranSword,1040,11,21,12,9,0.5714285714285714
355,21,0,1,2026-02-26,DranBrave,1035,12,21,12,9,0.5714285714285714
356,17,0,1,2026-02-26,UnicornSting,973,28,17,8,9,0.47058823529411764
356,16,0,1,2026-02-26,WizardRod,978,26,16,7,9,0.4375
356,15,1,0,2026-02-26,SolEclipse,972,30,15,6,9,0.4
356,19,1,0,2026-02-26,KnightMail,1023,16,19,10,9,0.5263157894736842
356,17,0,1,2026-02-26,DranDagger,982,25,17,8,9,0.47058823529411764
356,10,0,1,2026-02-26,DranBuster,973,29,10,3,7,0.3
356,17,0,1,2026-02-26,CrimsonGaruda,976,27,17,7,10,0.4117647058823529
357,15,0,1,2026-02-26,LeonClaw,1029,13,15,8,7,0.5333333333333333
357,17,0,1,2026-02-26,PerseusDark,1006,20,17,9,8,0.5294117647058824
357,20,0,1,2026-02-26,SharkEdge,998,21,20,10,10,0.5
357,24,0,1,2026-02-26,CerberusFlame,997,22,24,11,13,0.4583333333333333
357,2,0,1,2026-02-26,WolfHunt,994,23,2,1,1,0.5
357,19,0,1,2026-02-26,KnightMail,1023,15,19,10,9,0.5263157894736842
357,15,1,0,2026-02-26,WeissTiger,1017,16,15,8,7,0.5333333333333333
357,14,0,1,2026-02-26,SilverWolf,994,24,14,6,8,0.42857142857142855
357,18,1,0,2026-02-26,HellsReaper,1007,18,18,9,9,0.5
357,17,0,1,2026-02-26,HellsChain,1006,19,17,8,9,0.47058823529411764
357,18,0,1,2026-02-26,ViperTail,1027,14,18,9,9,0.5
358,7,0,1,2026-02-26,WyvernHover,1048,11,7,5,2,0.7142857142857143
358,20,1,0,2026-02-26,PhoenixWing,947,36,20,8,12,0.4
358,5,0,1,2026-02-26,CobaltDrake,951,34,5,1,4,0.2
358,9,0,1,2026-02-26,PhoenixRudder,952,33,9,3,6,0.3333333333333333
358,5,0,1,2026-02-26,WhaleFlame,948,35,5,1,4,0.2
358,21,0,1,2026-02-26,DranSword,1040,12,21,12,9,0.5714285714285714
358,22,1,0,2026-02-26,DranBrave,1048,10,22,13,9,0.5909090909090909
359,12,1,0,2026-02-26,SharkScale,1096,4,12,9,3,0.75
359,16,0,1,2026-02-26,WizardRod,978,25,16,7,9,0.4375
359,6,0,1,2026-02-26,ValkyrieVolt,1090,5,6,5,1,0.8333333333333334
359,18,1,0,2026-02-26,DranDagger,974,27,18,8,10,0.4444444444444444
359,17,0,1,2026-02-26,CrimsonGaruda,976,26,17,7,10,0.4117647058823529
360,16,1,0,2026-02-26,LeonClaw,1038,13,16,9,7,0.5625
360,15,1,0,2026-02-26,SilverWolf,985,24,15,6,9,0.4
361,10,0,1,2026-02-26,DranBuster,973,28,10,3,7,0.3
361,18,1,0,2026-02-26,UnicornSting,983,25,18,9,9,0.5
361,15,0,1,2026-02-26,SolEclipse,972,29,15,6,9,0.4
361,17,1,0,2026-02-26,WizardRod,968,30,17,7,10,0.4117647058823529
362,15,0,1,2026-02-26,SolEclipse,972,28,15,6,9,0.4
362,7,1,0,2026-02-26,ValkyrieVolt,1100,4,7,6,1,0.8571428571428571
362,18,1,0,2026-02-26,CrimsonGaruda,969,29,18,7,11,0.3888888888888889
362,18,0,1,2026-02-26,DranDagger,974,26,18,8,10,0.4444444444444444
362,10,0,1,2026-02-26,DranBuster,973,27,10,3,7,0.3
362,12,0,1,2026-02-26,SharkScale,1096,5,12,9,3,0.75
363,24,0,1,2026-02-26,CerberusFlame,997,21,24,11,13,0.4583333333333333
363,2,0,1,2026-02-26,WolfHunt,994,22,2,1,1,0.5
363,18,0,1,2026-02-26,HellsReaper,1007,19,18,9,9,0.5
363,18,1,0,2026-02-26,HellsChain,994,23,18,8,10,0.4444444444444444
363,21,1,0,2026-02-26,SharkEdge,1010,18,21,11,10,0.5238095238095238
364,2,0,1,2026-02-26,EmperorMight,964,31,2,0,2,0.0
364,18,1,0,2026-02-26,RhinoReaper,1023,15,18,9,9,0.5
364,17,1,0,2026-02-26,WhaleWave,954,32,17,6,11,0.35294117647058826
364,19,0,1,2026-02-26,KnightMail,1023,16,19,10,9,0.5263157894736842
364,15,0,1,2026-02-26,WeissTiger,1017,17,15,8,7,0.5333333333333333
365,17,1,0,2026-02-26,LeonClaw,1024,15,17,9,8,0.5294117647058824
365,19,1,0,2026-02-26,RhinoReaper,1035,13,19,10,9,0.5263157894736842
366,24,0,1,2026-02-26,CerberusFlame,997,22,24,11,13,0.4583333333333333
366,17,0,1,2026-02-26,PerseusDark,1006,21,17,9,8,0.5294117647058824
366,2,0,1,2026-02-26,WolfHunt,994,23,2,1,1,0.5
366,20,0,1,2026-02-26,PhoenixWing,947,35,20,8,12,0.4
366,18,1,0,2026-02-26,WhaleWave,937,36,18,6,12,0.3333333333333333
366,5,0,1,2026-02-26,CobaltDrake,951,33,5,1,4,0.2
366,9,0,1,2026-02-26,PhoenixRudder,952,32,9,3,6,0.3333333333333333
366,5,0,1,2026-02-26,WhaleFlame,948,34,5,1,4,0.2
366,18,0,1,2026-02-26,HellsReaper,1007,20,18,9,9,0.5
366,19,1,0,2026-02-26,HellsChain,1009,19,19,9,10,0.47368421052631576
367,2,0,1,2026-02-26,EmperorMight,964,30,2,0,2,0.0
367,17,0,1,2026-02-26,WizardRod,968,29,17,7,10,0.4117647058823529
367,15,0,1,2026-02-26,WeissTiger,1017,18,15,8,7,0.5333333333333333
367,19,1,0,2026-02-26,CrimsonGaruda,959,31,19,7,12,0.3684210526315789
367,22,1,0,2026-02-26,SharkEdge,1018,17,22,12,10,0.5454545454545454
368,18,0,1,2026-02-26,LeonCrest,1102,4,18,12,6,0.6666666666666666
368,8,1,0,2026-02-26,ValkyrieVolt,1107,2,8,7,1,0.875
368,34,0,1,2026-02-26,TuskMammoth,1104,3,34,24,10,0.7058823529411765
368,19,1,0,2026-02-26,UnicornSting,978,25,19,9,10,0.47368421052631576
369,2,0,1,2026-02-26,EmperorMight,964,29,2,0,2,0.0
369,24,0,1,2026-02-26,CerberusFlame,997,23,24,11,13,0.4583333333333333
369,18,1,0,2026-02-26,WizardRod,955,31,18,7,11,0.3888888888888889
369,2,0,1,2026-02-26,WolfHunt,994,24,2,1,1,0.5
369,16,1,0,2026-02-26,SilverWolf,998,22,16,7,9,0.4375
369,19,0,1,2026-02-26,CrimsonGaruda,959,30,19,7,12,0.3684210526315789
370,18,0,1,2026-02-26,LeonCrest,1102,5,18,12,6,0.6666666666666666
370,8,1,0,2026-02-26,WyvernHover,1037,12,8,5,3,0.625
370,34,0,1,2026-02-26,TuskMammoth,1104,4,34,24,10,0.7058823529411765
370,21,0,1,2026-02-26,DranSword,1040,11,21,12,9,0.5714285714285714
370,13,1,0,2026-02-26,SharkScale,1106,3,13,10,3,0.7692307692307693
371,15,0,1,2026-02-26,SolEclipse,972,27,15,6,9,0.4
371,24,0,1,2026-02-26,FoxBrush,1055,10,24,15,9,0.625
371,19,1,0,2026-02-26,DranDagger,967,28,19,8,11,0.42105263157894735
371,10,0,1,2026-02-26,DranBuster,973,26,10,3,7,0.3
371,23,1,0,2026-02-26,DranBrave,1056,9,23,14,9,0.6086956521739131
372,24,0,1,2026-02-26,CerberusFlame,997,22,24,11,13,0.4583333333333333
372,17,0,1,2026-02-26,PerseusDark,1006,20,17,9,8,0.5294117647058824
372,21,1,0,2026-02-26,PhoenixWing,962,30,21,9,12,0.42857142857142855
372,18,0,1,2026-02-26,WizardRod,955,32,18,7,11,0.3888888888888889
372,5,0,1,2026-02-26,CobaltDrake,951,34,5,1,4,0.2
372,9,0,1,2026-02-26,PhoenixRudder,952,33,9,3,6,0.3333333333333333
372,5,0,1,2026-02-26,WhaleFlame,948,35,5,1,4,0.2
372,16,0,1,2026-02-26,SilverWolf,998,21,16,7,9,0.4375
372,19,1,0,2026-02-26,HellsReaper,996,23,19,9,10,0.47368421052631576
372,19,0,1,2026-02-26,CrimsonGaruda,959,31,19,7,12,0.3684210526315789
373,2,0,1,2026-02-26,EmperorMight,964,28,2,0,2,0.0
373,17,0,1,2026-02-26,LeonClaw,1024,16,17,9,8,0.5294117647058824
373,22,0,1,2026-02-26,SharkEdge,1018,18,22,12,10,0.5454545454545454
373,16,1,0,2026-02-26,SolEclipse,960,30,16,6,10,0.375
373,21,0,1,2026-02-26,PhoenixWing,962,29,21,9,12,0.42857142857142855
373,19,0,1,2026-02-26,KnightMail,1023,17,19,10,9,0.5263157894736842
373,19,0,1,2026-02-26,DranDagger,967,27,19,8,11,0.42105263157894735
373,16,1,0,2026-02-26,WeissTiger,1028,14,16,9,7,0.5625
373,18,0,1,2026-02-26,ViperTail,1027,15,18,9,9,0.5
374,17,0,1,2026-02-26,LeonClaw,1024,17,17,9,8,0.5294117647058824
374,24,0,1,2026-02-26,CerberusFlame,997,21,24,11,13,0.4583333333333333
374,2,0,1,2026-02-26,WolfHunt,994,23,2,1,1,0.5
374,20,1,0,2026-02-26,KnightMail,1035,14,20,11,9,0.55
374,16,0,1,2026-02-26,WeissTiger,1028,15,16,9,7,0.5625
374,19,0,1,2026-02-26,HellsReaper,996,22,19,9,10,0.47368421052631576
374,16,0,1,2026-02-26,SilverWolf,998,20,16,7,9,0.4375
374,18,1,0,2026-02-26,PerseusDark,993,24,18,9,9,0.5
374,18,0,1,2026-02-26,ViperTail,1027,16,18,9,9,0.5
375,22,0,1,2026-02-26,SharkEdge,1018,17,22,12,10,0.5454545454545454
375,17,0,1,2026-02-26,LeonClaw,1024,16,17,9,8,0.5294117647058824
375,27,1,0,2026-02-26,GolemRock,1084,6,27,17,10,0.6296296296296297
375,19,1,0,2026-02-26,ViperTail,1018,18,19,9,10,0.47368421052631576
376,18,0,1,2026-02-26,LeonCrest,1102,4,18,12,6,0.6666666666666666
376,22,1,0,2026-02-26,DranSword,1056,10,22,13,9,0.5909090909090909
376,24,0,1,2026-02-26,FoxBrush,1055,11,24,15,9,0.625
376,35,1,0,2026-02-26,TuskMammoth,1088,5,35,24,11,0.6857142857142857
377,25,1,0,2026-02-26,FoxBrush,1070,7,25,16,9,0.64
377,22,0,1,2026-02-26,DranSword,1056,11,22,13,9,0.5909090909090909
377,21,1,0,2026-02-26,CobaltDragoon,1057,9,21,13,8,0.6190476190476191
377,23,0,1,2026-02-26,DranBrave,1056,10,23,14,9,0.6086956521739131
378,18,0,1,2026-02-26,PerseusDark,993,23,18,9,9,0.5
378,25,1,0,2026-02-26,CerberusFlame,992,24,25,11,14,0.44
378,2,0,1,2026-02-26,WolfHunt,994,22,2,1,1,0.5
378,28,1,0,2026-02-26,ImpactDrake,1129,1,28,20,8,0.7142857142857143
378,19,0,1,2026-02-26,HellsReaper,996,21,19,9,10,0.47368421052631576
379,19,1,0,2026-02-26,LeonCrest,1085,5,19,12,7,0.631578947368421
379,25,0,1,2026-02-26,FoxBrush,1070,8,25,16,9,0.64
379,35,0,1,2026-02-26,TuskMammoth,1088,4,35,24,11,0.6857142857142857
379,20,1,0,2026-02-26,ScorpioSpear,1080,7,20,13,7,0.65
380,21,0,1,2026-02-26,PhoenixWing,962,31,21,9,12,0.42857142857142855
380,16,0,1,2026-02-26,SolEclipse,960,32,16,6,10,0.375
380,18,0,1,2026-02-26,WizardRod,955,34,18,7,11,0.3888888888888889
380,5,0,1,2026-02-26,CobaltDrake,951,36,5,1,4,0.2
380,1,1,0,2026-02-26,TyrannoRoar,1013,19,1,1,0,1.0
380,9,0,1,2026-02-26,PhoenixRudder,952,35,9,3,6,0.3333333333333333
380,10,0,1,2026-02-26,DranBuster,973,28,10,3,7,0.3
380,16,0,1,2026-02-26,SilverWolf,998,21,16,7,9,0.4375
380,5,0,1,2026-02-26,HellsHammer,897,43,5,0,5,0.0
380,6,0,1,2026-02-26,PegasusBlast,915,42,6,1,5,0.16666666666666666
380,2,0,1,2026-02-26,WolfHunt,994,23,2,1,1,0.5
380,18,0,1,2026-02-26,WhaleWave,937,38,18,6,12,0.3333333333333333
380,5,0,1,2026-02-26,WhaleFlame,948,37,5,1,4,0.2
380,9,0,1,2026-02-26,BlackShell,922,41,9,2,7,0.2222222222222222
380,19,0,1,2026-02-26,DranDagger,967,29,19,8,11,0.42105263157894735
380,8,0,1,2026-02-26,SamuraiSaber,862,45,8,0,8,0.0
380,18,0,1,2026-02-26,PerseusDark,993,24,18,9,9,0.5
380,7,0,1,2026-02-26,WizardArc,929,39,7,1,6,0.14285714285714285
380,19,0,1,2026-02-26,UnicornSting,978,27,19,9,10,0.47368421052631576
380,25,0,1,2026-02-26,CerberusFlame,992,25,25,11,14,0.44
380,1,1,0,2026-02-26,HellsBrave,987,26,1,0,1,0.0
380,6,0,1,2026-02-26,WizardArrow,883,44,6,0,6,0.0
380,19,0,1,2026-02-26,HellsReaper,996,22,19,9,10,0.47368421052631576
380,19,0,1,2026-02-26,CrimsonGaruda,959,33,19,7,12,0.3684210526315789
380,9,0,1,2026-02-26,TyrannoBeat,927,40,9,2,7,0.2222222222222222
380,2,0,1,2026-02-26,EmperorMight,964,30,2,0,2,0.0
380,19,0,1,2026-02-26,HellsChain,1009,20,19,9,10,0.47368421052631576
381,8,0,1,2026-02-26,WyvernHover,1037,13,8,5,3,0.625
381,19,0,1,2026-02-26,RhinoReaper,1035,14,19,10,9,0.5263157894736842
381,21,0,1,2026-02-26,PhoenixWing,962,32,21,9,12,0.42857142857142855
381,16,0,1,2026-02-26,SolEclipse,960,33,16,6,10,0.375
381,18,0,1,2026-02-26,WizardRod,955,35,18,7,11,0.3888888888888889
381,5,0,1,2026-02-26,CobaltDrake,951,37,5,1,4,0.2
381,2,1,0,2026-02-26,TyrannoRoar,1040,12,2,2,0,1.0
381,9,0,1,2026-02-26,PhoenixRudder,952,36,9,3,6,0.3333333333333333
381,10,0,1,2026-02-26,DranBuster,973,29,10,3,7,0.3
381,5,0,1,2026-02-26,HellsHammer,897,44,5,0,5,0.0
381,6,0,1,2026-02-26,PegasusBlast,915,43,6,1,5,0.16666666666666666
381,1,1,0,2026-02-26,ClockMirage,985,27,1,0,1,0.0
381,17,0,1,2026-02-26,LeonClaw,1024,17,17,9,8,0.5294117647058824
381,22,0,1,2026-02-26,SharkEdge,1018,18,22,12,10,0.5454545454545454
381,18,0,1,2026-02-26,WhaleWave,937,39,18,6,12,0.3333333333333333
381,5,0,1,2026-02-26,WhaleFlame,948,38,5,1,4,0.2
381,20,0,1,2026-02-26,KnightMail,1035,15,20,11,9,0.55
381,19,0,1,2026-02-26,DranDagger,967,30,19,8,11,0.42105263157894735
381,9,0,1,2026-02-26,BlackShell,922,42,9,2,7,0.2222222222222222
381,16,0,1,2026-02-26,WeissTiger,1028,16,16,9,7,0.5625
381,8,0,1,2026-02-26,SamuraiSaber,862,46,8,0,8,0.0
381,7,0,1,2026-02-26,WizardArc,929,40,7,1,6,0.14285714285714285
381,19,0,1,2026-02-26,UnicornSting,978,28,19,9,10,0.47368421052631576
381,6,0,1,2026-02-26,WizardArrow,883,45,6,0,6,0.0
381,19,0,1,2026-02-26,CrimsonGaruda,959,34,19,7,12,0.3684210526315789
381,9,0,1,2026-02-26,TyrannoBeat,927,41,9,2,7,0.2222222222222222
381,2,0,1,2026-02-26,EmperorMight,964,31,2,0,2,0.0
381,19,0,1,2026-02-26,ViperTail,1018,19,19,9,10,0.47368421052631576
382,21,0,1,2026-02-26,PhoenixWing,962,31,21,9,12,0.42857142857142855
382,16,0,1,2026-02-26,SolEclipse,960,32,16,6,10,0.375
382,18,0,1,2026-02-26,WizardRod,955,34,18,7,11,0.3888888888888889
382,5,0,1,2026-02-26,CobaltDrake,951,36,5,1,4,0.2
382,9,0,1,2026-02-26,PhoenixRudder,952,35,9,3,6,0.3333333333333333
382,10,0,1,2026-02-26,DranBuster,973,28,10,3,7,0.3
382,16,0,1,2026-02-26,SilverWolf,998,22,16,7,9,0.4375
382,2,1,0,2026-02-26,ClockMirage,949,37,2,0,2,0.0
382,2,0,1,2026-02-26,WolfHunt,994,24,2,1,1,0.5
382,19,0,1,2026-02-26,DranDagger,967,29,19,8,11,0.42105263157894735
382,18,0,1,2026-02-26,PerseusDark,993,25,18,9,9,0.5
382,19,0,1,2026-02-26,UnicornSting,978,27,19,9,10,0.47368421052631576
382,25,0,1,2026-02-26,CerberusFlame,992,26,25,11,14,0.44
382,2,1,0,2026-02-26,HellsBrave,1020,18,2,1,1,0.5
382,19,0,1,2026-02-26,HellsReaper,996,23,19,9,10,0.47368421052631576
382,19,0,1,2026-02-26,CrimsonGaruda,959,33,19,7,12,0.3684210526315789
382,2,0,1,2026-02-26,EmperorMight,964,30,2,0,2,0.0
382,19,0,1,2026-02-26,ViperTail,1018,20,19,9,10,0.47368421052631576
382,19,0,1,2026-02-26,HellsChain,1009,21,19,9,10,0.47368421052631576
382,22,0,1,2026-02-26,SharkEdge,1018,19,22,12,10,0.5454545454545454
383,3,1,0,2026-02-26,TyrannoRoar,1060,9,3,3,0,1.0
383,9,0,1,2026-02-26,BlackShell,922,41,9,2,7,0.2222222222222222
383,21,0,1,2026-02-26,CobaltDragoon,1057,10,21,13,8,0.6190476190476191
383,22,0,1,2026-02-26,DranSword,1056,12,22,13,9,0.5909090909090909
383,10,1,0,2026-02-26,TyrannoBeat,916,42,10,2,8,0.2
383,23,0,1,2026-02-26,DranBrave,1056,11,23,14,9,0.6086956521739131
384,3,1,0,2026-02-26,EmperorMight,942,38,3,0,3,0.0
384,3,1,0,2026-02-26,ClockMirage,972,29,3,1,2,0.3333333333333333
384,19,0,1,2026-02-26,DranDagger,967,30,19,8,11,0.42105263157894735
384,5,0,1,2026-02-26,WhaleFlame,948,37,5,1,4,0.2
385,4,1,0,2026-02-26,ClockMirage,988,27,4,2,2,0.5
385,19,0,1,2026-02-26,UnicornSting,978,28,19,9,10,0.47368421052631576
385,19,1,0,2026-02-26,WizardRod,945,37,19,7,12,0.3684210526315789
385,5,0,1,2026-02-26,CobaltDrake,951,35,5,1,4,0.2
385,9,0,1,2026-02-26,PhoenixRudder,952,34,9,3,6,0.3333333333333333
385,5,0,1,2026-02-26,WhaleFlame,948,36,5,1,4,0.2
385,10,0,1,2026-02-26,DranBuster,973,29,10,3,7,0.3
386,4,0,1,2026-02-26,ClockMirage,988,26,4,2,2,0.5
386,19,0,1,2026-02-26,UnicornSting,978,27,19,9,10,0.47368421052631576
386,25,0,1,2026-02-26,CerberusFlame,992,25,25,11,14,0.44
386,3,1,0,2026-02-26,WolfHunt,964,30,3,1,2,0.3333333333333333
386,19,0,1,2026-02-26,DranDagger,967,29,19,8,11,0.42105263157894735
386,10,0,1,2026-02-26,DranBuster,973,28,10,3,7,0.3
386,17,1,0,2026-02-26,SilverWolf,1012,21,17,8,9,0.47058823529411764
386,18,0,1,2026-02-26,PerseusDark,993,24,18,9,9,0.5
386,19,0,1,2026-02-26,HellsChain,1009,22,19,9,10,0.47368421052631576
387,19,0,1,2026-02-26,WizardRod,945,36,19,7,12,0.3684210526315789
387,5,0,1,2026-02-26,WhaleFlame,948,35,5,1,4,0.2
387,6,1,0,2026-02-26,CobaltDrake,942,37,6,1,5,0.16666666666666666
387,4,1,0,2026-02-26,TyrannoRoar,1071,8,4,4,0,1.0
387,25,0,1,2026-02-26,FoxBrush,1070,9,25,16,9,0.64
388,4,1,0,2026-02-26,EmperorMight,920,41,4,0,4,0.0
388,8,0,1,2026-02-26,WyvernHover,1037,14,8,5,3,0.625
388,17,0,1,2026-02-26,LeonClaw,1024,18,17,9,8,0.5294117647058824
388,19,0,1,2026-02-26,RhinoReaper,1035,15,19,10,9,0.5263157894736842
388,3,1,0,2026-02-26,HellsBrave,1038,13,3,2,1,0.6666666666666666
388,18,0,1,2026-02-26,WhaleWave,937,38,18,6,12,0.3333333333333333
388,20,0,1,2026-02-26,KnightMail,1035,16,20,11,9,0.55
388,9,0,1,2026-02-26,BlackShell,922,40,9,2,7,0.2222222222222222
388,16,0,1,2026-02-26,WeissTiger,1028,17,16,9,7,0.5625
388,7,0,1,2026-02-26,WizardArc,929,39,7,1,6,0.14285714285714285
389,19,1,0,2026-02-26,PerseusDark,981,26,19,9,10,0.47368421052631576
389,4,0,1,2026-02-26,ClockMirage,988,25,4,2,2,0.5
389,26,1,0,2026-02-26,CerberusFlame,1006,23,26,12,14,0.46153846153846156
389,19,0,1,2026-02-26,HellsReaper,996,24,19,9,10,0.47368421052631576
390,19,0,1,2026-03-01,LeonCrest,1085,4,19,12,7,0.631578947368421
390,17,0,1,2026-03-01,LeonClaw,1024,19,17,9,8,0.5294117647058824
390,9,1,0,2026-03-01,ValkyrieVolt,1083,6,9,7,2,0.7777777777777778
390,19,0,1,2026-03-01,ViperTail,1018,21,19,9,10,0.47368421052631576
390,16,0,1,2026-03-01,WeissTiger,1028,18,16,9,7,0.5625
390,35,0,1,2026-03-01,TuskMammoth,1088,3,35,24,11,0.6857142857142857
390,27,0,1,2026-03-01,GolemRock,1084,5,27,17,10,0.6296296296296297
390,18,1,0,2026-03-01,SilverWolf,1029,17,18,9,9,0.5
390,13,0,1,2026-03-01,SharkScale,1106,2,13,10,3,0.7692307692307693
390,22,0,1,2026-03-01,SharkEdge,1018,20,22,12,10,0.5454545454545454
391,18,1,0,2026-03-01,LeonClaw,1035,17,18,10,8,0.5555555555555556
391,20,1,0,2026-03-01,WizardRod,930,38,20,7,13,0.35
391,18,0,1,2026-03-01,WhaleWave,937,37,18,6,12,0.3333333333333333
391,6,0,1,2026-03-01,CobaltDrake,942,36,6,1,5,0.16666666666666666
391,16,0,1,2026-03-01,WeissTiger,1028,19,16,9,7,0.5625
391,18,0,1,2026-03-01,SilverWolf,1029,18,18,9,9,0.5
392,20,1,0,2026-03-01,UnicornSting,988,26,20,10,10,0.5
392,23,1,0,2026-03-01,SharkEdge,1008,22,23,12,11,0.5217391304347826
392,19,0,1,2026-03-01,PerseusDark,981,27,19,9,10,0.47368421052631576
392,19,0,1,2026-03-01,HellsChain,1009,21,19,9,10,0.47368421052631576
392,19,0,1,2026-03-01,ViperTail,1018,20,19,9,10,0.47368421052631576
393,21,0,1,2026-03-01,PhoenixWing,962,32,21,9,12,0.42857142857142855
393,3,0,1,2026-03-01,WolfHunt,964,31,3,1,2,0.3333333333333333
393,16,0,1,2026-03-01,SolEclipse,960,33,16,6,10,0.375
393,20,0,1,2026-03-01,WizardRod,930,37,20,7,13,0.35
393,19,1,0,2026-03-01,WhaleWave,922,40,19,6,13,0.3157894736842105
393,9,0,1,2026-03-01,BlackShell,922,39,9,2,7,0.2222222222222222
393,19,0,1,2026-03-01,DranDagger,967,30,19,8,11,0.42105263157894735
393,10,0,1,2026-03-01,DranBuster,973,29,10,3,7,0.3
393,20,1,0,2026-03-01,CrimsonGaruda,973,28,20,8,12,0.4
393,7,0,1,2026-03-01,WizardArc,929,38,7,1,6,0.14285714285714285
394,18,0,1,2026-03-01,LeonClaw,1035,16,18,10,8,0.5555555555555556
394,20,1,0,2026-03-01,RhinoReaper,1026,19,20,10,10,0.5
394,20,0,1,2026-03-01,KnightMail,1035,15,20,11,9,0.55
394,16,0,1,2026-03-01,WeissTiger,1028,18,16,9,7,0.5625
394,18,0,1,2026-03-01,SilverWolf,1029,17,18,9,9,0.5
394,20,1,0,2026-03-01,HellsChain,1017,21,20,10,10,0.5
395,21,1,0,2026-03-01,UnicornSting,977,27,21,10,11,0.47619047619047616
395,20,0,1,2026-03-01,WizardRod,930,38,20,7,13,0.35
395,20,1,0,2026-03-01,WhaleWave,937,37,20,7,13,0.35
395,9,0,1,2026-03-01,BlackShell,922,40,9,2,7,0.2222222222222222
395,19,0,1,2026-03-01,PerseusDark,981,26,19,9,10,0.47368421052631576
395,7,0,1,2026-03-01,WizardArc,929,39,7,1,6,0.14285714285714285
396,21,0,1,2026-03-01,UnicornSting,977,28,21,10,11,0.47619047619047616
396,21,1,0,2026-03-01,RhinoReaper,1015,21,21,10,11,0.47619047619047616
396,19,0,1,2026-03-01,PerseusDark,981,27,19,9,10,0.47368421052631576
396,20,0,1,2026-03-01,HellsChain,1017,20,20,10,10,0.5
396,21,1,0,2026-03-01,CrimsonGaruda,985,26,21,9,12,0.42857142857142855
396,19,0,1,2026-03-01,ViperTail,1018,19,19,9,10,0.47368421052631576
397,21,1,0,2026-03-01,HellsChain,1030,16,21,11,10,0.5238095238095238
397,19,1,0,2026-03-01,LeonClaw,1022,19,19,10,9,0.5263157894736842
397,19,0,1,2026-03-01,ViperTail,1018,20,19,9,10,0.47368421052631576
398,8,0,1,2026-03-01,WyvernHover,1037,15,8,5,3,0.625
398,26,0,1,2026-03-01,CerberusFlame,1006,22,26,12,14,0.46153846153846156
398,3,0,1,2026-03-01,HellsBrave,1038,14,3,2,1,0.6666666666666666
398,20,0,1,2026-03-01,KnightMail,1035,16,20,11,9,0.55
398,19,1,0,2026-03-01,SilverWolf,1040,13,19,10,9,0.5263157894736842
398,21,0,1,2026-03-01,HellsChain,1030,17,21,11,10,0.5238095238095238
398,24,1,0,2026-03-01,SharkEdge,1001,23,24,12,12,0.5
399,19,0,1,2026-03-01,LeonCrest,1085,5,19,12,7,0.631578947368421
399,21,1,0,2026-03-01,WizardRod,920,40,21,7,14,0.3333333333333333
399,10,1,0,2026-03-01,ValkyrieVolt,1092,3,10,8,2,0.8
399,9,0,1,2026-03-01,BlackShell,922,39,9,2,7,0.2222222222222222
399,35,0,1,2026-03-01,TuskMammoth,1088,4,35,24,11,0.6857142857142857
399,27,0,1,2026-03-01,GolemRock,1084,6,27,17,10,0.6296296296296297
399,7,0,1,2026-03-01,WizardArc,929,38,7,1,6,0.14285714285714285
400,8,0,1,2026-03-01,WyvernHover,1037,16,8,5,3,0.625
400,21,0,1,2026-03-01,UnicornSting,977,27,21,10,11,0.47619047619047616
400,3,0,1,2026-03-01,HellsBrave,1038,15,3,2,1,0.6666666666666666
400,20,0,1,2026-03-01,KnightMail,1035,17,20,11,9,0.55
400,17,1,0,2026-03-01,WeissTiger,1039,14,17,10,7,0.5882352941176471
400,10,0,1,2026-03-01,DranBuster,973,28,10,3,7,0.3
400,20,1,0,2026-03-01,PerseusDark,970,29,20,9,11,0.45
400,21,0,1,2026-03-01,HellsChain,1030,18,21,11,10,0.5238095238095238
401,9,1,0,2026-03-01,WyvernHover,1020,19,9,5,4,0.5555555555555556
401,19,0,1,2026-03-01,LeonClaw,1022,18,19,10,9,0.5263157894736842
401,3,0,1,2026-03-01,HellsBrave,1038,16,3,2,1,0.6666666666666666
401,21,1,0,2026-03-01,KnightMail,1050,13,21,12,9,0.5714285714285714
401,17,0,1,2026-03-01,WeissTiger,1039,15,17,10,7,0.5882352941176471
401,19,0,1,2026-03-01,SilverWolf,1040,14,19,10,9,0.5263157894736842
401,21,0,1,2026-03-01,HellsChain,1030,17,21,11,10,0.5238095238095238
402,17,1,0,2026-03-01,SolEclipse,950,34,17,6,11,0.35294117647058826
402,3,0,1,2026-03-01,WolfHunt,964,32,3,1,2,0.3333333333333333
402,22,1,0,2026-03-01,PhoenixWing,970,29,22,10,12,0.45454545454545453
402,9,0,1,2026-03-01,PhoenixRudder,952,33,9,3,6,0.3333333333333333
402,19,0,1,2026-03-01,DranDagger,967,31,19,8,11,0.42105263157894735
402,20,0,1,2026-03-01,PerseusDark,970,30,20,9,11,0.45
403,20,1,0,2026-03-01,HellsReaper,1005,23,20,10,10,0.5
403,20,1,0,2026-03-01,DranDagger,955,32,20,8,12,0.4
403,3,0,1,2026-03-01,WolfHunt,964,31,3,1,2,0.3333333333333333
403,24,0,1,2026-03-01,SharkEdge,1001,24,24,12,12,0.5
404,21,0,1,2026-03-01,KnightMail,1050,12,21,12,9,0.5714285714285714
404,22,0,1,2026-03-01,DranSword,1056,11,22,13,9,0.5909090909090909
404,14,1,0,2026-03-01,SharkScale,1121,2,14,11,3,0.7857142857142857
404,24,1,0,2026-03-01,DranBrave,1043,13,24,14,10,0.5833333333333334
405,18,1,0,2026-03-01,SolEclipse,940,36,18,6,12,0.3333333333333333
405,3,0,1,2026-03-01,WolfHunt,964,32,3,1,2,0.3333333333333333
405,6,0,1,2026-03-01,CobaltDrake,942,35,6,1,5,0.16666666666666666
405,5,0,1,2026-03-01,WhaleFlame,948,34,5,1,4,0.2
405,21,1,0,2026-03-01,DranDagger,966,31,21,9,12,0.42857142857142855
406,21,1,0,2026-03-01,HellsReaper,997,24,21,10,11,0.47619047619047616
406,28,0,1,2026-03-01,ImpactDrake,1129,2,28,20,8,0.7142857142857143
406,15,1,0,2026-03-01,SharkScale,1134,1,15,12,3,0.8
406,24,0,1,2026-03-01,SharkEdge,1001,23,24,12,12,0.5
407,10,1,0,2026-03-01,WyvernHover,1011,21,10,5,5,0.5
407,21,0,1,2026-03-01,RhinoReaper,1015,20,21,10,11,0.47619047619047616
407,21,0,1,2026-03-01,KnightMail,1050,13,21,12,9,0.5714285714285714
407,25,1,0,2026-03-01,DranBrave,1051,12,25,15,10,0.6
407,19,0,1,2026-03-01,ViperTail,1018,19,19,9,10,0.47368421052631576
408,21,0,1,2026-03-01,UnicornSting,977,28,21,10,11,0.47619047619047616
408,23,1,0,2026-03-01,PhoenixWing,962,32,23,10,13,0.43478260869565216
408,3,0,1,2026-03-01,WolfHunt,964,31,3,1,2,0.3333333333333333
408,21,0,1,2026-03-01,DranDagger,966,30,21,9,12,0.42857142857142855
408,10,0,1,2026-03-01,DranBuster,973,29,10,3,7,0.3
408,21,1,0,2026-03-01,PerseusDark,980,27,21,10,11,0.47619047619047616
409,22,1,0,2026-03-01,KnightMail,1038,15,22,12,10,0.5454545454545454
409,18,1,0,2026-03-01,WeissTiger,1049,13,18,11,7,0.6111111111111112
410,29,1,0,2026-03-01,ImpactDrake,1136,1,29,21,8,0.7241379310344828
410,15,0,1,2026-03-01,SharkScale,1134,2,15,12,3,0.8
410,21,1,0,2026-03-01,ScorpioSpear,1070,8,21,13,8,0.6190476190476191
410,4,0,1,2026-03-01,TyrannoRoar,1071,7,4,4,0,1.0
411,20,1,0,2026-03-01,LeonCrest,1064,9,20,12,8,0.6
411,19,0,1,2026-03-01,LeonClaw,1022,19,19,10,9,0.5263157894736842
411,4,0,1,2026-03-01,TyrannoRoar,1071,6,4,4,0,1.0
411,25,0,1,2026-03-01,FoxBrush,1070,8,25,16,9,0.64
411,27,0,1,2026-03-01,GolemRock,1084,5,27,17,10,0.6296296296296297
411,21,0,1,2026-03-01,ScorpioSpear,1070,7,21,13,8,0.6190476190476191
411,21,0,1,2026-03-01,HellsChain,1030,18,21,11,10,0.5238095238095238
411,20,1,0,2026-03-01,ViperTail,1035,17,20,10,10,0.5
412,27,1,0,2026-03-01,CerberusFlame,995,24,27,12,15,0.4444444444444444
412,4,0,1,2026-03-01,TyrannoRoar,1071,7,4,4,0,1.0
412,26,1,0,2026-03-01,FoxBrush,1081,6,26,17,9,0.6538461538461539
412,21,0,1,2026-03-01,ScorpioSpear,1070,8,21,13,8,0.6190476190476191
412,21,0,1,2026-03-01,HellsReaper,997,23,21,10,11,0.47619047619047616
412,24,0,1,2026-03-01,SharkEdge,1001,22,24,12,12,0.5
413,10,0,1,2026-03-01,ValkyrieVolt,1092,4,10,8,2,0.8
413,22,1,0,2026-03-01,CobaltDragoon,1045,13,22,13,9,0.5909090909090909
413,36,1,0,2026-03-01,TuskMammoth,1103,3,36,25,11,0.6944444444444444
413,18,0,1,2026-03-01,WeissTiger,1049,12,18,11,7,0.6111111111111112
413,22,0,1,2026-03-01,DranSword,1056,10,22,13,9,0.5909090909090909
413,25,0,1,2026-03-01,DranBrave,1051,11,25,15,10,0.6
414,26,0,1,2026-03-01,FoxBrush,1081,5,26,17,9,0.6538461538461539
414,23,1,0,2026-03-01,DranSword,1066,9,23,14,9,0.6086956521739131
414,20,0,1,2026-03-01,LeonCrest,1064,10,20,12,8,0.6
414,28,1,0,2026-03-01,GolemRock,1075,6,28,17,11,0.6071428571428571
415,21,0,1,2026-03-01,HellsReaper,997,24,21,10,11,0.47619047619047616
415,24,0,1,2026-03-01,SharkEdge,1001,23,24,12,12,0.5
415,37,1,0,2026-03-01,TuskMammoth,1092,3,37,25,12,0.6756756756756757
415,28,1,0,2026-03-01,CerberusFlame,1007,22,28,13,15,0.4642857142857143
416,3,0,1,2026-03-01,HellsBrave,1038,15,3,2,1,0.6666666666666666
416,26,0,1,2026-03-01,FoxBrush,1081,6,26,17,9,0.6538461538461539
416,22,0,1,2026-03-01,KnightMail,1038,14,22,12,10,0.5454545454545454
416,23,1,0,2026-03-01,CobaltDragoon,1037,16,23,13,10,0.5652173913043478
416,29,1,0,2026-03-01,GolemRock,1081,5,29,18,11,0.6206896551724138
416,19,0,1,2026-03-01,SilverWolf,1040,13,19,10,9,0.5263157894736842
417,20,0,1,2026-03-01,LeonCrest,1064,9,20,12,8,0.6
417,3,0,1,2026-03-01,HellsBrave,1038,16,3,2,1,0.6666666666666666
417,22,0,1,2026-03-01,KnightMail,1038,15,22,12,10,0.5454545454545454
417,23,0,1,2026-03-01,CobaltDragoon,1037,17,23,13,10,0.5652173913043478
417,19,0,1,2026-03-01,SilverWolf,1040,14,19,10,9,0.5263157894736842
417,24,1,0,2026-03-01,DranSword,1053,10,24,14,10,0.5833333333333334
417,21,1,0,2026-03-01,ViperTail,1048,13,21,11,10,0.5238095238095238
418,27,1,0,2026-03-01,FoxBrush,1088,5,27,18,9,0.6666666666666666
418,20,0,1,2026-03-01,LeonCrest,1064,8,20,12,8,0.6
418,29,0,1,2026-03-01,GolemRock,1081,6,29,18,11,0.6206896551724138
418,22,1,0,2026-03-01,ScorpioSpear,1063,9,22,13,9,0.5909090909090909
419,21,1,0,2026-03-01,LeonCrest,1073,7,21,13,8,0.6190476190476191
419,30,1,0,2026-03-01,ImpactDrake,1126,2,30,21,9,0.7
419,15,0,1,2026-03-01,SharkScale,1134,1,15,12,3,0.8
419,4,0,1,2026-03-01,TyrannoRoar,1071,8,4,4,0,1.0
